S01B00006275696C642F72656C656173652F7A69676265652E73333714
S21400400008100020F16C000035B000009530030069
S214004010953003003DB0000045B000009530030029
S214004020953003009530030095300300953003006B
S21400403049B000002071040095300300953003005D
S21400404095300300953003009530030009680000A2
S214004050953003009530030095300300953003003B
S21400406095300300953003004DB5000095300300F1
S214004070953003009530030095300300953003001B
S214004080953003009530030095300300953003000B
S21400409095300300953003009530030095300300FB
S2140040A095300300597000003D7000009530030005
S2140040B0953003009530030095300300EDFF0100B6
S2140040C0B38B0300AF8B030051F70100C98B0300CD
S2140040D0B78B0300ADFF0100BB8B0300E1E30100DB
S2140040E02D00020095300300953003009530030044
S2140040F0953003009530030095300300953003009B
S214004100953003009530030095300300953003008A
S214004110953003009530030095300300953003007A
S214004120953003009530030095300300953003006A
S20800413095300300BE
S214004134F0B5114A114C124E00F00105E3695F0711
S21400414413D40DB9334213D103EA00078F4207D1C3
S2140041540B4A1A40002A14BF6FF001000020F0BD7D
S214004164013AEBD16FF00200F9E74FF0FF30F6E7C3
S2140041746FF00100F3E700BF80969800000003503C
S214004184020001000B4B70B5D96911F480310DD1D2
S21400419401244FF48072084E084DF46020462C64C7
S2140041A41A61FFF7C5FF3464EC6070BD6FF0010060
S2140041B4FBE700BF0000035000100350002003502C
S2140041C438B541F6713301220C4C0021E569E363EE
S2140041D40B4B05F48035DA600223606121202361ED
S2140041E4FFF7A6FF10B92120FFF7A2FF0122054B17
S2140041F4DA600DB10023E36338BD00BF000003504E
S214004204001003500020035070B5134C6061E3693E
S2140042145B071ED40E4656F8043B8D18A361AE42C7
S2140042240BD10423002121202361FFF781FF58B915
S214004234BDE870402120FFF77BBF08210846FFF742
S21400424477FF10B10423236170BD56F8043BA361C5
S214004254E5E74FF0FF30F7E7000003502DE9F84399
S214004264174B1646DA69894602F4803841F67132ED
S214004274DA630122074603F58053124DDA6066B905
S21400428430460122104BDA60B8F1000F03D000224A
S214004294A3F50053DA63BDE8F88307F500542C4011
S2140042A4E41BB44228BF3446494622463846FFF744
S2140042B4ABFF0028E5D12744A144361BDFE700BF47
S2100042C40000035000E0FFFF0020035045
S2140042D02DE9F04F4FF0FD0BC9B09A460DF11B09C2
S2140042E09DF8503108AFCDF80C90CDF808B0019786
S2140042F0059303890446009383790E4690464188C9
S2140043008288407810F07EFB054650B10090A38866
S214004310002062883C4910F0B5FE284649B0BDE84A
S214004320F08F99F8000031F080FF38B12846A38856
S2140043306288364910F0A6FE8D25EEE75A463946C5
S21400434099F8000031F019FF8346002855D0529B9B
S2140043501BB1BDF84C3198424FD8002399F8009015
S2140043600793A9F14102012A5FFA8BFC36D838463A
S2140043700CF1FF3C5FFA8CFE254ADFF89CC07345C3
S21400438025DB059B07A94FF0040C0A6043BB1823E6
S2140043909FED1B7B5E431F486246831908363044F8
S2140043A083ED027B15F068FCB8F1000F01D088F8A9
S2140043B00090BAF1000F01D0AAF800B0529B002B73
S2140043C0ABD05A463946184615F056FCA5E710F805
S2140043D0011F013351400CFB01F2D0E7059B3BB1B6
S2140043E023464A466146384600960EF05BFB94E745
S2140043F0BCF1080FD8D83946C9E701258DE700BFBC
S2140044000000000000000000791B0400AE1B040042
S214004410C59D1C8180100020930100010000000053
S2140044202DE9F04F93B0CDE90A32DDE91C630E9317
S21400443053EC102BCDE90801104619468DED060BFE
S2140044401E9D14F0EFFD80B1DDE906014FF0FF324E
S214004450C74B14F00FFE40B9DDE906014FF0FF32FE
S2140044606FF4801314F0E8FD70B1DDE908019DEDEE
S214004470060B0E9B1E95CDE91C63DDE90A3213B0D0
S214004480BDE8F04F00F08CB90022DDE906010023FC
S21400449014F0D2FD002800F03781DDE906A303F111
S2140044A0004BCBF30A5015F48063A0F2FF3008BF30
S2140044B006260F9314F0E4FA9DA3D3E9002314F024
S2140044C049FB9DA3D3E9002314F08EF9CBF3130424
S2140044D0894644F07F5180460022A64B504641F460
S2140044E0401114F07FF996A3D3E9002314F032FBB1
S2140044F002460B464046494614F076F914F0C4FDD1
S214004500044614F0BDFA90A3D3E9002380468946FA
S21400451014F020FB0022984B14F066F914F0B4FD5A
S2140045208BA3D3E9002307464946404614F012FB06
S21400453080463846894614F0A3FA87A3D3E90023B9
S21400454014F008FB02460B464046494614F04AF96A
S21400455002460B46CDE90C2314F0FCFADDE90C23E9
S214004560804689461046194614F03EF90022CDE9E9
S2140045701001824B4046494614F016FC0022804B40
S21400458014F032F902460B464046494614F00CFC3D
S21400459000227C4B14F028F902460B46404649465A
S2140045A014F002FCDDE90C238046894600204FF01B
S2140045B0804114F017F902460B464046494614F06F
S2140045C013F902460B46DDE9100114F0EDFB07F285
S2140045D0FF3700226C4B14F007F900223B0514F05D
S2140045E0B9FA52465B468046894614F043FD0028D9
S2140045F040F08D80CDE90C8904F16303C62B8CBF97
S2140046000527042729051FD555A3D3E900235046BF
S214004610594614F025FD002800F0838052A3D3E904
S21400462000235046594614F007FD002879D0A642CC
S214004630D8BF00244FF00007C4BF341B04F1FF347A
S21400464026463C4645F480650E9B9F422CBF4FF0A5
S2140046500008A3EB070815F0020903D0002F18BFC7
S2140046604FF000083CB1DDE90C235046594614F0E3
S2140046709BFB82468B46DDE906010022002314F0F0
S214004680DBFC10B10BF100439B46DDE9080125F485
S2140046900063CDE90183DDE90A324BEC10AB0096EE
S2140046A000F07EF802465FB3DDE9091315F0200F2F
S2140046B0089E00F101050CBF65204520B047DDE9E6
S2140046C008010523002205930A23002CCDE90232B7
S2140046D007F1FF374FEAD473B8BF64422A46019306
S2140046E004970A9B009433F0DCFB0246B9F1000FF6
S2140046F006D00B9BC41A0B9B1A190E9BA34245D8D7
S214004700104613B0BDE8F08FDDE906ABC9E600221F
S214004710404649461A4B14F047FB013CCDE90C01D4
S2140047206AE7002E90D00F9B002B8DD0013E8BE7C2
S214004730FB799F501344D33FB3C8608B288AC63F8B
S21400474061436F63A787D23F71A379094F930A40ED
S2140047501655B5BBB16B0240EF39FAFE422EE63F66
S2140047602D431CEBE2361A3F0000000080842E41E9
S214004770FFFFEF7F0000F83F0000E03F00002C4006
S21400478000002440000018400000F03F2020DDE933
S2140047900913089DA8470134ADE700BF00000000DC
S2140047A02DE9F04F5BEC10AB97B0CDE90501DDE9E4
S2140047B02048CDE90723504652465B465946229F7D
S2140047C014F030FC70B90323CDE902870193A44BA3
S2140047D00093DDE90501DDE9072333F094FA17B00D
S2140047E0BDE8F08F4FF0FF326FF480135046594605
S2140047F014F022FC28B10423CDE902870193994BDB
S214004800E6E74FF0FF3250465946974B14F032FC1D
S21400481050B178074CBF04220322CDE902874CBF73
S214004820924B934B0192D3E7504689A3D3E90023DA
S214004830594614F01FFC38B987A3D3E90023504625
S214004840594614F0F9FB68B1DDE90723DDE90501F7
S2140048504BEC10ABCDE92187209417B0BDE8F04FA4
S214004860FFF7DEBD002200235046594614F0E4FB55
S214004870B8B15B4652460020002113F0B3FF012377
S21400488082468B46099317F4806F08BF06243021B2
S21400489023460EAAA4F12009092B04D89946E41A47
S2140048A007E00990EFE7013B4B4502F8011BF3D107
S2140048B020245946504614F0E7FB6E4B054603EBA2
S2140048C0C90393ED007B8DED0A7B14F0D9F8024600
S2140048D00B465046594613F085FFDDE90A2314F0CF
S2140048E039F902460B46CDE90C2314F0F5FB0646D3
S2140048F014F0B6F802460B46DDE90C0113F072FF21
S21400490002460B46CDE90C2300225B4B14F0B2FBAB
S214004910B8B10136304614F0A3F802460B46DDE97E
S2140049200A0114F093FB08B100260135B9F1000F17
S21400493014D00A210EAB1A19202C40D13022A144E3
S21400494050E00022DDE90C014B4B14F075FB00280B
S214004950ECD10EB1F107E9D50136E7E7284614F0A9
S2140049608FF802460B465046594613F03BFF00228E
S214004970414B14F061FB10B9013525F001050A2101
S2140049800EAB1A19202C0AD095FBF1F001FB10553E
S214004990303502F8015B013405460028F2D107F0F5
S2140049A00302012A38D1B8F1000F35D0099A12B99E
S2140049B017F00C0F01D008F1FF38302223E0B6FBC9
S2140049C0F1F001FB1063092E03F1300309F1FF3902
S2140049D004F1010402F8013BB0D90646ACE70EA983
S2140049E00A551C46202CCAD04C4504F10103F6D1CA
S2140049F004F158020DEB02042E2204F8202C1C466B
S214004A00BDE71A550134A04506D9202CF9D1CDE9C9
S214004A10028701940EABDBE6202CF8D0099B3BB155
S214004A202D2204F158036B4403F8202C0134EEE7E2
S214004A307A0704D504F158032B226B44F4E73B07AE
S214004A40E5D504F1580320226B44EDE7AFF3008070
S214004A500000000065CDCD410000000065CDCDC151
S214004A60CB380400CF380400FFFFEF7FC2380400C5
S214004A70C7380400087F04000000E03F0000000084
S214004A8070B58EB02C22002103A814F057FF6423C3
S214004A904FF002320893CDE905230B2301218DF850
S214004AA034305B4B8DF810101D880D4040F0A98007
S214004AB0084637F0B3FC0A22564B574C1A704FF490
S214004AC02873ADF812304FF0FF332360534B544930
S214004AD01B8820460B82534B534A1B68CD828B6142
S214004AE0524B0D621B884B82514B1B68CB611BF0EF
S214004AF013FB20B14FF41B714E4838F0CDFD052155
S214004B00206833F0B7FB20B140F27D21494838F0E9
S214004B10C3FD206813F022FE474B2068196833F067
S214004B206CFC0C2538F0E2F86843099038F0DEF8A3
S214004B3068430DEB05010790206815F041FD20B194
S214004B4040F295213B4838F0A7FD25681DF08EFE03
S214004B5000220146284633F0C8FC20B140F29721D7
S214004B60344838F099FD40F20353344D344E2B80D0
S214004B70052396F90000AB707F2801D11BF0C2FB1D
S214004B803378EB7038F0B2F800EB80008000A88035
S214004B9038F0ACF80023C0004FF0FF31E880AB607F
S214004BA04FF0FF3018A3D3E9002337F089FD2549DD
S214004BB0206833F053FC206802A934F06FF820B167
S214004BC04FF434711B4838F067FD042220680DEB63
S214004BD0020133F0E7FB042804D040F2D721154841
S214004BE038F05AFD01A9012032F0F2FF06F066FA0D
S214004BF001201CF019F82EF0C6FF1CF03FF81BF041
S214004C0019FB0EB070BD00BF0A0020FF4203000073
S214004C1006550020A05B0020384D00203A9804007E
S214004C20D86100204098040045C40300389804006A
S214004C303C980400FA6F0400C85F00202C4D00204A
S214004C40E7640020B9C403000348044B834202D043
S214004C50034B03B1184770471C6500201C650020F5
S214004C6000000000064B0749C91A891048BF0131E9
S214004C70491003D0044B0BB101481847704700BFDA
S214004C801C6500201C6500200000000010B5064CC6
S214004C90237843B9FFF7D8FF044B13B10448AFF3AA
S214004CA000800123237010BD68160020000000005D
S214004CB0E0BB040008B5044B1BB104490448AFF33D
S214004CC00080BDE80840CDE7000000006C1600201C
S214004CD0E0BB0400A3F5803A704700BF154B002BDD
S214004CE008BF114B9D46FFF7F5FF00218B460F4688
S214004CF01148124A121A14F021FE0C4B002B00D059
S214004D0098470B4B002B00D098470020002104004A
S214004D100D000B4815F006F914F0E8FD20002900F8
S214004D202EF037F815F0ECF8000008000000000040
S214004D30000000000810002008100020045C00207E
S214004D40319F010038B500F00FFF012805D000F0B4
S214004D500BFF022801D000F01FFF064D2B783BB951
S214004D6000F002FF0128044602D12EF009F82C704C
S214004D7038BD00BFF255002070B50C46088800F01C
S214004D80DDFC94F844300546834214D004F11C063A
S214004D9030462DF091FF84F844502DF091FF3221DB
S214004DA0A06430462DF083FF94F844100248BDE816
S214004DB0704013F00BBC70BDE8DA030010B5044673
S214004DC0008800F0BBFCA37884F84400834202BF4E
S214004DD00123E3702371074B04F11C00C4E9073478
S214004DE000F0A2FD224620880349BDE8104000F0EE
S214004DF0B7BC00BFAB2A0300794D000070B5C3787E
S214004E0004460D461646002B33D1C1B1204813F098
S214004E10DDFBE36CA6600BB1E06D9847E368F61A1D
S214004E2063699E4222D2217E1A480131C9B2217698
S214004E3013F0CCFBA36D13B1217EE06D9847E570AF
S214004E402DF03EFF15B3237903BB238AF3B1A26886
S214004E50801A83421AD201230F48237113F0B6FB3F
S214004E60236D9BB1E06DBDE87040184701232376A3
S214004E70E5E70029E3D1094813F0A8FB636DE66077
S214004E802571002BDBD0E06D9847D8E770BD00BFDA
S214004E9005DB030016DB030044DB030031DB030005
S214004EA0F8B51E46838804460D4617460BB1868025
S214004EB0F8BD817800882DF019FE0123E370084BB9
S214004EC0E5802781A680C4E903340C34204600F030
S214004ED02BFD29462046BDE8F8402DF0E8BE00BF71
S214004EE0F72A0300816810B5B1FA81F10446490932
S214004EF000882DF072FEA168A088B1FA81F14909F8
S214004F002DF06BFE034B1A68A24204BF00221A6003
S214004F1010BD00BF8416002010B5044601460448A4
S214004F2013F054FB2046BDE81040FFF7DBBF00BF80
S214004F305ADB030070B50446D0E90030E2680F4E35
S214004F40002A18BF1846336804F1100513B10C4B3D
S214004F501B7863B1217A80B22DF03FFE7D21094B8C
S214004F60346023612846BDE870402DF0A0BE064898
S214004F7013F02CFB054B32212361F3E78416002047
S214004F80F3550020194F000073DB0300914F00001B
S214004F9010B50446034813F019FB2046BDE8104040
S214004FA0FFF7C8BFA9DB030010B50446E0B10F4801
S214004FB013F00CFB0123E360636853B9217A208861
S214004FC02DF00BFEA36B7BB1E06B0121BDE810401A
S214004FD018472046FFF786FF04F110002DF06CFE00
S214004FE02046FFF7A7FFEDE710BD00BFBFDB0300BD
S214004FF010B5044630B3144813F0E8FAA1682088C8
S214005000B1FA81F149092DF0E8FD0023E3606368F9
S2140050106BB9A1682088B1FA81F149092DF0DDFD50
S214005020A36B7BB1E06B0021BDE81040184720461B
S214005030FFF758FF04F110002DF03EFE2046FFF764
S21400504079FFEDE710BD00BFCADB030010B50446CC
S21400505068B1074813F0BAFAE36820461BB1BDE80A
S2140050601040FFF7C5BFBDE81040FFF79DBF10BD5D
S214005070D6DB030010B50E4C0E48214613F0A6FAF8
S21400508082210D4813F0A2FA82210220A21E00F00F
S21400509001FC014630B134F8022C0848BDE8104047
S2140050A013F094BA0648BDE8104013F08FBA00BF5C
S2140050B08A4E0020E5DB030000DC03000BDC030067
S2140050C04FDC030038B50E4C82212246022000F049
S2140050D0D1FBA51C014650B122880A4813F076FA87
S2140050E04C222846084914F0C7FD4B23238035F888
S2140050F0021C064A0648BDE8384013F067BA00BFEF
S214005100884E00205ADC0300DADC03008A4E0020BA
S214005110B8DC030010B504460146074813F056FAFB
S214005120012C064803D1BDE810402DF03CBDBDE87B
S21400513010402DF03ABD00BF26DD03002C5F002096
S21400514070B50024184D194E3378A34217DC00249E
S214005150174D184E3378A34217DC0024164D174E11
S2140051603378A34217DC00F0FFFC0128144818D15E
S2140051702DF019FDBDE87040124800F007BD284626
S214005180FFF71CFE01346035DEE728462DF0F1FC03
S21400519001343435DEE728462DF024FD0134403551
S2140051A0DEE72DF002FDE5E74C1D0020F755002058
S2140051B02C1F0020F85500200C1C0020F65500205F
S2140051C02C5F0020155100002DE9F04FDFF85883C2
S2140051D085B0FFF777FF03A8CDF80C802DF026FDED
S2140051E0054614F027FABF4CC2B21F2A627004D9D3
S2140051F0BD4813F0EBF900F04FFA2946A01C14F056
S2140052003BFD03A82DF012FD054614F013FAC2B2BA
S2140052101F2A84F8212001D9B448EAE7294604F178
S214005220220014F029FD03A82DF000FD00260446F8
S214005230AF4FDFF8F8922578002D55D1DFF8F092C1
S214005240AC4FFFF77DFF99F800203978AA4813F095
S214005250BDF999F800303E78DFF8A4B21E44F6B2E5
S214005260012E38BF01265B46DA464FF482714FF6B0
S214005270FF720135B5421D7059809A8003F10C0308
S214005280F7DB0C259D4C9E499648CAF8084000F06E
S21400529027FDDAF808309AF8070005FB003000F022
S2140052A037FB9AF80730974801338AF8073000230F
S2140052B03A789A4200F3718100254FF00C0B924B1E
S2140052C099F80020AA4200F37B8131468C4800F012
S2140052D08DFB039B43451A4640F08C818B4805B0F6
S2140052E0BDE8F04F13F072B9532D0FD163784C2BF5
S2140052F040F0C780A378502B40F0C3800122844B37
S2140053001A7003A82DF092FC044694E7423D112D36
S214005310F7D801A353F825F07B5300000353000091
S2140053200353000003530000035300000353000020
S2140053300353000001540000035300000353000011
S214005340B5530000615300000353000003530000F0
S214005350035300000353000035550000835400003B
S214005360644B012019780023664A994202F1A40290
S214005370C7DD02F8A20C0133F7E7601C00F062FA02
S2140053800546E01C2DF06FFC01210246284600F081
S2140053908FF960223B785F485A43811885524FF454
S2140053A0FA620A824FF448724A615B4A01330A6520
S2140053B03B70A6E7601C00F045FA00224FF0340B65
S2140053C08246564E114600F073F93378544D0BFB67
S2140053D003F325F803A0E818E378693B18BF012318
S2140053E083702DF0C6FB00214E4A337851600121B0
S2140053F00BFB03550B44337015600E46117480E7A3
S214005400601C00F01FFA00221146834600F050F997
S2140054103422424DDFF808A12B7853432AF803B014
S2140054200AEB0300E378693B18BF012383702DF075
S214005430A0FB3549002308468A6BC2B93C2202FB12
S214005440030034222B7802FB03A383635EB9354A3C
S2140054503346114652F8040B78B934202A7800FBFC
S21400546002A241F823202B7801332B7049E7013341
S214005470042B01F13C01DFD1E8E70133042BE9D12D
S214005480F1E7601C00F0DEF90546E01C2DF0EBFBB2
S21400549001210246284600F00BF9602339781D4AA0
S2140054A04B43D418D5524FF44873A420114D238291
S2140054B063612B78DFF84CC058430CEB00020CF805
S2140054C000304FF40070508003201071907132202D
S2140054D00133DBB201315371946082F8A000397059
S2140054E0C3E700BF4C5E002045DD03005CDD030023
S2140054F0F7550020F55500206CDD0300001700204E
S214005500881600207019002080180020A1DD0300F6
S214005510F35500204C1D0020172C0300F8550020E2
S2140055202C1F00202C5F00208A4E0020F6550020FD
S214005530F4550020601C00F085F9002282461146D2
S21400554000F0B6F899F800302F4D990145F801A003
S214005550012105EB83129160E27862B1E01C00F055
S21400556071F900220446114600F0A2F899F80030BE
S21400557005EB831254603C212448254C027805EB49
S21400558083155143013304EB010C62540132CCF80D
S214005590345089F800300270B3E62BB11BF8052CA6
S2140055A005FB0244CBF8084059460193009000F0F2
S2140055B019FF019B00980133A4300BF10C0B77E622
S2140055C03978184629444A1E0BFB02A2D2790BFBF7
S2140055D001A10BFB024400938C6000F011FD3978AA
S2140055E00C4829440BFB01A100F068FC009B013528
S2140055F03C3365E613F8011D00297FF46BAE3B21B2
S21400560002F8011C66E600BF0C1C0020F4550020C2
S21400561080180020001C002007B5022101200DF193
S214005620060200F027F938B9044812F0CFFFBDF89B
S214005630060003B05DF804FB0020FAE7BEDD0300B9
S21400564007B50221ADF806000DF10602012000F0B4
S21400565021F9014610B1034812F0B8FF03B05DF817
S21400566004FB00BFDFDD030010B5FFF7D5FF0446DF
S2140056700146074812F0AAFF0121064812F0A6FFCD
S21400568024B9BDE810400120FFF7DABF10BD00BF07
S2140056900FDE030021DE030008B5044812F096FF73
S2140056A000F008F92DF0F9FA2DF0F4FA37DE0300D1
S2140056B00B460E4910B40446087808B90120087055
S2140056C00B48210A405CE1B273B1012A04D0032AD8
S2140056D008D00023012201E0134602225DF8044BA5
S2140056E003F01EBF0023F8E70422F7E7FA55002070
S2140056F0FF7004003021074A030AD35C01224B43A3
S21400570041F21001C0B203F1A043824003F57033AA
S2140057105A507047FF7004003021074A030AD35CD2
S21400572001224B4342F21001C0B203F1A043824073
S21400573003F570335A507047FF700400064A030A98
S214005740D25C30235A43054BC0B29B5823FA00F074
S21400575000F00100704700BFFF70040014C0035043
S2140057602DE9F04F304B0646187885B008B9012071
S21400577018702E4C23783BB9CDE902122DF098FC18
S214005780DDE90212012323702948330AC75C00248E
S2140057903020284D5FFA86F800FB04F315F803C0A6
S2140057A0BCF1000F38D101205FFA84F9E8544FF0BD
S2140057B0300B0BFB04F005EB000A1030CAE90212AE
S2140057C028441D49AAF8026008F08AFB414638467C
S2140057D003F0E6FE022825D10BFB07FB174B53F818
S2140057E00B3023FA08F313F0010F14BF0122032233
S2140057F0302303FB045348461A71114952462DF0D4
S21400580059FC01234A4641463846CDE9003303F0A9
S21400581041FE05B0BDE8F08F0134102CBCD1FF244A
S214005820A146C4E70022E3E7FA550020F955002018
S214005830FF70040030200020472C030010C00350E7
S214005840592C030080B10278A2F14103032B0BD838
S21400585040783038C0B2082806D8054B134413F8F1
S214005860413C40EA032070474FF6FF70704700BF88
S214005870FF70040008B50B4642B1014604480068B4
S21400588002F0CCFCBDE808402DF0FEB9022008BDB1
S214005890C05F002008B50B4642B1014604480068C8
S2140058A002F048FEBDE808402DF0EEB9022008BD23
S2140058B0C05F00202DE9F0414FF000088CB0134F78
S2140058C002AEFF2300930A224346314638682DF085
S2140058D008FFC0B1354606EB800405E055F8043BEA
S2140058E0434528BF03F10108AC423868E9D9296866
S2140058F002F0A8FF0028F1D02D28EFD00CB0BDE8AC
S214005900F0412DF0C1B90CB0BDE8F081C05F0020B9
S21400591028B1034B0360034B43600023836070474A
S21400592019000003405F0020FF2307B50021044A4A
S2140059300093083008F056FA03B05DF804FB00BF89
S214005940A92C03000B460449024608680349097857
S21400595008B12DF0BCB9704738230020FC55002054
S214005960F8B50C4618B122210E4837F095FE24688B
S21400597023685E795F8830463946FFF7E3FF08B94B
S2140059808120F8BD8568002DFAD0A368E27C3046F9
S214005990F9B2A84704460028F2D131F094F920461F
S2140059A0EFE700BF44DE0300F8B515460D4A04468F
S2140059B010680D4A0B46117850B122462DF087F933
S2140059C0034628B100210C27C678B14201DB00202F
S2140059D0F8BD07FB01F45A681019125BAA42F7D00B
S2140059E00131F2E738230020FC5500202DE9F74F5F
S2140059F004460D460026444B444F1860444B19702D
S214005A0033010021F85C01360EF068FE0C2EF7D14B
S214005A100C2D28BF0C254FF0000901953B4EDFF8F2
S214005A20FCA03C4DDFF8F880019B4B4502DC03B040
S214005A30BDE8F08F23784FF0000B337063887380D7
S214005A40A388B380A379C6F80880B371E379C8F851
S214005A50005088F804304FF00003A768A8F8063016
S214005A60E3795B450ADC012116F8100B0EF036FED2
S214005A7008F1080809F101090C34D5E74FF00003D6
S214005A8038886B812880F9784FF0000C2981BB7824
S214005A90C5F804A0002B00930CBF802340232B7373
S214005AA07A680AF10C03614512DC0C2303FB01AA99
S214005AB0BB6843B1009A4FF6FF71B2FA82F2164BFA
S214005AC0520931F090F814350BF1010B0C37C7E78B
S214005AD0B2F800E00CF1010C23F80CEC92F802E0AE
S214005AE00C3303F816EC92F804E00C3203F815ECCD
S214005AF012F809ECBEF1010F14BF4FF0100E4FF074
S214005B00110E03F814ECCEE7382300208C39002061
S214005B10FC5500203C290020615900003C23002051
S214005B20BC2B0020014B1860704700BF34230020B8
S214005B3070B5128805460E46FFF736FF044670B16C
S214005B4002790499806813F0A3FD064B1B680BB915
S214005B50002070BD28462288F1B29847F8E78620D4
S214005B60F7E700BF3423002008B50DF0F7FE022843
S214005B7006D0012806D0044B18784000C0B208BDF5
S214005B800120FCE70220FAE7FB550020014B1860D5
S214005B90704700BF30230020034B1A781AB9012241
S214005BA01A7009F0FBBF7047FB5500200022064B19
S214005BB010B51A70054B1C682CB1FFF7D5FF2346AD
S214005BC0BDE81040184710BDFB55002030230020CC
S214005BD037B50446002832D00DF0C0FE022830D17A
S214005BE0608931F0EBFBE079237A003818BF01209A
S214005BF0012B637A08BF40F008000BB140F010009C
S214005C0063890BB140F00400257CA188A2790DB110
S214005C10E36873B90C4B0FF0BFF8217808460FF015
S214005C2037F930F0D7FE002814BF0320002003B059
S214005C3030BDCDE90035054B0FF0AEF8EDE702209C
S214005C40F5E70120F3E700BF92280400ADF8030053
S214005C50034B044A5B7C012103201370FFF71ABE36
S214005C602C5F0020FD55002010B50446FFF7F0FF1E
S214005C70B4F57F4F10D10D4B1A88134400229A704A
S214005C80FFF7F8F90A48FFF74FFEBDE810404FF45B
S214005C90967107482DF00BB84FF601739C4204D15D
S214005CA0BDE8104003482CF066BF10BD884E0020AB
S214005CB0645F00202C5F002010B5074C01212246AF
S214005CC00320FFF7D7FD28B92378044A003B18BF06
S214005CD00123537410BD00BFFD5500202C5F00202B
S214005CE00822F8B535244A4B30251A7032221C712A
S214005CF031245A70DA709A714FF400125C711C727B
S214005D00444C4264C464444C01220465434C9D7078
S214005D108465434CDD71C465424C85184466424C2C
S214005D20C5678466414C424D0467424CC0F88050BB
S214005D304467202480F8784080F8844000F12104ED
S214005D40C0F888403C4C80F84820C0F88C403B4C5B
S214005D5080F85420C0F89440394C80F8602080F8D1
S214005D606C2080F89020C0F89840364CC0F8B830C8
S214005D70354BC0F8A440C0F8BC300E24022380F88F
S214005D80A84080F8C030314C314BC0F8AC40C0F869
S214005D90C430304C304BC0F8B040C0F8C83009248E
S214005DA082232E4D80F8B44080F8CC302C7C2C4BCF
S214005DB080F89C20C0F8A000C0F8D03044B1294B31
S214005DC080F8D820C0F8D43005F11103C0F8DC30D4
S214005DD00C224FF0000CCB798F685A4327F802C08C
S214005DE0BE180122443013440C347060B270F47054
S214005DF0CB71FFF761FFFFF7B7FE012806D12B7CBA
S214005E0023B1BDE8F84015482CF0B5BEF8BD00BF7C
S214005E10FE550020187104000100200017710400D0
S214005E200200200016710400030020001571040013
S214005E300500420004004200070030001471040010
S214005E401200100100404200FDFF21000371040013
S214005E50127104000600420000FF44012C5F00207F
S214005E60884E002001FF100170B50D460646144608
S214005E7013460A4601460D4812F0A8FB25B92046EF
S214005E80BDE87040FFF7F0BE072D05D1214630462D
S214005E90BDE8704000F06CBA062D05D121463046AC
S214005EA0BDE8704000F060B870BD00BF95DE03002E
S214005EB00148FFF737BE00BF695E00004FF4C0130D
S214005EC030B5036001230C220371064B8C68836097
S214005ED0CB795A43A518686003480133A050CB71AC
S214005EE030BD00BF197104000400010102290246FA
S214005EF008B50ED004D839B910462CF085FF06E058
S214005F004029F9D0412907D110462CF073FF002014
S214005F1008BD2CF083FFFAE7014812F057FBF6E7BE
S214005F20C8DE030008B511461A46034B53F8200096
S214005F30FFF7DCFF002008BD1C2C0020426B094B3D
S214005F40D2681A7082785A70C2789A70826B0AB1D8
S214005F50D278DA70007804210930024AC0B2FFF71E
S214005F6099BC00BF07560020024B53F820002CF0C7
S214005F7071BF00BF1C2C002038B504460078064DC3
S214005F8009302A460421C0B2FFF774FC18B96B78B2
S214005F90A370AB78E37038BD0756002038B50446CA
S214005FA00078164D09302A460421C0B2FFF762FC7D
S214005FB018BBA3782A78022B12D004D893B92046AF
S214005FC02CF022FF01E0FF2B10D0A06BA8B1E378E5
S214005FD0022B12D1EB7863B1BDE838402CF0B1BD8E
S214005FE0002AECD120462CF005FFEEE7002AF9D176
S214005FF0E5E7BDE838402CF0AFBD38BD07560020B9
S214006000F8B504460B78214A0D4642F82300437043
S214006010FFF7B2FF636B1E4ADC639A632046FFF706
S214006020BDFF20462CF0CAFE4FF4801363600423A5
S2140060302372636BA06B0C33E360164BA21C2361C8
S2140060400123A261237558B1134A84F82030E26117
S214006050E21C6262114A84F82C30C31CA2622363DD
S2140060600C210627EB79AE6859430028775206EBD9
S21400607001020CBF02210421D17001219170084950
S2140060800434013354609160EB71F8BD1C2C002081
S214006090312E03000340300101FF300102FF1001E2
S2140060A0255F0000024641793C20084B013900FB81
S2140060B00130D378042B08D8012B04D80BB92CF068
S2140060C099BE2CF0A1BE2CF0A9BE70478018002007
S2140060D0024641793C20084B013900FB0130D37859
S2140060E0042B08D8012B04D80BB92CF08DBE2CF04D
S2140060F081BE2CF093BE70478018002030B587B064
S21400610004464579FFF730FD012822D1E2786B1E60
S214006110042A1ED8DFE802F00433031F29001046C5
S21400612063784FF480728DF804304FF48273ADF8C4
S21400613006300623ADF8083001238DF80B30002317
S2140061408DF80A0001A8CDE903238DF81430FFF777
S2140061503FFD07B030BD3C210A4A01FB03235B6BC1
S214006160D868003818BF0120DAE73C21054A01FB51
S21400617003235B6BD868B0FA80F04009D0E70020B4
S214006180CEE700BF8018002030B587B004464579BA
S214006190FFF7EAFC01282AD1E3786A1E042B26D8EA
S2140061A0DFE803F00C0C0C0327003C21164B01FB28
S2140061B002335B6BDB68003B18BF012362788DF807
S2140061C00A308DF804204FF482720123ADF80620C1
S2140061D006228DF80B30ADF8082000234FF48072AD
S2140061E001A8CDE903238DF81430FFF7F1FC07B0C2
S2140061F030BD3C21044B01FB02335B6BDB68B3FA1A
S21400620083F35B09DAE700BF8018002010B586B07C
S2140062100446FFF7A9FC012812D16378094A8DF8D5
S21400622004304FF48273ADF806304FF48073CDE936
S2140062300223002301A804938DF81430FFF7C8FC4E
S21400624006B010BD0800070110B586B00446FFF77B
S2140062508BFC012820D16278104B8DF804204FF477
S214006260827294F8A01094F8A10059701870ADF8D6
S214006270062004934FF480720223094901A88DF882
S2140062801430CDE90212FFF7A3FC94F8A130013BCD
S21400629018BF012384F8A13006B010BD0B560020AD
S2140062A00800050110B583780446EBB10379022B8C
S2140062B007D143793C200D4A013B00FB03202CF01C
S2140062C0ADFDA379022B02D12046FFF717FF20462B
S2140062D0FFF7BAFF02236078A4F86C305522BDE8B9
S2140062E0104012212CF015BD10BD00BF80180020F4
S2140062F04388094A082113808388538083681B8A51
S214006300938090F8A03093718379D371007804302D
S214006310C0B2FFF7BFBA00BF0A4F002038B50D461F
S21400632004460178104812F051F94FF602739D4268
S2140063300CD163791BB10D4A12789A4201D201231F
S21400634063712046BDE83840FFF7D2BFB5F57F4FF2
S214006350F7D120462CF0E6FDA278A368022A0CBFEF
S214006360012200229A70ECE7DEDE0300F4550020DE
S214006370024B53F82000FFF7D1BF00BF442C00208B
S21400638038B504460078134D04302A460821C0B2BA
S214006390FFF770FA20B1BDE838400F4812F016B982
S2140063A02B8863806B88E978A380AA88A3681A8202
S2140063B0AB7984F8A030EB79A37119B1074B1B7841
S2140063C08B4205D2064812F001F923780133637137
S2140063D038BD00BF0A4F0020F8DE0300F455002049
S2140063E021DF0300F8B504460B784A4A0D4642F80A
S2140063F023004370FFF7C4FFA268474B0227D3640D
S214006400464B0C265365464BA11C1365454B464828
S214006410C2E916344FF44013E36001236161E16280
S2140064204249103221632265211D414AA163414938
S214006430626504F1A002A061E163E265E01C611DF3
S2140064403D4A206261643D483D492266A21D237490
S214006450237784F8283084F8343084F84030A164F8
S21400646084F84C7084F8583084F864306062A26611
S214006470E879AA6806FB00F104EB060E02EB010CB5
S214006480CCF804E04FF0060EDFF8C4C042F801C0B6
S214006490C118C9B2714342F801E002EB010C0021B9
S2140064A0CCF80410DFF8ACC084F88030C4F870C0B4
S2140064B084F89830DFF8A0C0224BC4F878C0C4F83F
S2140064C09C30DFF898C0831CDBB2C4F87CC07343F2
S2140064D0DFF88CC084F8747084F88C7004F16C0754
S2140064E0C4F884C0C4F89070DFF878C0164FC4F8BB
S2140064F088C0C4F89470D71870347C60134CD4509D
S214006500C31CDBB273430826D4180430D65061602F
S214006510E871F8BD442C0020912E0300D32E030012
S214006520A5620000872E03001000300101FF300135
S21400653004FF200102FF200105FF300100FF3001AB
S21400654003FF21011C7104006F00180012000104F3
S214006550070001084A0021001A71040051001000CB
S2140065601D7104005500210000239B6AB3F5804F7F
S21400657003D21968064A914203D000230370836051
S2140065807047012202709A689B694260F7E700BF75
S21400659007B0CD5E024B034A1A602EF06FB800BFFC
S2140065A00000002002020FF073B53F4B04461A7835
S2140065B01AB102221A7002B070BDCDE9002200287E
S2140065C0F9D001261E7036F075FF384D384B18602E
S2140065D016F004FE2B785BB902F0D8F940B93548BE
S2140065E00823354A3549006801F018FE00B92E70B8
S2140065F0334B5A68E260334A9A601A6E22605A6ECB
S2140066006260D3F87021A2601B6E5C042CD52E4A03
S214006610D368D807FCD42D4B1A68531C29D04FF4E6
S214006620801393402A4A13660423294C4FF0804275
S21400663023664FF480632366102323664FF40053CB
S2140066406846236601A9226663662CF083FC009BDD
S2140066502366019B63662B78002BACD0164B1A681A
S21400666022665B686366A6E71A4AD368D907FCD435
S214006670D1E7194B1B78002BD6D1184B5A68144B10
S21400668012B94FF480121A66154A526812B94FF4BE
S21400669000121A66134B5B68002BC5D14FF48002BC
S2140066A00B4B1A66C0E700BF0E5600200F560020A0
S2140066B07C2C0020C05F0020802C00200071080089
S2140066C00080004455CEAC00000004408C5F0020E3
S2140066D000900044000004500D5600200080055035
S2140066E000C005500000065038B5224D04462B78F1
S2140066F0012B02D001232B7038BD0028FCD02CF0D3
S2140067004EFC013009D02CF04AFC40F201139842AE
S21400671003D0194AD368DB07FCD42268174B1A66E5
S21400672062685A66A268C3F87021E268D40744BF5C
S21400673000229A60124B1A68013213D1114A12785D
S21400674082B911494968C80748BF1A600F4A52689B
S214006750D10744BF01221A600D4A5268D20744BFCF
S21400676002221A6016F042FD0A4B186836F09DFEAB
S2140067700023C0E70E5600200000044000800044BE
S2140067808C5F00200D5600200080055000C005508C
S214006790000006507C2C002070B50024A36AB3F5D8
S2140067A0804F23D21A68134B9A421FD1124E337869
S2140067B013F0FD0518D14FF480341048FFF7F4FEAF
S2140067C0032004F027FA0E4B0320DC6004F006FAE0
S2140067D00C4B1C61AB6ADB69984704460748FFF719
S2140067E083FF0CB901233370204670BD4FF48174CB
S2140067F0FAE700BF07B0CD5E0D5600206C2C0020D7
S21400680000A000440090004413B5204B1B7803B949
S214006810FEE700231E4CCDE900336A4608231D49D7
S214006820206801F0FBFCF8B91B4AD2F84031D2F8D8
S21400683040211F2B4FF0010311D9203A9340019AB3
S2140068401A43019208236A461249206801F072FE34
S214006850124B134A1A602DF011FF02B010BD934080
S214006860009A1A430092EDE72D28F1D10A4AD2F891
S2140068704031D2F840211F2B4FF0010385BF203A4C
S21400688093409340019398BF0093DBE70E56002099
S214006890C05F002000710800008000440000002057
S2140068A00B020FF038B50025AB6A0446B3F5804FEF
S2140068B010D21B6BB3F5804F0CD20748FFF774FE5F
S2140068C0AB6A20461B6B5B689847BDE838400248B9
S2140068D0FFF70ABF38BD00BF882C002013B5002480
S2140068E0A36A0190B3F5804F13D21B6BB3F5804FAC
S2140068F00FD20948FFF758FEA36A01211B6B01A8B7
S2140069009B69984704460448FFF7EEFE204602B00F
S21400691010BD4FF48174F9E7882C002070B500266E
S214006920B36A0446B3F5804F0D4612D21B6BB3F51F
S214006930804F0ED20848FFF737FEB36A20461B6B1F
S21400694029469B69984704460348FFF7CDFE204634
S21400695070BD4FF48174FAE7882C002070B50026CD
S214006960B36A0446B3F5804F0D4612D21B6BB3F5DF
S214006970804F0ED20848FFF717FEB36A20461B6BFF
S2140069802946DB69984704460348FFF7ADFE2046D4
S21400699070BD4FF48174FAE7882C0020F8B5002704
S2140069A0BB6A0446B3F5804F0D46164611D21B6BE4
S2140069B07BB10948FFF7F8FDBB6A20461B6B3246E1
S2140069C029465B6A984704460348FFF78DFE204633
S2140069D0F8BD4FF40174FAE7882C002070B5002645
S2140069E0B36A0446B3F5804F0D4612D21B6BB3F55F
S2140069F0804F0ED20848FFF7D7FDB36A20461B6BC0
S214006A0029469B6A984704460348FFF76DFE2046D2
S214006A1070BD4FF40174FAE7882C0020F0B500270B
S214006A20BB6A0446B3F5804F0D461646ADF5337D7A
S214006A3020D21B6BB3F5804F1CD21048FFF7B4FD75
S214006A40BB6A20461B6B40F2C1225B6A01A99847CD
S214006A50044630B10948FFF747FE20460DF5337D62
S214006A60F0BD836A32461B6B2946DB6A01A898474D
S214006A700446EFE74FF40174EFE700BF882C0020D0
S214006A8010B50024A36AB3F5804F10D21B6BB3F584
S214006A90804F0CD20748FFF787FDA36A1B6B1B6B62
S214006AA0984704460348FFF71FFE204610BD012402
S214006AB0FBE700BF882C0020F0B58FB0044601A885
S214006AC00E461546FFF7EEFE9DF80C30012B12D150
S214006AD0B5F5402F27D8B4F5402F24D86319B3F561
S214006AE0402F20D821462A46304613F0C5F8002409
S214006AF020460FB0F0BD0027BB6AB3F5804F15D215
S214006B001B6BB3F5804F11D20A48FFF74DFDBB6AE9
S214006B102A461B6B314620465B6B98470446054861
S214006B20FFF7E2FDE4E740F20244E1E740F2011439
S214006B30DEE700BF882C0020F0B58FB0044601A821
S214006B400E461546FFF7AEFE9DF80C30012B1FD102
S214006B50B5F5402F06D8B4F5402F03D86319B3F522
S214006B60402F13D940F2024420460FB0F0BDE25841
S214006B70013225D104339D42F9D82A4631462046B3
S214006B802CF03DFA0028EDD00024EDE70023F2E7D4
S214006B900027BB6AB3F5804F15D21B6BB3F5804F49
S214006BA011D20A48FFF700FDBB6A2A461B6B314626
S214006BB020469B6B984704460448FFF795FDD3E7AD
S214006BC040F20344D0E740F20114CDE7882C0020C1
S214006BD070B58EB0044601A80D46FFF763FE9DF81B
S214006BE00C30012B22D144EA0503C3F30C03002B1F
S214006BF033D1B5F5402F04D940F2024420460EB0FA
S214006C0070BDB4F5402FF7D82544B5F5402FF3D81E
S214006C10204604F500542CF0EBF9AC4202D00028D4
S214006C20F6D1E9E70028E7D00024E7E70026B36AB4
S214006C30B3F5804F14D21B6BB3F5804F10D20A48C1
S214006C40FFF7B2FCB36A29461B6B2046DB6B9847FE
S214006C5004460548FFF748FDD0E740F20444CDE778
S214006C6040F20114CAE700BF882C0020BFF34F8F04
S214006C700549064BCA6802F4E0621343CB60BFF3D3
S214006C804F8F00BFFDE700BF00ED00E00400FA05EF
S214006C9070B5D0B1C9B10E4E431E013913F8014F7D
S214006CA02046325D02F00302012A11F8012F08BFC8
S214006CB004F12000B55C05F00305012D08BF203265
S214006CC0801A01D1002CE9D170BD0120FCE700BF7D
S214006CD0299704000348044A0449121A92102CF01B
S214006CE0DAB900BF34410000D0420000A05C0020AA
S214006CF008B5154B83F30A8800F030F8FFF7EAFF73
S214006D00124B13498B4212D30020124B12498B426E
S214006D1018D3FDF7E3FF186850F82240586840F88B
S214006D202240013298688242F5D30C33EAE700220B
S214006D30F8E71C6844F8220001325C68A242F8D3E7
S214006D400833E4E70022F8E708000020E8BB040068
S214006D50F4BB0400F4BB0400F4BB0400124B134A5B
S214006D6070B59A60D3F88820114D42F47002C3F8CB
S214006D7088206FF0010205F50054226641F2FF728A
S214006D8062660222C3F8D020BFF34F8FBFF36F8F27
S214006D904FF44036032003F03DFF0320E66003F087
S214006DA01DFF2E6170BD00BF00ED00E0004000003A
S214006DB000800044014B1860704700BF945F0020BD
S214006DC0054B1860054B1B6F03F00703032B01D11F
S214006DD034F024BC704700BF9C5F00200080005049
S214006DE02DE9F04104464FF001080C250D4E0CB974
S214006DF0BDE8F08194FAA4F0B0FA80F00F2808FA03
S214006E0000F2C8BF103824EA0204CABF05FB0062BD
S214006E1005FB0062B4325768002FE8D09168C0B214
S214006E20B847E4E7982C002008B50C4836F0E0FB9D
S214006E30192003F0E1FE28B1192003F0EBFE19201B
S214006E4003F0CCFE1A2003F0D7FE28B11A2003F078
S214006E50E1FE1A2003F0C2FE002008BD7C73040089
S214006E602DE9F0410E461746054618B30F2923D8DC
S214006E700378DBB1013BDBB2022B19D8104AD35C96
S214006E806A78D340DB0717D50E4BD3F81043ACB95E
S214006E9036F010FB80463A462846314602F03AFC69
S214006EA0404636F002FB2046BDE8F0817F23E7E748
S214006EB00023E5E72224F6E72124F4E70224F2E79C
S214006EC07071040000C0035010B5044610B3037878
S214006ED0E3B1013BDBB2022B1AD8104AD35C6278CE
S214006EE0D340DB0718D536F0E5FA0122617823781F
S214006EF08A4030214B4341F2100103F1A04303F5D1
S214006F0070335A5036F0D1FA002010BD7F23E6E7E2
S214006F100023E4E72220F8E72120F6E7707104005A
S214006F2010B5044610B30378E3B1013BDBB2022B85
S214006F301AD8104AD35C6278D340DB0718D536F0EF
S214006F40B9FA0122617823788A4030214B4342F215
S214006F50100103F1A04303F570335A5036F0A5FA3A
S214006F60002010BD7F23E6E70023E4E72220F8E7B1
S214006F702120F6E7707104002DE9F0410D46164613
S214006F801F46044600284DD000294BD00178002922
S214006F903ED04B1EDBB2022B3CD8244AD25C637830
S214006FA0DA40D00701D4FF293ED1022E01D9042EA3
S214006FB03AD136F07FFA23788046FF2B05D032464A
S214006FC02046296802F0ECFB28602868421C0BD19A
S214006FD02378FF2B20D1164B6078D3F824142CF09E
S214006FE0BDFD431C286017D00C22124B02FB003359
S214006FF0069A5F609A602378FF2B04D001230E4A1E
S2140070008340C2F82434404636F04FFA002007E0AA
S2140070107F22C4E70022C2E7404636F046FA2D201B
S214007020BDE8F0812220FBE72120F9E7707104001B
S21400703000C00350982C002000D0035008B502F082
S2140070405FFB044B00F05530C3F82004BDE8084051
S214007050FFF7C6BE00E0035008B502F051FB044B34
S21400706000F0AA30C3F82004BDE80840FFF7B8BE19
S21400707000E003502DE9F04F144606460F4689B04F
S2140070800393C36B01225B6904A960689847F36B9E
S21400709001225B6905A93846984704A82CF010FC25
S2140070A0054650B10023A37563754FF0FF33A36008
S2140070B00025284609B0BDE8F08F05A82CF00DFC89
S2140070C00123A375237E04EBC303DF611D8463687D
S2140070D0BB420ED1206005A82CF020FC4FF0FF33F9
S2140070E02075A360237D043B022B26D80023A375BE
S2140070F0DEE723681A1A53425341A37505A82CF0FD
S2140071000DFC237D834218BFA57505A82CF0E9FB6E
S214007110804604A82CF0E5FB804518BF002305A890
S21400712018BFA3752CF0E4FB804604A82CF0E0FB07
S21400713080451CBF0023A375D4E705A82CF0D1FB1F
S21400714080B1F36B022238465B6906A9984706A809
S2140071502CF0D5FB0346207D032839D8DFE800F065
S2140071603838040905A8F3E7CC22237E04EBC303D2
S2140071701A8401F083FC129B187005A894F81880F6
S2140071802CF0A3FB04EBC80888F82200237E05A891
S21400719004EBC303B3F820A093F822802CF0A1FBE5
S2140071A0814605A82CF0A4FB8346B9F1000F14D045
S2140071B0F36B022238465B6906A9984706A82CF0AE
S2140071C064FB607568B90023A3754FF000093CE0C6
S2140071D0227E04EBC2021384CBE705A82CF040FB0A
S2140071E0EFE794F81690B9F1000FEED0BAF1000F61
S2140071F00DD1B8F1000F1DD00123E375637E002B7F
S2140072003FD1B8F1010F30D184F8198014E0736CC7
S21400721007EB0B015A4287EA010010421CBF00220E
S214007220A2755A1E0A409B1A9A45CCD8A37D002BFD
S214007230DFD1CAE7E37D43B94FF0000953465A460B
S214007240394630462CF087F8A060A37D13B122693A
S214007250524422611F49227E097891421AD901328E
S2140072602276039ACAB91D4623E796F834307BB9CE
S214007270F36A0133E2D1B8F1030FDFD10123A3761D
S214007280DAE7B8F1010FE0D0B8F1030FD4D1F5E793
S2140072909946D3E70023A3750BE7002B3FF409AF0D
S2140072A0E57D002DDFD0B9F1000F11D1B8F1030F45
S2140072B03FF4FFAEA1684B1C3FF4FBAE129B224688
S2140072C0009330460123FFF7D5FE0546A075F0E68D
S2140072D04D46EEE6947104002DE9F04F0E469846B2
S2140072E000238BB004464FF0FF31104617468DF84A
S2140072F0133001F0ADFBB6F5801F20D2314605AA4B
S21400730004F108002CF02EFA451C014603D1237C1C
S214007310BBB92D2010E0384601F09AFB0122394611
S21400732020460DF113032CF068F80028EFD09DF8E6
S214007330133088F8003000200BB0BDE8F08FB01C8A
S214007340E5D1E56A691C36D12046616A2BF049FF13
S2140073500546B31C18BF0123DFF8CC900193636A7F
S214007360626C0293236805A902FB053AE36B0522CB
S2140073705B695046984705A82CF03CFB2CF05FFB59
S21400738050462CF067FB4FF0000B824601464B1C24
S21400739005D0636C81EA0A025B42134211D029468B
S2140073A020462BF01EFF029BAB422CD0BBF1000FF9
S2140073B02CD10546D3E72368ED1A636CB5FBF3F5CD
S2140073C0C7E7484601F044FB0DF113034946204643
S2140073D0019A2CF012F8034690B1B21C03D0D9F8EB
S2140073E00020B2420CD19DF8132003930D4B88F871
S2140073F0002049461A68384612F03EFC039B9B461E
S214007400D9F80810C3E7BBF1000F82D0B6F5801F8D
S21400741091D2314698F800307A6804F1080001F0FD
S21400742045FA88E790710400743400202DE9F34192
S2140074300446174698460E46184D816AE36A8B4204
S21400744001D04B1C02D102B0BDE8F081284601F005
S214007450FFFA0122294620460DF107032BF0CDFF47
S21400746038B14346294620469DF80720B8470028ED
S214007470E9D0A9684A1C04D1696820462BF03EFF73
S2140074800146012EDAD16B6881EA0302636C5B4227
S2140074901A4218BF4FF0FF31D0E700BF4834002033
S2140074A02DE9F04F4FF0FF334FF6FF7200250446EC
S2140074B000F108068BB0C0E90923C36205620563C4
S2140074C0304688462CF01FF920462BF05AFE60BB4B
S2140074D0204641462BF0D5FE20462BF052FE60BBE0
S2140074E05E200BB0BDE8F08F2368E26B606C5769D6
S2140074F000FB0530052205A9B84705A82CF07AFA46
S214007500012807460CD1294620462BF08BFE012F7A
S214007510024600D10132294620462BF051FE03E0F8
S2140075202CF092FA0028EED10135E3699D42DBD3B8
S21400753020462BF026FE0028CAD000254FF0FF3943
S2140075404FF6FF73CA46A846C4E90853E369984550
S2140075500AD3A5EB0905012D2CD84FF6FF72636AF6
S21400756093423CD16720BCE72368E26B606C5769A6
S21400757000FB0830052205A9B84705A82CF03AFA02
S214007580834605A82CF00DFA074658462CF057FA05
S21400759068B1574538BFC4F82480B94528BFB946F6
S2140075A0BD4238BF3D46BA46236A0133236208F11E
S2140075B00108CBE74FF6FF7300256362E3699D423F
S2140075C0CBD2676C2068E36B052207FB05005B697E
S2140075D005A9984705A82CF0E4F90135EEE7E26B1B
S2140075E0676C2068694607FB030055690522A847B3
S2140075F068462CF0D6F9626A2368606C4B4D00FB37
S21400760002302CF027FA4FF0FF33A062E3622A46DE
S2140076106FF00101204605ABFFF75EFE002846D15D
S214007620AD6829462046E5622BF087FD206320B929
S2140076302046E16A2BF062FEE062294620462BF0E7
S2140076405DFE0546A36A9D4233D120462BF048FDD9
S21400765000278046B946E36999453CD3B84559D9D1
S2140076602046616A2BF0BDFD0026054604F1400A5F
S214007670B74212D8626C2368694602FB0539E36B91
S21400768005225B694846984768462CF08AF95346B7
S21400769002464946E06B2CF0DFF9294620462BF0DF
S2140076A0A0FD0136B0450546E2D1642019E7A56A7B
S2140076B0B7E7294620462BF040FD236B29460344B6
S2140076C00746236320462BF019FE0546002FB9D146
S2140076D0C4E90B07B6E7636C2568052203FB09556A
S2140076E0E36B05A95B692846984705A82CF082F944
S2140076F02CF0A5F958B128462CF0ACF901462046E6
S2140077002BF01BFD636C143B984208BF013709F150
S2140077100109A0E730462BF0F6FF00232046194665
S214007720034AFFF783FE0020DBE600BFA0340020FC
S214007730E93303002DE9F041036B9046826B90B06D
S2140077409A4288BF8363426C436A07680E4602FB10
S2140077500377C36B01A905225B6904463846984740
S21400776001A82CF047F901280146307057D0656C07
S214007770E26B2368606AD2F814C005FB003005226D
S21400778006A9E04706A82CF035F901284FF00005B9
S21400779023D0D4E90A3201219342CDE90B458DF876
S2140077A034800E958DF83C102AD1194620462BF0D1
S2140077B0A5FD236B626C14339B1AE06223630C9B5B
S2140077C053B99DF83C303BB1626A616C2368E06B4C
S2140077D001FB02312CF0C6F80C9DE36B05225B69B9
S2140077E001A93846984701A82CF004F930702846BD
S2140077F0236BA26B9A4288BFA36310B0BDE8F081EA
S214007800237C33B91C490BAA04F1080001F09CF84C
S214007810D5E72046194A0BABFFF708FECFE7237CD7
S21400782023BB2246164904F1080001F08DF8616A70
S21400783020462BF0F7FC616A421C20462BF0C0FC69
S214007840054620B9236B626C1344143B2363204621
S214007850A16A2BF053FD2368A062C01A636CB0FBCC
S214007860F3F0606220462BF08CFDB6E7002320463E
S214007870044AFFF7DBFDDAE7D97F0000557F0000FA
S214007880833403001F34030073B50D46D11E4A42ED
S2140078901C461B7E4A419A4226D129682368994293
S2140078A022D3636899421FD8114E0DF10703324662
S2140078B0FFF712FDC0B972686B689A4214D19DF842
S2140078C00730DA1E53425341227E93420CD163693D
S2140078D001336361D4E90323934205D22968A26881
S2140078E042F8231001332361012002B070BD00BFAF
S2140078F0A03400202DE9F04F9A468BB09DF850300A
S214007900DFF850B10293DBF81030804653450D4641
S2140079101646C0F09880D146DBF804300193B9F1E2
S214007920000F00F08C80D8F83C3001225B6907A974
S2140079300198984707A82BF0D0FFDBF80030984254
S21400794040F0848007A82BF0D3FF0428074614D104
S21400795007A82BF0D4FF019B029A04463B44002A5A
S2140079603ED1864212D91446361A404601992BF06B
S214007970C5FCA9EB04090190D1E7D8F83C300222F7
S2140079805B69019808A9984708A8E2E7841B544554
S21400799028BF5446032C03EB0607AAEB040A1DD99E
S2140079A0D8F83C30294638465B69A208984724F048
S2140079B0030304F003061F441D44002ED5D0D8F858
S2140079C03C3001225B6908A938469847324628466B
S2140079D008A9354412F050F90026C6E72646ECE71B
S2140079E0074600F00302039203442A180492059304
S2140079F0049BDD1B059BD81B039B9F420FD1002FCA
S214007A00B3D0D8F83C30012208A95B6998473A46BB
S214007A10284608A911F0E4FF78B93D44A5E7D8F850
S214007A203C30012208A95B6998470422284608A929
S214007A3011F0D6FF08B9043FDAE74FF0360948469A
S214007A400BB0BDE8F08F4FF06309F8E74FF06F0911
S214007A50F5E700BFCC3400202DE9F0410F4616466E
S214007A609846044688B060B390F83450FDB10121C2
S214007A702BF07CFB00210E9BCDE90511CDE90237EA
S214007A809DF83C30CDF804808DF81C30237C04969D
S214007A908BB90D4901AA04F1080000F055FFDDE995
S214007AA00553E06B002E08BF1D462BF0F8FC284659
S214007AB008B0BDE8F0812046044A01ABFFF7B6FCEB
S214007AC0EDE70546F3E700BF4D3403008978000074
S214007AD07FB590F84260044601920DF10B030A460A
S214007AE0304611492BF0E3FC012E0546E36B17D117
S214007AF032465B6903A998479DF80B10039B019AD1
S214007B0059B19BB243EA0243012228460393E36B32
S214007B1003A99B69984704B070BD62F30F03F3E7AF
S214007B2001229B6901A9F5E7CC3400202DE9F04F2E
S214007B3099B0CDE90B230E460A69416CD31D143962
S214007B40B3FBF1F3013302EBC302036B044693422B
S214007B50C0F0FB810023DFF8F8930A93E36A4846F7
S214007B601946079300F074FFD6E9033705930C9B7C
S214007B70022B1CD1CC2F40F074810B9B8BB131466D
S214007B8020462BF0EAFC656C14900B9B63B1E36B0C
S214007B9001225B69706816A9984716A82BF0A1FE0B
S214007BA00CE0059B1B68149308230E930DE0782FBA
S214007BB0656CEAD80B9B002BE9D1F07D00280CBF42
S214007BC004230823782F0E9328D901230025089331
S214007BD008230393336808990C98C9F80030C9F84D
S214007BE010702BF09FFE00230F930D9306930993BE
S214007BF0039BDDF81CA09B0889F814001193616CA8
S214007C0003984A1E0AEA02028B1AEFB10544AB42F9
S214007C101CD8236B5B1A1344236386E0079A6B1EFB
S214007C201340EB1A3A1D934207D257B1082BCCD813
S214007C300023042508930395CCE700250423089524
S214007C40C7E704250897F6E78342E2D3039AB846C7
S214007C509B1A9F4228BF984652449F42049278D966
S214007C600123D9F8102089F81730974276D1C9F841
S214007C7004A0069399F81730002B71D099F81820B5
S214007C800699D31C09EBC3030132C3F804A0A3F87A
S214007C900880997289F81820B8F1000F14D00C9B50
S214007CA0022B60D10F9B7BB90D9B4344032B0BD952
S214007CB0E36B01229B69049814A99847054600289F
S214007CC040F0D58001230F93069B16A80193089BCE
S214007CD0009399F814204346316800F06FFEE36B7A
S214007CE050469B69119A16A99847051E0A9B18BF0D
S214007CF05346039A0A935146434620462BF02BFBE5
S214007D00236B039AC9F808009B1A08F1030222F0B5
S214007D1003029B1A2363002D40F0A9800D9BDDF81B
S214007D2010A04344A7EB08070D93514620462BF0BE
S214007D30E5FA00258246002F7FF461AF844A316859
S214007D40936804F10800E36252680C9B00F0AEFDF5
S214007D5089E0069B002B18BF03238AE7022388E7E7
S214007D60C9F804A098E70B9B002B30D1059BB8F10F
S214007D70030F03EB080B27D9DDE90401E36B4FEA99
S214007D8098029B6998470546002864D118F00302BC
S214007D905ED0059B28F003052B440593049B1D44E9
S214007DA04FF0FF33059915A8159311F065FFE36BA7
S214007DB0284601229B6915A998470546CDF814B0B8
S214007DC0002D81D0049B94E74246049DE8E706F127
S214007DD02003DDF810B01093F37D70689BB100238C
S214007DE0357E099AD9B28D4211D9109903F1010C4A
S214007DF031F83310914225D90E9906EBC303D869A2
S214007E000A44104403E00E9B099A13441844E36B9B
S214007E1001225B6915A99847159B01221393099BBC
S214007E20584604330993E36B13A99B699847049B50
S214007E3005464344A3EB0B03042B06D970B90BF19C
S214007E40040BC9E76346521ACCE7CDF810B0B7E783
S214007E50CDF814B038E7CDF814B0B3E7CDF810B0CD
S214007E60B0E770252F46384619B0BDE8F08F3D2D97
S214007E70F8D104F1080303932368079A606CA2EB19
S214007E80030ABAFBF0FA00FB0A302BF0E3FDE16AC6
S214007E90804620462BF032FAA36A216B8342626C3E
S214007EA045D0D9F80830571E3B40891A0B4427683E
S214007EB023630A9BE062DF1BB7FBF2F7BA4533D1B8
S214007EC0079BB3EB080A12D0E36B4FEA9A024146CF
S214007ED09B6998478346E36A079A5344E362236B99
S214007EE003989B1A434423632BF00DFCDA46236861
S214007EF0616CE06B01FB07312BF021FD20462BF077
S214007F0040F920462BF03DFA3269616CD31D1439D6
S214007F10B3FBF1F30133206302EBC302BAF1000FA7
S214007F2005D09042A8D29DE74FF0000ADFE73269FD
S214007F30616CD31D1439B3FBF1F3013302EBC302BA
S214007F40236B9342BFF40AAE8CE71C278BE700BF77
S214007F5074340020032A2DE9F34106460D461746E1
S214007F601C4606D1237A012B23D0012002B0BDE89F
S214007F70F081DFF86080096842460DF10703FFF7DD
S214007F80ABF960600028EDD19DF80730032BE9D0EF
S214007F90D8F804206B689A42E4D1237A2969012B29
S214007FA0D4F80CC007D172690CEB0103934202D9D6
S214007FB02074207CDAE708316144E1603B46012208
S214007FC029463046FFF7B2FD60600028CAD0002080
S214007FD0CCE700BFA03400202DE9F341032A174662
S214007FE0089C06D1237A012B25D0012002B0BDE8DB
S214007FF0F0812668DFF89080304642460DF1070390
S214008000FFF76AF960600028ECD12568D8F804000C
S214008010A96A6A6C4840534210EA030CE2D1237AFC
S214008020012B0AD1E068D8F8103003447069834207
S21400803003D984F810C0207CD8E72868EB6A1B1A9E
S214008040081AB3FBF2F3B0FBF2F083420BD1706C6C
S214008050F36A421E1340326B121A134428463363E7
S2140080602BF04CF9E862D8F81020E3680832134485
S214008070E36001223B4604492068FFF757FD606035
S2140080800028AFD00020B1E7A03400202DE9F04151
S2140080900025604B0E46D3F8008004461D6018B9D4
S2140080A021252846BDE8F08190F8347007B30A68A9
S2140080B003689A4240F0A4804A6843689A4240F0B7
S2140080C09F808A6883689A4240F09A80CA68C3682C
S2140080D09A4240F095800A6943699A4240F090803F
S2140080E08A69C36B9A4240F08B804B698361D8E7FC
S2140080F068223946856B11F021FCD6E902123368F6
S21400810004F1080023607368A563636033696361E4
S2140081107369A3612BF009FBB36904F14000E363C4
S2140081209B68984720B9676C17B16368B3FBF7F78D
S21400813094F84330E761002BB2D00023656C2366C9
S214008140002D65D0002F63D02368B3FBF5F205FB46
S2140081501233002B56D16668B6FBF5F305FB1363A6
S214008160002B4FD120462AF0D8FFA36904330344DE
S2140081709E4249D340F634726369CC3B934245D85D
S214008180B5F5805F44D3032120462AF0EFFFD4E9FB
S2140081900001E36B1B6898470546E36B0220DB682B
S2140081A09847D5B941462046FFF77AF96428054630
S2140081B004D141462046FFF773F905466DB9636C56
S2140081C0226A143B204602FB03F62AF0A6FFA369A8
S2140081D0043303449E4238BF5A25002D0CBF0123AA
S2140081E0002384F8343007D1D4E900010A4A136822
S2140081F0013313602BF033FBE06B2BF050F950E7A4
S2140082005D254EE759254CE75A254AE75F2548E79E
S2140082105B2546E7042E0020002E00202DE9FF41B6
S2140082200C4616461F46054688B390F8343083B38E
S214008230B1F5801F2FD2DFF8648001212AF096FF67
S2140082404246214628460DF10F03FFF745F8024641
S214008250C8B99DF80F30012B10D1D8F81030BB42AA
S21400826013D1009031462846FFF744FB0446E86BDE
S2140082702BF015F9204604B0BDE8F081022B0CBFA8
S21400828060242D24F3E72D24F1E76324EFE721246F
S214008290F0E71124EEE72924ECE700BFCC340020F9
S2140082A02DE9F04385B00E4617461C460546DDF818
S2140082B03080A0B390F834309BB3B1F5801F32D233
S2140082C0DFF8689001212AF051FF4A4631462846D9
S2140082D00DF10F03FFF700F8E8B99DF80F30012BFA
S2140082E014D1D9F8102004EB08039A4215D322467D
S2140082F00090434639462846FFF7FCFA0446E86BEA
S2140083002BF0CDF8204605B0BDE8F083022B0CBF5D
S21400831060242D24F3E72D24F1E76324EFE72124DE
S214008320F0E71124EEE72924ECE700BFCC34002068
S21400833073B50C461646054630B390F834302BB36A
S214008340B1F5801F24D201212AF010FF21462846CD
S214008350104A0DF10703FEF7BFFF044680B99DF8EB
S2140083600730032B0CD0022B0CD1284609492BF0E2
S214008370F4F83060E86B2BF092F8204602B070BD3F
S2140083802D24F7E76124F5E72124F6E71124F4E726
S2140083902924F2E7CC3400202DE9F3411E460023C1
S2140083A00C4617460546336050B390F834304BB34E
S2140083B0B1F5801F28D2DFF8548001212AF0D6FEBE
S2140083C02146424628460DF10703FEF785FF044680
S2140083D0A0B99DF80730032B10D0022B03BF012352
S2140083E03B600423D8F8103018BF38603360E86B61
S2140083F02BF055F8204602B0BDE8F0812D24F6E7B4
S2140084002124F7E71124F5E72924F3E7CC340020EC
S21400841073B50446056B2AF080FE636E03449D42E6
S2140084202CBF00230123854294BF00252D1A207CF3
S21400843084F85030656584F85800A8B100230C4EC7
S2140084401A461946204600962BF04BF9002305469F
S2140084501A461946204600962BF04CF9E368284445
S214008460984294BF0020C01AE06502B070BD00BFFD
S214008470FFFF0F002DE9F3471E4643690446B3424B
S214008480884617469DF828904ED300258DF807504D
S21400849020462AF042FED4F830A082450AD2236A4B
S2140084A0B5EB430F06D2002220460DF10701FFF779
S2140084B041F9B8B39DF80730012B05D100222046BC
S2140084C00DF10701FFF736F9B9F1030F06D0314673
S2140084D020462AF012FE256B854227D3144D4FF016
S2140084E0FF31284600F0B4FA4B46294600222046C3
S2140084F0C5E90376C5F80080FFF718FB236E05462E
S21400850063B12046FFF784FF94F8503013B994F80F
S21400851058301BB1236E04F150009847284602B02D
S214008520BDE8F0870135B3E76225F7E71C25F5E7D8
S214008530A03400202DE9FF410F4690461E46054612
S21400854098B390F8343093B3B1F5801F31D21A4CFB
S21400855002212AF00BFE2246394628460DF10F036B
S214008560FEF7BAFE024678B101234246009339462A
S21400857033462846FFF77EFF0446E86B2AF08FFF57
S214008580204604B0BDE8F0819DF80F30012BEBD1FA
S2140085902169B142E8D10093414633462846FFF7A9
S2140085A0A9F904460028DFD1E7E72124E8E71124EB
S2140085B0E6E72924E4E700BFCC3400202DE9F043A9
S2140085C090F8423087B0012B05460391A1EB0208D4
S2140085D040F0B080B8F1FF0F01D81F4600E0032737
S2140085E06426002445E00127012B4FF03206F8D020
S2140085F0002432223FE0284605AB224650492AF0A6
S2140086008AFF95F842300598012B3FD14FF6FF724E
S21400861090422BD1264664225FFA84F9921BBA4216
S21400862018D3012F4BD10022012BCDF814808DF8E2
S214008630132038D1082205A90DF113002BF026FAD5
S2140086409DF81330059A42EA032231462846FFF782
S2140086503FFA40B102233A4900932846CC230968E2
S21400866003AAFFF707FF07B0BDE8F083C0B258B112
S2140086700134012364229442BDD3012B14BF32225D
S21400868064225FFA86F9C9E70334F2E7421C04D194
S214008690264632225FFA84F9C0E780B208B1013478
S2140086A0A7E70234A5E7102205A90DF113002BF069
S2140086B0EDF99DF81330059A42EA0342C5E7039A9E
S2140086C0012B059225D10823202205A90DF11300C0
S2140086D08DF813302BF0DAF99DF81320120231468C
S2140086E02846FFF7F5F995F8423009F10101012B0C
S2140086F0C9B21BD10028ADD12846BDF81420FFF71B
S214008700E7F90028A6D109F10201BDF81620C9B282
S2140087109CE71023202205A90DF113008DF81330D5
S2140087202BF0B4F99DF813201204D8E7002891D155
S214008730059A8BE7B8F5803FFFF455AF022753E75D
S214008740CC34002070B586B00E4605460392A0B322
S21400875090F834309BB3B1F5801F32D202212AF054
S21400876005FD31462846184A0DF11703FEF7B4FDFD
S214008770044618B99DF81730032B0ED10223314654
S21400878000932846CC2303AAFFF774FE0446E86B42
S2140087902AF085FE204606B070BD022B0BD10A4992
S2140087A028462AF0DAFE039902468142EFD0284690
S2140087B0FFF704FFEAE76124E9E72124EAE711244A
S2140087C0E8E72924E6E700BFCC340020F7B50C46DE
S2140087D01646054668B390F8343063B3B1F5801F8B
S2140087E02BD202212AF0C2FC21462846144A0DF15B
S2140087F00703FEF771FDC0B99DF80730032B14D0B0
S214008800022B14D10E4928462AF0A7FE471C024622
S21400881039462846FFF7D2FE044606B13760E86BB5
S2140088202AF03DFE204603B0F0BD2D24F7E7612474
S214008830F5E72124F6E71124F4E72924F2E700BF40
S214008840CC34002030B50C46054685B028B390F8E9
S214008850343023B3B1F5801F23D202212AF086FCE0
S2140088600DF10F03214628460F4AFEF735FD034655
S21400887088B99DF80F20032A0DD0032221460092C6
S21400888002462846FFF7F6FD0446E86B2AF007FE88
S214008890204605B030BD2D24F7E72124F8E7112443
S2140088A0F6E72924F4E700BFCC3400202DE9F04396
S2140088B0466886B3056898464FF0000CA946AE4653
S2140088C055F83C400CF1010CC4F31307013401D0F9
S2140088D0B94217D0B4450EF1080EF1D12F46002448
S2140088E003E0B44207F1080712D055F834300134DB
S2140088F00133F6D1C1F3130141EA0851C7E900126A
S214008900BDE8F08341EA0851CEE90012BDE8F083E5
S214008910B8F1030F03D101230372BDE8F0830023EF
S21400892003E0B34209F10809F5D055F833400133A6
S214008930C4F30754032CF4D1C1F3130343EA0853DA
S214008940C9E90032BDE8F0832DE9F04106464068EB
S21400895082B0B8B10F4690460024336853F83450BE
S21400896003EBC403C5F30752C5F31301013506D064
S2140089705B683046CDF80080B84718B1706801349F
S2140089808442EAD302B0BDE8F08100BF024B19680A
S214008990024B1868FFF77ABBA05F0020C05F00207C
S2140089A008B534F07AFD014B186008BDF834002095
S2140089B0014B186834F06CBDF834002073B50446DB
S2140089C02248012A00EAC1119DF8185023F07C4085
S2140089D007D9961E012E28D9073303F07F031943C3
S2140089E008E09DF81C300A43DB0603F0C05313432F
S2140089F043F060410023C4E900108DF80730B5B19C
S214008A00202221460DF107002BF040F81A220DF126
S214008A100700211D2BF03AF8082063689DF8072010
S214008A2043EA8263636002B070BD1143E2E71B2233
S214008A300DF1070021462BF029F823689DF8072042
S214008A40042043EAC2632360EDE700BF80FFFF0710
S214008A5038B5094B0D461A680021044610F06EFF23
S214008A6000234FF0FF322383C4E900252361A26070
S214008A70E382A37638BD00BF907104000138C0B20F
S214008A8005289ABF014B185C0120704795710400B9
S214008A902DE9F0410746154600240E46596888B071
S214008AA0490A012922464FEA510104F10104F8D887
S214008AB0DC78997824031B88C90201F4006104F469
S214008AC080540C43C3F30A035203234492B24FF07C
S214008AD000089C18274B6FEA0444039325F078435C
S214008AE0ED4302A90DF107001B2202938DF80780C3
S214008AF02AF0CCFF9DF80720029B02A943EAC26336
S214008B000DF107001B2225F07845049302958DF899
S214008B1007802AF0BBFF9DF80720029B6FEA1444EB
S214008B2043EAC26305934FF0FF330794069307A901
S214008B30BB69012206F110009847BB6905A90446E7
S214008B40012206F108009847BB69404518BF044655
S214008B5004A90122301D98470122404518BF04464B
S214008B60BB69304603A99847404508BF204608B071
S214008B70BDE8F08101009AB238B5104B0546D3F82F
S214008B8000310C4603F00303022B0BD0032B0DD051
S214008B90012B0FD132F05CFD032305B1286004B130
S214008BA0236038BD32F09EFD0723F6E734F088FCDC
S214008BB00623F2E701230020EFE700BF0080005005
S214008BC038B5134B0546D3F820010C4600F00700D5
S214008BD004281AD8DFE800F003090D111500012358
S214008BE005B1286004B1236038BD32F0F7FC0423D9
S214008BF0F6E732F02DFD0323F2E732F02FFD0523D2
S214008C00EEE732F021FD0223EAE700231846E7E705
S214008C100080005038B5104B0546D3F840310C465E
S214008C2003F00303022B0BD0032B0DD0012B0FD127
S214008C3034F048FC082305B1286004B1236038BD31
S214008C4032F050FD0723F6E734F03FFC0923F2E745
S214008C5001230020EFE700BF0080005038B5104B1E
S214008C600546D3F860310C4603F00303022B0BD005
S214008C70032B0DD0012B0FD134F024FC082305B1B3
S214008C80286004B1236038BD32F02CFD0723F6E7D8
S214008C9034F01BFC0923F2E701230020EFE700BFB6
S214008CA00080005041F6713210B5104C104BA042B7
S214008CB094BF00240124D969DA639A6801F48031EC
S214008CC022F4401242EA04529A600A4A90420A4A41
S214008CD0D2F818028CBF40F0020020F00200C2F862
S214008CE0180209B10022DA6310BD00BF005A620202
S214008CF00000035080F0FA0200C007502E4B984246
S214008D004AD022D82D4B984240D014D82C4B9842AB
S214008D1039D00AD82B4B984232D02B4B98422FD0C2
S214008D202A4B98422CD000207047294B9842FAD103
S214008D30284B186F7047284B98422AD0274B9842EA
S214008D40F1D1244BD3F880007047254B98422BD0A6
S214008D5009D8244B984223D0234B9842E3D11D4B8D
S214008D60D3F88C007047214B984221D003F574034A
S214008D7003F510539842D6D1164BD3F89800704797
S214008D80144B986D7047134B586E7047114B586FC5
S214008D907047104B986F70470E4BD3F8840070479F
S214008DA00C4BD3F8880070470A4BD3F890007047F6
S214008DB0084BD3F8940070470048E8010024F400FC
S214008DC0C0CF6A0080841E0000093D0040420F00AC
S214008DD0405DC6000080E00FC0EA210180BA8C0129
S214008DE0007E560380D54302006CDC020090D00360
S214008DF037B50C460021114B0191D3F8803105465A
S214008E0003F00303022B0ED0032B11D0012B03D14A
S214008E1001A8FFF7D5FE0D210DB1019B2B6004B113
S214008E20216003B030BD32F019FC05210190F3E754
S214008E3032F00AFC02210190EEE700BF00800050ED
S214008E4038B5104B0546D3F840320C4603F0030302
S214008E50022B0BD0032B0DD0012B0FD134F032FB9D
S214008E60082305B1286004B1236038BD32F03AFC0F
S214008E700723F6E734F029FB0923F2E70023184618
S214008E80EFE700BF0080005038B5144B0546D3F816
S214008E9000020C4600F0070004281BD8DFE800F0AC
S214008EA003090D111500012305B1286004B12360E4
S214008EB038BD34F007FB0823F6E732F013FC07232F
S214008EC0F2E734F002FB0923EEE732F0A7FB0C23AF
S214008ED0800AE9E700231846E6E700BF0080005056
S214008EE038B5144B0546D3F808020C4600F00700C8
S214008EF004281BD8DFE800F003090D111500012334
S214008F0005B1286004B1236038BD34F0DBFA0823CD
S214008F10F6E732F0E7FB0723F2E734F0D6FA092348
S214008F20EEE732F07BFB0C23800AE9E700231846C5
S214008F30E6E700BF00800050032814D005D80128BB
S214008F4005D0022809D0002005E00F28FBD1084BE9
S214008F50186FC0F3013001307047054BD3F890000E
S214008F60C0F30460F7E7024B186FC0F38020F2E707
S214008F70008000501FB500230193252817D8DFE88E
S214008F8000F0131A1D272C363B51565B60656A7835
S214008F90161A401616561A272C27361A5127783BCB
S214008FA03B3B3B2727275B6032F01EFB0190019876
S214008FB005B05DF804FB32F031FBF7E732F014FB46
S214008FC002460220FFF7B8FFB2FBF0F20192EEE78E
S214008FD032F024FB02460320F4E732F01FFB024681
S214008FE00320FFF7A9FFB2FBF0F25208EEE70021DC
S214008FF001A8FFF7FDFEDAE7002101A8FFF7E0FD74
S214009000D5E702934FF0E0231B695B0705D532F0E6
S21400901005FB0290029B0193C9E703A902A8FFF78C
S214009020F9FDF7E7002101A8FFF7F4FDBFE70021EF
S21400903001A8FFF713FEBAE7002101A8FFF724FFF7
S214009040B5E7002101A8FFF74BFFB0E7002101A814
S214009050FFF792FDABE7094BD3F8803003F003032C
S214009060022BA8D0032B01D000209FE732F0F6FA9F
S2140090709CE7002101A8FFF7E3FE98E70080005078
S21400908008B50120FFF776FFBDE80840034988428F
S21400909094BF01210221032000F002B880F0FA02FA
S2140090A0032810B50C4627D004D8012804D002287F
S2140090B017D010BD0F28FCD12AF006FD2AF00CFDB3
S2140090C0124A013C136F23F4405343EA04331367F8
S2140090D032F0A4FA0021FFF7E5FDBDE81040FFF7E7
S2140090E0CFBF0A4A4C1ED2F8903023F0F85343EA1A
S2140090F00463C2F89030DCE7044A4C1E136F23F476
S214009100806343EA84231367D3E700BF00800050E0
S2140091101FB500230193252821D8DFE800F013208F
S2140091202020202A2F454A4F54595E712020342093
S214009130204A202020202A204520712F2F2F2F2044
S21400914020204F54314B1B6F03F00703013B032BCA
S21400915005D8DFE803F00C02080A042301930198FF
S21400916005B05DF804FB0323F8E70623F6E70223C1
S214009170F4E7002001A9FFF73BFEF0E7002001A975
S214009180FFF71EFDEBE702934FF0E0231B695B073A
S21400919005D532F043FA0B230393039BDEE703A9BE
S2140091A002A8FFF737FDF8E7002001A9FFF732FD18
S2140091B0D5E7002001A9FFF751FDD0E7002001A95F
S2140091C0FFF762FECBE7002001A9FFF789FEC6E79E
S2140091D0002001A9FFF7D0FCC1E70C4BD3F8803084
S2140091E003F00303022B03D0032B05D00023B5E7BF
S2140091F032F014FA0B23B1E732F030FA0523ADE76C
S214009200002001A9FFF71CFEA9E700BF0080005060
S21400921008B50320FFF790FE034B18702AF054FCA5
S214009220BDE808402AF058BC1056002010B5044689
S21400923032F0F4F90021FFF735FD1CB1BDE810400F
S214009240FFF71EBF034B0320BDE810401978FFF759
S21400925027BF00BF1056002038B50546FFF74EFD65
S214009260204B04465A68012A04D11F494A609A696D
S2140092709207FCD10020FFF74BFF042803D12AF009
S21400928023FC2AF029FC194A24F0407395421FD08B
S214009290174A95421FD0174AD16811F0060FFBD126
S2140092A09068936091684B4013F4F81F16D12846D7
S2140092B0FDF780FD0020FFF72BFF042810D132F0C9
S2140092C0ADF90021FFF7EEFCBDE83840FFF7D8BE49
S2140092D043F00073DFE743F08073DCE79060E9E774
S2140092E038BD00BF00C0015000E0015040420F00F2
S2140092F080841E000000015070B504460020FFF771
S21400930007FF03287CD045F60E030221414AC2F827
S2140093108030414B9962012103F580539962936D29
S214009320D903FCD4D4E900131B0543EA0163E17BAF
S21400933094F823500B43217B43EA0143617B43EAC5
S2140093400133A17B43EA811313619169D4E90403D5
S2140093501B0643EA806301F000410B43A17EE07EDA
S2140093600B43217E43EA0143617E43EA0123936176
S214009370E169136A002923F00D0343EA010314BFD1
S2140093800121002143EA800343EAC103136294F8F3
S214009390203094F82200916A4FEA431331D194F8B2
S2140093A0216021F0330143EA06130B4343F0010327
S2140093B093621A49174A936D31EA0303FBD10221DF
S2140093C0154B9962936D5B00FCD41369A16823F476
S2140093D0700343EA015313614FF000420E4B9A614B
S2140093E018B9022203F580539A6215B901220C4B74
S2140093F09A6294F824301BB1064B0A4AC3F88020C0
S21400940070BD21F0330129430B4343EA40039362C6
S214009410EFE700BF00C0005000D00050030001403E
S21400942000E00050F1A7FFFF014B93F900007047E2
S21400943011560020014B1880704700BF486400207A
S2140094400C4A10B51369044643F00403136132F066
S21400945055FC2AF045FB084B084AC3F8202430BFC9
S2140094602AF03FFB01F058FF1CB9BDE8104032F06F
S214009470D5B810BD00ED00E000E003500000FFFF8F
S214009480034A0179D36E23F030030B43D36670474B
S21400949000400050072A2DE9F0410D461446984634
S2140094A00FD803269700BE4000FA07F2314615484B
S2140094B02AF01AFB05F0030231461348BA402AF098
S2140094C013FB124A12490123B8F1000F08BF1146D8
S2140094D003FA04F40C609DF818000E490E4B0028A1
S2140094E018BF0B461C600D4B9DF81C00C3F82044AB
S2140094F0103103F22443002818BF0B461C60BDE859
S214009500F08100BF00C4035008C4035010E40350A9
S21400951010D4035014D4035014E4035000E0035056
S214009520F8B504460D461F4616464AB101238B4041
S2140095303021184A01FB0022EFB141F210015350CE
S2140095403023072D4FF00F0104FB03F316D8A800B5
S21400955006FA00F28140104818442AF0C5FA4EB9BF
S214009560012330210B4AAB4001FB042277B141F2C4
S21400957010015350F8BD42F21001E0E7A5F10800D3
S214009580800006FA00F281400448E5E742F2100146
S214009590EFE700BF00C0035004C003500CC00350E8
S2140095A03022064B072902FB00338ABF0839586869
S2140095B0D8688900C84000F00F00704700C003500C
S2140095C041F67132034BDA63012203F50053DA6089
S2140095D0704700BF0000035041F671320121044B72
S2140095E0DA6303F50052D1600022DA63704700BFE9
S2140095F000000350044B1868421C02BF034AD2F80E
S21400960094001860704700BFC45F00200040005000
S214009610CB784A7810B55B010C7843EA82030A7966
S214009620234343EA02130C22424302F1B04213637F
S214009630012C02BF8A78024B43F8202010BD00BFE1
S214009640D080035008B54FF0B0435A6802B960B1F5
S2140096505B680BB12AF05DFA4FF0B04130B10120E3
S214009660074B58602AF055FAC86008BD2AF051FA30
S2140096700223CB602AF04DFA0122024B5A60F4E72F
S21400968000100058002000584FF0B0414B6810B54D
S2140096900BB12AF03EFA01220B4BC4785A6083784D
S2140096A0934043EA840344782343047943EA04134B
S2140096B0447943EAC4038B60044B5A600378C3F1D1
S2140096C00203CB6010BD00BF0020005800100058F9
S2140096D0054B5B69C3F38512827003F03F021B0BD8
S2140096E042700370704700BF00C007500120034B54
S2140096F09B680A3303F01F03984070470080E00F12
S214009700034BD3F82424D3F820041040704700BF3E
S21400971000C003502DE9F8431E4B0546D3F810331E
S2140097204B1E0E2B0E46174690F8008044781BD929
S214009730F9B14FF000092846C7B133F0C9FE30230F
S214009740072C03FB08F316D80F21A400124809FAC9
S21400975004F2A14018442AF0E4F9C6B9284697B1A5
S214009760BDE8F84333F0B4BE8946E4E72AF0E8F9EA
S214009770E5E78946E3E70F21083CA400074809FA15
S21400978004F2A140E6E7BDE8F8432AF0D9B9BDE8FF
S214009790F88300BF00C0035004C003500CC0035041
S2140097A0214B2DE9F0411646D3F810234A1C0546F6
S2140097B00C4605D1D3F8241440782AF0CFF9044695
S2140097C0002C2EDB072C14DC03274FEA84082A78AB
S2140097D007FA08F73946154802FA08F22AF0A1F9FE
S2140097E06A78394602F00302114802FA08F22AF0B3
S2140097F098F9012316F0050F0E4A18BF0E4903FA12
S21400980004F30CBFC2F81034C1F8103416F0060F7B
S21400981018BF094AC2F814340123064AA340C2F806
S21400982020342046BDE8F08100C0035000C4035039
S21400983008C4035000E0035000D0035070B504463F
S2140098402EF0ECFD064630B90FCC044D0FC594E85B
S2140098500F0085E80F00304670BD00BFFC340020C6
S21400986047F6FF739A42F0B570D0022970D8394B8C
S2140098705B5C022B6CD8384DDE0005EBC304A77882
S21400988015F83330012F394638BF0121012B16D188
S214009890E078401A0021884205D8012F2CBFC01955
S2140098A00130C0B2F0BD431A6568A0EB530335F92A
S2140098B013509542D4BF194603F1FF30EBE76068BA
S2140098C00028EFD0B0F90040944204DBB0F9024023
S2140098D09442B8BF144683883544FF2B19BFC8236B
S2140098E02827B0F90630B0F90870A3EB04030CBFC4
S2140098F00122002293FBF7F36E7813441BB29E42BC
S21400990001DD002B01DA731E1BB24FF47A7C00EBEC
S214009910C305EA88AD685F1C14FB02521D4622EAA6
S214009920E2723BB25C329E42B2FBFCF204DD00EB1C
S214009930C307BF889742EAD200EBC50398889042D7
S21400994028BF1046884238BF0846AAE7FF20A9E786
S2140099500020A7E79B710400FC3400200229F0B524
S21400996061D8324B595C02295DD8314B13F831006F
S214009970012816D103EBC1039C78D878012C214628
S21400998038BF0121904294BFC1EB0001C1EB020138
S214009990001BCAB28242C8BF00225B6833F91200BD
S2140099A0F0BD002A3DD003EBC103596800293AD028
S2140099B09878904202D3B1F90200F1E7DC78B1F969
S2140099C000009442ECD95C788B88013CA3F1FF063A
S2140099D0734201F10405E4B2734101F10C07DEB2F3
S2140099E0B44217D805EBC3034FF47A7512FB05F2A1
S2140099F0B3F902405B68D21A04EBD47302EB63023D
S214009A0092FBF4F29042CBDBB1F902009042C7DC45
S214009A1010B2C5E737F833C05E1C9445E2D3334630
S214009A20DDE70448BCE70448BAE700BF9B710400C2
S214009A30FC3400200CFEFFFF0080FFFF08B5044842
S214009A40FFF7FCFEBDE8084001202EF0EDBC00BF8D
S214009A50A07104007FB51422002101A80FF06EFF4C
S214009A60044B01A94FF0FF3002932EF023FD07B000
S214009A705DF804FB006A18002DE9F0418CB08846BA
S214009A80DDE912761D460446002847D0002945D059
S214009A90002F43D0002E41D013F00F033ED12048B4
S214009AA02049A360002A08BF01462362C4E90013C8
S214009AB0404609A92AF0DDF868BB2046099933F02C
S214009AC062FD2946204633F05EFD694640462AF090
S214009AD060F900BB694620462AF08CF9404603A987
S214009AE02AF062F9B8B9204603A92AF083F9069746
S214009AF00127204645F0005506A9079708952AF045
S214009B0079F9204609A909960A970B9533F061FD65
S214009B10204633F01BFD0CB0BDE8F0812120FAE7AB
S214009B2000010004000101042DE9F04F97B08946BA
S214009B3090461F460546DDF880A0002800F0BB8052
S214009B40002900F0B8803AB1229B002B00F0B380C9
S214009B50239B002B00F0AF80BAF1000F00F0AB8023
S214009B60219B002B00F0A78067B13C680026229B53
S214009B7043440293464507D307B13C60002017B024
S214009B80BDE8F08F3C46F1E75CB1229B219A9B5DD5
S214009B90125D01345340239A04F00F0493550136A6
S214009BA0E8E7A8EB060BBBF10F0F58D9434B484626
S214009BB0C5E90034AC602C6213A92AF05AF80028D4
S214009BC0DDD1284613992BF00F0B33F0DCFC5946F9
S214009BD0284633F0D8FC484604A92AF0DAF80028CC
S214009BE0CDD1284604A92AF005F9484607A92AF047
S214009BF0DBF80028C3D1284607A92AF0FBF8012382
S214009C0022992F4ACDF828A00B930C928A190D9210
S214009C1028464BF000520AA90E9303920F922AF0A0
S214009C20E9F828460DA92AF0E5F8239B039A991926
S214009C300123109111931292214A284610A9CDF8BB
S214009C404CA01493159233F0C4FC284613A933F0A5
S214009C50C0FC284633F07AFC5E4400288FD1229B55
S214009C6003EB060B239B1E44029B9B4501D14646F5
S214009C7080E7ACB9219B2246CDE900A349461023D4
S214009C802846FFF7F9FE00287FF479AF0AF11002A4
S214009C9012F8013D0133DBB213700BB95245F7D110
S214009CA0219A1BF8013B125D0134534006F8013B34
S214009CB004F00F04D8E7212061E700BF0303000487
S214009CC0100000207FB50E461D460446F0B102B9CE
S214009CD0E3B901230192029345F000530393002356
S214009CE00B4AA360C4E900232362204601A92AF098
S214009CF081F83146204633F046FC2046294633F0AC
S214009D0042FC204633F022FC04B070BD2120FBE765
S214009D1000000943084B984202D0084B984207D1EE
S214009D200B88B3F5105F14BF6FF0850000207047F6
S214009D306FF08500704700BF004440040013C00465
S214009D401038102808D8064BC34013F0010F0CBF7C
S214009D506FF08600002070476FF08600704700BFE7
S214009D60010101002DE9F04F8A46A5B00021DDE98A
S214009D703074DDE932590490934606A810221E4638
S214009D80DDF8D0800FF0DAFD102200210AA80FF0CF
S214009D90D5FDBAF1000F05D16FF0860A504625B002
S214009DA0BDE8F08FBBF1000FF6D00FB9002CF3D151
S214009DB02E9B13B92F9B002BEED115B9B9F1000FCE
S214009DC0EAD1B8F1000FE7D004993046FFF7A2FFBA
S214009DD0014610B16FF0850AE0E7282205901AA820
S214009DE00FF0ACFD2022059912A80FF0A7FD1AA8C7
S214009DF033F0BFFB10B16FF0920ACFE751465A46D8
S214009E00049812AB2AF042F882460028C6D112986F
S214009E10FFF796FF82460028BED114B9C8F80000A6
S214009E20BCE7AF4256D23B199D4253D24C45B3D8FD
S214009E302246394628460FF02BFC504B9E4268D0EF
S214009E40C8D34F4B9E4203D003F540739E42C1D108
S214009E502F46102200210EA80FF070FD4C459BD80F
S214009E60484B9E422F9B56D10D2B95D101238DF842
S214009E7038302E9B0DF1390203F10C0153F8040B18
S214009E808B4242F8040BF9D11B78137001238DF82E
S214009E90473014F00F0624F00F0B4CD106AB01939D
S214009EA00EABCDE9027500935A46002312A91AA8F4
S214009EB0FFF73AFE074600285DD04A4600212846AE
S214009EC00FF03CFD0023012FC8F8003093D16FF04F
S214009ED08B0A63E72A4B9E42BBD003F540739E4233
S214009EE0B7D0264B9E427FF475AF4C453FF654AF35
S214009EF014F00F027FF450AF2346CDE9007512A987
S214009F001AA8FFF7B9FD07460028D6D1C8F80040C2
S214009F1044E72F46ECE7102B7FF43EAF2E9B0EAAAD
S214009F2003F1100C164618685968083303C66345D3
S214009F303246F7D1ADE707EB0B030DF1280C03F122
S214009F40100E624618685968083303C27345944673
S214009F50F7D10F2CA2D805EB0B0303930AAB0293A1
S214009F6006AB01930EAB00933246002312A91AA843
S214009F70FFF7DAFDC7E7002EC8D0ECE70044400440
S214009F800010C0040013C0042DE9F04F8A46A1B0AB
S214009F900021DDE92A45DDE92C688146934606A8BE
S214009FA010221F460FF0CAFC102200210AA80FF04C
S214009FB0C5FCBAF1000F05D16FF08609484621B0FE
S214009FC0BDE8F08FBBF1000FF6D00CB9002DF3D131
S214009FD016B9B8F1000FEFD12E9B002BECD04946F6
S214009FE03846FFF797FE014600283AD1282205900A
S214009FF016A80FF0A3FC202205990EA80FF09EFCD1
S21400A00016A833F0B6FA10B16FF09209D6E74846B4
S21400A0105A4651460EAB29F039FF81460028CDD16D
S21400A0200E98FFF78DFE81460028C5D115B92E9BE8
S21400A0301860C3E7B44217D263199E4214D245454E
S21400A040BAD82A46214630460FF022FB384B9F42AC
S21400A05019D006D3374B9F4258D003F540739F4222
S21400A0602ED06FF08509A9E7324B9F424FD003F5FB
S21400A07040739F4225D02E4B9F42F2D1454503D9CF
S21400A0806FF089099AE734462B0795D12B460122B3
S21400A090CDE900460EA916A8FFF7EEFC2E9B044657
S21400A0A01D6000288AD04246002130460FF046FC4C
S21400A0B000232E9A012C1360A6D16FF08B097DE742
S21400A0C034460D3D4545DBD801238DF82830234620
S21400A0D00DF1290204F10C0153F8040B8B4242F8EF
S21400A0E0040BF9D11B780D3413704FF48073ADF860
S21400A0F0363006AB01930AAB00932A460023CDE91F
S21400A10002460EA916A8FFF70FFDC7E73446103D16
S21400A1104545B5D823460AAF04F1100C3A461868F0
S21400A1205968083303C263451746F7D11034E0E791
S21400A130004440040010C00410B54FF42F720021F4
S21400A14004460FF0FBFB8023C4F88C30054B04F16B
S21400A1509C00C4F88430012384F88830BDE81040A1
S21400A16028F05DBF56DF030010B5D0F8A0400A46C1
S21400A1708CB92AF0A3F8044610B90024204610BD76
S21400A1802D2896BF064B074953F82010064A074865
S21400A1902AF0DDF9F2E7D0F8A4101046A047ECE765
S21400A1A08C72040059DF030042DE03007EE00300E9
S21400A1B0F8B590F88060044616B100263046F8BD23
S21400A1C029F0ADFE0028F8D1012384F8803094F8F9
S21400A1D0883033B1D4F884101F4884F888602AF099
S21400A1E0B6F94FF0FF37D4F8B402421C1FD0C4F8BB
S21400A1F0B47210F0FF052CD0204629F08DFE2946BB
S21400A200204600F091FB0028EDD0204629F092FE73
S21400A21094F888303BB1D4F884100F482AF097F9A8
S21400A220002384F88830002384F88030C6E72AF0BC
S21400A23073F9431CDDD1D4F88C30D4F89420013B5C
S21400A2409A4204DB054A064906482AF080F90126A8
S21400A250E9E70126C7E700BF74F1030042DE03000A
S21400A26067DF03007EE00300F8B50B780446302B6A
S21400A2700D46164604D14B7803F0DF03582B11D059
S21400A280284F6A1E12F8011F002934D128460A22D8
S21400A2900FF0C4F9202C03460D4631D1B1FA81F0F7
S21400A2A040091AE04A1C1F4912F8013F8BB928469C
S21400A2B00FF0C0F91C4B02382340032B12D1013497
S21400A2C0A41084420AD1A87837288CBF0020012029
S21400A2D003E0CB5C13F04400E6D1F8BDCCBF012010
S21400A2E00020FAE7002CB8BF0334B0EBA40FD4BFAD
S21400A2F001200020F1E77B5C13F00400C2D1ECE7FC
S21400A30026B1084302D0013B61F100050122A240BC
S21400A310013A1A40002D08BF9A420CBF01200020C7
S21400A320DBE700BF2997040003000080F0B5037840
S21400A33001467B2B17D10646022400220B4F16F847
S21400A340015F7D2D05D10B5D6BB9D24302F0010094
S21400A35008E07B5D13F0440002D001320134EEE7E2
S21400A360202DFBD0F0BD0020FCE700BF299704009D
S21400A37070B506460D460FF05DF9044630462AF0E5
S21400A380E6F8AC4200D370BD02482AF0E0F801348B
S21400A390F7E700BF8EE803002DE9F04104460221EE
S21400A3A04E48FFF7E5FF1E212068FFF7E1FF6368D0
S21400A3B058682AF0CCF84A482AF0C9F867683B7B08
S21400A3C0FD2B0CD8D7F808804FF0FF3540460FF02D
S21400A3D031F906460C3717F8013BFF2B01D1BDE8D3
S21400A3E0F081212B48D8212B66D8DFE803F067736D
S21400A3F075114B4D4F5165656565656565655355CA
S21400A40057595B5D5F6165656565656565656F6325
S21400A410344C1EB1202B05F10105DCD002212F485B
S21400A420FFF7A6FF1E212D48FFF7A2FF2E482AF0B1
S21400A4308EF82E4920460FF001FB2D49002818BF44
S21400A44021462C482AF083F83B78202B02D12B207B
S21400A4502AF071F828482AF07AF84EB118F8053034
S21400A4601F2B05D018F805001F2801D0B54229DBA0
S21400A4701B482AF06CF8AEE7204C214AFE2B08BF9A
S21400A4801446C6E71F4CC4E71F4CC2E71F4CC0E784
S21400A4901F4CBEE71F4CBCE71F4CBAE71F4CB8E783
S21400A4A01F4CB6E71F4CB4E71F4CB2E71F4CB0E793
S21400A4B01F4CAEE70D4CACE7104CAAE706B10135D1
S21400A4C01C4CABE72AF037F80135CBE7002E82D0DC
S21400A4D0013580E7184C9CE7184C9AE79228040050
S21400A4E042DE030011E00300FEF9030020E0030053
S21400A4F016E0030074F103002CE3030018E00300E9
S21400A50016F9030063E003006AE003005BE0030063
S21400A51057E003004EE0030044E003003AE0030087
S21400A5204FE0030045E003003BE0030030E003009B
S21400A53029E0030010E0030062E0030069E0030086
S21400A5402DE9F04F9BB005468B46002400920393FE
S21400A5500FF070F8249F039B04901C6028463C6014
S21400A5600AAA09A92AF015F8064658B90A980FF05B
S21400A57061F83446B046039B1860D5F89C300293C9
S21400A580029B1BB920461BB0BDE8F08F029BD3F898
S21400A5900890B9F1000F6FD02E4416F8013B202B1F
S21400A5A011D000260C23734309EB030A59F8033035
S21400A5B00193002B5BD0099B434558DB9AF8082093
S21400A5C02AB1721C3EE03B6801333B60E5E7396820
S21400A5D0D5F894200793039B521A1A601AAB03EB24
S21400A5E0880151F8403C0199184605930FF004FB8A
S21400A5F006900028E5D101980FF01CF8DDE9062347
S21400A6000146DAF80400D7F800A090F80CC0BCF1B8
S21400A610FE0F19D103F1FF3EC64515D0D0F80090C5
S21400A620059801920FF006F80AF1010A8244019A91
S21400A630AA44AAEB05033B601AF8013B002BF8D0AE
S21400A64008F101081646ADE7D5F894200591A2EB6F
S21400A6500A028A4220DC58460EF0ECFF05990144B7
S21400A6607B290DD958461E4A009928F0FFFC2B4638
S21400A670049A2A4493422AD1029B1B6802937FE7DE
S21400A680DDE90012584628F0F1FC5846154A0099B4
S21400A690013428F0EBFC94E7BCF1FE0F91D1013BAE
S21400A6A043458ED1D0F8009059F80C2B22B9049B64
S21400A6B03B60039B1A60DAE75846009928F0D6FC00
S21400A6C05846084A009928F0D1FC0134ECE713F804
S21400A6D0011B0029CED14FF0200103F8011CC9E769
S21400A6E070E003008EE803002DE9F047002486B0F2
S21400A6F0DDE90EA81C60064689468AF80040116807
S21400A700154888F8004017461D468DF81740FCF798
S21400A710BFFA18B901242B6801332B600020D6F845
S21400A7209C6036B914B1012388F8003006B0BDE845
S21400A730F087B06868B14B460021CDE902A8CDE9A4
S21400A74000750DF1170229F058FD9DF81730002B03
S21400A750E8D13668E5E700BF75E003002DE9F04F65
S21400A7600446ADF5477D06AE80220021304605AF93
S21400A7700DF110080FF0E2F83B46802231462046E5
S21400A780CDF80080FFF7DCFE012847D130460EF0FA
S21400A79051FF3B68D8F8002005461A44224411466B
S21400A7A0C01A013B334400EB020EAEEB010CBCF1C9
S21400A7B0000F1EDC002120EAE0739954D4F8903094
S21400A7C099463A68D8F800101144494516DCD4F882
S21400A7D09410A81A014403441644C4F89410C4F80C
S21400A7E090303518AB1B002B13DC0DF5477DBDE80C
S21400A7F0F08F13F801CF01F801CBD6E7E05C29F023
S21400A8009AFED4F8903009F101090133C4F890306B
S21400A810D7E716F8010B29F08EFEE3E7E5DD26AD57
S21400A8208022002128460DF58C7B0FF087F800214A
S21400A8304FF4007258460FF081F8B24631464FF09A
S21400A8400109002311F8012B002A3CD1304603925F
S21400A8504BF829300EF0EEFE2946039A1AF801CB83
S21400A8600DF58C7E5EF8043B834235D1013291456E
S21400A87001F801CBF2DAD4F890903B684B4532DC15
S21400A88023463146264A274829F061FE28460EF020
S21400A890D1FE3A68D8F80030154413442344801A91
S21400A8A01A466E1E1F18B91A002929DC002120EA54
S21400A8B0E072D1542C18631B002B96DD15F8010BA3
S21400A8C029F039FEF7E7202A03F1010304BF4BF80D
S21400A8D0293009F10109B5E733449B5C6345C1D0D3
S21400A8E00023AB54C7E7D4F8903009F10109E05CC7
S21400A8F029F021FED4F890300133C4F89030BCE73C
S21400A90016F8011F02F8011BD4F890100131C4F8A4
S21400A9109010D4F894100131C4F89410C3E700BF27
S21400A92056DF03007AE003002DE9F843D0E9245609
S21400A93004460F46002294F89830012B07D10A2FC0
S21400A94007D1002384F898300020BDE8F88300F291
S21400A9509F801B2F01D10223F4E70D2F0DD1012379
S21400A96084F898300D2029F0E6FD0A2029F0E3FD52
S21400A97000230120C4E92433E7E74FF00008082F3E
S21400A98084F8988034D1454530DDB5420FD138463D
S21400A99029F0D1FD202029F0CEFD013D384629F0D2
S21400A9A0CAFD013E04F80580C4E92456CCE7FBDA6C
S21400A9B005F1FF39384629F0BEFD04EB0903A6EB86
S21400A9C00902611918460EF063FE04F80680014677
S21400A9D0013E484829F0BBFD35464D4501DC4D4655
S21400A9E0E2E7082029F0A7FD013DF6E7ACD0DBE75B
S21400A9F07F2F1CD1002EA7DDB542A5DA6319691C8E
S21400AA0021441846721B0EF043FE04F806800146E9
S21400AA10394829F09CFD0820013E29F08CFDB542FE
S21400AA20F9D1D4F89430013BC4F894308CE70A2F5F
S21400AA3098D0092F03D12046FFF790FE84E7D4F87C
S21400AA408C30013BB3427FF77FAFB54204EB05087D
S21400AA5005F101090CDB384688F80070D4F894300C
S21400AA60C4F890900133C4F8943029F064FD6BE785
S21400AA704146721B04EB09000EF00AFE404629F020
S21400AA8066FD0820013E29F056FDB542F9DDE2E7F5
S21400AA90022B06D15B2F01D1032353E784F89820BD
S21400AAA049E7032B7FF450AF413F84F89820032FEB
S21400AAB03FF64AAFDFE807F002070A1601212046F4
S21400AAC029F0E6FC40E74FF0FF31F8E7B542BFF665
S21400AAD03BAF605D29F02FFDD4F890300133C4F809
S21400AAE0903031E7002D7FF72FAF013D0820C4F8E6
S21400AAF09050BAE783E003001AE4030008B5024862
S21400AB00FEF7AAFB002008BD00B4C40430B58BB025
S21400AB106C46174D0FCD0FC40FCD0FC495E803003C
S21400AB2084E80300134BD3F84C2112031CD5A3F57D
S21400AB30FE431C884FF6FF739C4208BF8C248DF89A
S21400AB401940FEF771FC044484F308040A488DF8A3
S21400AB501840FCF735F96846FEF7CEFB3220FEF7C4
S21400AB6069FC00200BB030BDD3F85041E4B2E6E7F4
S21400AB70447304000080E00F00F049020028ACBFD8
S21400AB8000F16040064B4FEA0111C9B2ABBF00F5B9
S21400AB90614000F00F0080F800131954704700BFA2
S21400ABA014ED00E008B532F085FC0B4B1A7872B94C
S21400ABB001221A7032F079FC6FF00402104601325E
S21400ABC0052152B2FFF7DAFF3D2AF7D108BDBDE8EE
S21400ABD0084032F06ABC00BF12560020002807DB8F
S21400ABE001234109034A00F01F00834042F8213048
S21400ABF0704700BF00E100E0054B421153F82230D9
S21400AC0000F01F0023FA00F0C04300F00100704778
S21400AC1000E100E0002808DB01224309034900F0B8
S21400AC201F008240603341F82320704700E100E0B7
S21400AC3010B5044632F031FC024B1C6032F028FCA2
S21400AC40002010BD2435002010B532F026FC034B42
S21400AC501C6832F01DFC204610BD00BF24350020C5
S21400AC6038B50C461546014610B9FFF7EDFF01460C
S21400AC702B46224603480DF0CBFC0028D4BF3720D5
S21400AC80002038BDE946030008B500F0E3FB18B124
S21400AC906A21024832F000FD002008BD88E003006B
S21400ACA008B500F049F80C4A536A43F4702353621F
S21400ACB0EFF308834FF0CD31084A043B934208D2A5
S21400ACC000F070FAFFF7E0FFBDE808400448FEF722
S21400ACD0B5BD43F80419F1E700ED00E008000020D8
S21400ACE0A071040007B5042200200DEB02012DF030
S21400ACF059FB042803D0D721044832F0CDFC019834
S21400AD0000F0DCF903B05DF804FB00BF88E0030048
S21400AD10082310B50C0A41400648C9B241F30002A8
S21400AD20013B024013F0FF0382EA5101F6D184EAA8
S21400AD30010010BD2083B8ED38B5FEF75BFC044675
S21400AD4028F0E1FEE30729D401221046114600FA56
S21400AD5001F3234002F1010222D01D4B33F81130DB
S21400AD601C48062B028844881B491FD14FF20F034C
S21400AD709C4218D1B2F5406F28BF4FF4C0624CF227
S21400AD803C330A80438040F201739A4201BF134B62
S21400AD90134AD2E90001C3E9000115E00021DCE70F
S21400ADA0102AD3D1DCE74FF4C062E8E740F207256B
S21400ADB0AB420AD14FF20F05AC4204D19A4204BF0F
S21400ADC04CF23C3242800B8038BD1A460B80DAE7E4
S21400ADD0047504009C5C0020124F002028350020DB
S21400ADE0945C0020014B1888704700BF124F00206B
S21400ADF0014B1888000A7047124F0020044B054884
S21400AE001B881A0AB3F5406F38BF00EB8200704704
S21400AE10124F0020D4740400044B1888044B020A16
S21400AE2053F82230C0B203EB80007047124F002068
S21400AE30A474040010B5044632F033FB4FF20F0240
S21400AE40044B1C805A80BFF35F8FBDE8104029F08A
S21400AE5015BC00BF9C5C00206D4A2DE9F0416D4B8F
S21400AE6055686D4C5D65516A99656C49D1F800026C
S21400AE70D865D1F80412586B1966916A10F0040F61
S21400AE805966D16A4FF000009966116BD966516B0E
S21400AE901967D26BD8645A67D3E90E1218BF1146E9
S21400AEA05F4A91421A655DD301F12000A04259D84D
S21400AEB08869C5F308051864CE69062D5E6455D109
S21400AEC0584DA84252D3584DA8424FD205884DF649
S21400AED0426085424AD11868C3F890005868C3F8A3
S21400AEE0940040F20170A242154604D22E68043245
S21400AEF0B6F1CD3FF7D00022C3E91E22C3E92022D7
S21400AF00C3E92222641BDFF81CC1434DDFF818E1B9
S21400AF109C648D422DD8D3E91EC7D3E92065D3E9BA
S21400AF2022414FF0000E013AD2B2FF2A3CD1BEF1C8
S21400AF30000F05D0C3E91EC7C3E92065C3E9224157
S21400AF40B3F85430C3F308030C2B3BD8022B54D968
S21400AF50DA1E092A51D8DFE802F031574043505034
S21400AF605050504D0021C3E910112D494FF4206078
S21400AF70B9E755F8044D6445CBD37445C9D2E60706
S21400AF80C7D50026294F57F8048FA045C1D00136F3
S21400AF90062EF8D132B1013AD2B202F11E0643F8BB
S21400AFA02640B6E70522F8E7E0464FF0010EBC461D
S21400AFB037462E4625460C464146B4E740F6012065
S21400AFC0BDE8F0813B2B18D1194B9B6913F0020F9B
S21400AFD040F2025318BF1846F2E740F60320EFE7A8
S21400AFE040F6042240F20173B0F5206F0CBF104605
S21400AFF01846E5E740F60520E2E740F60722013B63
S21400B0004B2B98BF1046DBE740F60220D8E700BF80
S21400B01000ED00E0045C00200810002000E100E0E5
S21400B02008000020D0420000C0DA0300785C002050
S21400B0300080015A00F00CB800F00AB800F008B81A
S21400B04000F006B800F004B800F002B800F000B84F
S21400B05072B61EF0080F09D01EF0040F0DD0DFF8F0
S21400B06050E0AEE8FF1F6FF002000CE0DFF840E0B3
S21400B070AEE8FF1F6FF00E0005E0DFF834E0AEE844
S21400B080FF1F6FF006006946EFF309828EE807009F
S21400B09086460848084C854501D3A54501D384F368
S21400B0A00888FFF7D9FE84F30888FFF7C3FE000080
S21400B0B0045C002048000020081000204BF6EF62D9
S21400B0C083B2002B08BF1346044A000C13804FF6C9
S21400B0D0CE2308BF1846024B188070474C640020E9
S21400B0E04A6400200B4BB3F900201888002AB8BF2A
S21400B0F080F0620042001A80074AB2F900101388F6
S21400B1000029BCBF83F4805383F00B0359001180E1
S21400B110584070474C6400204A64002007B56846D3
S21400B12000F01AF8DDE900010022034B03B05DF8D9
S21400B13004EB29F09DBD00BF3035002007B5009315
S21400B14013460A460146034829F048FB03B05DF85B
S21400B15004FB00BF303500200249034A0160521A42
S21400B16042607047206500200000012000487047BC
S21400B1703035002038B54160044632F08EF9054679
S21400B1802146044827F04EFF2846BDE8384032F0F6
S21400B1907FB900BF58350020014827F040BF00BFE8
S21400B1A0583500200222014B1A67704700400050B5
S21400B1B070B532F072F9174E0546174832F018FA95
S21400B1C03378CBB900F046F9044620B1284632F071
S21400B1D05FF9204670BDFFF7DFFF32F0D3FA0F4B62
S21400B1E01C6030F009FF0E4B0E4A1860536F43F098
S21400B1F00103536729F058FD00F028F829F06BFD8D
S21400B200094B0024186001232846337032F040F9B9
S21400B210DFE700BF1E5600207C7304005C3500206C
S21400B220843500200040005060350020054B1B6828
S21400B2305843054B00F5742000F23F20B0FBF3F0B6
S21400B240704700BF8435002040420F00294B2A4A31
S21400B250D3F8003170B503F00303136030F060FCE0
S21400B2604FF4C870FFF7E2FF0022244B2449186011
S21400B270244C0B680132D2B20A2A44F8040BF9D1E6
S21400B280034400EBC00003440B601F4B1F4D1B78AC
S21400B29013B3184BD3F8003103F00303022B22D06C
S21400B2A0032B23D0012B17D130F0D2F9024698B1E8
S21400B2B0174B184EDC6800231946C4F30B04013400
S21400B2C004EB84040138E4FB06010DF025FFFFF7CC
S21400B2D0ADFF2B6803442B601F20FFF7A7FF2B68EA
S21400B2E003442B6070BD30F0FDF9DFE732F0E8F87C
S21400B2F0DCE700BF00800050C43500208835002001
S21400B3008C3500209035002022560020BC350020C9
S21400B31000C0015040420F000122154B10B55A677D
S21400B320144B154C1B7813B3022032F01CFAF0B104
S21400B33030F0E6FED8B1A36DD90302D5E36D9A07C7
S21400B34015D40D4B9B6DDB0711D401220B4B1A70E5
S21400B35032F0FDF9BDE81040094B0A4A1860136F39
S21400B36023F0070343F00303136730F057B910BD0B
S21400B37000D000502356002000C000502056002069
S21400B380B8350020008000500122014B1A7070472B
S21400B3902356002007B5FFF7C1FE01A8FEF798F96F
S21400B3A09DF80530012B25D1234B9A6DD20311D47D
S21400B3B05A6B6FF3162242F4BC1242F4A0625A6330
S21400B3C01A6B22F4704242F440421A631A6B42F43B
S21400B3D0E0621A639DF8043063B94FF000531B68AF
S21400B3E0164B1B68164B1B68164B1B68164B1B68C8
S21400B3F0164B1B68164AD2F8803043F00303C2F897
S21400B400803029F070FCFFF7CDFBFFF777FBFFF7E6
S21400B4107DFB0DF047F9FFF7CBFE00F01BF829F097
S21400B42063FCFFF73DFC29F06EFC2CF0F5FD03B045
S21400B4305DF804EB29F059BC00C000500040002025
S21400B4400080002000C000200000012000400120F5
S21400B4500080005070B532F02DF8144E0546347852
S21400B460FCB9134B1C60134B1C60134B1C6000F0A4
S21400B47031F8012030F030FF30F022FF0F4B02464B
S21400B480186020B9284632F010F8232070BD2346F5
S21400B49040F2E7310A480DF03FFE0A4B18600123E0
S21400B4A03370284632F001F80020EFE726560020D9
S21400B4B0D4350020D0350020DC350020D8350020DB
S21400B4C018FCFFFFCC350020014B1868704700BF02
S21400B4D0CC35002030B50024194B85B018689A8802
S21400B4E00290D3F806009B7A00901648ADF80C2020
S21400B4F08DF8043032F07CF802A88DF808408DF8FC
S21400B5000C40FEF7C1F8694601208DF80040FEF7B2
S21400B5107FF81F220C4B9A615A614FF0B042936A33
S21400B52013F00803FBD113620120FEF78BF80A2004
S21400B530FFF770FB0A20FFF751FB05B030BD00BFD8
S21400B5402D750400787304000020005810B531F003
S21400B550B1FF4FF0B04304465B691A07074A03F091
S21400B560010003F00D0348BF40F00200536130F0C5
S21400B570DDFD2046BDE8104031F097BF00200058A2
S21400B58021282DE9F341054604D82C46204602B072
S21400B590BDE8F08100240B4E0B4FDFF8308000230F
S21400B5A0CDF800801A461946386828F09AF8844282
S21400B5B0EBD2222CE9D056F8043BAB42E6D001345D
S21400B5C0EDE700BF4C780400C05F0020FFFF0F00CF
S21400B5D02DE9F04F644E654D89B029F0E0FB3168E7
S21400B5E02868FCF753FD0446002827D0336800245B
S21400B5F0D3E900019A6912689047336804A89B69EA
S21400B6009B689847336802209B69DB6898473268D6
S21400B61005985368E7B2B3FBF0F3BB42916904F1B7
S21400B62001044ED8CB680020984733689B695B6856
S21400B630984731682868FCF729FD04460027DFF89C
S21400B64044A1DFF84481DFF84491F4B9484BDB5D50
S21400B650002B00F08480D8F800602868314602ABE2
S21400B66003AAFCF799FE2D2807D070B9039B012B7F
S21400B6700BD031462868FDF7E5F8DAF80030314699
S21400B6801A682868FDF75EF804460137222F0AF18B
S21400B690040A08F1040809F10109D6D1B4FA84F3C2
S21400B6A0344A5B0913702B681B7C33B129F043FBCB
S21400B6B018B1DB21304831F0EFFF204609B0BDE875
S21400B6C0F08F12680B6907FB002098479FE7D8F8B1
S21400B6D0003003AA194402AB0191FCF75DFE2D2849
S21400B6E001992BD018B30BF1010B5FFA8BF18E4248
S21400B6F02868ECD8214BDB5D002BC6D0F3B27E2B3E
S21400B7002868C2D8D8F8003003AA06EB030B5946BF
S21400B71002ABFCF741FE2D282B68B6D059461846DA
S21400B720FDF790F8013604460028E7D0ADE7039B06
S21400B7307BB999F80020029B9A42D4D099F8003041
S21400B740DAF800202868FCF7F5FE0028CBD004467F
S21400B750D0E728680191FDF775F80199EEE7084BE8
S21400B760A346DE5DC1E700BFA05F0020C05F0020EB
S21400B7702878040028560020EEE00300067804002F
S21400B780C2770400387504004C780400E47704009F
S21400B790F8B51F46214B04461B780D46164623B1C6
S21400B7A000F47E23B3F50E2F2BD02046FFF7E8FEDD
S21400B7B02128044614D81A4B53F82010194B1B782E
S21400B7C0ABB1194B212C18681DD8184B1B5DD3B193
S21400B7D03268FCF7B7FF044650B129F0ABFA07E031
S21400B7E0FF2807D93A46314680B228F0B9FF002430
S21400B7F02046F8BD4FF4A9710D4831F04DFF0021E9
S21400B800DCE70146DAE77F2D08BF00253B463246D7
S21400B81051FA85F1FCF78EFEDDE700BF27560020C3
S21400B8204C78040028560020C05F002028780400CA
S21400B830EEE0030030B5134600F07E62B2F17E6F94
S21400B8408BB00DD10A46C0F30B016846FEF73AFAF4
S21400B85020B140F29311094831F01EFF0BB030BD05
S21400B8605A0829F06AFA0028F8D04FF49C71034869
S21400B8700BB0BDE8304031F00FBF00BF5EE1030003
S21400B8802DE9F341C70705460E46144604D540F297
S21400B890E311484831F000FFE10704D54FF4F27198
S21400B8A0444831F0F9FE444B93F80080B8F1000F9D
S21400B8B020D043F260239D4208D1224631463F48BD
S21400B8C00EF0DAF9002002B0BDE8F081C5F30B07F0
S21400B8D005F44055B5F5805F14BF4FF40F204FF4C4
S21400B8E00E20234632467F21384302B0BDE8F041A1
S21400B8F0FFF74EBF05F47043B3F5805F3DD1C5F347
S21400B9000B052F4A05F17E65631E2B4493422ED805
S21400B9102F4607EB0408474542D1AA070ED04FF63C
S21400B920FF7336F8022BA81E43EA024304220DEBEF
S21400B93002010193FFF77EFF0235023CA3070ED0FB
S21400B940023C24F00103F35A04226FEA03436FEA31
S21400B95013430DEB020128190193FFF76BFF002C30
S21400B960B0D0224631462846FFF764FFAAE740F2E9
S21400B970FD11104831F090FECAE705F46043B3F5B8
S21400B980005F04D1C5F30B0505F53E25C0E740F280
S21400B9900521084831F080FE6FF00F074546B8E7EE
S21400B9A017F8013BFF2BB6D04FF40471014831F075
S21400B9B073FEB0E75EE10300275600204E640020C9
S21400B9C0FF03E00F10B500F077F829F002FA0446FE
S21400B9D018B100F079F8204610BD00F07BF8044658
S21400B9E00028F6D10122014B1A70F2E729560020F2
S21400B9F0054B1B7833B1054BC0F3130100221868C2
S21400BA00FCF7E4BE1120704729560020C05F0020D6
S21400BA10144B2DE9F0411B7805460E461746FBB140
S21400BA2029F0BEF9012805D9841EE4B2012C09D9F3
S21400BA30212412E03B4631462846BDE8F04100226C
S21400BA4000F052B800F038F83B460022314628464F
S21400BA5000F076F8044600F037F82046BDE8F0819E
S21400BA601124FAE729560020124B70B51B780446BD
S21400BA700D461646E3B129F093F9012805D9831E31
S21400BA80DBB2012B08D9212410E032462946204695
S21400BA90BDE8704000F040B800F00EF82046324690
S21400BAA0294629F098F9044600F00EF8204670BDA5
S21400BAB01124FBE72956002008B531F0EEFC014BB7
S21400BAC0186008BDE0350020014B186831F0E0BC76
S21400BAD0E0350020024B1968024B1868FCF7D6BA0E
S21400BAE0A05F0020C05F002037B505460C46C0F3B7
S21400BAF013010848ED02006805D5224603B0BDE8EC
S21400BB003040FCF715BC009313462246FCF7C8FBF2
S21400BB1003B030BDC05F002030B405461346074A68
S21400BB200C46C0F313011068EA0203D5226830BC45
S21400BB30FCF708BE224630BCFCF7FCBCC05F002009
S21400BB40F7B505460F4614461E461BB9212528465E
S21400BB5003B0F0BD0029F9D029F022F94BF2346287
S21400BB60ABB2934220D14FF0FF3322466946CDE96F
S21400BB70003325483346FFF7E3FF082205462349EE
S21400BB8068460DF02DFF38B933462246694641F225
S21400BB90F010FFF7D5FF0546002DD8D1324669468E
S21400BBA038460EF069F8D2E741F2F01293420FD110
S21400BBB0174B311908299A6CDB6CC7D8CDE90023DE
S21400BBC069463246384621440EF056F80025BEE750
S21400BBD002280AD1C5F30C4332199342B6D3C5F3F3
S21400BBE00B0104F17E643246ECE7032809D1C5F365
S21400BBF00C4332199342A9D3C5F30B0104F53E2436
S21400BC00F1E70125A3E700BF021008C0D8780400BA
S21400BC100080E00F10B52BF09FFB2CF055FCBDE824
S21400BC201040034601210220014A02F0F1BB00BF8A
S21400BC30D4E1030013B5D0E9023253F822301C7861
S21400BC4020462BF09BFB2346009001210220024A4F
S21400BC5002F0DEFB02B010BDE8E10300014B1878ED
S21400BC602AF063BF2A560020FF232DE9F04F8FB03D
S21400BC701122002108A88DF813300DF05FFE08A8E9
S21400BC802AF05BF901210220AF4A08AB02F0C0FBA4
S21400BC9041F24903AD4A0121022002F0B9FB06A891
S21400BCA02AF04CFA08A90DF113002AF052FA0220E5
S21400BCB00021A74A02F0ACFB00202AF067FF10B173
S21400BCC006A809F065F99DF92A3001210220A14A4B
S21400BCD000939DF82B3002F09BFB2BF039FB831E64
S21400BCE0DBB2FC2B05462DD8012102209A4A02F031
S21400BCF08FFB0124234600210220984A02F088FB8D
S21400BD0005A9E0B22BF026FB034650B1A0F11602BF
S21400BD10012A40F2AA8001210220914A02F078FB13
S21400BD200CE09DF91430012101939DF81630022095
S21400BD3000938C4A9DF8153002F06AFB0134E3B29A
S21400BD409D42D7D8BDF8284007F030FE2346002194
S21400BD50854A0090022002F05BFB02200021834A05
S21400BD6002F056FB00202AF011FF10B108A809F0D7
S21400BD700FF901217E4A022002F04AFB2BF046FA18
S21400BD8004462BF041FA234601217A4A009002200D
S21400BD9002F03EFB08F042FA00210220764A02F04A
S21400BDA037FB9DF81330FF2B65D000210220734A25
S21400BDB002F02EFB01216E4A022002F029FB2AF037
S21400BDC0CDF9012103466E4A022002F021FB07F05E
S21400BDD0C5FD002103466B4A022002F019FB2AF03B
S21400BDE0C3F904462AF0C2F923460121664A0090A8
S21400BDF0022002F00DFB31F05CFC08F0B7FA0121DE
S21400BE000346624A022002F003FB0027DFF8BC91DB
S21400BE1008F0ACFAFCB2A04233D831F04AFC012359
S21400BE205B4A1946022002F0F3FA00202AF07DFE53
S21400BE30584B594C0093012100230220574A02F028
S21400BE40E7FA236863B1012102201B78544A02F006
S21400BE50DFFA2368012102205B78524A02F0D8FA02
S21400BE602AF068FE0FB0BDE8F08F012102204E4A8E
S21400BE7002F0CEFA62E7002102204C4A02F0C8FA2D
S21400BE8098E709EB04152046D5F8088008F028FB4B
S21400BE908246204608F070FA454E464B002818BFEA
S21400BEA0334620469B4608F01BFB0AF05DF8414BE4
S21400BEB00021002808BF1E463F4A53460220CDE90F
S21400BEC000B602F0A5FAAA792B7B0292AA88012175
S21400BED001926A8802200092384A02F099FA0025F8
S21400BEE0DFF8ECA098F80430ECB2A34203D831F0A7
S21400BEF0E0FB01378CE714235C43D8F8006002208F
S21400BF00325B06EB040B9BF90C3000922C4A0021A6
S21400BF1032EA230228BF524613462A4A02F078FA2B
S21400BF2000202AF033FE38B15846345B2AF083F9F5
S21400BF30014620460AF066F801210220224A02F055
S21400BF4067FA0135CEE700BF29E2030038E20300B6
S21400BF5054E2030080E203005BE2030071E20300A8
S21400BF60A0E2030078E20300ADE20300CDE20300A6
S21400BF7017E30300D6E20300F8E20300950004008E
S21400BF8003E3030019E303002FE3030045E3030084
S21400BF90BEE30300D6E30300583A0020CAE30300DA
S21400BFA0E4E30300F8E3030095E2030018E003006F
S21400BFB000E2030008E2030050E3030070E303001E
S21400BFC01DE20300A6E30300922804008C3900203B
S21400BFD011E203002DE9F7430025134F134E08F036
S21400BFE0C5F9ECB2A04202D803B0BDE8F0834FEA30
S21400BFF00418204617F8089008F0BEF90C4A4B467D
S21400C000002808BF3246002102200092094A02F0AA
S21400C010FFF917F808002AF0ADF801210220064AB9
S21400C02002F0F6F90135DAE78C3900201C2F0400FF
S21400C030122F040013E403009228040008B5836856
S21400C0405A681178C26853F82230A1F1650251424D
S21400C0505141187808F042FB30B9BDE8084001218C
S21400C0600220024A02F0D4B908BD00BF1EE4030055
S21400C07000210220014A02F0CBB900BF38E40300D9
S21400C08000210220014A02F0C3B900BF66E40300A3
S21400C09010B5044686B01822002168460DF04EFC06
S21400C0A068462AF0BFFCD4E9022052F8203002EBA2
S21400C0B080021B788DF80B30516891F900108DF8CE
S21400C0C00A1091680988ADF808106168091A0329F2
S21400C0D007DDD26803F01F03127843EA42138DF897
S21400C0E00B30684607F010FD00210346024A022086
S21400C0F002F08EF906B010BD82E4030007B50020FA
S21400C1002BF0EAF800210090034B0220034A02F0CD
S21400C1107FF903B05DF804FB8FE4030095E40300A9
S21400C12013B5D0E9023253F8221003EB82035B68A2
S21400C130087819680023094CA222994208BF2146B4
S21400C140C01A18BF01202BF0BBF801210090044B49
S21400C1500420044A02F05CF902B010BD00F8FF07A4
S21400C160C0240400A7E5030013B5D0E9023203EBB0
S21400C170820153F82230D1E901141878FF220038E2
S21400C18018BF0120237809682BF09AF80121009047
S21400C190034B0420034A02F03BF902B010BD00BF77
S21400C1A0A0E40300A7E5030008B5002101230C4A1C
S21400C1B02AF0F7FE0A482AF058FC0020094908F041
S21400C1C07BFF00202AF0E2FC10B1054808F0E0FEF4
S21400C1D0BDE8084001210420034A02F019B900BF57
S21400C1E0A85A0020B5E403009228040010B529F0F0
S21400C1F0BFFF034630B1BDE8104001210420054AC8
S21400C20002F006B90121BDE810400420024A02F0FF
S21400C210FFB800BFC3E40300D4E4030010B52AF05F
S21400C22028FCBDE81040034601210220014A02F026
S21400C230EFB800BFDFE4030010B52AF0E9FBBDE865
S21400C2401040034601210220014A02F0E1B800BF77
S21400C250F5E4030037B5D0E90232012453F8223062
S21400C2604FF6FF701D78FE2204FA05F100232BF02E
S21400C2709BF82B46009021460420024A02F0C8F89C
S21400C28003B030BD09E50300D0E9023253F822308E
S21400C2901B7823B101210220024A02F0B9B8024AF3
S21400C2A01370704728E503002A56002007B5684635
S21400C2B029F044FF07F07AFB01210346084A0220D2
S21400C2C002F0A6F8684608F063FE07F0E1FD0121DB
S21400C2D00346044A022002F09BF803B05DF804FB14
S21400C2E03EE5030058E5030037B5D0E9024540684F
S21400C2F054F82530401B0328D8BF002004EB8504E3
S21400C300C8BFE06819786368C8BF00781A78A36861
S21400C31093F90030009001202AF0C0FF38B90121BF
S21400C3200220084A03B0BDE8304002F071B8064B60
S21400C3300190009301210220044B054A02F068F8A0
S21400C34003B030BD69E5030071E503006E1104001B
S21400C35085E5030007B501202AF0A8FF48B900903C
S21400C36001210220084B094A02F052F803B05DF89A
S21400C37004FB054B0190009301210220044B054A63
S21400C38002F046F8F2E700BF71E503009CE5030003
S21400C390813C040085E5030008B5D0E9023253F875
S21400C3A0223018782AF036FF30B9044A0121BDE859
S21400C3B00840042002F02CB8014AF7E7B1E5030074
S21400C3C0CDE5030008B5D0E9023253F822301888CC
S21400C3D02AF01EFF30B9044A0121BDE808400420B7
S21400C3E002F016B8014AF7E7ECE503001CE6030086
S21400C3F073B50378044613F0050F08D10121042015
S21400C400194B1A4A02B0BDE8704002F001B84588E0
S21400C410062D10D1836801215B68154A1B780193AD
S21400C420838804200093104B01F0F2FF2378012B41
S21400C430E4D102B070BD35B98388012104200D4ACD
S21400C44001F0E6FFF2E7012DF0D186680A490020E8
S21400C45008F032FE304608F09BFD29460420074AC5
S21400C46001F0D6FFE2E700BF49E6030052E603000C
S21400C47064E6030081E603009EE6030092280400BB
S21400C4802DE9F04700268EB0354D09AC0FCD0FC410
S21400C4902B6801210220334A236001F0B9FF34469D
S21400C4A029F060FEF5B2A8420BD829F05BFE2346C1
S21400C4B00090012102202C4A01F0AAFF0EB0BDE830
S21400C4C0F087284605A92AF087FE0346002841D1B2
S21400C4D09DF81430032B39D904238DF814302B46DD
S21400C4E000210220214A01F093FF9DF814300EAA85
S21400C4F002EB8303002153F8143C1D4A022001F08E
S21400C50087FF28469DF821709DF815809DF81890A5
S21400C510BDF816A02AF062FE3B46CDE902A0002137
S21400C5200220CDE90089134A01F072FF0134002091
S21400C530E4B22AF02BFB18B10DF1190008F028FD23
S21400C540002102200C4A01F063FF01E0002BC6D157
S21400C5500136A5E700210220084A01F059FFF7E757
S21400C560E0780400B6E603002FE7030073E203005A
S21400C57074F10300E3E6030042DE03000AE703006B
S21400C580C3688268013BDBB252F8233002201B7876
S21400C590652B14BF00220121044B1BBF01211A701A
S21400C5A0034A044A08BF197001F032BFB264002083
S21400C5B046E7030054E70300D0E9023253F822307E
S21400C5C01A88014B1A8070475064002007B5D0E9DE
S21400C5D0023103EB810253F8213052681988054B6B
S21400C5E00548128800930088012309F0CFF903B0AC
S21400C5F05DF804FBF1C3000050640020C368826845
S21400C600013BDBB252F823305B78A3F1660253425B
S21400C6105341014A13707047B564002030B5D0E925
S21400C620023253F8223089B01D78012302AA194637
S21400C63004462AF0B6FC01230093102302210DEBDA
S21400C640030220462AF08EFC284604AA02A92AF0F5
S21400C650C5FE044600202AF099FA18B1214604487F
S21400C66007F034FA0020034908F00CFD09B030BD8D
S21400C67063E7030092280400002330B58FB0022140
S21400C680009309AA122305462AF06CFC05AA014667
S21400C69009A806F099FF044698B1232805D1134A45
S21400C6A00121042001F0B4FE09E0212801D1104A3E
S21400C6B0F6E70346012104200E4A01F0A9FE0FB05A
S21400C6C030BD01232846194603AA2AF06AFC05A9AC
S21400C6D003A82AF085FE054620462AF057FA18B128
S21400C6E02946054807F0F2F9044AD9E770E703003F
S21400C6F093E70300CEE70300EFE703009228040069
S21400C700F0B5D0E9023253F8221003EB82039B689F
S21400C71005461F7887B038460E782AF017FA044682
S21400C72008BBD5E9022101238DF80830194452F8D8
S21400C730210002EB810200888DF809709268ADF83E
S21400C7400A00127804218DF80C2028460DF10D02FF
S21400C7502AF027FC304602A98DF815402AF040FD45
S21400C76004462AF0E7F9334601210420024A0094E1
S21400C77001F04EFE07B0F0BD04E8030030B501211D
S21400C7808FB00220244A01F043FE002005AB01AA28
S21400C79009A92AF01DFE0025044614B128460FB04C
S21400C7A030BD02202B4621461C4A01F031FE2046B1
S21400C7B02AF0ECF910B10AA808F0EAFB00210220E2
S21400C7C09DF83030164A01F023FE00210220079B18
S21400C7D0144A01F01DFE00210220BDF82030124A46
S21400C7E001F016FEBDF814300021104A022001F0B8
S21400C7F00FFE013501A82AF0C4F9EDB2012102208E
S21400C8000B4A01F005FE284605AB01AA09A92AF045
S21400C810DFFD0446C1E700BF36E803007CE80300FE
S21400C82084E8030090E80300B400040099E80300DD
S21400C83092280400F0B5064699B088B929F090FC15
S21400C840074600250EA82AF0CDFD01210220364A13
S21400C85001F0DEFD2C46BC4204D3284619B0F0BDDC
S21400C8600127EEE713A82AF0BDFD002E4AD00223CA
S21400C87006A913A88DF84C302AF0A6FD0028ECD1A6
S21400C880FE2402A913A82AF0A5FD9DF8593043F00E
S21400C89001038DF85930002E3FD123463146022041
S21400C8A0224A01F0B5FD9DF859300AA943F001036C
S21400C8B013A88DF859302AF08DFD00202AF066F96D
S21400C8C010B114A808F064FB0C9B00210220184A43
S21400C8D001F09EFDBDF82820002112F4007F0CBF59
S21400C8E04C23412312F0100F0CBF6E227922022037
S21400C8F00092104A01F08CFD013506A82AF041F995
S21400C900EDB207E020460AAB06AA13A92AF05EFDA0
S21400C9100028B6D00134E4B29DE700210220064A82
S21400C92001F076FDBFE700BFA3E803007CE8030044
S21400C93090E80300DFE80300D8E8030030B50124E0
S21400C94099B00EA82AF04EFD13A88DF838402AF0AC
S21400C950DFFCC0B9BDF84C1011EA040513D121461E
S21400C9600220424A01F054FD29460220404A01F0C6
S21400C9704FFD214602203D4A01F04AFD2146022095
S21400C9803A4A01F045FD06A90EA82AF01DFD20B181
S21400C9901022FF2106A80CF0D1FF04A82AF01CFDE7
S21400C9A0059B01210220334A0093334B01F030FDF2
S21400C9B09DF8123001210220304A00932E4B01F0E0
S21400C9C027FD00212C4B2E4A022001F021FD06A84F
S21400C9D02AF0D7F813A82AF005FD02230AA913A8FF
S21400C9E08DF84C302AF0F6FC00283CD10B9B0093C7
S21400C9F001210220234B244A01F00AFD0121214B8C
S21400CA00224A022001F004FD0120FFF713FF012156
S21400CA101C4B1F4A022001F0FBFC0020FFF70AFF18
S21400CA20044629F09DFB2346009001210220194A66
S21400CA3001F0EEFC0121164A174B022001F0E8FC3B
S21400CA40FFF79CFE012887BF144A1549154A074977
S21400CA500346CDE90101009201210220124A01F0AD
S21400CA60D7FC19B030BD4FF0FF33C0E79228040062
S21400CA70F2E8030030E9030028E9030040E9030078
S21400CA80F80F0400201D040053E9030063E90300C7
S21400CA906AE9030073E9030087E90300EEE8030090
S21400CAA062050400B405040095E9030010B5D0E95A
S21400CAB0023253F822301C78201E18BF01202AF0BC
S21400CAC013FC054A054B0020002C08BF1A46BDE89B
S21400CAD01040034908F0D6BABDE90300C2E90300D6
S21400CAE0CBE90300D0E9023210B553F822301C8897
S21400CAF020462AF0FBFB2246BDE8104000200149F4
S21400CB0008F0C0BA0CEA030037B5044606F026FF64
S21400CB10014638B100200D4A0D4903B0BDE830404B
S21400CB2008F0B0BAE368A268013BDBB252F82330E3
S21400CB30084D18780123084A00936C2818BF2A4627
S21400CB40102320462AF00EFA03B030BD5AEA03003E
S21400CB5062EA03008B6400209B64002013B58368A0
S21400CB609A681278672A22D101A82AF0D1FB0446D7
S21400CB70A8B9BDF80420174908F084FABDF80430B7
S21400CB80DA070AD413F0020F134B144A18BF1A46DA
S21400CB901349002008F076FA19E0124AF8E7024630
S21400CBA01149002008F06EFA22461049F1E7C268E3
S21400CBB001A953F8220003EB82035B6800681B6838
S21400CBC0ADF804302AF0AAFB04460028ECD102B0E7
S21400CBD010BD00BF95EA030088EA03005511040063
S21400CBE0B6EA030078EA0300C8EA0300F4EA0300A2
S21400CBF0034A04491388C85401331380704700BFA2
S21400CC00224F00203056002073B5154D01242B7896
S21400CC10144E13F0040F0CBF02230423124A2146BD
S21400CC201470328802200192EB5C104A0093104B7D
S21400CC305B8801F0EDFB002102200E4A01F0E8FBC4
S21400CC400D4B2946009332882346022001F026FC2D
S21400CC5021460220094A02B0BDE8704001F0D8BB68
S21400CC6030560020224F00202F56002003EB0300F2
S21400CC70144F002028EB03004AEB03009228040020
S21400CC8070B516464FF48A52114B124DDA80598011
S21400CC90114B1B881A1E18BF012240EA82000F4A59
S21400CCA01278003A18BF012240EA0210287063B1D9
S21400CCB003246B701B0AAB7009F0C4F9631C28557B
S21400CCC0EE54074B02341C8070BD0124F4E700BF0D
S21400CCD0144F002030560020204F00202E560020F3
S21400CCE0224F002038B5D1E902320C46054653F8EB
S21400CCF02230024619880C4B1878FFF7C1FFE3680C
S21400CD00A268013352F82330188828F0A6F84DB1EF
S21400CD10E368A268023352F823301878BDE838403A
S21400CD20FFF766BF38BD00BF2B560020F0B505469E
S21400CD30EB68AA68023352F8233008461C78294666
S21400CD4085B0FFF7CFFF204629F063FA204E214F2B
S21400CD5078B3204629F069FA0321441C03AA284622
S21400CD6027F0DFF83288E4B2C2F1FF01039B091B0B
S21400CD7089B299424FF0010122443CBFC2F1FF0341
S21400CD8003930091DBB203213A4428462AF0EAF8DE
S21400CD90039A022C338804BF0F48110AFA5408BFBE
S21400CDA0C15413441C44348005B0BDE8F040FFF77E
S21400CDB02BBF204607F03AFA012332880446009338
S21400CDC0032103463A4428462AF0CCF83388E9E79C
S21400CDD0224F00203056002031560020052307B58C
S21400CDE0012100930220044B044A01F011FB03B01A
S21400CDF05DF804EBFFF7A2BD31EB030038EB030050
S21400CE0013B504462AF080FA38B1CDE90040012176
S21400CE100220034B034A01F0FBFA02B010BD00BF2C
S21400CE205AEA03004FEB0300194B37B51B783BB9A2
S21400CE3001210220174A03B0BDE8304001F0E8BAED
S21400CE40D0E90232144C53F8223001211D78638851
S21400CE5002200093114A2B4601F0DAFA104B257196
S21400CE601B78104D63B1012102200F4A01F0D0FA61
S21400CE7020460E4A298803B0BDE8304028F098BF07
S21400CE8020460A4A298803B0BDE8304029F052B847
S21400CE902F56002066EB0300144F002074EB0300AF
S21400CEA02C560020224F00208BEB0300305600202B
S21400CEB02DE9F041D0E9023253F8221003EB820349
S21400CEC05A680C7817889A68DB68B2F80080C6B093
S21400CED01D780021304B0220304A0094CDE90178BD
S21400CEE001F096FA002D0CBF6E2379230121022053
S21400CEF02B4A01F08DFAFF23002D0DF1170606AD23
S21400CF00019320460CBF80234023424639460296B2
S21400CF10009529F0A4FC0446002835D1307829F085
S21400CF207EF90746B0B1284629F0EFFD1D4BFD28D7
S21400CF30A8BFFD200093234682B20DF119010220FE
S21400CF4001F0ACFA01210220174A01F061FA46B05E
S21400CF50BDE8F081307829F068F960B1284629F0FC
S21400CF60D9FDFD28A8BFFD200E4B82B200930DF11F
S21400CF701A013B46E3E7307807F058F90B4B0246B8
S21400CF80009329460123DAE7009001210220084B8E
S21400CF90084A01F03DFADAE7BC1D0400A5EB0300E1
S21400CFA0CAEB0300C4310400922804004AEB0300D5
S21400CFB0EFF30300D4EB0300D0E9023253F822105B
S21400CFC003EB82032DE9F04F5A680F78B2F8008021
S21400CFD09A68C7B0B2F80090DA681B6992F800A0A9
S21400CFE01E7800212F4B304A0446CDE901890220E5
S21400CFF0009701F00DFABAF1000F0CBF6E237923EB
S21400D00001210220294A009606AD01F001FAFF220E
S21400D010002128460CF092FC304629F000F98346A1
S21400D02008B30023052100932046FD230DF11902C5
S21400D03029F098FF2870BAF1000F0CBF8023402318
S21400D0404A4641463846CDE9005629F0D3FB01460C
S21400D050144806F03BFD01210220154A01F0D8F9DC
S21400D06047B0BDE8F08F304629F0DFF860B1FD2309
S21400D07005212046CDF800B00DF11A0229F072FF06
S21400D08085F801B02870D6E70590304607F0CEF850
S21400D090059A0346009205212A46204629F062FF9B
S21400D0A0C9E700BFAF1D0400A5EB0300E5EB0300D6
S21400D0B0922804002DE9FF471C465B68E5685B1B69
S21400D0C000255FFA83F803952F46FFF7D9FDEBB2EC
S21400D0D0984509D90C9BDB5D282B37D8202B5DD8CB
S21400D0E00137FFB2002B5BD1FFF78EFD04B0BDE821
S21400D0F0F087132A2FD801A151F822F065D200003C
S21400D10077D2000089D20000BDD20000E9D000002E
S21400D110E9D00000E9D00000E9D0000057D10000B7
S21400D12057D1000057D1000057D1000057D100005A
S21400D13057D1000057D1000057D1000057D100004A
S21400D14057D1000069D10000E3D20000A3F13102FC
S21400D150D1B21329CDD90137FFB2A3F14102032A78
S21400D160C2D8422B00F0BD806B4E00213288DFF81B
S21400D170B0A1C2F1FE039BB2FF2B28BFFF230132F2
S21400D1800091DBB22046524469B229F0CAFE3388C9
S21400D1900AF8030001331844308061E0242BDCD801
S21400D1A0013B232BA0D801A252F823F065D2000041
S21400D1B077D2000089D200003DD20000E9D00000FE
S21400D1C0E9D00000E9D00000E9D00000E9D0000076
S21400D1D0E9D00000E9D00000E9D00000E9D0000066
S21400D1E0E9D00000E9D00000E9D0000065D20000D8
S21400D1F077D2000089D20000BDD20000E9D000003E
S21400D200E9D00000E9D00000E9D00000E9D0000035
S21400D210E9D00000E9D00000E9D00000E9D0000025
S21400D220E9D00000E9D00000E9D0000065D2000097
S21400D23077D2000089D200003DD200004FF00409EA
S21400D240E368A2682B4452F823301E68F0B209F156
S21400D250FF39FFF7CDFC19F0FF094FEA1626F5D186
S21400D260013534E7E368A2682B4452F82330187877
S21400D270FFF7BEFCF4E7E368A2682B4452F82330BD
S21400D280188827F0EAFDEBE7E368A2682B4452F81B
S21400D29023301E68B6F1807F09D2F0B2FFF7A8FCF3
S21400D2A0C6F30720FFF7A4FCC6F30740E0E72B46CB
S21400D2B001210820194A01F0ABF815E74FF00409E0
S21400D2C0E368A2682B4452F823301E68F0B209F1D6
S21400D2D0FF39FFF78DFC19F0FF094FEA1626F5D146
S21400D2E0BEE7294603AA204626F01BFE00210A4E6A
S21400D2F00B4A3388DDF80C9002EB030CCAB291455A
S21400D30001F1010102D84B443380A9E710F802A0CE
S21400D3100CF802A0F2E700BF224F0020FEEB03004D
S21400D32030560020094B1B7823B101210820084AFB
S21400D33001F06EB8D0E9023253F82230054A1B8855
S21400D340012113800820044A01F062B82F560020FD
S21400D35024EC0300204F002066EC0300D0E90232E4
S21400D36053F82230054A1B780121003B18BF0123E1
S21400D37008201370024A01F04BB800BF2D5600205B
S21400D3808CEC0300D0E9023253F82230034A1B78B3
S21400D390012113700820024A01F03AB82E560020E8
S21400D3A0BBEC030010B5D0E90232044653F8223035
S21400D3B0132219880B4B1878FFF762FCE368A26803
S21400D3C0013352F823301878FFF712FCE368A2689E
S21400D3D0023352F823301878FFF70AFCBDE81040F5
S21400D3E0FFF712BC2B56002010B5D0E902320446D7
S21400D3F053F82230112219880B4B1878FFF740FC9F
S21400D400E368A268013352F823301878FFF7F0FB80
S21400D410E368A268023352F823301878FFF7E8FB77
S21400D420BDE81040FFF7F0BB2B560020D0E90232D3
S21400D43053F82230034A1B78003B18BF0123DB0059
S21400D440137070472B56002010B5D0E9023253F8FF
S21400D4502230044619880E4B06221878FFF710FC77
S21400D4600120FFF7C5FBE368A268034452F82330A7
S21400D470188827F0F2FCE368A268023352F82330DB
S21400D480188827F0EAFCBDE81040FFF7BDBB00BFD8
S21400D4902B5600202DE9F043D0E902324FF0FD096B
S21400D4A0013253F8221003EB82035A68C7B017887C
S21400D4B09A68B1F80080147853F8043C002C0DF1FB
S21400D4C0170506AE18783A4614BF40238023414617
S21400D4D00295CDF80490009629F0C1F9034638B1BC
S21400D4E0184A0121082000F093FF47B0BDE8F083FA
S21400D4F0201E18BF01200A224146C000FFF7C0FBCD
S21400D500384627F0AAFC2878FFF772FB4A463146D1
S21400D510287828F032FE044628B10B4F3D88C5F126
S21400D520FF03834202DA2346084ADAE7024608483F
S21400D5303146284425440CF09FFB3D80FFF764FBF2
S21400D540D3E700BFF1EC0300224F00200DED0300EF
S21400D5503056002010B5D0E90232044653F8223087
S21400D560082219880B4B1878FFF78AFBE368A26835
S21400D570023352F823301878FFF73AFBE368A268C4
S21400D580013352F82330188827F067FCBDE81040B6
S21400D590FFF73ABB2B56002073B5D0E9023205469A
S21400D5A0023253F8221003EB820353F8042C53F88C
S21400D5B0083C0C781988234B168818780622FFF743
S21400D5C05FFB0020FFF714FB304627F046FC2046A2
S21400D5D0FFF70EFBEB68AA68033352F8233018886F
S21400D5E027F03BFCEB68AA68043352F8233018880F
S21400D5F027F033FC204608F021FFE8B9204606F065
S21400D60015FE05210446019001AA284626F089FC4D
S21400D610019B01469C4206D0224631460A480AF043
S21400D620D5FF02B070BD094D09482E882246304409
S21400D63034440CF02DF82C8002B0BDE87040FFF7A3
S21400D640E3BA00BF2B56002039ED0300224F00201E
S21400D6503056002073B5D0E902324FF48A5153F8A1
S21400D6602230104D1A88104BD9805A8000232A4643
S21400D67000930121FF2329F075FC2B78044613F054
S21400D680040F0A4B08BF01261B7818BF032613B1E8
S21400D69008F0D8FCA855064B1C8002B0BDE87040C8
S21400D6A0FFF7B2BA30560020144F00202D56002047
S21400D6B0224F0020D0E9023253F82230034A1B786A
S21400D6C0003B18BF01231370704700BF2C56002084
S21400D6D010B50C4608B907F037FC024B18715C71A0
S21400D6E010BD00BF144F00202DE9F341D0E90232EF
S21400D6F04168304D891A0229C4BF911C53F8211085
S21400D7002878D4BFFF21097838B9012102202A4A97
S21400D71002B0BDE8F04100F07BBE53F82200DFF80F
S21400D720B0800488501EC0B253F8206003EB82031A
S21400D7305B68224F1878FFF7CBFF06F037F9B8F88A
S21400D74000300146224600931D483B4629F075F9F5
S21400D7500246C8B93179B8F800305F2917D1CDE94B
S21400D76000374FF6FF712046154B28F015FB28B101
S21400D770034601210220134A00F04AFE0023124A03
S21400D7802B701380114A137002B0BDE8F0814FF67B
S21400D790FB718C4208D9CDE900372146084B4FF67D
S21400D7A0FF7028F057FBE2E72146054A009728F06D
S21400D7B083FBDCE72F56002084ED03003056002064
S21400D7C0144F00208BED0300204F00202E56002023
S21400D7D0224F0020002210B50A2104461046FFF70B
S21400D7E04FFA002027F039FB0122044B1A70FFF78E
S21400D7F00BFA2046BDE81040FFF776BFA55A00207A
S21400D80038B51C4615460123224629F0CAFB60B9E6
S21400D8102146284629F0A2FD044620B10121042015
S21400D820034A00F0F5FD204638BD0024FBE700BFA4
S21400D830B2ED03002DE9F0430C4615461F46D0E92D
S21400D840022352F8231002EB830293680E8893F8A3
S21400D8500080D3688BB0B3F800903246012106AB47
S21400D860FFF7CEFFF0B90DF1200CF4B101232A88A2
S21400D8704021CDE902C2CDE90471CDE90093222111
S21400D880434606AA304629F0C3FB0B4B0B4A0093CF
S21400D8900B4B0190002C08BF134601210420094AB7
S21400D8A000F0B6FD0BB0BDE8F083624628686968F4
S21400D8B0032303C22246DBE711EE0300F6ED030066
S21400D8C0F0ED0300FEED030007B501236A460021D4
S21400D8D029F067FB6846034908F004F903B05DF8D1
S21400D8E004FB00BFF1C30000D0E9023253F8223037
S21400D8F00149188808F0C8B8F1C3000010B5D0E98F
S21400D900023203EB8201496853F8223009784FF45B
S21400D9108A52188829F06CFBBDE8104003460121A6
S21400D9200420014A00F074BD1BEE0300D0E9023269
S21400D93053F8223002214FF48A5210B5188829F085
S21400D94049FBBDE81040034601210420014A00F0CF
S21400D9505FBD00BF34EE03001FB5D0E9023203EB13
S21400D960820153F82230496818884FF48A53098890
S21400D9700293094B094A0193094B1B7800931278CE
S21400D980084B29F09DFB012103460420064A05B0FA
S21400D9905DF804EB00F03CBD244F0020305700201B
S21400D9A02F5700202E4F00204BEE03002DE9F043AA
S21400D9B0D0E9023253F8221003EB82035A680E882D
S21400D9C017789A68DB688BB092F80090B3F80080FE
S21400D9D03246042106AB0446FFF712FF28BB08AD0B
S21400D9E001232A460521204629F0DBFA38B904200F
S21400D9F001210F4A00F00CFD284628F09FFB4FF44B
S21400DA008A53CDE904930023CDE902530323212151
S21400DA10CDE9008306AA3B46304629F0F9FA0121F3
S21400DA200346044A042000F0F3FC0BB0BDE8F08384
S21400DA3063EE030092EE030038B5D0E9024303F12B
S21400DA408043023B0222104954F823009D000BF04D
S21400DA50C7FF68B90D4B0E491A78042A0CD82C4417
S21400DA60A0681A78008821F8120001321A7038BDB2
S21400DA70084B09491A78F0E70121BDE83840042030
S21400DA80064A00F0C5BC00BF281604003057002028
S21400DA902E4F00202F570020244F0020A4EE030016
S21400DAA008B5C368806803F18043023B022206493A
S21400DAB050F823000BF094FF10B9044B187008BD03
S21400DAC00022034B1A70FAE728160400305700208D
S21400DAD02F57002037B5D0E9023153F821208C00AB
S21400DAE015784268521A012AC5BF1B195B686C0973
S21400DAF01C78DCBF44F0180405F01F0529462046B4
S21400DB0029F0A5F9034640B12346012104200E4A18
S21400DB10009500F07DFC03B030BD0121A94074B92A
S21400DB202346FE224FF6FF7029F03EFC01210346F5
S21400DB300420064A03B0BDE8304000F069BCFE226F
S21400DB4041EAC461EEE700BFBAEE0300DAEE030076
S21400DB5038B5D0E902456B1C990054F823301A7882
S21400DB60052A05D80C4463681B88591E07290BD95B
S21400DB70012104200E4A00F04BFCBDE8384001218C
S21400DB8004200C4A00F044BC416854F8040C491BBD
S21400DB900329CABFA16808490968008829F004FC5F
S21400DBA0BDE8384002460549002007F085BA00BFA8
S21400DBB0F8EE030018EF030000F8FF0735EF030048
S21400DBC008B5D0E9023253F8220003EB8203596805
S21400DBD0FF22038809684FF6FF7029F0E5FBBDE8D1
S21400DBE0084002460149002007F066BA48EF0300E5
S21400DBF008B5D0E9023253F82230052140221888B1
S21400DC0029F0E8F9BDE8084002460249002007F07E
S21400DC1053BA00BF69EF030008B5D0E9023203EB40
S21400DC208201486853F82210027840230988312080
S21400DC3029F023FABDE8084002460249002007F012
S21400DC403BBA00BF8AEF030008B5D0E9023203EB07
S21400DC508201486853F8221002784023098833204E
S21400DC6029F00BFABDE8084002460249002007F0FA
S21400DC7023BA00BFA4EF03001FB5D0E9023253F861
S21400DC80221003EB82039B6808881A780023D21AB6
S21400DC9018BF0122CDE9023302A94023D20129F0A0
S21400DCA0FBF901210090044B0420044A00F0B0FB6D
S21400DCB005B05DF804FB00BF11EE0300C2EF0300E1
S21400DCC007B5D0E9023253F82230032140221888E3
S21400DCD029F080F901210090034B0420034A00F04C
S21400DCE097FB03B05DF804FB11EE0300D1EF0300D1
S21400DCF037B5C3688268053352F8233004211D788F
S21400DD006A460123044629F04CF938B9042001215B
S21400DD10064A00F07DFB684628F010FA2B466A4655
S21400DD2000212046FFF786FD03B030BDEBEF030071
S21400DD3007B5D0E9023203EB8201486853F8221097
S21400DD40027840230988322029F097F901210090B3
S21400DD50034B0420034A00F05BFB03B05DF804FBB2
S21400DD6011EE03001CF0030070B50446806910F045
S21400DD70010600F0020505D175B1C0F3072028F0B2
S21400DD80E5FE09E01DB1B2210E482FF085FCA06922
S21400DD90C0F3810028F0C9FEE3691BB9BA2109481F
S21400DDA02FF07AFC204613F089FFE3692DB1607EE0
S21400DDB09847BDE8704028F0BDBE20469847002E24
S21400DDC0F7D170BD31F0030008B514F08BFB28B115
S21400DDD0BDE80840472102482FF05EBC08BD00BFE2
S21400DDE031F003002DE9F041FF2B04460F46904624
S21400DDF01D469DF8186005D0FF2E03D0D52111488A
S21400DE002FF04AFC0023FF2D18BFAD000E4A1CBFA2
S21400DE1045F00105EDB222600C4AC4E9063818BF89
S21400DE20A561FF2EC4E901232361E76007D0A3693B
S21400DE3043F0020323F47F4343EA0623A361BDE8CD
S21400DE40F08100BF31F00300E435002069DD0000FA
S21400DE50002310B5054C03610460054CC261C0E99F
S21400DE6001430123C160836110BD00BFE43500207B
S21400DE7069DD0000826938B502F00203D207044665
S21400DE800D4610D533B3FC2114482FF005FCFF2DAA
S21400DE9011D1A36913F00C0F1AD040F20B110F48E2
S21400DEA02FF0FAFB14E0FF2912D023B940F201113B
S21400DEB00A482FF0F1FB284628F0DBFAFF28054633
S21400DEC004D14FF4827105482FF0E6FB04EB4514AD
S21400DED0204638BDFF29DCD0E8E700BF31F003005C
S21400DEE00023054AC0E9063103610260C360034AA5
S21400DEF0034B426083607047E435002069DD000014
S21400DF00891C020001482BF04FB900BFE435002001
S21400DF1001482BF055B900BFE435002013B50E4874
S21400DF202BF01CF927F00EF82AF0CAF82AF0E6F8CB
S21400DF302AF0EDF8FCF756FF0446FCF76DFF234683
S21400DF40009001210420054A00F062FA02B0BDE804
S21400DF501040FCF74DBF00BFE4350020A3F00300DF
S21400DF60022808B503D12FF090FB014B186008BDBE
S21400DF701436002008B50CF0C7FC0122044B1A70BA
S21400DF802FF00FFCBDE8084002490348FDF7F2B841
S21400DF9032570020CC5F002018360020014B187046
S21400DFA0704700BF31570020024B187808B105F0C3
S21400DFB0E1BC7047AB64002008B5074B1B780BB17B
S21400DFC0002008BDFFF7F0FF0028F9D106F02AF878
S21400DFD0023818BF0120F4E73157002070B5FFF76C
S21400DFE0EBFF174D20B1FFF78DFF0428044613D82A
S21400DFF02B781BB92FF0D5FB01232B7026F0B0FF32
S21400E0000446D8B12B781BB9F7210E482FF044FBF5
S21400E010BDE87040FFF776BF26F0A4FF0028E7D0E3
S21400E0202B785BB12FF039FA0646002101202DF03F
S21400E030FBFB30462FF02CFA00232B70204670BDD9
S21400E04032570020C4F003001FB5FFF7C7FF044691
S21400E050FDF73AFAA04228BF204688B103A92DF062
S21400E060D1FF034638B9CDE90000064A03990648B1
S21400E0702FF027FB18B18E2104482FF00DFB01204E
S21400E08004B010BD5F4F0300F4350020C4F0030059
S21400E0900D4B10B51B780D4C0D4A0121002B18BFF7
S21400E0A02246022013460B4A00F0B2F90A4B084AF1
S21400E0B01B780121002B18BF2246BDE810401346EE
S21400E0C00220064A00F0A4B9AB64002066160400DD
S21400E0D04716040039F103003157002058F10300B9
S21400E0E010B5D0E9023253F8223002201B78012105
S21400E0F0002B15BF01240024044A054A00F088F9C5
S21400E1002046BDE81040FFF749BF00BF77F1030087
S21400E11094F10300D0E9023253F82230034A1B7808
S21400E120003B18BF01231370704700BFAB6400208C
S21400E13038B50125084B1D702FF0AFF90446294667
S21400E14028462DF071FB20462FF0A2F9BDE8384096
S21400E15002490348FDF70EB833570020D45F00206D
S21400E1604036002070B514F043FA10F0070F1D4D2E
S21400E17011D02B785BB901262E702FF08EF904464D
S21400E180314630462DF050FB20462FF081F9BDE891
S21400E190704013F0F1BE29F0E3F80228E9D1124CE2
S21400E1A02378032BE5D914F023FA10B92378032B30
S21400E1B014D813F0E1FE04460028DAD02B785BB1C1
S21400E1C000262E702FF069F90546314601202DF005
S21400E1D02BFB28462FF05CF9204670BD4FF0FF342D
S21400E1E0ECE700BF33570020245B00201FB5FFF785
S21400E1F0B9FF0446FDF768F9A04228BF204688B15B
S21400E20003A92DF0FFFE034638B9CDE90000064A03
S21400E210039906482FF055FA18B18C2104482FF0C0
S21400E2203BFA012004B010BD2B5503002036002019
S21400E230B3F1030010B5094C0949002006F022FF8F
S21400E24023681B68587928F04AF923681B685879B0
S21400E25027F074F904F05AFD002010BD1C3B002086
S21400E26020F2030008B529F06BF8024628B1BDE895
S21400E27008400020014906F005BF08BD43F2030030
S21400E28008B529F073F8024628B1BDE8084000201A
S21400E290044906F0F7BE5422BDE80840FF210248B4
S21400E2A00BF04CBB5BF20300384F002038B5044639
S21400E2B00D4629F05FF8024628B1BDE83840002038
S21400E2C0034906F0DFBE034B23F8145038BD00BFE9
S21400E2D079F20300384F0020F7B50024094E0A4DA6
S21400E2E00A4F56F8043B03B93B6835F8022B00206A
S21400E2F0009207492246013406F0C4FE2A2CF0D1CB
S21400E30003B0F0BDE05F00208C4F0020DC5F0020F3
S21400E31095F2030008B52A21034829F023F8BDE842
S21400E3200840FFF7D9BF00BF8C4F002007B5D0E9E3
S21400E330023253F822301A78292A0DD8084B53F89F
S21400E34022300BB9074B1B680749002031F8121022
S21400E3500091064906F096FE03B05DF804FB00BF88
S21400E360E05F0020DC5F00208C4F002095F2030069
S21400E37008B52A21034828F0F7FFBDE80840FFF754
S21400E380ABBF00BF8C4F002038B5D0E9023253F83F
S21400E390221003EB82035B680C781D88002004497A
S21400E3A006F070FE29462046BDE83840FFF77EBFDF
S21400E3B0A0F20300F7B50024094E0A4D0A4F56F89E
S21400E3C0043B03B93B6835F8022B0020009207494E
S21400E3D02246013406F056FE2A2CF0D103B0F0BDDA
S21400E3E0E05F0020384F0020DC5F002095F203003D
S21400E3F010B5024627F0BBF820B9044C236811B1CB
S21400E4001343236010BD23EA0203FAE78C60002062
S21400E4100CB413B502460C4627F0A9F860B9094BB0
S21400E4201B681A4208D005A9049801910AF0E2F880
S21400E43014B1054829F0D0FD02B0BDE8104002B086
S21400E440704700BF8C6000209FF50300034610B5A0
S21400E450D3E9023253F8223008461C78211E18BF32
S21400E4600121FFF7C5FF014648B9084A084B0220BC
S21400E470002C08BF1346074AFFF7CAFF10BD00214D
S21400E4800220054AFFF7C4FFF8E700BF08E20300D2
S21400E49000E20300A1F50300B7F50300F8B5054652
S21400E4A01F460C468E18B44200D1F8BD00212846FF
S21400E4B014F8013B069AFFF7ABFF002FF3D00021BC
S21400E4C02846024AFFF7A4FFEDE700BF8EE80300E8
S21400E4D002460249002006F0D5BD00BFC8F503007D
S21400E4E010B5244C2448FF2126F025FD207802286C
S21400E4F014D0032830D0012804D02120BDE81040D5
S21400E500FFF7E6BF1D4B19780029F7D002231C4AF7
S21400E51023701378052B08D100231370184B1B7833
S21400E520052B0ED103232370E7E70133DBB29942B4
S21400E53003D1052313700020E0E7052B1370EDD1FF
S21400E540F9E7104A104932F8230007F09DFA032332
S21400E55023700028D2D110BD094B0C4A1878094BFD
S21400E56003EB8001897833F8200007F05DFA012379
S21400E570EEE700BF34570020483600203D57002005
S21400E580AD640020E04F00206DE7000019E70000B2
S21400E5902DE9F04F0D46144695B004901122002147
S21400E5A00FA89946DFF86C810BF0C8F904EB450319
S21400E5B00393D9F800301C2B02D0039B9C4202D157
S21400E5C015B0BDE8F08F0123DFF844A18DF81C30AC
S21400E5D023884C4AADF81E309AF800304A4D08EBB6
S21400E5E083039B7828788DF8203013688DF81D00FB
S21400E5F0CDF821305368CDF8253028F09DFA049BDD
S21400E6008DF8290034F8021B2878002B49D127F012
S21400E61057FF0028CDD09AF800300FAA38F823000C
S21400E62007A926F0C0FF0028C3D027F09BFD4FF0B7
S21400E630000B074606461C255FFA8BF2BA4233D318
S21400E640B7422BD99DF81C30032B1AD10FAB019380
S21400E650BDF8213000220421009301202B4B06F048
S21400E6609BFB9AF8003008EB83039978264B1878C2
S21400E67006F00EFC9AF80030002038F8231028F038
S21400E680ACF95DB107A9304628F0AAFD204B054637
S21400E6901B78304638F8231028F0A4FDC9F800503F
S21400E6A087E727F004FFB4E710460BA9059228F089
S21400E6B093FD30B99DF82C1031B9059AB74208BFC2
S21400E6C016460BF1010BB7E7BDF82E00BDF81E206D
S21400E6D09042F6D19DF830009DF820209042F0D16F
S21400E6E09DF81C208A42ECD1032A14BF082202227D
S21400E6F00DF121010DF131000BF072F9002808BF71
S21400E7000025DEE735570020AC64002024F803001F
S21400E710AD640020E04F002013B503460020114AE8
S21400E72001901278052A04D01A78032A01D19C6831
S21400E7302CB9012002B0BDE81040FFF7C9BE6268E0
S21400E740217801ABFFF724FF217A0120E26801ABB4
S21400E750FFF71EFFFF21044802B0BDE8104026F078
S21400E760E2BB00BFAD64002048360020094B1B7892
S21400E770052B02D00378032B02D00120FFF7A8BE9A
S21400E7808168054A0B68054813604B68FF21536093
S21400E79026F0C9BBAD64002035570020483600205F
S21400E7A038B50024114B124D1870124BFF211C7007
S21400E7B02C7006F06DFB0122032110460E4B06F06E
S21400E7C0EBFA4FF6FF712246084628F009F9044690
S21400E7D048B940F6B832FF21084826F09BFB0123D3
S21400E7E02B70204638BDFFF773FEFAE7AC640020B6
S21400E7F0345700203D570020922804004836002059
S21400E800144BF0B51A681449136809785879884289
S21400E8100BD11249D78808460022114D1E792B7855
S21400E820D4B2A34203D8052C0AD10020F0BD0C8830
S21400E830BC4202D18C78B442F7D001320431EFE703
S21400E840A342F2D120F82270013300EB82008670DA
S21400E8502B70EAE71C3B0020AC640020E04F002051
S21400E8603D570020FF2307B50021044A04480093C3
S21400E870FFF7B8FA03B05DF804FB00BFE1E4000060
S21400E880483600201FB5B42303210446ADF80E30E9
S21400E89027F00DFE98B12123204600930022032185
S21400E8A00DF10E0327F0B7FF04460020054B064A7D
S21400E8B00649009406F0E6FB204604B010BD862408
S21400E8C0F3E700BFF2F50300FFF5030014F60300BC
S21400E8D0D0E9023253F82230034A1B780121137024
S21400E8E00220024AFFF794BDC864002023F6030006
S21400E8F00122014B1A707047C86400200A4B90F83A
S21400E90005111B7890F8082119448A42BCBFB2FB57
S21400E910F3F103FB11234FF0FF32B8BFDBB202FA6C
S21400E92003F380F80A317047C86400202DE9FF41E0
S21400E9300446057F867EDFF870806E43237F98F856
S21400E940002013449D4212DB607F60B9238B029344
S21400E95063690193237C00936288A31D217805F0E8
S21400E96025FCFF232370002004B0BDE8F081E37E81
S21400E970AB42E9D9A77E228BF1199142A4BF921B24
S21400E980D7B205EB0323E3813A46334629462046B1
S21400E99026F026FE0028E7D1637F37440133013591
S21400E9A06377BEB2EDB2C9E7C864002037B5054646
S21400E9B028F04CFC0D4B04461B6869461B78032B5D
S21400E9C082BF0B4B1B881B18284688BF9CB228F0BA
S21400E9D0C5FC38B9684628F03BFC18B9044B1B88C0
S21400E9E023449CB2204603B030BD00BF583A0020F6
S21400E9F056640020074B084A1B7812781340FF2BFA
S21400EA0007D1064B1B78022B03D04FF4807028F0FA
S21400EA1029B870479060002098370020683600209C
S21400EA2010B50446FF2126F086FA054B9C4202BF2D
S21400EA300023A4F588742370BDE81040FFF7DABF02
S21400EA40783700202DE9F0479A46294B81461B78F7
S21400EA5088461646BDF82050002B44D0FF2D03D91B
S21400EA6038252846BDE8F087224C2778FF2F3CD172
S21400EA70214B0C2220706180A01D314663610AF094
S21400EA8007FEA289414642F4004242F04002204678
S21400EA90A28126F0B7FD2A46514660690AF0F8FDC5
S21400EAA041464846A21D258328F013F9A076002883
S21400EAB0D6D00544013DB5FBF0F0FF28D0DC00239E
S21400EAC0E0762046A383FFF731FF054648B9237951
S21400EAD04FF48070B37227F086FF227C099B1A8061
S21400EAE0BFE72770F9E70225BBE740F60345B8E71E
S21400EAF0C8640020983700203F570020B0F9063041
S21400EB0010B5002B25DA144C2278237CFF2A02D07D
S21400EB10827A9A4207D0114C2378FF2B17D0827A3C
S21400EB20237C9A4213D169B9637F013BDBB26377DA
S21400EB305BB90B4A237F1278204613442377FFF7EE
S21400EB40F5FE0146204626F06CFDFFF753FF012038
S21400EB5010BD0020FCE700BF983700209060002022
S21400EB60C86400202DE9F04F9B46B1F9063091B0FD
S21400EB70002B0E469046DDF86890049080F22581C2
S21400EB80B9F80030FF2B04D94FF4B871A4482EF022
S21400EB9083FDA44D00242B7895F80411B5F80221C6
S21400EBA0002B40F0A180377A9F4B1B78BB4240F287
S21400EBB0AB800223A5F802812B70B37AFF2485F878
S21400EBC004310023A5F8084185F80531A5F806317B
S21400EBD0B9F80030934885F80C31FFF78FFE4046B1
S21400EBE0FFF7E4FE214600EB4002904826F092F93B
S21400EBF04FF4807027F0F7FE8A4C94F80AA1BAF119
S21400EC00FF0F20D1884A94F8053112781344BB428E
S21400EC1019DC94F80C1184F80531B4F80631204656
S21400EC2001FB0233A4F80631FFF768FE0122804B91
S21400EC3040461A70FFF7BAFE514600EB400204F554
S21400EC40887026F067F994F80511B9425CD8764BBF
S21400EC5093F800C00CEB01039F4255DA744A94F80F
S21400EC6008311078013B002850D09F4205DAB9F8E9
S21400EC70003084F80C3100231370B7FBFCFA012334
S21400EC800CFB1A7A94F80A015FFA8AFA03FA0AF376
S21400EC90DAB2034077B93089000A844584F808015F
S21400ECA008D92046CDE906320591FFF727FEDDE9B3
S21400ECB00632059994F80A01024384F80A216BB9D2
S21400ECC094F80931013384F80931B9F80020B4F812
S21400ECD006319818FF2826DD0323237094F80831A0
S21400ECE0013B9F4232D13AE0B07A884202D1904549
S21400ECF000D12C46377A002C7FF47FAF002B3FF4F0
S21400ED0053AF012B3FF450AF01205FE09F42B4DACF
S21400ED1094F80C2199F800309A42AED004F5887029
S21400ED20FFF77EFEF0E794F80CC1791A0CFB01336E
S21400ED30A01C10FA83F0DBF8001005920AF0A8FC7D
S21400ED4094F80831059A013B9F4242D0012394F87B
S21400ED500A2103FA0AF3013B1343FF2B04D1224690
S21400ED603146404626F04FFC94F8083194F80921C5
S21400ED709A42C9D12C4B1B78B2FBF3F103FB11224C
S21400ED8012F0FF0218BF13462278022A24D12978EF
S21400ED906A78012904BF01326A7001222280F28853
S21400EDA0B4F8061122F04002F28094F80B210234E7
S21400EDB00A44591E94F80A3113FB01F31344A9F8C8
S21400EDC00030CBF80040FFF715FE002011B0BDE87C
S21400EDD0F08F84F80B21C2E77179002994D0032ABA
S21400EDE092D1B4F8062194F80B1108AD11445A1EBE
S21400EDF094F80C31304613FB02F30B4400219BB20F
S21400EE00A21CA9F80030CBF80020CDE900810295BD
S21400EE10049907F021FB8921284627F057FF7DE754
S21400EE204AF6030068360020C864002078370020C1
S21400EE303E57002013B5044618B101280BD002B087
S21400EE4010BDFF2301460093064A0748FEF7CAFF97
S21400EE50064B1C70F3E7FFF74BFDFF22044B1A70BE
S21400EE60EDE700BF21EA0000783700206836002072
S21400EE709837002013B501A909F07AFC044648B972
S21400EE80BDF806309DF80420034906F0FBF820463E
S21400EE9002B010BD8120FBE7C0F6030013B569463B
S21400EEA009F072FC044688B9BDF802309DF80020CF
S21400EEB0074906F001F92046019906F059F8204660
S21400EEC0044906F0DFF8204602B010BD8120FBE7BB
S21400EED0E4F603000AF7030013B5694609F078FC68
S21400EEE0044610BB9DF801309DF80020104906F03E
S21400EEF0E3F89DF80120E3B29A4206D800200D49B7
S21400EF0006F0C0F8002002B010BD0198630003F4BC
S21400EF10FF7302220021184427F0F1FD064902463D
S21400EF20002006F0C9F80134E3E78120EBE700BFD4
S21400EF300CF70300922804003BF7030013B501A961
S21400EF4009F01CFC044648B9BDF806309DF80420BC
S21400EF50034906F097F8204602B010BD8120FBE773
S21400EF6045F703001FB500246946E0B228F034F9DF
S21400EF7050B99DF80030032B06D1BDF805309DF83A
S21400EF800120044906F07EF80134202CECD104B0B0
S21400EF9010BD00BF6CF7030008B50020034906F05B
S21400EFA071F8BDE80840FF2000F0DABA7EF70300EB
S21400EFB02DE9FF4706460D46174626F072FB044627
S21400EFC040B130463A46294626F055FB002004B0AC
S21400EFD0BDE8F0874FF003095FFA84FA69465046A9
S21400EFE028F0FAF8C0B99DF80080B8F1000F13D1E8
S21400EFF02B0A694650468DF800908DF805508DF81E
S21400F00006308DF8016028F0EBF802460028D8D0CC
S21400F0104046064906F036F80134202CDCD10020A4
S21400F020034906F02FF88920D1E700BF93F70300C5
S21400F030BAF703001FB5002304468DF80F3026F0FC
S21400F0401BFB28B19DF80F3063F07F038DF80F305F
S21400F050182301930DF10F0300220093042140238F
S21400F060204627F0C7FB024618B10020024906F0EA
S21400F07009F804B010BD00BFD5F703001FB502A9FC
S21400F08009F094FB044688BBBDF80820184906F032
S21400F09013F82046039905F06BFF2046154905F046
S21400F0A0F1FF4FF6F672BDF80810134C4B1E9BB2DC
S21400F0B0934219D82368039A1B685879FFF778FF9C
S21400F0C023681B79012B0BD8BDF808300022CDE948
S21400F0D000030421094B092005F05EFE27F0F0FD31
S21400F0E06FF0FF0004B010BD8720E9E78120F9E744
S21400F0F0F4F703000AF703001C3B00200BF803009C
S21400F10070B504468AB005AD1122002128460AF0E3
S21400F11015FC204604A909F03DFB044600283AD118
S21400F1201E4EBDF810201E4905F0ACFF326813795C
S21400F130012B28D84FF6F670BDF810104B1E9BB268
S21400F140834224D81368587926F0ABFA08B333689C
S21400F1502A461B68BDF81010587926F08BFABDF8C1
S21400F160103001220421CDE9004309200D4B029501
S21400F17005F012FE27F0A4FD034620B100200A4A3F
S21400F1800A4905F07FFF6FF0FF000AB070BD8724C4
S21400F190E5E78B24E3E78120F7E700BF1C3B002070
S21400F1A00EF8030023F8030027F8030032F80300E4
S21400F1B02DE9F0479AB004A909F004FB044600289C
S21400F1C040F0B4809DF810205A4905F075FF25469A
S21400F1D09DF81020EBB29A4254D80020564905F00C
S21400F1E051FF9DF81050002D40F099802C462E4679
S21400F1F0524F06A9F0B227F0EFFFC8B99DF81830B5
S21400F200032B15D13B689DF819201B685B799A4241
S21400F2100ED19DF81D2005F168036B4403F8402CC1
S21400F2209DF81E200235013403F83F2CEDB2E4B2FF
S21400F2300136202EDDD19DF810300BB1002C77D092
S21400F2400AABCDE90143FF230222042100930920E3
S21400F2503B4B039505F0A0FD27F032FD034660B159
S21400F2609DF81020002A5FD0364A3749002C08BF88
S21400F2700A460020354905F005FF6FF0FF001AB07A
S21400F280BDE8F08705986B0003F4FF7302220021A7
S21400F290184427F034FC2E490246002005F00CFFE7
S21400F2A0013595E70598730003F4FF7302220021E9
S21400F2B0184427F024FC002780465FFA80FA06A947
S21400F2C0F8B227F089FF00BB9DF81830032B1CD13D
S21400F2D0D9F800309DF819201B685B799A4214D142
S21400F2E09DF81D30534510D19DF81E30C8F30722F7
S21400F2F09A420AD105F168036B440235013403F8DB
S21400F30040AC03F83F2CEDB2E4B20137202FD6D143
S21400F31001369DF81020F3B29A42C3D88BE7002539
S21400F320DFF818902E46F4E7064AA2E78120A6E703
S21400F3308B20A4E78CF80300922804001C3B0020D6
S21400F340ABF803005DF803007BF80300AFF803009A
S21400F3503BF703002DE9F04389B002A909F020FA33
S21400F3600446002867D1BDF80820344905F08AFE17
S21400F3704FF6F672BDF80850DFF8D4906B1E9BB2BD
S21400F380934254D8D9F8003029461B685F7938462E
S21400F39026F087F900284CD026465FFA86F84046C5
S21400F3A003A927F019FF28B92946384603AA26F0EC
S21400F3B065F920B90136202EEFD14FF0FF08404600
S21400F3C027F008FF014658BB112203A80AF0B6FA38
S21400F3D02946384603AA26F04EF9D9F800301A799D
S21400F3E0012A18D81B68BDF80810587927F048FB82
S21400F3F0BDF8083003220421CDE900430920104B54
S21400F40005F0CAFC27F05CFC034620B100200D4A3C
S21400F4100D4905F037FE6FF0FF0009B0BDE8F08338
S21400F42002460A49002005F02DFE0124D5E7872470
S21400F430D3E78B24D1E78120EFE700BFD1F80300A4
S21400F4400BF803000FF9030032F80300E8F8030096
S21400F4501C3B00202DE9F043DFF894800020D8F80C
S21400F460003021491B688BB05E79002505F00AFE46
S21400F47001275FFA85F9484601A927F0ADFE044644
S21400F48090B99DF80430032B0ED19DF80530B34299
S21400F4900AD1484627F09EFE0146A0B1024613490F
S21400F4A0204605F0EFFD27460135202DE1D1D8F89E
S21400F4B0003000211B68587927F0E2FA87F0010037
S21400F4C00BB0BDE8F083112205A80AF037FABDF8A4
S21400F4D009403046214605AA26F0CDF8214630469A
S21400F4E027F0CEFAE0E700BF1CF90300E8F80300B7
S21400F4F01C3B002037B5694609F05EF9044638BB68
S21400F500BDF80020134905F0D7FD134D204601999C
S21400F51005F02EFD2046114905F0B4FD2B681B684A
S21400F520587927F0BCFB70B14FF6F672BDF80010A4
S21400F5304B1E9BB2934209D82B68019A1B685879D8
S21400F540FFF736FD0446204603B030BD8724FAE7B1
S21400F5508120F9E730F903001C3B00200AF703007E
S21400F5607FB505460024E6B26946304627F034FEED
S21400F570A8B99DF80030032B11D19DF80130AB429D
S21400F58004D0FF2D0BD19DF80D3043B9304627F03F
S21400F59021FE024618B10020034905F073FD013430
S21400F5A0202CE0D104B070BDE8F80300034B1B68C4
S21400F5B01878012808BF0220704700BF583A00207C
S21400F5C0D0E9023253F822301A78024B1A7000F053
S21400F5D0E5BA00BF3E58002070B5D0E902435A1C79
S21400F5E0960054F822201578A5F10B020F2A06D9AA
S21400F5F02A461A490020BDE8704005F043BD013B8D
S21400F600DBB254F823000322154934440AF0E8F923
S21400F61054F8043C1A78012A0FD11249AA400B6804
S21400F62040B91343104A0B600020BDE870400F49F4
S21400F63005F028BD23EA0203F4E7022A0BD10122D3
S21400F6400B49AA400B6818B913430A4A0B60EBE74C
S21400F65023EA0203F9E70849CCE700BF54F90300A0
S21400F6606AF90300B46000206EF9030076F903001F
S21400F670B060002089F9030093F9030007B5D0E9CC
S21400F680023103EB810253F8213052681B7812686E
S21400F690012B0CBF084909494FF000000A6008BF5B
S21400F6A0074B009218BF074B074A084905F0EAFCCB
S21400F6B003B05DF804FB00BFB4600020B06000201B
S21400F6C0A6F90300AEF9030004790400B8F90300B4
S21400F6D010B5244B244A254C0020254905F0D2FCC1
S21400F6E00020244905F0CEFC22682349002005F0BE
S21400F6F0E3FC2068214C05F0A3FC0020204905F01F
S21400F700C1FC22681F49002005F0D6FC206805F0E1
S21400F71097FC00201A4905F0B5FC1B4B1B491A78CC
S21400F7201B4B002053F8223005F0ACFC00F00CF91F
S21400F73018490246002005F0A5FC174B00201A7851
S21400F740164905F09FFC164B16491A78002005F05E
S21400F75099FC04F003F9BDE8104002461249002067
S21400F76005F090BCD2F9030004790400B4600020D0
S21400F770D9F90300E1F90300EFF90300B0600020B7
S21400F78017E3030000FA03006C58002011FA030088
S21400F790B860002024FA03005158002038FA03000D
S21400F7A0505800204AFA03005CFA030007B500F040
S21400F7B071F8054B0090054A0020054905F062FCEB
S21400F7C003B05DF804FB00BF72FA0300047904007E
S21400F7D014F60300F8B504460B4F0C4E0C4D0020F3
S21400F7E00C4A0D4905F04EFC20463B7829783278C5
S21400F7F0F6F7DCF900233B7033702B70FF21BDE871
S21400F800F840064825F097BB6C580020505800205A
S21400F810515800200479040077FA0300B837002016
S21400F82037B51248FF2125F086FB114B187810F0EB
S21400F830100505D0002003B0BDE8304003F0FABD47
S21400F8400121B42004F002FA04460A4B0A4A0B4986
S21400F8500090284605F016FC2046FFF7BBFF4FF445
S21400F860806003B0BDE8304027F0FCB8B837002011
S21400F8706C5800208EFA03000479040014F6030086
S21400F8800021024A0248FEF7E3BA00BF21F8000052
S21400F890B837002008B5054B1B7823B11720FFF7B3
S21400F8A099FF002008BD0220FCE700BF6C5800202E
S21400F8B010B550B1054B00F1100250F8044B9042C1
S21400F8C043F8044BF9D1024B197010BD5258002072
S21400F8D06258002037B5174D04462B78DB0626D530
S21400F8E00090154B0020154A154905F0CBFB1E2C41
S21400F8F00BD0652C09D0032C19D0002027F0ECFC87
S21400F90040F61C40FFF766FF0DE027F00DFD4FF4B4
S21400F910FA63B0FBF3F202FB1300C218FF2109489A
S21400F92092B225F0F7FA2B7823F010032B7003B071
S21400F93030BD00BF6C580020A7FA0300047904000D
S21400F94014F60300B8370020014B1879704700BF43
S21400F950F44F002070B54C4E8EB0337803F0FB02A7
S21400F960A3F10905022AEDB258D0042B41F6041281
S21400F97057D0A3F108014B424B415B001343434869
S21400F980ADF80C3025F0BDFE48B9414B3F4A03F1B7
S21400F990100153F8040B8B4242F8040BF9D13D4B8F
S21400F9A01B78002B3FD03C4B0DF10E0203F11001EB
S21400F9B053F8040B8B4242F8040BF9D103A827F046
S21400F9C0ABFC2328044610D1012D49D80020334A29
S21400F9D0334905F057FBBDF80C3003A823F4005359
S21400F9E0ADF80C3027F098FC0446002C41D14FF4BB
S21400F9F00C7027F08FFC044600283AD103F0D8FD9F
S21400FA00012D36D8274A01AB1068516803C3264932
S21400FA1001A827F0E5FC78B319242AE043F604127F
S21400FA20A7E70223AAE73378042B0DD0082B0BD0C8
S21400FA301E4B0DF10E0203F1100153F8040B8B421E
S21400FA4042F8040BF9D1B9E7104A0DF10E0302F1A2
S21400FA50100152F8040B8A4243F8040BF9D1ADE7C3
S21400FA60337803F0FB03022B03D10020104905F086
S21400FA7009FB20460EB070BD044901A827F0B0FC73
S21400FA8004460028C8D1F4E76C58002040580020EF
S21400FA9074FB0300625800205258002004790400CA
S21400FAA0CBFA030085FB0300F47804008EFB03000A
S21400FAB026FB030070B5002686B00446252027F0F6
S21400FAC011FC16220021164809F038FF154B1E605F
S21400FAD0154B1878FFF76AFD022814BF012304238C
S21400FAE003208DF8083027F04BFC04238DF81030E7
S21400FAF00E4B02A80593039403F00EFC05460C4B30
S21400FB000C491A680C4B3046A24218BF0B460094AC
S21400FB100A4A0B4905F0B6FA284606B070BD00BF83
S21400FB20F44F0020D83700206C580020F1FD00006C
S21400FB30B4600020AEF90300A6F9030004790400BF
S21400FB409FFB030008B5124A1378042B09BF114B1C
S21400FB5001331B78C3F10603DBB2137003F0FD021A
S21400FB60092A04D11720FFF735FE172008BD094AD9
S21400FB701278C2F10602D2B29A4207D1064B186832
S21400FB800028EFD0FFF796FF4D20EFE70020EDE7C7
S21400FB906C58002062580020B060002073B51E4CE0
S21400FBA01E4E23683268134334D01D4B1B6853B374
S21400FBB01C4D2B783BBB03F0D1FEF8B94FF48060A8
S21400FBC026F011FF184B24681B7894B1C3F102038A
S21400FBD02B7003F027FC2046FFF76CFF044600203E
S21400FBE0124B134A1349009405F04CFA204602B013
S21400FBF070BDC3F1060334682B70EAE70121B42018
S21400FC0004F024F8EAE70020094A0B4905F03AFA1E
S21400FC100224E4E70224E9E7B4600020B060002094
S21400FC20583A00206C58002062580020E7FB03007A
S21400FC300479040014F60300CDFB03002DE9F3411C
S21400FC40364D374E00202A792B88364905F01AFAA9
S21400FC503268287922FA00F010F0010002D1324909
S21400FC6005F010FA314F3C783CB108223049314853
S21400FC7009F0B6FE041E18BF0124DFF8D48014E095
S21400FC8098F8000025490130C0B288F8000027F037
S21400FC901BFB002835D13C783CB108222449254876
S21400FCA009F09EFE041E18BF01242A793368D3404B
S21400FCB0DB07E5D5002CE3D100922B881E4A1F49AE
S21400FCC0204605F0DFF91E4B1878FFF76FFC01237E
S21400FCD00322124927F0FEFA1A4A05461378013322
S21400FCE0137010B902B0BDE8F08120462B46124AC8
S21400FCF0154905F0C7F9284602B0BDE8F041FFF700
S21400FD0069BD0020114905F0BDF9FFF71BFF00286B
S21400FD10E8D102B0BDE8F04100F01CB8F44F002076
S21400FD20D8370020EDFB03001EFC03006B580020B4
S21400FD30635800200250002004790400EDFC030004
S21400FD406C580020505800208EFC0300B7FC0300BF
S21400FD503F580020002038B51B4C1C4D23781C4A09
S21400FD6055F823301B4905F08DF9FFF7F3FD0346E0
S21400FD7028B92378042B10D88BB9174B10E0002035
S21400FD80134A164905F07EF9FFF7DCFED8B923784A
S21400FD900F4A55F823300F49E5E7092BEDD1104BF4
S21400FDA000201B680F4A10491360104B187027F08C
S21400FDB08BFA20B1BDE838400120FFF70BBDBDE847
S21400FDC03840FFF73BBF38BD6C580020B8600020B5
S21400FDD0047904000DFD0300B06000201AFD030046
S21400FDE0B4600020D8370020F44F00203F58002091
S21400FDF070B51C4C23789BB3838913F4407F2FD0B7
S21400FE00056835B12A46BDE870400020164905F061
S21400FE1039B927F057FA154E03463070144A28466B
S21400FE20144905F02FF933781BB1BDE87040FFF791
S21400FE3091BF2378082B0CD8042B0CD80E4B1B78BC
S21400FE40C3F1060323700D4BBDE870401868FFF73A
S21400FE5031BE0A2BF2D1BDE870401820FFF7BABCBD
S21400FE6070BD00BF6C58002045FD030051580020AF
S21400FE700479040072FD030062580020B060002080
S21400FE8030B5464D03460446454A0020454987B0EE
S21400FE9005F0F8F82B782BBB01A827F0A3FA02236D
S21400FEA001A88DF8043027F08BFAB0B93E4901A8B6
S21400FEB027F088FA88B1152C0FD127F035FA47F2CB
S21400FEC03153B0FBF3F202FB130000F51C50103068
S21400FED080B203F0AFFA07B030BD162CFBD103F0AA
S21400FEE0E3FAF8E7152C2AD100202D4A2F4905F011
S21400FEF0C9F82B78042B11D0082B0FD02C4B1B786D
S21400FF00DA070BD401A827F001FA18B9BDF80430B7
S21400FF109B0703D42B7843F010032B7027F004FACA
S21400FF204FF4FA63B0FBF3F2FF2102FB1300C21892
S21400FF30204892B207B0BDE8304024F0EBBF27F06F
S21400FF4025FA04460028C6D12B78013B092B1ED87B
S21400FF50134A194905F096F8184A194913780133D7
S21400FF60D8B2107027F0B0F960B12046154905F0F8
S21400FF7089F8FFF7E7FD0028ADD107B0BDE83040AF
S21400FF80FFF7E8BE07B0BDE83040FFF757BE40F6C3
S21400FF901C4007B0BDE83040FFF71CBC6C58002082
S21400FFA00479040096FD0300F4780400ADFD030018
S21400FFB03E580020B8370020C0FD03003F58002000
S21400FFC0F44F0020B7FC03002DE9F0410B4686B045
S21400FFD004460E4617463A490246002005F052F8F7
S21400FFE04FF000080123CDE901380DF11603009308
S21400FFF0424640230621204626F031FC054640B105
S21401000002463049404605F03DF8284606B0BDE8B0
S214010010F0819DF816202AB936B900202A4905F044
S21401002031F8F2E7012EF8D082F0010300202749CB
S2140100308DF8173005F026F89DF817300DF11706E4
S21401004033B310230022CDE9006306214023204666
S21401005026F0D0FB064630B1324600201C4905F09A
S21401006011F83546D1E74FB90821204626F01FFA88
S21401007020B120469DF8171026F003FD05212046E5
S21401008026F015FA0028C0D0204626F0F7FCBCE77B
S2140100904FB90821204626F00AFA20B120469DF8DD
S2140100A0171026F0EEFC10230022CDE9006306218E
S2140100B04023204626F09EFB06460028DED0CBE7EE
S2140100C0EFFF03000B0004002400040044000400BA
S2140100D064000400002208B5034B11461B681B6828
S2140100E05879FFF771FF08BD1C3B002008B5044B8B
S2140100F000221B6801211B685879FFF765FF08BDC0
S2140101001C3B002008B5044B00221B6802211B681B
S2140101105879FFF759FF08BD1C3B002010B5012395
S214010120002488B001A88DF80430CDE90244F6F722
S2140101301BFA20469DF80420124904F0A3FF20462E
S214010140039A114904F09EFF2046029A0F4904F0D3
S21401015099FF10220E4B0DEB0201188840F060400B
S21401016040F48010FBF754FC20460A4904F0A4FF33
S21401017004A826F006FD2046074904F083FF08B0D0
S21401018010BD00BF7D0004009C000400BB000400FD
S214010190D4780400DA0004009228040008B525F09B
S2140101A0E1FA0020024904F06DFF012008BD00BFFE
S2140101B0F70004000023054A8360C360044BC0E9CE
S2140101C0002311B14FF6FF730B80704749102EAA1A
S2140101D09130011110B5044660B10020064904F0C3
S2140101E051FF052C06D002F0CFF804490246002044
S2140101F004F048FF012010BD0B0104001C0104009F
S21401020037B500216A4601AB054625F06DFB04466D
S21401021068B100220F49104604F034FF02F0B4F82A
S2140102200D490246002004F02DFF03B030BD0B49F6
S21401023004F028FF012024F071FA25F06BFC431C22
S21401024002D007F0EDFDF0E721462846FFF7A6FFAE
S214010250EBE700BF450104001C0104008D0104000A
S21401026038B5054625F056FC044626F0D0FB4DB1C0
S21401027000200E4904F006FF631C14BF2046002030
S21401028007F090FD25F07CFA0228044605D00128E7
S21401029005D10020064904F0F5FE204638BD0020B1
S2140102A0044904F0EFFE0024F7E700BFAA010400AA
S2140102B0C4010400DD01040008B50020034A044916
S2140102C004F0E0FEBDE8084000F03EBD6E110400FB
S2140102D0F601040008B50020034A044904F0D2FEE2
S2140102E0BDE8084001F0B0B915020400F6010400AB
S2140102F01FB5D0E9023253F8223068461C782146F1
S21401030001F0A6FB684601F049FC28B922460449DB
S21401031004F0B8FE04B010BD6846FFF771FFF9E7B8
S2140103201B0204000020014904F0ACBE37020400A1
S2140103307FB50DF1060102A8FFF73CFF0020264914
S21401034004F0A0FE0020BDF80820244904F09AFE1F
S2140103500020BDF80A20224904F094FE039A0020EA
S214010360204904F08FFE00201F4904F0A5FE4FF639
S214010370FF73BDF806209A4229D000201B4904F0DD
S21401038081FE00201A4A1B4904F07CFE00201A4A0E
S2140103901A4904F077FE00221949104604F072FE4D
S2140103A00020154A174904F06DFE0A22002016495E
S2140103B004F068FE0A220020144904F063FE0A22B3
S2140103C00020134904F05EFE07B05DF804FB002030
S2140103D0104904F057FED4E7460204005E0204000A
S2140103E07702040090020400A9020400B40004008D
S2140103F0E0930400BF020400C0270900DE020400E7
S214010400FD0204001C0304003B0304005A0304001D
S21401041078030400BC02040008B50020034904F078
S21401042031FEBDE80840012001F0E2B99603040060
S21401043008B50020034904F025FEBDE80840002069
S21401044001F0D6B9AF03040030B5104B104D1B5C5C
S21401045085B08DF80F302B780446834206D00D4BBD
S2140104600D4953F82020002004F00CFE30232C7098
S2140104700A4801930DF10F030093062280231921E8
S214010480007826F0B7F905B030BD00BF1B7904002F
S2140104907458002028790400C7030400AF640020C4
S2140104A01FB5232303900193064803AB0093012253
S2140104B080231921007826F09DF9039805B05DF890
S2140104C004FB00BFAF64002073B5164D04462B78BD
S2140104D0154ECBB125F075F9012815D0346040F6DC
S2140104E0B244124B1B78072B17D02D78C5B925F0CF
S2140104F068F9031E18BF01230D48009522461921ED
S214010500007825F02FFD03E000233360002CE8D1AE
S214010510201E18BF012002B070BD02250123EBE7A3
S2140105200025FBE771580020DC37002074580020B6
S214010530AF64002008B50448FFF7C6FFBDE80840D1
S2140105400220FFF781BF00BFC027090010B5064C87
S214010550208826F097FA608826F094FA6068BDE84D
S214010560104026F09EBA00BFE03700207FB5232357
S2140105708DF813300DF113030293042306480193FB
S21401058005AB0093012280231921007826F067F934
S214010590059807B05DF804FBAF6400202DE9F84329
S2140105A0DFF82C91044699F8000090460F4625F096
S2140105B060FF0B2899F8002005D9BDE8F843002014
S2140105C0384904F05FBD0026374B384D1E80384B46
S2140105D003EB00135B8801202B802A7104F07EFC5C
S2140105E005F030FD04F07AFC204604F077FC012289
S2140105F0304B042C1A7047D8022C2CD84FF6FF76B5
S2140106002D4F3888801B18BF012004F067FCFFF7C8
S2140106109DFF3888B04201D026F034FA19236B804A
S21401062099F8003000202B71244B1B786B71EB88F6
S21401063043F04003EB80224B198826F0CEF903469F
S21401064020B1224600201F4904F01CFD4046BDE8AB
S214010650F843FFF739BF304604F040FCFFF776FF5A
S214010660FFF784FF26F01DFA174B1B78002B0CBFF3
S2140106703F20202004F032FC042CCFD14FF48060C0
S21401068026F000FA3220C7E73046104904F0FAFC9B
S214010690384604F023FCFFF759FF002FBED0054B68
S2140106A01E70BBE7DA030400185000201C5000201F
S2140106B08C390020715800200C500020AE640020B8
S2140106C05264002026040400705800200904040027
S2140106D0AF64002038B5044605200D46FFF7B4FE8A
S2140106E0184B1A884FF6FD739A4207D10020164917
S2140106F004F0C8FCBDE83840FFF71CBF65B1134ADB
S21401070013780133DBB2092B137014D90A220020A7
S2140107100F4904F0B7FCEDE7012C0ED10B4B1D7011
S2140107200C490D48FFF746FDBDE838400021012081
S2140107300A4AFFF733BF012CF2D0BDE8384007481C
S214010740FFF7C2BE52640020600404007358002004
S2140107508B0404000C500020E0370020E0930400D6
S21401076008B50649002004F08DFC0548FFF748FD52
S214010770BDE8084000210846FFF7ACBFCF040400DF
S214010780E0370020814237B50346154608D20020DF
S21401079000910F4A0F4904F075FC002003B030BDEC
S2140107A00C1A224600200C4904F06CFC40F6BB53A0
S2140107B022460020094904F065FC4FF47A735C4335
S2140107C0074B01209C4294BF2C602B60E6E700BFDC
S2140107D0EFF30300E00404001D05040038050400DF
S2140107E080EE360010B504460820FFF72DFE0D4BAF
S2140107F03CB91C700021BDE8104006200A4AFFF7EC
S214010800CDBE1B78092BF5D90A220020074904F032
S21401081039FC0020064904F035FCBDE81040FFF71E
S2140108209FBF00BF73580020C0270900640504005D
S214010830A505040073B51F4D2C7834B100201E4960
S21401084002B0BDE8704004F01DBC0220FFF7FCFDBD
S214010850FF221A4E1A4B30781A7025F00AFE0B2822
S21401086007D920463278174902B0BDE8704004F037
S21401087009BC154B192203EB00135988134B4FF68D
S214010880FD700093012305F081F870B120461049F0
S21401089004F0F8FB00220F4B0F481C700F4B1A7028
S2140108A002B0BDE87040FFF70FBE01240C492C7062
S2140108B0EEE700BF72580020B6050400AF640020C2
S2140108C0AE640020DA0304008C390020C50B010059
S2140108D0F705040071580020C0270900735800204E
S2140108E01D06040038B5144D04462B78052B21D976
S2140108F01249FFF76FFC24B918B9114904F0C2FB7D
S2140109000424104B195D21B9BDE838400846FFF7AD
S21401091069BF032C06D02B78052B03D006200A4A84
S214010920FFF73CFE0021094B08461970BDE8384028
S214010930FFF7D0BE38BD00BF74580020E037002056
S2140109403F06040011790400C027090071580020F1
S21401095030B5044689B00720FFF776FD052C0AD18D
S21401096000222A4B03A91A7002A804AA01F014FD5A
S21401097030B1022045E09CB90122244B1A700224B2
S214010980224D287878B1421E504221495041FFF746
S21401099067FC022304462B70022C0ED10A200FE0BE
S2140109A0022CE6D1EBE7631F5A424FF005001849C7
S2140109B05A4124F00DFF0446EEE7032C04D1002033
S2140109C0FFF782FD09B030BD062C06D10020114983
S2140109D004F058FB01232B70E0E70F4A0F4B2978F0
S2140109E0002C18BF13460E480E4A0094002918BF63
S2140109F0024600200C4904F045FB201E18BF0120CA
S214010A00400009B0BDE83040FFF76CBF6F580020CA
S214010A10E03700207A060400730604006C06040022
S214010A20650604005B060400B506040013B51F4CFA
S214010A300620FFF709FD2278092A09D900201C495A
S214010A4004F020FB042002B0BDE81040FFF74ABFC7
S214010A50184B1B782BB3002023F084FE24F0B1FE44
S214010A6068B9FFF783FD144B196824F0A1FE02460E
S214010A700420002102B0BDE81040FFF78FBD01A899
S214010A8024F09DFEFF2809D14FF4FA602378013344
S214010A90237002B0BDE81040FFF716BD0198FFF7BE
S214010AA0FFFC4FF4FA620320E3E700BF735800200F
S214010AB0D006040070580020F0370020F023F0B56F
S214010AC089B0CDE90003344880230022192100783B
S214010AD0324E334F25F08EFE0020324904F0D2FA12
S214010AE03246394603A801F057FC032804462E4D2A
S214010AF01CD10626039A2D49002004F0C3FA039858
S214010B00FFF7CEFC0020396800F0A0FE2E7001F041
S214010B107FF900220446264B30461A70FFF794FCF4
S214010B2084BB09B0BDE8F040FFF780BF28BB726800
S214010B30204904F0A7FA214604A8FFF73BFB059BD2
S214010B40726893420BD020461B4904F09BFA072398
S214010B5005202B7009B0BDE8F040FFF7F9BE1A4634
S214010B602046164904F08EFA0523002101202B7039
S214010B7009B0BDE8F040FFF7ADBD0020104904F014
S214010B8081FAF1E7042C05D0042009B0BDE8F04055
S214010B90FFF7A8BE09B0F0BDAF640020E037002023
S214010BA0F0370020080704007458002039070400B5
S214010BB07358002074070400AD0704000108040000
S214010BC03D080400F7B50446876800202378364DB3
S214010BD0012B287004D0354B3549187004F052FAB1
S214010BE026785EBB334B1B78FF2B04D103B0BDE8E0
S214010BF0F040FFF79FBC304B1B78032B11D82F4CCE
S214010C000320FFF721FC6946208826F0A7FB002871
S214010C1043D02B49208804F037FF20B12E70FFF710
S214010C2089FC03B0F0BD0124204B26491C7004F05A
S214010C3029FA0320FFF708FC2C70F2E7012E25D1D4
S214010C403B78002BEDD01B4D2B78FF2BE9D1A688E6
S214010C5002F0ACFE864206D100201B4903B0BDE877
S214010C60F04004F00FBA194BA2881B783BB132B1A1
S214010C701749002003B0BDE8F04004F003BA7B68D2
S214010C8014491B782B700D4B1A80F2E7032E08D1FE
S214010C9008226846A16808F0FBFC6846FFF70EFFCD
S214010CA0BFE700232B70A1E771580020725800207F
S214010CB058080400AE6400207458002052640020D6
S214010CC0C50B01001D060400780804006E580020BC
S214010CD09E080400C90804007FB5094B1A78FF2A4C
S214010CE00AD1187001F09CFA0022064B0DF106019C
S214010CF002A81A80FFF75EFA07B05DF804FB00BF92
S214010D00AF6400200A500020152838B517D10C4BC7
S214010D101D78A5B926F008FBC4B2012C38BF012402
S214010D200120FFF791FB28462246064904F0AAF95E
S214010D304FF47A706043BDE83840FFF7C5BB38BD55
S214010D4074580020E6080400034B1B78022B01D8D8
S214010D50FFF770BD704700BF7458002070B5284C6F
S214010D6024F02AFD2578274EBDB10020264904F03F
S214010D7089F9264A137801331370002323703378D8
S214010D80062B0AD1BDE87040214B1868B0F5FA6F02
S214010D9038BF4FF4FA60FFF797BB3378013B082B57
S214010DA02CD8DFE803F005090D2B13191D222700A7
S214010DB0BDE87040FFF7C8BFBDE87040FFF73ABD19
S214010DC000232370BDE87040FFF7B4BB2946BDE899
S214010DD070400120FFF77EBCBDE87040FFF726BEDD
S214010DE00220BDE87040FFF7B3BD0120BDE87040AA
S214010DF0FFF7F8BCBDE87040FFF7B2BC70BD00BF9E
S214010E0071580020745800201509040073580020FA
S214010E10DC37002010B90520FFF764BD034B1B78B3
S214010E20062B01D1FFF79ABF704700BF7458002008
S214010E302DE9F0478E68054633189A780C46092A3C
S214010E408EB008D90020A14904F01CF9852420465B
S214010E500EB0BDE8F08750B98B899D49895C8B42FD
S214010E6005D200919B4904F00DF98024EFE79A4BD7
S214010E70E7881B889F422ED09849097801292AD9EC
S214010E8032B13A460020964904F0FCF87E24DEE7AB
S214010E90944B1A70914B25791B78052B03D0012BA7
S214010EA032D8FFF751FF002D58D12946204625F0AC
S214010EB00DFF0346002848D028468B4A8B4904F08C
S214010EC0E1F800208A4A8B4904F0DCF80021012071
S214010ED0FFF700FC53E00021824B1970072A00F24D
S214010EE08B8301A353F822F0950E01003B100100FD
S214010EF03B1001004B1201004B1201004B12010086
S214010F00DF140100DF140100022B17D102F04EFDA1
S214010F108742BBD00020784A784904F0B3F8FFF73F
S214010F2089FC65BB2946204625F0D0FE034630B332
S214010F306D4A6E49002004F0A5F820E0704A0020B2
S214010F40704904F09FF8012481E7A3681B78DA064C
S214010F50B7D42A466C4904F095F8B2E7A768002191
S214010F60FE780AA8A4893D79FFF724F9032E08D94B
S214010F705F4B664A66490096002004F083F8002419
S214010F8065E76B1E632B04D9594B604A614900958E
S214010F90F2E7614BE4B29B5D9C4209D0CDE9014387
S214010FA00020534B594A5D49009604F06BF8E6E77A
S214010FB056B3A4B222460521384625F0A0FDBDF859
S214010FC02830834203D04A4B554A5649B2E7012E90
S214010FD01AD022460721384625F091FDBDF82A3061
S214010FE0834203D0424B4E4A4F49A3E7032E0BD10F
S214010FF022460921384625F07FFD0B9B984203D1F6
S2140110003B4B474A494995E7642D3FF45FAF26F0CD
S2140110108BF96423C0B2B0FBF3F203FB1203013376
S214011020DBB29D42BFF452AFCDE900530020304BF6
S2140110303B4A3F4904F026F8A1E7284B1B78052BCD
S21401104001D03C4A7BE7EB1CDBB2277BF45C44B166
S21401105023460020374A384904F014F800210C468C
S2140110600BE00F2F0DD81023204634490093314A48
S2140110703B4604F007F8802401210020FFF72AFBF5
S214011080E5E60435EDB220462A4A2D4903F0FAFF7B
S2140110907A1B7119D2B206A824F0A3FB05443A467E
S2140110A0E9B2304625F028FD264D069A2B68264FD4
S2140110B09A42386001D100284AD1244900201D4AAD
S2140110C003F0E0FF85240121D7E700BF32090400C1
S2140110D0547904004A090400526400207458002020
S2140110E07909040071580020EF090400F70904008B
S2140110F07F0A0400940A0400BD090400CA0904001A
S2140111001F0A04002C0A0400490A0400A90A040064
S214011110B10A0400CB0A040017790400E90A0400A6
S2140111203E0F0400230B04004D0B0400750B040056
S2140111309C0B0400D00B0400EA0B0400190C0400FD
S214011140300C0400E0370020F0370020590C040072
S21401115024F0DDFC3E68B0420AD224F0D8FC9C495B
S21401116003463246204603F08DFF8924012184E799
S214011170079A6B689A4205D12046964A964903F02B
S21401118081FF6BE79549097859B19A4209D2204601
S214011190934903F077FF96210620924AFFF7FEF95E
S2140111A05CE7914A914905A801F0F6F8079E48B90F
S2140111B06A68B24206D38E4903F064FF0520FFF742
S2140111C0C7FB44E6324600208A4903F05BFF3968D4
S2140111D00027002000F03AFB00206E60FFF760F960
S2140111E0854B06201F80FFF72FF9844B1F7001F0F7
S2140111F0CBF80646F0B94FF6FF71814B0AA81A885C
S2140112008A4208BF3B466A88298801F02DF80AA859
S21401121000F0C4FC58B10AA801F0F8F838B130461D
S214011220784903F02FFF0420FFF75CFB0FE6FFF77A
S214011230FDFB0CE6042805D1734B1921187824F020
S21401124095FE04E638467149EBE7714B1B78062B91
S21401125001D0704A73E6DFF8A0A1EB1C94F80C905D
S214011260BAF80080DBB22EB930466B4903F00AFFAC
S2140112708724ECE5F75C2C1D972FE4B22FD025D8F8
S214011280812F71D0952F67D017BBB9F1100F7FF65C
S214011290ECAD31194A460AA824F0A3FA0444E4B294
S2140112A021464A46304625F027FC231DDBB205348D
S2140112B016F803A0E4B2A9EB04035345054666DA23
S2140112C0009338465346534A5449CCE5982F43D0A9
S2140112D03B4600204F4A524903F0D4FEC8E7B9F115
S2140112E00A0F7FF6C2AD1FFA89F721463A46304605
S2140112F025F002FC05F1080104463A46C9B230461B
S21401130025F0FAFB0AAA01462046FFF73BFA08B980
S214011310444B0A93B9F10C0F12D905F10C013A4668
S214011320C9B23046DDF8288025F0E9FB04460246BE
S2140113303D49002003F0A6FEAAF8004044440A9462
S2140113400A9C3A492246002003F09CFE2046FFF7FD
S214011350BBF824F03CFA12E63549002003F092FE71
S2140113600320FFF7BFFA0AE6324C23786BB124F06C
S21401137021FA50B10020304903F084FE0023237087
S21401138024F025FAFFF752FBF9E52C49E5E7DFF8EB
S214011390A49099F8003043B9FFF7E8F88542034670
S2140113A007D01C4A26490095E6E524F00AFA0128EA
S2140113B0F2D110220C480AA908F012FB10B9BAF1B2
S2140113C03F0F41D9134A1F49002003F05BFE4FE748
S2140113D0780C0400D00B0400B00C04006D580020FB
S2140113E0E50C0400C0270900E0370020F037002094
S2140113F074070400260D04000A50002073580020CC
S2140114000C500020480D0400AF640020670D040056
S214011410745800208D0D0400A20D0400CF0E0400A8
S214011420B10E0400E0930400DD0D0400080E040074
S214011430270E040070580020430E0400820E04009C
S2140114400B0F0400470F04006C4B187099F800301E
S2140114504BB124F0AFF930B1284624F0AEF9042898
S21401146007463FF48CAD51462846321924F062FBFC
S21401147028B10020624903F005FE042071E799F8BF
S2140114800030554463B124F095F948B1FF2FF4D0EC
S214011490012F3FF474AD032F16D124F096F90546BB
S2140114A02846FEF7FDFF044602460521554824F06E
S2140114B0BFF9554B1B689C420AD3204624F035FBE6
S2140114C00520FFF745FA5AE524F07DF98046E7E75F
S2140114D04046FEF7F9FF00287FF451AD52E74B4B2B
S2140114E01B7803F0FD03082B01D0494A27E535B1E7
S2140114F0F27822B10020474903F0C4FD30E7257B8E
S214011500F11C2A460AA824F06CF9434BBDF82820A2
S2140115101988044691420DD04FF6FF718A4209D0D0
S2140115203B4A00203D4B3E4903F0C6FDBDF828204E
S2140115303C4949E7BDF82A20598891420CD04FF61C
S214011540FF718A4208D0324A0020374B344903F0F3
S214011550B3FDBDF82A20EBE70B9A5B689A420AD0E6
S214011560013208D02A4A2E490020304B03F0A4FD50
S2140115700B9A2F4928E7ADB2E11C2A46C9B230467C
S21401158025F0BAFAE11DC9B207462A46304625F0CB
S214011590B3FA431C014606D10820FEF755FF25483D
S2140115A0FEF792FFEBE4384606AAFFF7EBF8A8B978
S2140115B0204B0693204B00221978204B187824F0F4
S2140115C0EAF8069C2046FEF77FFF224600201C49CB
S2140115D003F058FD0920FEF737FFD0E440F6B73395
S2140115E0069A9A42E6D840F6B8320020154903F02A
S2140115F049FD40F6B833DCE7812428E4735800201F
S2140116007A0F04009D0F0400F03700207458002064
S214011610A60F0400BB0F0400E03700203D0B0400BA
S214011620E20F0400B4000400670B0400FD0F040081
S2140116301C17040080EE3600AE640020AF64002064
S214011640351004000A10040008B50420FFF74AF913
S2140116500020FEF7F9FE0023054A19211370054AFA
S2140116601370054B1878BDE8084024F07FBC00BF16
S2140116707158002072580020AF64002010B5174B37
S214011680174C1A78174B002053F82220164903F0FE
S214011690F9FC2278154B16490020002A18BF194676
S2140116A00A46144903F0EEFC23782BB1124B0020B6
S2140116B01A68124903F0E6FCFEF758FF0446FEF7E7
S2140116C055FF0F4B196824F0A6F82246BDE81040D6
S2140116D003460C49002003F0D5BC00BF7458002017
S2140116E07158002028790400511004006616040081
S2140116F0471604005E100400DC3700207810040052
S214011700F03700209110040038B501460446002049
S214011710FFF78EFB054698B1E37C00200A4A0B4989
S21401172003F0B0FC2379042B0AD02946204625F085
S214011730CDFA034620B10020054A064903F0A2FC73
S2140117406FF0FF0038BD00BFEFF30300B9100400CF
S214011750EF090400F709040010B51346094A127888
S21401176082420DD163B1084A002014680A4607492F
S21401177003F088FC2146BDE810400120FFF758BB66
S21401178010BD00BFAF6400201C3B0020DB1004002E
S21401179010B50D4B1C782CB1BDE8104000200B494C
S2140117A003F070BC6420FEF77BFE4FF6F0716FF01D
S2140117B00F02074B0320C3E9001222462146BDE86B
S2140117C01040FEF7EBBE00BF745800201411040051
S2140117D0E0370020014B1870704700BF705800209A
S2140117E000210620014AFEF7D9BE00BFC027090026
S2140117F0014B1870704700BF6D580020F8B50E4BAE
S21401180005460C4618680D49101A096824F003F8B5
S2140118100B4E0C4F33783870FF2B04D0A0420AD3FE
S2140118202344984207DB03462A460020064903F074
S21401183029FC38783070F8BDF8370020F4370020DE
S214011840B0640020755800204212040050EA0102DC
S21401185008D0FF22054B091A1A70054B1860054B74
S2140118601960704711461046FFF7C8BFB0640020E4
S214011870F8370020F4370020F0B5AFB006AD2846A3
S21401188000F020FD0027284600F088F9044640B9FC
S21401189000F0E4FC59490246204603F0F3FB2FB062
S2140118A0F0BD00205649FAB203F0ECFB284616A913
S2140118B000F026FD044620B15249002003F0E2FB69
S2140118C088E0BDF85820504903F0DCFB2046BDF8FF
S2140118D05A204E4903F0D6FB2046BDF85C204C4901
S2140118E003F0D0FB2046BDF85E204A4903F0CAFB50
S2140118F02046BDF86020484903F0C4FB2046199AEB
S214011900464903F0BFFB2046BDF86820444903F072
S214011910B9FB204643490DF16A0203F0B3FB424985
S2140119202046239A03F0AEFBBDF85C30D90705D5F7
S21401193020469DF890203D4903F0A4FBBDF85C309D
S2140119409A0714D500203A4903F0B6FBBDF8583083
S214011950B3F5807F47D1002025F018F918B10DF1B5
S214011960910003F015FB0020324903F08BFBBDF814
S2140119705C305B070BD50020BDF8B2202E4903F082
S21401198081FB0020BDF8B4202C4903F07BFB062226
S21401199028460DF116030AA923F06CFF044650BB36
S2140119A0BDF81620264903F06DFB0AAEBDF81620D9
S2140119B0A3B29A420ED932880020224903F062FB74
S2140119C0013472680020204903F05CFB062C06F106
S2140119D00806EBD1684600F089FC9DE80F00013748
S2140119E085E80F004FE70123202200200DF1910129
S2140119F003F0B0FAB7E715495FE700BF211404000A
S214011A00541204005D120400811204009A120400AC
S214011A10B5120400CE120400E712040000130400FD
S214011A20191304003213040047130400631304005F
S214011A307C130400922804008F130400A8130400EA
S214011A40C1130400D2130400E2130400F4130400CB
S214011A502DE9F04188B004AD0446284688460027A3
S214011A6000F030FC6E46474507D195E80F0084E844
S214011A700F00204608B0BDE8F081304600F036FC85
S214011A8096E80F0085E80F00284600F087F8013732
S214011A900028E8D1014B0FCBE9E700BFCC7B04005F
S214011AA01FB5D0E9023253F8223068461978FFF79D
S214011AB0CFFF684600F0AAFC48B1042809D1074ABE
S214011AC00020074903F0DEFA05B05DF804FB054A7D
S214011AD0F6E70020044903F0D5FAF5E7BE1C04003A
S214011AE03C140400B3320400480D040030B5D0E9BC
S214011AF0023203EB8201496853F8223099B00D682F
S214011B0004A81978FFF7A4FF08AC03AB40220093A2
S214011B102946234604A800F00FFC024628B10020FF
S214011B200D4903F0AFFA19B030BD0398214600F015
S214011B3007050122C0F3C70003F052FA03990748CC
S214011B40491B01232A460088214403F003FA04486E
S214011B5003F03CFAE7E700BF4C14040028500020CD
S214011B6092280400F0B504460D460B4BEF880FCBC8
S214011B7084E80F00AB882E899B0741BFD5F8390052
S214011B80D5F83D1004F1080303C3EA682046278010
S214011B9066806260F0BD00BF60790400102208B55F
S214011BA0034907F01DFF003818BF012008BD00BF1C
S214011BB0CC7B040008B526F03EF8C288FF219208C7
S214011BC0012A38BF0122024823F0A4F9012008BDEA
S214011BD004380020134670B590B10120254A1070D4
S214011BE0254A00201160254A13600A46244903F05D
S214011BF049FA02F01DFA234B1870022002F01EFA71
S214011C0026F034F80446D0B91A4E1B4D33782BB95A
S214011C1026F011F82A68C36813442B60174B2D6809
S214011C201B689D4224D226F006F8C168284605F0B6
S214011C30A7FE0246002030702AB926F017F8BDE844
S214011C407040FFF7B7BF104903F01CFA0D4B187828
S214011C5002F0F4F900200D4903F014FA00F00AF935
S214011C6008B900F025F92046BDE87040FFF7D2B864
S214011C700124EBE77758002000380020FC370020CD
S214011C8073140400765800209F140400BF14040047
S214011C9038B523F045FF044623F03FFF241A25F00C
S214011CA0CAFF054618B9B1211B482BF0F5FCAB88D5
S214011CB003F00303032B03D0B22117482BF0ECFCEF
S214011CC023F02BFF054623F03FFE01238340013B13
S214011CD02B4203D0B42110482BF0DEFC23F034FE57
S214011CE001238340013B234203D0B5210A482BF050
S214011CF0D3FC05F019FC054623F026FE4FF480635D
S214011D00B3FBF5F3C440A34205D2BDE83840BA217F
S214011D1001482BF0C1BC38BDD5140400FF2108B51D
S214011D20044823F008F9BDE8084000221146104691
S214011D30FFF750BF04380020F7B504460E4600F002
S214011D4083F8054625F077FFC3682B449C4220D3D1
S214011D5023F0FAFD2C44C440013C114F3B68DEB130
S214011D60A34219D101340023ADF8043000F018F96C
S214011D70054605F0D9FB103504FB005405F0D4FBED
S214011D8001A90246204605F021FC23F0EDFD38604E
S214011D9004E04FF0FF34E0E7A342E4DB03B0F0BD1C
S214011DA0E46000204FF0FF32084B10B51A600022A5
S214011DB0074B1A7023F0B1FE044623F0B1FE21460C
S214011DC002460120FFF706FF042010BDE460002054
S214011DD07858002038B500F04DF808B9002038BD15
S214011DE0094D0A4C2B7823B923F0BEFD0123206050
S214011DF02B70246823F0A8FD01348440EED000F057
S214011E0023F82044EBE700BF78580020E460002068
S214011E1070B50C4C2368002B12DB23F07EFE0546C2
S214011E2025F009FF2468C66823F08EFD013404FA04
S214011E3000F1294401208A19FFF7CCFE042070BD69
S214011E400120FCE7E4600020014823F0BDBD00BF8F
S214011E500CB80C00FF2307B50021044A0448009380
S214011E60FBF7C0FF03B05DF804FB00BF1D1D0100BA
S214011E70043800207FB56B460B4A1068516803C3CF
S214011E8090680C2218600DEB0201084825F0DAFE76
S214011E900C2268460DEB020107F0A2FDB0FA80F0B5
S214011EA0400907B05DF804FB7079040000B80C0027
S214011EB01FB5074A01AB1068516803C3906801A9B2
S214011EC018600C22034805F081FB05B05DF804FBA1
S214011ED07079040000B80C00F7B5044615460E46A6
S214011EE071B9072A03D80024204603B0F0BDC37990
S214011EF080790B49063000EB032080B223F06EFD9B
S214011F00002721462B4632463846009723F092FD9D
S214011F1004460028E7D039467019FFF70DFFE3E7BE
S214011F200CB80C0010B58AB0684605F029FF10F011
S214011F30FF001AD1009BC3B101A905F099FEC0B2FA
S214011F4098B9DDE90123B2F5E02F02EB030404D0D2
S214011F504FF4F27106482BF09FFBB4F54C2F04D2D8
S214011F6040F2E51102482BF097FB0AB010BD00BF06
S214011F706715040008B5FFF7D5FF25F05CFE48B1EC
S214011F8025F059FE0369B3F5B82F03D2B3210348F0
S214011F902BF082FBFFF77CFE012008BD67150400CD
S214011FA00048704700B80C0010B5FFF713FF044651
S214011FB02249002003F066F80020214903F062F868
S214011FC00020204903F05EF800201F4903F05AF86C
S214011FD022461E49002003F055F8FFF735FF1C493D
S214011FE00246002003F04EF84FF4E0220020194983
S214011FF003F048F84FF44C220020174903F042F84A
S2140120000020164A164903F03DF84FF4806200207E
S214012010144903F037F80020134A144903F032F844
S2140120200020134A134903F02DF80020124A1349E1
S21401203003F028F8BDE8104005F0AAB9EE15040033
S2140120402B1604004A1604006A16040097160400AC
S214012050BA160400DD1604000017040000B80C00D0
S214012060231704004617040010B80C006917040073
S2140120700CB80C008C17040010BC0C00AF17040041
S2140120802DE9F04395B002AF04460D463A46482185
S214012090002023F029FD18B9584902F0F3FF19E092
S2140120A060220021204607F049FC042238465449A4
S2140120B007F096FC90B16DB19DF80B3000200193AE
S2140120C09DF80A309DF8082000934E499DF8093086
S2140120D002F0D8FF012015B0BDE8F083BDF80C2052
S2140120E0B2F5807F228003D0474902F0CBFFF1E7AB
S2140120F0BDF81420BDF80E102281DDF8162061808F
S214012100E2600499BDF81A206160228284F83200E8
S21401211007AD04F112020FAE2B4603CBB34210609B
S21401212051601D4602F10802F6D10F9B374A6363E0
S214012130136000211022364807F000FCE388344A79
S214012140138023895380E3685360A3880BB900206A
S214012150C1E74FF000094D46A388D9070BD5B9F161
S214012160000F06D005F150026A4412F8482C84F894
S21401217038200135EDB29A0715D5208823F05EFB8D
S2140121800646B9F1000F0CD007EB0508024641469A
S21401219004F1390007F070FD324641461D4807F04C
S2140121A06BFD2E44F5B2A3885B0716D5B9F1000F77
S2140121B006D10435EDB2482D13D9002016496CE737
S2140121C005F150030DEB030535F8483CA4F85A30E9
S2140121D035F8463CA4F85C30B9E7B9F1000FEAD00F
S2140121E0B5E729463A46382023F07EFC38254FF0DD
S2140121F001090028B0D109494FE700BFD2170400F2
S2140122007C790400041804003A18040024380020DD
S214012210283800203038002055180400A51804007E
S21401222030B50C4C99B0257875B9FFF7A3FE70B19F
S21401223029466846FFF724FF074B80F0010000F0AF
S2140122400100187001232370002019B030BD012051
S214012250FBE700BF795800207A580020014B187818
S214012260704700BF7A58002070B51E46134B0446CF
S21401227018881D46884298B002D15B88934206D0E2
S2140122800F4B0FCB84E80F00204618B070BD96B1F7
S21401229000216846FFF7F4FE0028F1D1BDF80430AE
S2140122A05B0708D53388BDF85A209A42E8D8BDF8AE
S2140122B05C209A42E4D395E80F00E3E72838002033
S2140122C0CC7B0400064B10B51B7804462BB9054B96
S2140122D00FCB84E80F00204610BD034BF8E700BF84
S2140122E07A580020CC7B04002838002010B504461C
S2140122F0024B0FCB84E80F00204610BDCC7B0400B8
S2140123000B4B10B51B78044608467BB10021FFF73E
S214012310B7FE48B910222146064807F061FB00388F
S21401232018BF0120C0B210BD0120FBE70120FAE76B
S2140123307A580020283800202DE9F0410E469046B4
S2140123400E4910221F4607F04BFB044670B90C4B92
S2140123503A461D683046AD1B454528BF45462946C9
S21401236023F0C2FB28B9074902F08CFE0120BDE824
S214012370F081069B20461D60F9E700BF2838002043
S21401238024380020A51804000022024B1A70FFF71B
S21401239009BD00BF7A5800202DE9F0419CB00F46D8
S2140123A016468046FFF716FD0546024615490020EB
S2140123B002F068FE382D1FD9012104A8FFF760FE40
S2140123C00446C8B9119B68463B6004A9FFF7CAFBDF
S2140123D09DE80F0086E80F00119BAB4297BF0121D5
S2140123E00324094AC8F8003094BF1170C8F8005099
S2140123F020461CB0BDE8F0810022034B01241A7070
S214012400F6E700BFD71804007A58002070B5084DCB
S21401241000262B7853B1FFF7C5FC04461022002195
S21401242004482E7007F08AFA204670BD3446F5E758
S2140124307A5800202838002008B50020064902F006
S21401244021FE064B00201A78054902F01BFEBDE866
S2140124500840FFF7A9BD00BFF61804007A5800200F
S2140124602019040003460120024AC3E90320002282
S2140124701A7070470100FEFF30B5002489B000F0E5
S214012480D3F9A5B2854201D309B030BD284603A9C8
S21401249023F06CFBA2B200201C4902F00DFE9DF851
S2140124A00D2012B39DF81210BDF81030402914BF4C
S2140124B06E2179210020CDE90031BDF80E30144996
S2140124C002F0FAFDBDF814201AB10020114902F0FD
S2140124D0F3FD9DF80C00BDF8182070B9079B0E4956
S2140124E00093BDF81A3002F0E7FD00200B4902F018
S2140124F0C9FD01342BF0DDF8C1E7BDF81C30002022
S214012500009307499DF81A30EDE700BF391904001A
S2140125103F190400621904006C1904009228040093
S2140125209319040010B500F0A9FABDE8104003465F
S214012530024A0020024902F0A5BD00BFED240400B6
S214012540A7E50300D0E9023253F8223010B5188807
S21401255000F084FABDE810400346024A0020024912
S21401256002F090BDBB190400A7E5030010B5D0E941
S2140125700232002486B08DF8044053F8221003EB93
S2140125808203097801A88DF805105A681288ADF8FB
S21401259006209A681288ADF80820DA681278ADF835
S2140125A00C40A24214BF402280228DF80A201A69EC
S2140125B01288ADF810205A699B691288ADF812206E
S2140125C01B68059300F0C8FB034A034603492046EF
S2140125D002F058FD06B010BD6AF90300A7E5030036
S2140125E038B50024064D2BF050F845F82400063483
S2140125F0C02CF8D10020BDE83840024902F042BDA7
S21401260080100020C219040030B5002087B0204990
S21401261002F038FD00201F4902F034FD00201E495B
S21401262002F030FD2BF031F800240546A0B201A9D6
S214012630013423F09BFA202CF8D12BF026F8174909
S214012640421B002002F01EFD1549002002F01AFD73
S2140126502BF01BF80446012000F09EF82BF015F82D
S2140126600E49021B002002F00DFD0E49002002F06B
S21401267009FD2BF00AF8044623F069FA2BF005F859
S214012680021B0020054907B0BDE8304002F0FABC45
S214012690EE1904001D1A04004D1A04006A1A0400FB
S2140126A0791A0400931A040010B50C4603F05CFC7A
S2140126B008B9032C12D101F051F904280ED001F00B
S2140126C04DF905280AD0064802F090FB1C2801D1D6
S2140126D024F080F9BDE8104002F098BB10BD00BFA1
S2140126E0595B03002DE9F04F00274FF0FF36DFF866
S2140126F0A4B0264C87B0BBF80030B8B2834209D8E4
S214012700731C3BD03246FF21214807B0BDE8F04F8D
S21401271022F000BC01A923F029FA9DF8050001F07A
S214012720B3FEF8B19DF80480B8F1000F1AD1BDF8D8
S21401273010A0BDF812902AF0A8FF18210246BBB2DD
S2140127404B43E018E158007C4FF47A73A2EB010C7E
S21401275050B103FB0AF363450ED30B44981A864225
S21401276028BF06460137C6E74D466B43FAD0634598
S214012770F5D31944881AF2E74046F0E7FF210448EA
S21401278007B0BDE8F04F22F0D6BB00BF8010002096
S214012790383800200E5000202DE9F041014688B05F
S2140127A058B1022810D023F0FBF978B3D22119488A
S2140127B008B0BDE8F0412AF06FBFFF23164A17485C
S2140127C00093FBF70FFBEEE700244FF001082746C6
S2140127D0134EA5B2284603A98DF80D7023F0C6F94D
S2140127E09DF80D0068B101F04FFE20B19DF80C3048
S2140127F00BB986F810800134202C06F11806E8D1B2
S2140128002546084B1D80FFF76DFFCCE708B0BDE8F5
S214012810F08100BFB31A0400492B010038380020AC
S214012820801000200E500020014B1888704700BF12
S2140128300E5000202DE9F04F624A077D89B004460C
S2140128406149002002F038FC002024F09FF920B1F5
S2140128502368218A588803F0D5FB00205B4902F0E3
S21401286011FC637DEBB94FF0400808202368DFF8C0
S21401287068915988554B0093228A092302F066FA1B
S214012880A289BB1C934210DB24F01AFA034620B13E
S21401289000204F4A4F4902F0F5FB012009B0BDE880
S2140128A0F08F4FF080080020E0E7A068791C89B21D
S2140128B0C55D24F024F90337012D0646BFB213D8AF
S2140128C02368324659885879238A0093434623F071
S2140128D067FD824600283ED1862002F0FFFA284690
S2140128E002F0FCFA304669E08520F6E703A923F0FA
S2140128F03DF99DF80C30AB4223D123689DF80D10AD
S2140129005A7991421DD1BDF80E105A88914218D1BC
S214012910BDF81020B24214D19DF81220424510D1C4
S214012920BDF81410228A91420BD1002D39D0BDF882
S2140129301810E288914204D19DF81A201B799A4218
S2140129402FD00BF1010BB9F800305FFA8BF0834200
S214012950CCD88B20C1E74FF0000BF4E79AF80200C1
S21401296002F0BCFABDF8180024F08CF8BDF81A0085
S21401297024F088F89AF8020003F060FD00287FF43E
S2140129807FAF9AF8020001F051FC0546079E002D24
S2140129903FF476AFF0B2013D02F0A0FA360AEDB28E
S2140129A0F5E7002002F09AFA284602F097FA304638
S2140129B024F068F8012DD1D1BDF81C0024F062F88E
S2140129C05EE700BF211B0400F80F040092280400F4
S2140129D02E1B04004B1B04000E5000202DE9F04373
S2140129E091B06946804623F0C1F80023194F8DF84F
S2140129F001303888431E98B28045388009D169462F
S214012A00404623F0BBF8684623F09FF811B0BDE8B6
S214012A10F0834FF0180905A923F0A8F80E4C3E885C
S214012A200AAD09FB06460FCE0FC596E8030009FB63
S214012A30084485E803000AAE404605A923F09EF83F
S214012A400FCE0FC495E8030084E803006946388872
S214012A50D7E700BF0E5000208010002008B5064BB7
S214012A601B88834205D9FFF7B9FFFFF73BFE00201D
S214012A7008BD2720FCE700BF0E50002038B5074DE3
S214012A802C882CB9FF21064822F055FA204638BD7D
S214012A90601E80B2FFF7A2FFF2E700BF0E500020D3
S214012AA0383800202DE9F3479A4618239DF82890D8
S214012AB0244FCDE9001203FB09731446D3E9022320
S214012AC024F0DDF9064620460D4603F0B7FC04F077
S214012AD0FD03382B80460FD1009432462B46002149
S214012AE0DAF8100023F06CF8B8F1010F1BD135436A
S214012AF01ED102B0BDE8F087392CDAF810300BD1C0
S214012B0007EE906A07EE103AF4EEC77AF1EE10FA85
S214012B10ACBF01200020E7E79E4275F100032CBF01
S214012B2001200020E0E7B8F1000FE2D10028E0D054
S214012B30182303FB097701233B7402B0BDE8F04775
S214012B40FFF7D0BD801000202DE9F04F0026374654
S214012B50B2463546D3B0DFF8B0910696664BB0B2B2
S214012B601B88834209D81DB169882879FFF79CFD27
S214012B70FFF7B8FD53B0BDE8F08F0DAC214622F04B
S214012B80F5FF2AF082FDB3B207931823B2B253437E
S214012B9009EB030859F8033083466078059301F082
S214012BA073FC002800F0A5802278002A40F0A1805E
S214012BB04FF47A72059BABEB0300A3895343834220
S214012BC000F2978098F810303BB9E389002B00F0AB
S214012BD090805343834200F28C80FD2300220DF146
S214012BE02208CDE9013212AB0093204643460DF18F
S214012BF02102F1B2F1F76CFB00286FD1BDF822304B
S214012C00DA1C0593D2B2FDB13C4B61781B881344A4
S214012C102A79914212D161886A8891420ED1A279AD
S214012C200699B1EBD21F09D12289524506D1BB4282
S214012C3049DD0020324902F025FA01E0BB42F8DC0A
S214012C4069882879FFF730FD02F01CF9054694F9EA
S214012C500600A379C043DB0906932A4BC00F0093F5
S214012C6022890A236188C00002F070F863784FF069
S214012C70000B2B714FF48A53FF27B4F808A0EB80A2
S214012C800DF1240841465FFA8BF024F0A5FAC0B294
S214012C90A0B998F80110627891420FD1B8F80210E5
S214012CA0628891420AD12A4698F80D1098F80000D9
S214012CB024F00FF8B84228BF3846C7B20BF1010B13
S214012CC0BBF1200FDED1A08823F0DCFE9DF82100A9
S214012CD002F004F9059912A802F014F9182300224B
S214012CE0079C5C4309EB04031A742AF0CEFC49F8EE
S214012CF00400013632E700BF0E50002018500020B5
S214012D000A1C0400922804008010002070B50024DC
S214012D100126104D8AB02B88A0B2834204D80AB08F
S214012D20BDE87040FFF7DEBC05A922F01FFF9DF845
S214012D30150001F0A9FB50B19DF814303BB91A46B5
S214012D40CDE901360093E1B205A8F1F7C1FA0134E5
S214012D50E1E700BF0E5000202DE9F0430389DFF8BC
S214012D6058818BB0B8F80090009304468379828826
S214012D704188407823F014FB002800F09580E7890D
S214012D8027B1A389BB4200F291800027B8F8003032
S214012D90BDB2AB4214D84D4601264FF6FF73E28909
S214012DA09A4226D146B9B8F80030AB4202D9284635
S214012DB0FFF714FEFFF796FC00200BB0BDE8F0838A
S214012DC0284605A922F0D2FE9DF814307BB9226868
S214012DD0059B5340FF2B0AD86368069E5E4036F07B
S214012DE07F4604D1BDF81C2023899A42D5D00137ED
S214012DF0CCE7E2689A422BD0002E53D1D4E90323C4
S214012E00CDE9082305A822F0A0FE0028D5D1B8F800
S214012E100030AB4204BF6B1CA8F800302AF035FC2A
S214012E2018236B43234AE9B2D050D418002305A8CF
S214012E301A46CDE901330093F1F74AFA18B1002298
S214012E400023C4E90223284605A922F097FEB1E72C
S214012E50234605AA04F1100C17461868596808336A
S214012E6003C763453A46F7D11868386005A822F0CB
S214012E706FFE0028C0D01F2D1AD800238DF81430FD
S214012E8063788DF815306388ADF81630A388ADF8F1
S214012E901830A3798DF81A302389ADF81C30002834
S214012EA0B0D1ABE70020E6E7862086E7872084E7F7
S214012EB0892082E7801000200E5000202DE9F04F77
S214012EC0AD4A067D8DB00446AC49002002F0F4F808
S214012ED0002023F05BFE20B12368218A588803F086
S214012EE091F80020A64902F0CDF8637D23BB4FF090
S214012EF0400A08202368DFF8A4B25988A04B009343
S214012F00228A072301F022FF00230293A289F51CDF
S214012F10954215DB029B13B9184601F0DFFF23F03B
S214012F20CFFE034620B10020964A974902F0AAF840
S214012F3001200DB0BDE8F08F4FF0800A0020D9E7E0
S214012F40A068711C89B2875D23F0D9FD3A46814697
S214012F5003468E490020ADB202F094F89FB1012FCE
S214012F6000F08B804FF08508404601F0B7FF3846E9
S214012F7001F0B4FF484623F085FDB8F1850FCED0A9
S214012F800123029375E0A068311DA28989B210F869
S214012F90058023F0B4FDB11DA289049089B2A06812
S214012FA023F0ADFD424605900090049B38467849D3
S214012FB002F068F808364046B5B203F03FFA00283A
S214012FC059D1404601F032F9294603460646A28900
S214012FD0A06823F085FD6F490390384602F06CF82F
S214012FE0A168324629443B46384601F0B3FF3846CD
S214012FF0634902F047F82E44B5B223684A46598819
S2140130005879238A0093534623F0CAF918B1837876
S214013010434540F0AA80A8F148085FFA88F8B8F15D
S214013020090F06D840F2113323FA08F3DB0700F143
S2140130309F8000238DF81C30236807A85A798DF8E5
S2140130401D205B88ADF82090ADF81E30238A8DF8E0
S21401305022A0ADF82430049BADF82830059BADF8CE
S2140130602A30039B0B93FFF777FE804600287FF4F8
S2140130707BAF2E464AE70397BFE72946A289A06899
S21401308023F03DFD444902468046002001F0FAFF48
S21401309000230536BBF80020B5B2BBF800109EB27F
S2140130A0B14204D81F2A32D94FF089085CE707A934
S2140130B03046CDE9032322F059FDDDE903239DF8CF
S2140130C01C10012921D121689DF81DC0487984452D
S2140130D01BD1BDF81EC04888844516D1BDF8200016
S2140130E0484512D19DF8220050450ED1BDF824C0A6
S2140130F0208A844509D1BDF828C0E088844504D1DA
S2140131009DF82A000979884219D00133C5E70123C1
S21401311016468DF81C30236859798DF81D1059888C
S214013120ADF82090ADF81E10218A8DF822A0ADF8DA
S2140131302410E188ADF828101B798DF82A3007A8ED
S214013140ADF82C8022F001FD804600287FF40CAFFC
S214013150BBF8003030469E4208BF731C07A908BF63
S214013160ABF8003022F00AFD83E74FF08D08FBE64E
S2140131704FF08C08F8E600BF351C0400F80F040079
S21401318092280400961C04004B1B04003D1C0400FE
S2140131905A1C04007B1C0400861C04000E500020F0
S2140131A02DE9F04F074688469146002589B09A4694
S2140131B0BDF848B09DF84C60149C224B1A88A8B202
S2140131C0824235D903A922F0D1FC9DF80C201D4B73
S2140131D0B2BB9DF80D10B94232D1BDF80E10414573
S2140131E02ED1BDF8101049452AD19DF8121051452F
S2140131F026D1BDF81410594522D13046029201F06D
S21401320015F8A6F14103012B01460AD8204623F002
S2140132107CFC0D4B0D4A204484420CD104210293C0
S21401322002ACEDB232462046009503ABFFF73AFCFE
S21401323009B0BDE8F08F14F8011F4B405343EBE78C
S2140132400135BBE70E500020C59D1C81930100018E
S2140132501FB50F4C2478C4B142EA03229DF81830FA
S2140132608DF8051042EA43220A4BADF80C201A7875
S214013270094B8DF80610079903EB021300908DF8A1
S2140132800400DB6868460291984704B010BD00BF91
S2140132907B5800207D5800205838002073B51A4D01
S2140132A0FF211A4821F047FE2B7853B3184C194ECC
S2140132B02378180106EB03131A7A5968305C24F058
S2140132C017F84D281DD0E0B1237800211B01F25CD0
S2140132D00123C0B2CDE90031FFF7BAFF0A222378F5
S2140132E00A480133DBB2B3FBF2F102FB1133FF21D3
S2140132F023702B78013B2B7002B0BDE8704021F0A3
S21401330012BE02B070BD00BF7B580020F838002006
S2140133107D58002058380020F8B5104F3E780A2E08
S2140133201AD00FC8DFF840C00D4D9CF8004001369A
S21401333005EB041585E80F000A230134E4B2B4FB5B
S214013340F3F203FB12440748FF218CF800403E705D
S21401335021F0E9FD0020F8BD0120FCE77B580020A4
S21401336058380020F83800207C5800200021024AF6
S2140133700248FAF76DBD00BF9D320100F838002003
S21401338037B5134D134A2B780C461B01D25C00232C
S2140133900146CDE90033E0B20123FFF759FFA4B996
S2140133A00D490A788AB10A202B78013A0133DBB23B
S2140133B0B3FBF0F40A70FF2100FB143307482B70AF
S2140133C003B0BDE8304021F0AEBD03B030BD00BF54
S2140133D07D580020583800207B580020F8380020FF
S2140133E008B500F0BDF850B1054B064A0649052858
S2140133F018BF1A46BDE80840002001F043BE08BDCC
S21401340092280400AA1C0400CB1C040008B5032063
S21401341023F088FF10B90122014B1A7008BD00BFC6
S2140134207E5800200022024B18781A70704700BFA1
S2140134307E5800200246FF21014821F06BBD00BFE7
S21401344018390020114B37B51D78C5B9FF21104832
S21401345021F071FDFFF7DAFF044600900D4B284678
S2140134600D4A0E4901F00EFE4CB10D4B1B78DB06E2
S21401347005D5284623F030FF204622F05DF9094B9A
S214013480186803B0BDE83040FFF7D4BF7E5800206F
S21401349018390020E81C0400161D040014F6030069
S2140134A06C580020E8600020FF21014821F043BD50
S2140134B01839002070B51A4E054633780C466BB3A2
S2140134C00020184A184901F0F7FD032C01D0652C9D
S2140134D020D11649002001F0EFFD224600201449B4
S2140134E001F0D0FD0020134901F0E6FD0123294635
S2140134F00822002001F02EFD00200F4901F0C2FD38
S214013500032C88BF0023204688BF3370BDE8704077
S214013510FCF7E0B9012CE0D00849DBE770BD00BF3D
S2140135207E580020161D0400DDF90300291D040045
S21401353094000400471D0400922804003F1D040067
S214013540014B1860704700BFE86000200021024A66
S2140135500248FAF77DBC00BF453401001839002047
S214013560054B10B51C782CB90448FF2121F0DBFC73
S214013570204610BD0520FCE77E58002018390020A3
S21401358070B50024074B084E1D68E3B29D4204F156
S214013590010400D870BD054956F8230020F081FECD
S2140135A0F3E700BFD8950400DC95040024610020F1
S2140135B010B5044C23780BB123F0A4FE012323702D
S2140135C010BD00BFB16400202DE9F743254B0D4621
S2140135D016460446019350B14AB1042301AA12F8D3
S2140135E0011BA94235D0013B13F0FF03F7D121207F
S2140135F003B0BDE8F08317F8010F90FAA0F0000EB3
S21401360021F08EF8014608EB07039945F3DCCAB2B0
S214013610C1F30F2392FAA2F293FAA3F3120E1B0E32
S21401362003EB0223DB43621912F8020C99B2DBB2F8
S21401363098420CD112F8013CB3EB112F07D1324658
S2140136402146284603B0BDE8F04323F0BBBD232046
S214013650CEE74FF6FF71671EA5F10209C4F1010816
S214013660D1E700BF080A0E12F0B515468FB00E4618
S21401367007462AF0B9F8284B02A81C7823F046FE24
S21401368015F0FD0F11D123F055FA0324234B244ADC
S2140136900020CDE9004753F8243052F8252021496F
S2140136A001F0F0FC20460FB0F0BD28B9BDF8083097
S2140136B09B0701D5032D25D01DF088FDD0B109A8A3
S2140136C023F090FE0323306871688DF824300AAB2E
S2140136D003C39DF83130012D43F002038DF83130DC
S2140136E008D105A909A823F075FE60B123F022FAD6
S2140136F00224CBE7032D09D1042C04D123F01AFAB6
S2140137000024C3E72C4623F015FABFE723F012FA8C
S214013710032DBBD90324C5E77F580020707B040026
S214013720607B04004E240400014B1870704700BFF4
S21401373080580020024B1A6818608260704700BFEC
S214013740EC600020024B186800B14068704700BF6B
S214013750EC60002070B5044600250A4B1B687BB15F
S21401376000211E8807E05A6802EB0110013145B9B5
S214013770021B554255418AB29642F4D89B68EEE741
S214013780184670BDEC6000202DE9F04F1E46002360
S21401379093B0022E074688461446DDF870909DF8D1
S2140137A074A0ADF81A3040F2C08099F800305A077C
S2140137B029D5042E40F2B98099F804B000255F4B54
S2140137C033F83520002A00F0B68001350A2DF7D1EE
S2140137D0209B002B40F0AD80FF250023207908AA0E
S2140137E00DF119018DF8193023F01AF970B1BDF8F1
S2140137F02C309DF81900238023F097F90790C0B16B
S21401380013B0BDE8F08F99F802B0D7E7207922F01F
S21401381030FE0B28059000F28A80207923F096F975
S21401382007900028ECD1464A059B02EB03135B8800
S21401383023804FF6FF73002F08BF4346628800219E
S214013840CDE9002358465246238802F0E5FC18B11C
S214013850E38843F02003E380209B07A90DA8CDE968
S2140138600D34CDF83C90ADF84080ADF842608DF84F
S21401387044708DF845A023F0E6F808B10798BFE735
S214013880484602F00DFCA01D02F0F8FB2246414618
S214013890384623F01EFAB04227D3E3882246C3F304
S2140138A00E03E3809DF87C3041460393BDF87830E3
S2140138B0384602930DF11A03CDE90093F3B222F0D4
S2140138C070FB209B079003B3F8B9BDF81A2042B1EC
S2140138D0092D06D81B4B03EBC5018A80209A43F8B5
S2140138E03520112023F07FF81CE0BAF1000F0AD131
S2140138F00DF11A03CDE9006322464B464146384690
S214013900FBF7A0F8DDE73820DBE7052807D1E388D9
S214013910DB0607D5002301200793FFF705FF079B6A
S214013920002BDED023F006F9A8E7012068E7212066
S21401393066E71C2064E7EDB24FE700BF4039002080
S2140139408C3900203C3900204FF6FF72024B1A805A
S2140139505A809A80704700BF1050002010B5044C62
S2140139602079FF2802D123F0FBFC207110BD00BF97
S2140139701050002010B50C4C2379FF2B08D10020E5
S21401398023F0D3F820B923F0EBFC207123F0D2F812
S2140139902079022805D00438012894BF0020012090
S2140139A010BD0020FCE700BF105000204FF6FF734B
S2140139B010B5044C2088984202D123F0C7FC208021
S2140139C010BD00BF1050002010B5FFF7BDFF40F638
S2140139D01D439842044607D8B0F5416F05D2182812
S2140139E026D8152848D829D010BDA0F541630D2B3F
S2140139F0FAD801A252F823F03D3A01003D3A0100FF
S214013A00E9390100E9390100E9390100E939010024
S214013A10E9390100E93901008D3A01009F3A0100B8
S214013A20393A0100393A0100393A0100393A0100C0
S214013A3040F606439842D7D11C4920E0FFF7B6FF6F
S214013A401B490246002001F01DFB152C05D123F071
S214013A5067FCBDE8104022F0FFBF164B164A174917
S214013A60B4F5416F18BF1A46002001F00BFB22F097
S214013A70F2FF22F0F1FFECE71628DDD11049002015
S214013A8001F000FBBDE8104023F00BB922F070FBFB
S214013A90BDE8104002460B49002001F0F3BA0020B1
S214013AA0BDE81040084901F0EDBA00BF72250400D8
S214013AB01F2504001A250400922804003B25040053
S214013AC05B25040087250400AF25040007B5094AD5
S214013AD00346108831B9084A084903B05DF804EB7B
S214013AE001F0EABA0091064A064901F0E5FA03B088
S214013AF05DF804FB285000204BF30300CF2504009B
S214013B00EFF3030014F603000D4B37B51B680446AC
S214013B1093B11D780389012D08BF02250093C37A4E
S214013B20084A0020084901F0ADFA2146284603B0AC
S214013B30BDE8304023F0CCBB022003B030BD00BF4F
S214013B40583A002044260400F3250400002010B54E
S214013B5022F0EBFF0D4B1B6863B15A78052A03D898
S214013B6062B1052402220AE0FF2AFAD000200849A1
S214013B7001F088FABDE8104022F0DCBF144610467A
S214013B8023F002FC204623F0FDFBF3E7583A002021
S214013B904926040013B5134C002022F0C6FFFFF798
S214013BA0D3FE23689BB101A822F0D5FA78B9236821
S214013BB01A789DF804309A4209D0D91E032906D9ED
S214013BC0D11E012903D9012A07D1022B05D10323CE
S214013BD001A8ADF8043023F081FB02B0BDE8104027
S214013BE022F0A8BF583A002000231946034A0133A1
S214013BF00A2B918042F8081BF9D170473C39002006
S214013C007FB50E46054623F06BFB2A46044603465F
S214013C100C49002001F036FA8EB10B4A03AB11882D
S214013C209278ADF80C109A700322362100924FF666
S214013C30FC7000228DF80D5023F093FA04462046BE
S214013C4004B070BD6A260400DC7B0400FF2810B5B2
S214013C500C4604D10020044901F014FAFE20214646
S214013C60BDE81040FFF7CCBF83260400F8B51E461A
S214013C700B8807460C461546002B64D14A88B1F9D5
S214013C80021000200029B8BF6B78304901F0FAF91C
S214013C906288132A1DD002F5FF437F339BB2052BA2
S214013CA023D8A2F50042013A052A1ED8DFE802F021
S214013CB0193F1D033C09264A2649002001F0E2F976
S214013CC013E0254A2349002001F0F6F92A79234911
S214013CD0F3E7022E94BF4FF6FF72B5F80120204994
S214013CE0EBE700201F4901F0CDF933462A4621466D
S214013CF0384624F05EFA70B933462A4621463846DD
S214013D0024F059FA48F2210362889A4203D13846D0
S214013D10697822F08EFE6388B3F5004F02D9082039
S214013D2022F0A0FE0120F8BD2A790F49C5E70F4A07
S214013D300849002001F0C0F9032E94BF4FF6FF7228
S214013D406A880B49B9E70020EDE700BFBE260400EC
S214013D50E6260400ED260400FE26040004270400DF
S214013D60122704002A2704004427040066270400BB
S214013D706B2704002DE9F04116888AB0DFF88C80A5
S214013D80ADF80E300DF10E03C8F80020154600936D
S214013D90324610AB07460C46FAF7E4FE90BB109B82
S214013DA08DF824000693BDF80E3004A8ADF81C303B
S214013DB0AB898DF81070ADF820306B890594ADF89D
S214013DC01E60ADF8223022F03CFED8B921463046BE
S214013DD0BDF80E30109A01F0B3FE98B92146304670
S214013DE0BDF80E30109AFFF741FF58B9CDE90060D3
S214013DF039462046BDF80E30109A02F033FA08B95B
S214013E00C8F800000AB0BDE8F08100BF38390020CC
S214013E10F0B585B004AB03E9030000231C469DF80A
S214013E200D609DF80E70154AD9B202EBC1004568C7
S214013E30EDB99DF80C30284600939DF80A209DF8B0
S214013E400B300F4901F038F926B1324628460D49A4
S214013E5001F032F90C4A0020002C18BF2246BDF8AA
S214013E6008300A4905B0BDE8F04001F00BB912F878
S214013E7031100133B94208BF2C46D5E7847B0400D4
S214013E807D2704008E270400BAF20300922704005F
S214013E904FF6FF7310B5074C88B06088984207D17B
S214013EA002A90DF1070022F054F9BDF81000608058
S214013EB008B010BD105000202DE9F04F85B089469E
S214013EC092461C460746BDF83850BDF83C80109E09
S214013ED0002833D00346464A0020464901F0ECF854
S214013EE02388002B76D040F20912934274D0424ABE
S214013EF04249B3F5827F08BF0A46CDF8048061883F
S214013F00002000913E4901F0D7F8238893B1B8F11B
S214013F10020F0FD933783B4913F0010F3A4A18BF05
S214013F200A4659074FF000004CBF3379B37837493A
S214013F3001F0C2F80020364901F0A4F80023354903
S214013F4031F83320AA4249D1334A52F833B000231C
S214013F5031F83300DA00A84246D100202E490A443F
S214013F60908041F8330047B9238833B9B4F9023059
S214013F70002B02DB082022F036FD012022F072FD24
S214013F809EB13578EB0710D515F0040004D04246F3
S214013F900121304622F0B3FDCDE9017043462246A9
S214013FA051464846009622F0C1FABBF1000F06D0F2
S214013FB04346224651464846CDE90067D847434620
S214013FC0224651464846CDE9006721F0C8FF05B0B4
S214013FD0BDE8F08F114A90E7114A8EE701330A2BAC
S214013FE0AED14FF0000BB2E701330A2BB0D1BAE7DE
S214013FF05AEA0300B9270400BBF20300A72704000E
S214014000C7270400AA270400B2270400F8270400E3
S21401401092280400403900203C390020A0270400E3
S214014020A4270400014B1878704700BF8158002070
S214014030014B1878704700BF81580020014B18705B
S214014040704700BF81580020F8B506460C4622F09E
S214014050E5FC0546C8B9304622F00BFA0B2815D800
S2140140600B4B03EB00131F7B87B95A880121228073
S2140140709A88304662809B79237100F037FA394678
S2140140806071304600F032FAA07101252846F8BD6D
S2140140908C39002070B504460E46154622F0E9F923
S2140140A00B2802D94FF6FF7070BD094B03EB0013C6
S2140140B01A7B002AF6D146B901222946204600F08D
S2140140C03DFA0028EED00088EEE7012EEAD1F4E7AB
S2140140D08C390020FF2313B50DF1070104468DF836
S2140140E0073022F099FC18B19DF8070002B010BD08
S2140140F0074B03EB04131B7B0BB1FF20F6E72046AF
S21401410000F03AF90028F8D0204600F0E9F9EDE78A
S2140141108C39002013B5F6F76BFE0446F6F76EFEF3
S214014120224603461249002000F0ACFF00F002FFD1
S214014130FFF75AFD00F0A6F80221084602F0F2FC4D
S214014140FFF704FD41F2490023F038F94FF0FF1361
S2140141500093FF2368468DF8043023F00DF94FF4E1
S214014160004023F0EBF8002023F008F902B010BD60
S2140141704728040038B5054622F070FC90B9284659
S21401418023F028F8044628B140F60443984214BFA9
S21401419088248D2423462A460020034900F072FF16
S2140141A0204638BD8D24FBE75F2804002DE9FF4734
S2140141B005460E4617469846BDF83090DDF834A001
S2140141C0BDF83840CDF80090CDE9014AE4B2FFF7DA
S2140141D073FE43463A4631462846CDE90094CDF86B
S2140141E008A023F0AFFFFF21034B044A044804B0A4
S2140141F0BDE8F04700F098BD1C5000201850002084
S214014200A6590020044B01461888102240F0404071
S21401421040F48010F7F7FCBBD6780400024B186810
S2140142205968FFF7F5BD00BFBEBA04000123064A70
S214014230D15C814202D1054AD05C704702335F2BC4
S214014240F6D10020704700BFDE7B0400DF7B040050
S21401425070B500220446094B1D78094BD0B2854241
S21401426001D8FF2070BD1E78A64204D10029F9D0DE
S2140142705E7BF607F6D401321033EFE78258002052
S2140142808C3900202DE9F04198B06B46304A106811
S214014290516803C390680CAA18602E4B14469C46BE
S2140142A003F11806154618685968083303C5B34262
S2140142B02A46F7D112AA1746274B03F118061546C8
S2140142C018685968083303C5B3422A46F7D1234A0A
S2140142D003AB106851684FF0010E03C39068716814
S2140142E01860DCF83000002206AB03C30C21EC4654
S2140142F0B068CDE909221860194BDFF86C80197097
S214014300184B0DEB01060B9206AD09A91CF8010B23
S2140143100132187034F8020B0C2A588037F8020B59
S21401432083F80DE0988016F8010B03F1100303F8EB
S2140143300A0C15F8010B08EBC00043F8080C11F83D
S214014340010B03F8040CE1D118B0BDE8F08100BF01
S21401435079280400067E04001E7E040086280400D8
S214014360825800208C390020487C0400014B1878C4
S214014370704700BF82580020034B03EB0013587BA5
S21401438000F00100704700BF8C390020F0B50446EC
S2140143900846D9B100220E4B11461F780D4B1D461B
S2140143A0D6B2B74201D8002010E01E78A64206D049
S2140143B09E68F688314489B201321033F0E75E7B9D
S2140143C0F607F9D505EB02150180A868F0BD00BF18
S2140143D0825800208C3900202DE9F3478946904603
S2140143E01D46074618B9002002B0BDE8F08700292F
S2140143F0F9D0002AF7D0002BF5D0002400780DF173
S2140144000601ADF80640FFF7C1FF0028EBD039469C
S2140144100DF10602BDF8066021F036FF07460028BA
S214014420E1D00DF10602BDF806A021F054FF0028E8
S214014430D9D0C9F80070C8F80000037913F020023B
S21401444019D1DB0614D4BDF806300C4A564413FACB
S21401445086F612FA86F20BE01A790C33920642BF00
S21401446013F8092C891889B29842F5D8044A0A44E7
S21401447001202A60B8E72146024BF5E7A55900203E
S21401448083580020987D040008B50021FFF7E0FE60
S214014490FF2817BF044B084603EB0013587B18BFD1
S2140144A000F0010008BD00BF8C3900202DE9F04165
S2140144B00D4616461F4621F0DCFF0B280AD8074C8E
S2140144C03B4604EB001032462946BDE8F0418068C1
S2140144D021F0A9BF0020BDE8F08100BF8C39002083
S2140144E0014B0001185C70478C39002070B50C46F2
S2140144F021F0BFFF0B281BD80F4B03EB00139A6864
S214014500C2B10023142618461579D9B28D4200D8B7
S21401451070BD116806FB0311097B34B111F0400F21
S2140145201CBF0130C0B20133EFE711F0800FF7E78F
S2140145300020EDE71046EBE78C390020F8B50D4674
S214014540164621F096FF0B280BD80F4B4FF0140C94
S21401455003EB00139A6800231C461779D9B28F42E1
S21401456001D80020F8BD10680CFB0300017B46B1A2
S21401457011F0400F03D0AC42F4D00134E4B2013361
S214014580ECE711F0800FF5E78C3900202DE9F04FAC
S21401459006460024384B87B01B78DFF8E08000938E
S2140145A0009B9C4207D2FF2E08D0304621F061FFC7
S2140145B00B28044606D907B0BDE8F08F08EB0413B4
S2140145C01B7B1BBB23014FF00009019308EB041A68
S2140145D012E014221B6802FB05352B89B3F5967F82
S2140145E001D929F066F800274FF00C0B2989BAB2D9
S2140145F091420ED809F10109019B5FFA89F54344FE
S2140146009B681A79AA42E4D8FF2ED4D10134E4B2C9
S214014610C6E7BAB20BFB02F26B689918087910F07C
S214014620100F22D19AF800E09A5A8DF80CE0B5F8EE
S21401463000E010F0400F4FF00003ADF80EE00CBFA5
S2140146404FF0400E4FF0800EADF814304307ADF832
S21401465012208DF810E0CA7809D5022A896800D997
S2140146600968002203A821F0B3FE0137BEE7022A3B
S2140146708CBF89680831F4E7825800208C39002005
S214014680052370B5094A06881488B44208D195787E
S214014690047B2C403F2C03D90D4201D0506870BDDD
S2140146A0013B02F10802EFD11846F8E7BC7D040091
S2140146B070B50024074D084E2B78E0B2834200D82F
S2140146C070BD06EB0010437BDB0701D521F0B0FF80
S2140146D00134F1E7825800208C390020F8B50C46E9
S2140146E000210646FFF7B4FDFF2828D0154D01012D
S2140146F005EB00135B7B03F001025CB143F00103A1
S2140147000D44A2426B7303D0BCB1284621F090FF42
S2140147100120F8BD2346F3E77B4311683046CA18EB
S21401472092F90C20C95AD20F21F01EFC0134AA6856
S214014730E3B211799942EFD8EAE71427F7E708467A
S214014740E7E700BF8C3900202DE9F04F0024B1F5D2
S2140147507C4F0E4638BF4FF0010BA246A1464FF6DE
S214014760FF781F4628BF274B85B028BFB3F800B097
S214014770009001925C4503D3404605B0BDE8F08F3A
S214014780B6F57C4F0CD3204B3A4603EB84033146F7
S2140147905B880098FFF78AFE054680B300232AE06F
S2140147A03A463146009821F094FEF5E70C229CB279
S2140147B054436A680199105B02EB040C884219D3D2
S2140147C0B9F1000F01D0504514D861462846CDE90D
S2140147D0023221F032FD029B60B1039A125BB9F1FD
S2140147E0000F03D0524501D3804503D99246804637
S2140147F04FF0010901332A899CB2A242D6D801346E
S214014800A4B2B7E73E7C0400407C04002DE9F04FDB
S21401481091461A4600238BB08DF82020BDF8502013
S2140148208DF81C00ADF81E10ADF8242005460F4685
S2140148301A4604A907A8159C9DF858609DF85CA027
S2140148409DF860B09DF864800493ADF8229021F045
S21401485073FD049850B92B46CDE90079644A654941
S21401486000F010FC86200BB0BDE8F08FBAF1000F07
S21401487014D18378B34206D050465D4A5E4900F0B3
S21401488001FC8D20EFE7037913F0010306D11846EA
S214014890574A5A4900F0F6FB8820E4E703795B079C
S2140148A02CD583685A689B6805920693807822F017
S2140148B0C8FA049B0546DF782146022F03463A468E
S2140148C010D805A822F079FA81462B463A462146A9
S2140148D006A822F072FAB9F1010F01D001300DD10C
S2140148E08720C0E7059822F068FA0128F8D02B4601
S2140148F03A462146069822F060FAEFE7BBF1000F30
S2140149006FD1049F4FF6FF722146B87821F035FC2F
S21401491000286BD0BDF82430C5B20093CDE902540F
S2140149209DF82030BDF82220BDF81E109DF81C0011
S214014930019622F080F8002895D1BDF82430CDE903
S21401494002540093BDF822209DF82030BDF81E10B9
S2140149509DF81C00019621F045FE002883D12146D2
S2140149609DF8682007A821F033FD00287FF47BAF6F
S214014970B8F1000F07D03B462046BDF81E209DF833
S2140149801C1021F0B6FDBDF82430BDF82220BDF87C
S2140149901E109DF81C000093CDE901649DF820309F
S2140149A0FEF7FEFBBDF82430BDF82220BDF81E1030
S2140149B09DF81C000093CDE902549DF82030019625
S2140149C022F038F8BDF82430BDF822200093BDF857
S2140149D01E109DF820309DF81C0021F0DBFD002004
S2140149E041E70020064900F04DFBF8E701203AE7D1
S2140149F0932804009F280400CB280400DF28040025
S214014A00F32804007FB500258DF80830BDF8203066
S214014A108DF80400ADF80610ADF80A20ADF80C309C
S214014A206946BDF82830099A01A80B9E009521F029
S214014A3083FC044630B916B1009B9B783370204640
S214014A4004B070BD8928FAD12846024900F01AFB45
S214014A50F5E700BF102904002DE9F04F4FF0000ADA
S214014A60C7B0FFF783FC5FFA8AF6B04202D847B0B8
S214014A70BDE8F08F5B4B36019A5D00205A4900F085
S214014A8001FB0020594900F0FDFA00230593554B20
S214014A909DF8144033449B681A79A24202D80AF161
S214014AA0010ADEE714224FF000091B6802FB0434FA
S214014AB022891FFA89F39A4202D8059B0133E5E75A
S214014AC00C231FFA89F803FB08F8D4F804B028F081
S214014AD0F0FD0BEB08052B79454913F0400F3BF829
S214014AE0083022884FF000000093424B18BF0B4657
S214014AF0414900F0E1FA2946204621F09EFB07468F
S214014B0000283CD13D4900F0D7FA2979DFF814C1D5
S214014B1011F0010F3A4808BF604611F0020FAA785B
S214014B20EB7832D1DFF800C111F0100F354918BF0C
S214014B306146CDE900010020334900F0BDFA294B5A
S214014B403BF80820985D2B794FF0000B13F0400FCF
S214014B504FF0FD030DF118082188CDE9023BCDE9A0
S214014B6000780CBF40238023FFF74CFF86280ED128
S214014B702649002000F086FA09F1010998E7024665
S214014B802349002000F098FABFE72249D1E7A87828
S214014B9021F045FBD8B1404621F0B7FF421C92B246
S214014BA001234146002000F0D5F93946208801F05E
S214014BB00BFA4FF6FF73984207D0174B174903EBD2
S214014BC0C0035A68002000F05DFA1549D1E7A878BD
S214014BD021F02BFB20B1404621F09CFF821CDEE732
S214014BE0EA78DDE78C390020622904007029040088
S214014BF03A2904003F290400B0290400481A040099
S214014C00442904004A290400C4290400E0290400B8
S214014C10812E040052290400807E04001FFA03003E
S214014C2092280400472904005A2904002DE9F04F70
S214014C30C7B0BDF844A10646BAF1040F0D461446A6
S214014C401F46BDF840B163D9CDE9013B00920B4642
S214014C5002463049002000F015FAFD230DF1170930
S214014C600DF118083046029322463B462946CDE907
S214014C7000B8CDF80C90FFF7C5FE0646B8B9FD2280
S214014C80414699F8000021F078FA0746C0B1AAF12A
S214014C900403834238BF8926204621F0F3FE8EB1F5
S214014CA0304600F01BF9304647B0BDE8F08F009063
S214014CB023462A460020184900F0E4F90027EBE7CE
S214014CC08926E9E7DFF85CA0BA1CBAF80030C3F120
S214014CD0FF039A4219DA304600F000F999F800000D
S214014CE000F0FCF8BAF800900C483A4641464844B1
S214014CF0B94404F0C1FFAAF8009023462A4630467C
S214014D000749009700F0BEF9CDE7892000F0E6F8E4
S214014D108926C8E7EC290400272A0400A6590020A2
S214014D204E2A04001850002010B5044C2060044898
S214014D30018004490A60044A136010BD543A0020F9
S214014D4016500020503A00204C3A002030B587B06B
S214014D500AAC0D4654F8041B0093CDE90114134622
S214014D6009490246094809880068059421F086FD2C
S214014D704FF48A52064B1B681880064B1B685D80F1
S214014D80DA8007B030BD00BF16500020543A00202C
S214014D90503A00204C3A002008B410B587B009AB51
S214014DA00C4653F8041B0092CDE9011302460B4949
S214014DB00B48059309880023006821F05FFD4FF436
S214014DC08A52084B1B681880074B1B685C80DA8088
S214014DD007B0BDE8104001B0704700BF1650002074
S214014DE0543A0020503A00204C3A0020044A034628
S214014DF011680448044A09881268006821F065B8F9
S214014E00503A00204C3A0020543A0020044B054A00
S214014E101B6812681988044B186820F0C9BF00BFC8
S214014E20503A0020543A00204C3A002007B5074B70
S214014E301B681B880192064A12680092054A12688E
S214014E4021F017F803B05DF804FB00BF503A0020CC
S214014E50543A00204C3A00201FB51446064A126800
S214014E601288CDE901430091044B05491B68096886
S214014E7020F0DBFF04B010BD503A0020543A002069
S214014E804C3A0020014B1868704700BF4C3A00208E
S214014E90024B1B6818715971704700BF4C3A0020CD
S214014EA010B50024084B1C70FEF780FD074BFF224F
S214014EB018802146064804F041FD064B1C80064B2F
S214014EC01C605C609C6010BDB05A00201A50002027
S214014ED0A6590020185000201C50002007490B88B6
S214014EE0FE2B9FBF064AD054581C80B29DBF088037
S214014EF000F1FF3080180020704700BF18500020D6
S214014F00A6590020F8B5094F0D463B885C18FE2CC3
S214014F100ADC074E0A46A4B20146F01804F0B8FBB4
S214014F203C80641BA019F8BD0020FCE71850002047
S214014F30A6590020024B034A00201A60704700BFA2
S214014F40583A0020447C0400014B1878704700BF93
S214014F508C39002030B4044C044D002B18BF254674
S214014F602B4630BC21F0FABD212B04004AEB03008E
S214014F7070B5054608460C4621F0C7FD611C024681
S214014F80024B2846BDE8704021F0E8BDC43104005C
S214014F9000B5037889B0069343783E22059383785B
S214014FA008490493C37803930379029343790193E1
S214014FB083790093C3790448008800F07DF809B02E
S214014FC05DF804FB7C2A040028500020024B0246B0
S214014FD00249188800F056B82850002074F10300E2
S214014FE02DE9F84305460F4690460024DFF84C901D
S214014FF00E4EAC4201D1BDE8F883B9F8000007EBCC
S214015000C40108220A4B21F0A9FD0134B9F80000B9
S214015010B8F1000F07D1074AA54208BF3246064934
S21401502000F04AF8E5E73246F9E700BF41DE030043
S214015030212B04009228040073F10300285000205D
S21401504070B50D4E0446308821F0A0FD90B10025C4
S214015050E3070AD518B90949308800F02DF83088D9
S2140150602A46074900F028F8002001351B2D4FEA93
S2140150705404EDD170BD00BF28500020C4270400A1
S214015080B23204000EB417B505A9044651F8040B54
S214015090019103F0AFFA01210220054AF9F7B8F9A8
S2140150A0044B1C8003B0BDE8104003B0704700BF3E
S2140150B092280400285000200EB417B505A904460E
S2140150C051F8040B019103F095FA034B1C8003B0D1
S2140150D0BDE8104003B070472850002013B50368A0
S2140150E00446587900F040FF90B923685A88032A8D
S2140150F00ED0E17C5B79CDE900211649164AFFF70F
S214015100C1FF0121204621F0E1FD012002B010BDC2
S214015110637D012B0AD0637D33B92368228A5988BF
S214015120587921F0B2F948B9C3200AE02368228AE7
S2140151305988587921F0B2F90028ECD0204621F0A0
S21401514027FD064B1B78002BDFD110F5807FDCD0C6
S214015150C1B2D7E7A92A0400A12A0400A75A002051
S214015160002938B50E491D460E4B14460CBF6E225B
S2140151707922002808BF0B4600200B49FFF79CFF49
S2140151802544AC4205D1BDE8384000200749FFF769
S21401519079BF002014F8012B0549FFF78DFFF0E7D2
S2140151A0E22A0400D82A0400EB2A0400AF0E040009
S2140151B01F2B04002DE9F04FC27C8BB00592427D77
S2140151C00368002A14BF8022402290F814900446F7
S2140151D08668858958794F46B3F80280069200F0B2
S2140151E0C3FEA0B9059B052B05D86FF02D03059AC4
S2140151F01341DB070BD5B8F1030F08D0AA490020ED
S214015200FFF740FF0121204621F060FD76E0E07BBC
S21401521018B1238A002B00F0B7810023DFF894B27F
S2140152208000ABF80030637DB3FA83F35B0940EA94
S214015230C30000F0FC00FFF751FEE37B1BB3208A9E
S21401524021F020FC8246A07CFFF748FE059A162A2C
S21401525000F29A81DFE812F019009E016B005600F9
S214015260D1016B009201DA019A01E301EC01F5012B
S21401527038010C029801980198012002660220026A
S214015280800238010C029A46DDE700204346874A31
S2140152908749FFF7F7FE0120FFF720FE07F1020915
S2140152A0A94529D839462A46304621F028FC074622
S2140152B023683A465879BBF800304146C3F1FF03EC
S2140152C09BB20193238A0093069B22F075FF10B1CF
S2140152D01FFA89F7E2E723683A465879BBF80030A7
S2140152E04146C3F1FF039BB20193238A0093069BB9
S2140152F0FFF79CFC8928EBD121F0E2FC01200BB0E2
S214015300BDE8F08F4FF0000B0420FFF7E7FDEB1E22
S2140153100893089B9F424DD3BBF1000FECD1E37B72
S214015320277D002B0CBF02220422624B1A804FF00D
S214015330000A0420FFF7D2FDD14607F1030B5D45B5
S21401534040F29C802A463946304621F0D8FBF319B4
S2140153509B78EA1EB344D21B07905946184692B270
S214015360099320F00AFF0890002878D02268099B4C
S2140153705079CDE901B3238A41460093DDE906322F
S21401538021F00AFA834642460020079B4A49FFF766
S21401539093FEBBF1000F52D10AF1010A5846474964
S2140153A05FFA8AFAFFF76EFE089B033713FA87F750
S2140153B0BFB2C2E72A463946304621F0A0FBF319B0
S2140153C093F80290089BF91CDA1B3144824692B28C
S2140153D04846099120F0D1FE079068B323680999E1
S2140153E05879CDF808900191238A52460093414698
S2140153F0069B21F021FA8146C0B10BF10103484614
S2140154005FFA83FBFFF76AFD504621F03BFB5346EC
S214015410424600202849FFF735FE4A460020284923
S214015420FFF730FEB9F1800F3FF476AF079B0337E5
S21401543013FA87F7BFB26CE74FF08009DDE75846ED
S214015440FFF74CFD079821F01DFB09F101095A46AB
S21401545000201B495FFA89F9FFF714FEA4E78720AD
S214015460FFF73CFD079821F00DFB09F101098722A2
S214015470134908985FFA89F9FFF704FE059B052B87
S2140154803FF43CAFB9F1000F7FF436AFBAF1000F2D
S21401549005D10C495046FFF7F5FD8021B3E6484695
S2140154A0FFF71CFD28E700BF08E203002C2B0400D1
S2140154B0792B040018500020362B0400792A0400AA
S2140154C0522B04005C2B04000599B14AB14B002015
S2140154D0152918BF1346CDF80080AF4AAF49FFF72C
S2140154E0D1FD059B0C2B14BF16200D20FFF7F6FCF3
S2140154F02A464946304621F002FB059BB1440C2B57
S214015500054699F8026035D1192E28BF1926E37B86
S214015510B3B14FF6FF73278A9F4211D120682A46FE
S2140155204146069B4079FFF70FF9B84208D0BAF119
S214015530000F05D020828AF80000000A8AF80100D0
S2140155400020BBF80070FFF7C9FC23682A4658798B
S214015550059B4146A3F1150CDCF1000343EB0C035C
S214015560CDE90163238A0093069B21F089F88C4BD1
S214015570D855C1E6132E28BF1326C8E72046FDF7E7
S2140155809DFC00287FF4BAAE81213CE62046FDF75B
S21401559051F9F6E7B8F10A0F06EB0907A5EB090A78
S2140155A020D1DFF800B29BF80030DBB1E37BCBB94A
S2140155B0BAF1080F16D12A464946304621F09FFA1D
S2140155C080B9BB7873B9FA78E22A0BD12A4609F179
S2140155D004013046059321F08FFA21F05CFB059B10
S2140155E08BF80030394640461FFA8AF222F0E6FD73
S2140155F000287FF483AE002105E6A5EB09024046AC
S21401560092B206EB090121F037FAF1E7A5EB0902A0
S214015610404692B206EB090121F0EFF9E8E7A5EB67
S2140156200902404692B206EB090121F012FADFE7C1
S214015630A5EB0902404692B206EB090122F0C0FD35
S214015640D6E7236816F809505879238A09F1010923
S21401565016F809600193069B2A4641460093334695
S21401566020F048FF32462946404621F0C8F945E673
S214015670059809F1010216F80910AB1AA0F11605F2
S214015680684268410039009018BF012140469BB22C
S214015690324421F0B6F9ABE7059B16F80950112BF9
S2140156A0B14499F8017038D11220FFF717FC002693
S2140156B0E37BB3B14FF6FF73B4F81090994510D160
S2140156C02B4642462146304620F0D5FF484508D0B5
S2140156D0BAF1000F05D020828AF80000000A8AF885
S2140156E00100BBF80090DFF8B8A0C9F1FE0292B243
S2140156F009F1010300925344424621463046CDE962
S2140157000257CDF804B020F0B9FFBBF800300AF814
S21401571009000133ABF80030EEE51420FFF7DEFB9D
S2140157200126C5E709F101039D422FD316F809703A
S2140157301E44003F18BF0127EB1A9DB22B46324686
S21401574039460020FFF70CFD009533463A464046A1
S214015750218A21F05AF94BE709F101039D4215D33D
S21401576016F80970ED1A003F18BF01271E44ADB2A6
S2140157702B46324639460120FFF7F2FC00953346A8
S2140157803A464046218A21F03EF931E70020B6E547
S21401579092280400272B04006D2B0400772B0400AD
S2140157A0A6590020A55A002038B54FF6FB750446C9
S2140157B0A9424FF001019DF8100098BF43F4004341
S2140157C0217023816260A07202230020084A0949E1
S2140157D0FFF758FCE07A084B40F6CA0203EB40108C
S2140157E0FF211FF097FBBDE83840042021F0FBB8ED
S2140157F0872B0400922B04009C3A002030B5054606
S21401580085B028B91D4905B0BDE83040FFF73ABC60
S2140158100024007B21F089F92046194A19492C7089
S214015820FFF730FC184BE87AFF2103EB40101FF01E
S21401583082FB2046154B02019A5C22B901300428EE
S214015840F9D121F00FF9696899B1B5F908302A89BB
S2140158509B1303F002038DF80430C2F30E03ADF878
S21401586006304FF6FF73ADF80830002301A8039306
S214015870884705B0BDE8304021F05CB9BD2B040077
S214015880872B0400EF2B04009C3A00205C3A002092
S2140158900948037873B91946084AD3720133042BB1
S2140158A01173117051601181917202F11002F4D1DD
S2140158B001230370704700BFA65A00205C3A0020FF
S2140158C008B5FFF7E5FF002305491A018A5C01EBDD
S2140158D003101AB10133042BF7D1002008BD00BF15
S2140158E05C3A002070B50D460646FFF7D1FF00234F
S2140158F0094800EB0514A17AB14205D1217819B106
S2140159002B4400EB031070BD0133042B04F110048B
S214015910F1D10020F7E700BF5C3A002010B504463D
S214015920FFF7B6FF0E4B9C4212D003F120029442C1
S21401593010D003F1400294420ED060339C420DD148
S2140159400323084800EB0310BDE81040FFF756BFDD
S2140159500023F6E70123F4E70223F2E70020F3E74A
S2140159609C3A00205C3A002038B50024054D2846B4
S2140159700021054A0134F8F76BFA042C05F12005DD
S214015980F5D138BD9C3A00201D5901002DE9F3419F
S21401599005460C4617469846FFF792FF064640B95D
S2140159A01C4A1D49FFF76EFB0224204602B0BDE8E3
S2140159B0F0814FF6FB739D420AD94FF6FD739D4267
S2140159C004D00020134A1549FFF75CFB4FF6FD751E
S2140159D0434621463A46284621F045F9044600F05A
S2140159E025FE804634B1234600200A4A0C49FFF7BB
S2140159F049FBDAE73B462046064A0A49FFF742FBDF
S214015A00062329463046089ACDF80080FFF7CCFEDB
S214015A10CBE700BF872B0400FC2B0400262C0400D8
S214015A205B2C0400842C0400F7B506460C4617468A
S214015A30FFF746FF054638B9104A1149FFF722FB22
S214015A400224204603B0F0BD21464FF48A52304668
S214015A5021F0CEFA044600F0E9FD34B123460020D9
S214015A60064A0849FFF70EFBEBE7009004233A4687
S214015A7031462846FFF798FEE3E700BF872B040070
S214015A80FC2B0400AC2C0400F7B506460F46FFF7C6
S214015A9017FF054638B9104A1049FFF7F3FA0224F2
S214015AA0204603B0F0BD002240231146304621F0C7
S214015AB07FFC044621F07AFC34B123460020064AD6
S214015AC00749FFF7DFFAEBE7009001233A46314634
S214015AD02846FFF769FEE3E7872B0400FC2B04004A
S214015AE0DF2C040073B504460E46FFF7E9FE0546B3
S214015AF038B9104A1049FFF7C5FA0224204602B009
S214015B0070BD00222046114621F054FC044621F0C7
S214015B104DFC34B123460020064A0849FFF7B2FA85
S214015B20ECE70090234632464FF6FC712846FFF715
S214015B303BFEE3E7872B0400FC2B04000D2D04003D
S214015B402DE9F0418846107800219EB014461D4686
S214015B50FFF7C8FE0646002800F0FD800778002FF4
S214015B607BD0B8F80010002940F0F5800389B8F81A
S214015B70022043F40040824240F0ED806178002923
S214015B806BD1A2F50042062A00F2E580DFE812F0AA
S214015B90A100A100E300E3000700B8006900E38864
S214015BA00D3DADF82430238915F00105ADF82630FA
S214015BB063798DF82830E37A03F1060214F812208F
S214015BC08DF814308DF81C2042D10BA98E46069113
S214015BD004F10C005FFA85FC9C4500F1020009D235
S214015BE010F8018C10F802CC01350CEB082C2EF8BD
S214015BF002CBEFE701EB43011A440891D2B25900F8
S214015C0001F10D009A42C0B20BD025186D78205CC8
S214015C107831694400EB0520013321F84C0CDBB2E6
S214015C20EDE7B6F908203389002AACBF012203222A
S214015C30C3F30E038DF808206288ADF80A3005AB71
S214015C40ADF80C20049302A9304620F0F7FF04E0DB
S214015C50424A43490020FFF715FA38461EB0BDE810
S214015C60F081042D02D83D4A3E49F3E72379053DEC
S214015C70ADB29D4202D0394A3B49EBE7B4F8028007
S214015C803A4A3B4B0020002D08BF13463949334A98
S214015C90CDF80080FFF7F6F905348DF814503389F6
S214015CA0B6F9082006947DB1002AACBF0122032272
S214015CB0C3F30E038DF82C20ADF82E30ADF83080EE
S214015CC005AB0D930BA9BFE7002AACBF0622052240
S214015CD0EEE70B2DC7D9D4F80200D4F8061013F45A
S214015CE0004F05AA03C20CBF042203228DF82C2004
S214015CF06289C3F30E03ADF83020ADF82E30DFE72E
S214015D00042DB0D96388ADF8303023790533DBB282
S214015D109D4206D00020114A17490095FFF7B2F9B7
S214015D209BE70E4A00201549FFF7ACF9B6F90820A3
S214015D303389002AACBF01220322C3F30E03ADF858
S214015D402E3005AB0D93631D069323798DF82C2019
S214015D508DF81430B6E700277FE700BF872B0400D5
S214015D603A2D0400622D0400762D0400C6E90300D6
S214015D70922804009D2D0400BA2D0400FB2D04007A
S214015D80304BF0B5B0FBF3F24FF4616503FB120044
S214015D90B0FBF5F3DCB205FB13033C25B3FBF5F3CF
S214015DA0DBB2A0EB04104B71C3EB0313A0EB830033
S214015DB04FF4FA630B8040F201134B8001230C7100
S214015DC01F4600246425204E8871944200D1F0BD00
S214015DD088780BB102282ED006EB000C1CF801ECDB
S214015DE091F803C0F44505BF4FF0010C01300CF1EA
S214015DF0010CC0B214BF5FFA8CFC88700D2881F8C4
S214015E0003C016D10B888F7001339BB298070B80A5
S214015E1014D1B3FBF5F005FB103080B280B94FF416
S214015E20C870B3FBF0FC00FB1C339BB2B3FA83F3E0
S214015E305B090134C9E74FF01D0ED1E70023F8E7EF
S214015E400123F6E780510100427E040010B50446A6
S214015E5088B006A9FFF794FF9DF81E300A48039301
S214015E609DF81D30049402939DF81C309DF81A206D
S214015E700193BDF818300549009300889DF81B3042
S214015E80FFF700F908B010BD28500020142E0400BA
S214015E90026808B51188154B1980518859805179C7
S214015EA01971117959714FF48A51D980D28812F03B
S214015EB0200F0CBF0A464FF48B528169DA800C4AD8
S214015EC0137831B9C0880B4923F002030880137098
S214015ED008BD43F00203137007481522013103F091
S214015EE0D7FB0023044A02F8013CF1E71C500020CE
S214015EF0B05A00201A5000202B50002010B5184C24
S214015F002368587920F0B5FA0B2822D8154B03EBF5
S214015F100010027B237F9A421BD12368428819888E
S214015F208A4205D04FF6FF70814212D1120410D476
S214015F302279023A012A06D9A37B63B9BDE810404B
S214015F400748FFF737B9198958791FF0BFFB0028B2
S214015F50F2D1002010BD0248BDE81040FFF7BEB8E0
S214015F60203B00208C39002008B520F082FA0B284F
S214015F7096BF024B0020185C08BD00BFB55A002032
S214015F8008B5002020F0D1FDFF2020F0A5FA20F072
S214015F90D1FD20F072FCFEF7E9F901210246064820
S214015FA003F0CCFC054BFF21054A0648FEF7BCFE74
S214015FB0BDE80840FEF77CBBB55A00201C50002007
S214015FC018500020A6590020F0B5002204464FF6CE
S214015FD0FF750B4F90B237F830600346AE4201D1E1
S214015FE02846F0BDA64209D1B4F57C4FF9D307EB9C
S214015FF0C3035B888B42F4D00029F2D00132E9E773
S214016000807E040010B50446FFF7DEFF094A03460A
S21401601010884FF6FF72934214BF074A2246BDE826
S214016020104017BF02EBC30304495A680449FFF73F
S21401603043B800BF28500020807E0400372E04009D
S2140160401FFA0300034B18780130C0B2187000F035
S2140160507F007047B3640020044A137818B143F0F8
S21401606001031370704703F0FE03FAE7B05A0020ED
S214016070014B1870704700BFB35A002038B1074B68
S2140160801B78012B04D1038843F04003038070473B
S214016090022BFCD1038823F04003F7E7B35A002014
S2140160A068B1074A1378012B07D1064B1B7813708A
S2140160B0037843F01003037001E0022BF8D0704719
S2140160C0B25A0020B15A00207FB50121264B274E37
S2140160D0197033780246D90744D42549096881B135
S2140160E00868C1888D0641BF224CE18841F0200135
S2140160F0E180C1884C0641BF1E48C18841F040017D
S214016100C1801D4D1D492878097840074CBFE970AC
S21401611069701B4913F00204098809D0164A194808
S21401612020F083FC337823F00203337004B070BD93
S214016130154B18884FF6FB73984208D80B46CDE9E5
S214016140005201460B4A20461FF093FEEEE74FF63B
S214016150FF73CDE9014200930A46074B05491FF03C
S21401616064FEE3E70020E1E7A75A0020B05A0020CA
S2140161701C3B00201C500020A6590020B4640020BF
S214016180185000202A5000201A50002070B50379BC
S2140161900446012B0D46164631D883681B78DB066C
S2140161A000D561B3A37B13B9E37C0B2B27D0002268
S2140161B0144B1A80637DB3FA83F35B09D800E37B43
S2140161C0ABB9FEF78BFEA07CFEF788FE0B20FEF730
S2140161D085FEE07CFEF782FE2846FEF77FFE20461F
S2140161E0FFF756FE3046BDE87040FFF76DBF40F042
S2140161F00400FEF773FE208A20F044FCE3E700204B
S21401620070BD00BF18500020024B0A4601461868B0
S214016210FFF7BCBF1C3B0020F0B4054618460F4BE9
S2140162200C461B78BDF81010012B0D4E01D03778A7
S21401623027B1002333700020F0BC70470CB9002A48
S214016240F9D143B14FF65743994204D02B46224623
S214016250F0BC20F0D0BB0120EEE700BFB564002003
S214016260B45A00202DE9FF47664C4FF0000A254638
S2140162708446964699460F46634B644E83F800A0C3
S2140162800FCE0FC596E80F00DDF8348085E80F00C5
S214016290BDF830307246009339464B466046CDE92C
S2140162A0018400F0D9F85A4E814668B90025FEF7F8
S2140162B0F7FD16220021574803F040FB002328462D
S2140162C0336004B0BDE8F087534BA27C34601A708B
S2140162D0524B1B78002B36D020F0DFFC504902468B
S2140162E05046FEF7E9FE22685046537952884D49DA
S2140162F00092A289FEF7E0FE504620F047FC20B14E
S2140163002368218A5888FFF77DFEE37B23B10020AE
S214016310228A4549FEF7D0FEA36800201A78E37C5E
S21401632042490093A37CFEF7C7FE207DA289A1689F
S214016330121A01440123002092B2FEF70BFE002040
S2140163403B49FEF79FFE2F48FFF7A2FD2D4821F09F
S2140163502EFF054630BBB8F1000F25D12168E08835
S2140163600B8801904988BA1E032A00918CBF00222F
S21401637001220121E07CFFF74FFF38B923685B79E2
S214016380FF2B39D0FFF7BAFD054690E72368DB8877
S2140163909A06F3D40121274C1A48217020F096FC66
S2140163A084F800804D4682E7B8F814309B07E5D4A0
S2140163B07CE74046FEF794F807464046FDF7DCFFCB
S2140163C088B123683846228A598820F055F850B19A
S2140163D00C48FFF75DFD23688AF804705F71FFF7CC
S2140163E08DFD2843C5B209F10109FDF7BFFF5FFA2C
S2140163F089F88045DDD35AE74FF00009DFF838A069
S214016400F3E700BF203B0020A75A0020607E04006F
S2140164101C3B00202A500020B4640020B2640020F7
S214016420502E0400592E04007A2E0400862E0400F5
S21401643017E30300B45A00201C5000200023054A2D
S214016440D15C814202D31A44507870470233DBB2E2
S214016450F6E700BF4E7E040073B515462E781A4641
S21401646016F0040F0CBF032605269E42089C08D989
S214016470204A214900960020FEF704FE002002B0C3
S21401648070BD21710121BDF818302060E380A56040
S214016490A2812B7803F00103A3732878C0F380034D
S2140164A0E3732B7810F00400C3F3C0036375217502
S2140164B017D0284620F023FB217D20820231C9B265
S2140164C04B1CDBB223756A5C0231C9B2A27421751A
S2140164D0EB5CE374A389994205D90091054A074903
S2140164E0C9E72082ECE7079B0120A36100232377FD
S2140164F0C5E700BF5AEA0300B02E0400CC2E040004
S2140165002DE9F34100241F4FDFF89C80E0B220F014
S21401651083FEFF2805460FD12346012102201A4A91
S214016520F7F776FF194B013418781EF0F7F8152C9B
S214016530ECD102B0BDE8F081154B46B233EA260332
S21401654028BF434601210093022057F82430114A00
S214016550F7F75EFF002EE5DA0923E340DB070AD5ED
S2140165600D4A0E4B15F0010F18BF1A4601210220E5
S214016570F7F74EFFD6E70A2CD4D1094A094B15F096
S214016580010FF1E7907E0400252F0400B664002079
S214016590C6E903004D2F0400FE2E0400E82E040079
S2140165A01A2F0400102F04009228040008B5542264
S2140165B00021024803F0C2F9002008BD185100204E
S2140165C008B55422FF21024803F0B8F9002008BD9F
S2140165D0C4500020024B23F810100020704700BF63
S2140165E0C4500020002310B4074ADCB2A14203D8ED
S2140165F05DF8044BFFF7DABF2A2BF9D032F8024BCD
S21401660020F813400133F0E718510020002310B59D
S214016610054A994201DD2A2B00D110BD32F8024B02
S21401662020F813400133F4E718510020024B187884
S21401663000F07F00704700BFC15A0020034B187856
S2140166400130C0B2187000F07F007047C15A0020B8
S21401665030B51C4600238BB0ADF82220021D92B245
S214016660012A0E9DADF82030ADF81E10ADF81C3095
S21401667003D94FF6FF7290420FD10022CDE90352A3
S214016680CDE90124094B01461B784FF6FF700093B4
S21401669007AB20F0DFFD0BB030BD0146CDE901535D
S2140166A01846009407AA20F0F1FDF4E7B76400202D
S2140166B038B505464FF400500C4603F011FC4FF474
S2140166C000532860236030B940F2A511BDE8384078
S2140166D0014826F0E1BF38BD3C3004000048704751
S2140166E0F6530020014B1878704700BFD364002092
S2140166F0014B1888704700BF5A640020014B187878
S214016700704700BFCC640020014B1878704700BF6B
S214016710C3640020014B1878704700BFC664002090
S214016720014B1878704700BFC65A0020014B1870FD
S214016730704700BFC65A0020014B1878704700BF4B
S214016740C55A0020014B1870704700BFC55A00207B
S214016750014B1878704700BFC7640020014B1888AA
S214016760704700BF586400202DE9F74F414B424A5D
S2140167700193424BDFF844911B78DFF84481DFF840
S21401678044E1DFF844C13E4F3E4E3F4D3F4940484D
S21401679002EB431A019B524503F1200309F120093C
S2140167A008F120080EF1200E0CF1200C07F120074D
S2140167B006F1200605F1200501930FD100221146AE
S2140167C0344B324D1C78344E344B314FD0B2844268
S2140167D003F1200346D803B0BDE8F08F304B314CAF
S2140167E05360002349E907432F4CDFF8E0B048E93E
S2140167F007432E4CC2E902304EE907432C4C116088
S2140168004CE907432B4C136147E907432A4C49E9F6
S214016810050348E905034EE905034CE9050347E985
S214016820050349F8201C48F8201C4EF8201C4CF89B
S214016830201C47F8201C46F8201C46E90743019C0B
S21401684045E907B3DFF888B046E9050345E90503DE
S21401685044E907B344E9050345F8201C44F8201C25
S214016860203297E743E9085643E9061743F8101C18
S2140168700132ABE7683E0020883F0020DA64002042
S214016880C83E0020A83E0020883E0020044E00207E
S21401689092280400D1640020F9AE0200083F0020CF
S2140168A0515802000B990300B16C0200D9F702009F
S2140168B065A90300998F0200C3710300683F002099
S2140168C0483F0020283F0020E83E0020092503001D
S2140168D055550200002208B5074B1A605A6020F091
S2140168E057FC064B187020F053FC054B1870054BEF
S2140168F01A78054B1A7008BDA64D0020215B0020B2
S214016900205B0020C46400201F5B0020002100B52E
S21401691093B008466A460AF00DFA0146C8B90E4B0E
S2140169200E4A09930E4B0D920A930E4A0E4B0E9287
S2140169300B930E4A0E4BCDE90F230C930D4B6A4673
S21401694011930AF0ADFC003818BF012013B05DF8B2
S21401695004FB0120FAE700BF1F9403004D66020006
S214016960239603007D2F0200057203004D7D020071
S214016970839603009D600200084B1878112806D8FC
S214016980012809D9064BC34003F001007047A0F166
S214016990430358425841704700207047235B00204C
S2140169A03400020008B5064B1B78013B022B05D8C4
S2140169B00020FFF7E1FF0138C0B208BDFF20FCE769
S2140169C0245B0020044B00F1100250F8041B904297
S2140169D043F8041BF9D17047255B0020044B03F1F3
S2140169E0100253F8041B934240F8041BF9D1704778
S2140169F0255B002030B5002491B0114B0546214699
S214016A0014220BA8CDE9094302F098FF102209AB26
S214016A10CDE900440693CDE90452CDE90252094B73
S214016A2009490AA81DF074FA04460AA821F066F975
S214016A301CB1A021054826F02FFE11B030BD00BFC5
S214016A400024800000444004255B0020A63004009A
S214016A5070B5002490B0154B05460E46142221460B
S214016A600BA8CDE9094302F069FF102209ABCDE975
S214016A70004406933146CDE90452CDE902520C4B4F
S214016A800AA81DF045FA04460AA821F037F91CB1F8
S214016A90BA21084826F000FE099B102B03D0BB2123
S214016AA0044826F0F9FD10B070BD00BF0024800038
S214016AB000444004A630040030B50D4600218FB0D6
S214016AC0124B0446142209A8CDE9071302F036FF3B
S214016AD0102207ABCDE90242CDE9004204932946D4
S214016AE00B4B08A81DF016FA044608A821F006F973
S214016AF01CB1D121074826F0CFFD079B102B03D0F0
S214016B00D221044826F0C8FD0FB030BD0024800015
S214016B1000444004A6300400014B93F95A00704724
S214016B203C4D00200022034B1870034B1970034B99
S214016B301A707047365B0020375B0020355B0020FB
S214016B402DE9F04FDFF89080064698F800300D46A4
S214016B5085B0002B3AD04FF6FB73984236D84FF0EB
S214016B60000B1C4FDFF874A03C7898F800305FFAF1
S214016B708BF94B459AF8000011D9484402AA0DF149
S214016B800601C0B216F03AFA082229460DEB0200B9
S214016B9002F026FF0BF1010B0028E6D14C463B78AC
S214016BA0A34208D198F80020631CDBB29A423B70DE
S214016BB004BF00233B70324629469AF800301C4435
S214016BC0E0B205B0BDE8F04F16F006BB05B0BDE873
S214016BD0F08F00BF355B0020375B0020365B00205E
S214016BE02DE9F84F1F4603F10C0B04460E461546D9
S214016BF00123DFF87CA00EB9BDE8F88F102EB04651
S214016C0028BF4FF010083946184A5FFA88F951F83C
S214016C10040B594542F8040BF9D19BF800101448AF
S214016C20117000228AF800308AF80E208AF80F5078
S214016C30FFF7E0FE2246012301350D48EDB212F8BA
S214016C4001CB10F8011B81EA0C0102F8011C111B93
S214016C50C9B28945F3D8013409F1FF39A6EB080812
S214016C6054FA89F41FFA88F6C5E700BF395B00209D
S214016C70385B00202DE9F04F9046914685B0009094
S214016C80981A029383B20193009B0F46354903F18C
S214016C900C0453F8045BA34241F8045BF9D11B785A
S214016CA0314E0B7049233370019BF0731B0A30463B
S214016CB0B373FFF79FFE0221BB460D46737888EA41
S214016CC0030373704FF0000A1DE0C5F11004A9EB31
S214016CD00A039BB2A4B29C4228BF1C4600231FFA9B
S214016CE083FCE8186445C0B21FD82544EDB2A3441E
S214016CF0102D54441FFA84FA05D10025304603911D
S214016D00FFF778FE0399CA45DFD307EB080B25B1D9
S214016D1030460391FFF76EFE039901294FF00005F7
S214016D200DD00121DDF80490CCE71BF803C016F85E
S214016D3000E001338CEA0E0C06F800C0CFE7029B98
S214016D4009491F44094B38461C78224602F094FF35
S214016D502A4621463846009B05B0BDE8F04FFFF7AE
S214016D603FBF00BF395B0020385B0020DB6400209A
S214016D7030B540780C4601284FF0110387B001F179
S214016D80100516D1144A01A90BF012F8234601ACDE
S214016D90224618685968083303C2AB421446F7D135
S214016DA011230D4A002001A90BF002F8002007B0BC
S214016DB030BD0120094A01A90AF0FAFF234601ACB9
S214016DC0224618685968083303C2AB421446F7D105
S214016DD01123024AE6E700BF75E4010079EB0100E2
S214016DE030B50C46407887B001284FF011030DBF2F
S214016DF00B4A0C4A012001A918BF01A90AF0D8FFC5
S214016E00234601AA05AD144603CCAC42186059606E
S214016E10224603F10803F6D1002007B030BD00BFBB
S214016E2075E4010079EB010010B50C4688B01A2311
S214016E300C4A01A901200AF0BBFF21460DF10E0301
S214016E4004F1100251F8040B914243F8040BF9D1F6
S214016E501A230020034A01A90AF0AAFF002008B05D
S214016E6010BD00BF24E10100F0B58BB004460D460D
S214016E7022F04AFAA8B101A813F092FE88B1667B07
S214016E80271D16F0020F05D00822384601A902F088
S214016E90A7FDD0B901AB46F0020603CB606079606E
S214016EA066731A230A4A03A901200AF081FF2946BC
S214016EB00DF116030DF1260253F8040B934241F827
S214016EC0040BF9D100200BB0F0BD2D20FBE700BF6D
S214016ED024E10100F0B50546071D00220C463846A0
S214016EE0082193B022F0A2F96A7B0646D0070BD59B
S214016EF0687808A920F033FEDDF83D306B60DDF8D8
S214016F0041307B6080B10BE0910709D5D2000121A9
S214016F10384602F0800220F02FFEFF28687002D16A
S214016F202D2013B0F0BDD6B1687801A920F0ACFDD4
S214016F309DF81C305B0604D54FF4C6710A4826F04E
S214016F40ABFB234603AD07AC2A4603CAA242186030
S214016F505960154603F10803F6D10020E1E708A9B8
S214016F6020F0FDFDCEE700BF03310400F0B5064674
S214016F708BB01F480F4615460024FFF72FFD002C47
S214016F8014BF4FF05C0C4FF0360C1023184801AAC2
S214016F9010F8011B013B8CEA010113F0FF0302F814
S214016FA0011BF5D105A822F0A7FF102101AA05A80B
S214016FB022F0A6FFCCB93946324605A823F008F8D8
S214016FC02A460DF1140C0DF1240E634603CB7345CE
S214016FD0106051609C4602F10802F6D1631C022B38
S214016FE04FF00104CBD10BB0F0BD2A461021E4E7E7
S214016FF0685B00202DE9F04790468946C0B09DF8B1
S21401700020414A9F1D46DFF880A09DF824310646A0
S2140170102246414638468AF8003002F02DFEB9F184
S214017020000F12D023462A4639463046FFF722FE85
S214017030AC4206D9611B3346012289B27819FFF7A3
S214017040CFFD002040B0BDE8F087611B334601222A
S21401705089B27819FFF7C4FD22463946684602F020
S2140170600BFE2A46694630462346FFF703FE9AF88A
S21401707000200DEB040108EB040002F0B1FC00282F
S214017080DFD02C20DEE700BFDB64002038B50346E6
S214017090104601F1100451F8045BA14242F8045B6A
S2140170A0F9D104491BB1FFF7D3FC002038BDFFF727
S2140170B003FDFAE7685B002030B5054689B06946EE
S2140170C020F057FB6B8804ACABB1224629466846D4
S2140170D020F0EFFA0E4A234603CB516008A98B42F3
S2140170E010601C4602F10802F5D10948FFF76AFC58
S2140170F0002009B030BD6B46054D1A4603CAA242B0
S21401710028606960134605F10805F6D1EDE700BF72
S214017110685B002050B10B4B0B4A03F1100153F88A
S214017120040B8B4242F8040BF9D17047064B054A13
S21401713003F1100153F8040B8B4242F8040BF9D10A
S214017140704700BF685B0020485B002008B510222E
S214017150024802F09DFA002008BD00BF585B0020DF
S21401716008B508461022024902F092FA002008BD2E
S214017170585B002010B5044686B001A9114A1123B8
S21401718001200AF015FE9DF8143001A8E37023F0E3
S214017190A9FA80F001000C4A01A9607011230120B0
S2140171A00AF006FE9DF8143001A8A37023F09AFA9F
S2140171B080F00100207012F07FF86060002006B0B9
S2140171C010BD00BF75E4010079EB010010B504465F
S2140171D086B01123134A012001A90AF0E9FDA3781C
S2140171E09DF814209A4207D08DF814300020112300
S2140171F00C4A01A90AF0DCFD11230B4A012001A962
S2140172000AF0D6FDE3789DF814209A4207D08DF84F
S214017210143000201123044A01A90AF0C9FD06B062
S21401722010BD00BF79EB010075E401002DE9F041C6
S21401723086B0064603A80C4614F000FD0546002855
S2140172404AD1BDF80C30980646D51022294620466C
S21401725002F074FB01A813F0A3FCC0B1777B06F122
S214017260040817F0020F06D00822404601A902F0D2
S214017270B7FB00282ED101AB47F0020703CB7060A5
S214017280C8F804107773238843F008032380238803
S21401729043F00203238013F053F8606022F034F8C1
S2140172A030B10E4B1B68A360238843F00403238090
S2140172B00B4B1A68D1035EBF238843F0100323806B
S2140172C0130203D5238843F400632380284606B0BF
S2140172D0BDE8F0812D25F9E72425F7E7B83F002022
S2140172E0BC3F002010B5D0E9023253F8223090B0EE
S2140172F01C6840226946204620F0A4FC034630B1B3
S214017300224600200549FDF7BDFE10B010BD012242
S21401731069460820FDF764FEF7E700BF78310400F0
S21401732038B500F0AFF800280CBF6E227922002095
S2140173301249FDF7A7FE00F0A5F8E8B120F096FC8B
S21401734000280CBF6E22792200200D49FDF79AFE17
S214017350082200200B49FDF795FE00250A4C23461E
S21401736054F8042C002009490335FDF78BFE182D2F
S21401737004F10C04F3D138BD3F22E5E7B031040037
S214017380C7310400D7310400E0400020F631040084
S21401739070B520F050FC044621490020FDF772FE2E
S2140173A02CB92046BDE870401E49FDF76BBE00F0C3
S2140173B0BBF805461C4B62690020002A08BF1A4626
S2140173C01A492668FDF75EFEA28800201849FDF7D7
S2140173D059FE1849E2880020FDF754FEA388228949
S2140173E013F010001ABF002013491449FDF74AFE96
S2140173F0E26800201249FDF745FE22690020114986
S214017400FDF740FE104A114B0020B6F5817F38BFCC
S21401741013460F492A46BDE87040FDF733BE00BF4C
S2140174202B32040038320400BC0204005932040036
S2140174307732040098320400B5320400D2320400D8
S214017440F03204000E330400233204001932040023
S2140174502C33040038B5014600230C25084A05FBE9
S21401746003F4A0181459013404D10C2202F010F9C7
S214017470002038BD0133082BF1D10120F9E700BF08
S214017480DC400020034B1878012894BF002001201F
S214017490704700BF7A5B002038B50446044D287853
S2140174A0A04203D0214620F0A6FB2C7038BD00BFB9
S2140174B07A5B002000B58FB03422002101A802F0CB
S2140174C03DFA01A8EFF7EEF90598D0B182680E4BA8
S2140174D0B2F5803F34BF92B2C2F38F2241881A813F
S2140174E0028828BF41F010011A6042689980DA804C
S2140174F0C268DA6002691A6142695A61027E1846F8
S2140175001A760FB05DF804FB60400020054B1B782F
S21401751020B1012B04D80220FFF7BEBF012BFBD8F8
S214017520704700BF7A5B002010B5084C237853B92A
S21401753020F081FB0123237028B10368B3F5817F16
S21401754024BF037E2370207810BD00BF795B002026
S21401755070B5184B1B78012B2BD820F04FFB164D1E
S214017560024616490020FDF78DFD0120FFF7CEFFEC
S2140175702E78FF2E1DD1FFF79DFFC8B184886022AB
S2140175803146C4F340040E482C7002F0D7F960224D
S21401759031460C4802F0D2F95CB1FFF7C5FF04286A
S2140175A007D9BDE8704040F22B11074826F074B8A1
S2140175B0287070BD7A5B0020DC6400204F33040025
S2140175C0DC4000207C400020613304002DE9F04FB0
S2140175D0DFF888928DB003AB05460F46144699E84E
S2140175E0070083E80700FFF7B3FFFFF79DFF954B02
S2140175F0064693F800804B46B8F1010F40F07081C3
S214017600012840F27281B5FBF0F200FB1252002A0B
S21401761000F06B818C4900228A46D1F800C0BCF18B
S214017620FF3F04D0087A6044854200F01981013298
S214017630082A01F10C01F0D193E8070006AE0DF11E
S214017640240A86E807008AE80700FFF76DFFB5FB06
S214017650F0FB00FB1B5BA0EB0B063246394681466E
S2140176600AA809958DF82C6002F006FB00224FF05F
S2140176700C0E764902E00132082A0ED00EFB02F00B
S21401768000EB010C08580130F5D19AE807008CE8A8
S21401769007006F490A7801320A70A64204DD4FF4EA
S2140176A0E2716C4825F0F8FFA4EB09025A4437440E
S2140176B02E4491B216FA82F2B2FBF9F309FB03F3F8
S2140176C0D21A8D1A49B1791907A806938DF8202088
S2140176D002F0D2FA06A8FFF7BDFEADB2B5B103209F
S2140176E0FFF7DAFE802D0AD82A4639465A4802F0B4
S2140176F0C3FA2A463046584920F088FA80460220C6
S214017700FFF7CAFE40460DB0BDE8F08F4FF0000807
S214017710F8E74FF40E714F4825F0BEFF494B1B7832
S214017720012B00F0E980002C38D00320FFF7B4FECF
S214017730802C30D822463946474802F09DFA224628
S2140177402846454920F062FA80460220FFF7A4FE4B
S214017750DFF8FC9099F8003093B1039CFFF7E4FE44
S2140177603A4B00251F461A68511C04D0197A411A53
S214017770521A94425FD00135082D03F10C03F2D161
S214017780B8F1000F5AD1039B0133BFD003A8FFF70E
S21401779061FE8046B6E74FF00108D6E7A046D7E778
S2140177A00C246C433B199DF814A093F808B00AEB1F
S2140177B00B03802B2BDC284B524604A9184602F0FB
S2140177C05BFA211D5A463944504402F055FA0C23FF
S2140177D003FB05739DF814201B7A13449E421ED0AA
S2140177E040F273211B4825F057FF4FF00108022095
S2140177F0FFF752FE99F8003013B1013B89F80030CB
S2140178004FF0FF333A193B51C2E901337AE740F2B0
S2140178106D21104825F040FF4FF00108D7E7B8F179
S214017820010FE2D0802EE2D832460B49039820F0B1
S214017830EDF98046DBE7B8F1000FB1D04FF0010853
S21401784060E700BFDC640020DC4000207C400020B4
S214017850785B002061330400E03F0020F47E0400E2
S2140178604FF00C0909FB02A3187AA6EB00085FFA91
S21401787088F8A04501D35FFA84F809FB02F909F1FB
S214017880040B584442463946504402F0F5F90AEBD7
S21401789009031A7AA4EB08044244D2B2B242A4B253
S2140178A01A7219D103200193FFF7F6FD32460AEB4F
S2140178B00B015AF8090020F0A9F900900220FFF701
S2140178C0EBFD4FF0FF31019B009A4AF80910C3E91E
S2140178D00111002AB2D14744002C3FF417AF4544AA
S2140178E0104B1B78012B7FF41EAFB5FBF6F306FB9E
S2140178F01353002B7FF40DAF04EB0508B8FBF6F32A
S2140179007343B8EB03083FF40EAFA4EB0804391930
S214017910424604A80393A4B202F0AEF98DF814808F
S21401792001E700BFDC64002070B5134B1B78012B08
S2140179300CD1FFF70DFE0026104D55F8043C01331F
S21401794006D10336182E05F10C05F6D1002411E0F8
S2140179500320FFF7A1FD55F8044CFFF7E5FD294686
S2140179600246204620F052F904460220FFF794FD15
S214017970002CE6D0204670BDDC640020E0400020EC
S21401798070B505460C46FFF7E3FD0520FFF784FDBD
S2140179902146284620F048F906460220FFF77CFDDE
S2140179A000220A4B2C441968481C08D0A94206D369
S2140179B0A1423EBF4FF0FF31C3E900119960033287
S2140179C0182A03F10C03EED1304670BDDC400020CE
S2140179D0D0E9023253F8223010B51C68204600F078
S2140179E089FA28B12146BDE81040024800F0EEBDF4
S2140179F010BD00BFBE33040008B5D0E9023253F80B
S214017A002230186800F060F920B1BDE8084002484D
S214017A1000F0DCBD08BD00BFE0330400F0B5D0E9DE
S214017A20023253F8221003EB82035B680F681D785D
S214017A309BB0642D04D964210F4800F0C7FD64256E
S214017A402A46384601A900F0F7F8044680B90B48E3
S214017A5000F0BCFD01AE013DA54201DC1BB0F0BD4E
S214017A60391916F8012B064800F0B0FD0134F3E78A
S214017A70044800F0ABFDF1E70334040023340400AE
S214017A803A3404004D34040070B500258CB0284605
S214017A9003A900F0EDF808B10CB070BD049B2946AF
S214017AA0039A0093234800F091FD234800F08EFDD1
S214017AB0059910290CD810290CD8DFE801F00F140D
S214017AC0300B320B0B0B340B0B0B0B0B0B0B380069
S214017AD020292AD0194800F079FD07E0184800F05F
S214017AE075FD0135D3E7174800F070FD0699164875
S214017AF000F06CFD0799154800F068FD144800F089
S214017B0065FD10240DF11F0616F8011F1148013CF2
S214017B1000F05CFD14F0FF04F6D10F48DFE70F48D4
S214017B20E2E70F48E0E70F48DEE70F48DCE70F48DB
S214017B30DAE700BF68340400AC3404000D350400F5
S214017B40BD340400CD3404001C3504003335040074
S214017B504B3504005C35040042DE0300D5340400D6
S214017B60DD340400E6340400F13404000835040072
S214017B7010B50B4C8EB023785BB9EEF70DFE0146BF
S214017B8050B9012301A82370EEF78CFE054B049A29
S214017B901A6020780EB010BD034800F017FDF8E714
S214017BA07B5B0020204400206235040000B58FB0C6
S214017BB0FFF7DEFF002829D001A8EEF773FE059B2C
S214017BC01448198800F002FD059B13485969134BA8
S214017BD0002908BF194600F0F9FC059B1048598892
S214017BE000F0F4FC059B0F48196900F0EFFC059BBB
S214017BF00D48D96800F0EAFC059B0C48197E00F098
S214017C00E5FC0B4B0B48196800F0E0FC0FB05DF883
S214017C1004FB00BF9F350400B1350400BC0204001C
S214017C20C3350400D7350400EB350400FF350400E6
S214017C30204400201336040070B5064615460C464F
S214017C4079B172B1FFF794FF68B121462A463046F2
S214017C50EEF732FF014618B1044800F0B7FC0120E8
S214017C6070BD2120FCE71120FAE700BF253604008D
S214017C7037B505460C46FFF77BFFE0B1114B1B6895
S214017C80AB421AD9CCB100212422204601F056FE7F
S214017C90214628461BF075F988B9284601AA04F141
S214017CA00801EEF7BBFE20B140F20643C01A18BF2A
S214017CB0012003B030BD1120FBE72120F9E70120A8
S214017CC0F7E700BF20440020F0B593B00546FFF764
S214017CD04FFF00283AD0254B1A68AA4207D82946F2
S214017CE02348013A00F072FC212013B0F0BD05A82C
S214017CF0EEF7D8FD284603A91BF043F940BB049ACA
S214017D0022F4FF57C2F30C0327F01F072BB14FF4E1
S214017D1000532946174800F059FC039E039BF31AAB
S214017D20BB4206D32A463946134800F04FFC0024CE
S214017D3018E025F0BEFC4FF400513046EEF748FF40
S214017D4006F50053044628B91E46E7E71120CCE79E
S214017D500120CAE7009033462A464FF400510748EF
S214017D6000F034FC201E18BF0120BEE7204400208E
S214017D705336040001370400C03704006F3704008F
S214017D8010B5044638B1FFF7F3FE30B10020044BBE
S214017D901B68236010BD2120FCE71120FAE700BF15
S214017DA02044002010B50446FFF7E2FEB0B10C4BAC
S214017DB01A68A24206D821460A48013A00F006FC93
S214017DC0212010BD25F075FC40F2C122204606494F
S214017DD0EEF7E4FD003818BF0120F2E71120F0E7C6
S214017DE020440020533604005C41002010B50446B0
S214017DF0FFF7BEFE70B121460848EEF7EFFD40F2F0
S214017E000323984208D040F2012398420CBF052074
S214017E10012010BD1120FCE70020FAE75C4100209C
S214017E202DE9F0412D4D04462F68FFF7A1FE0028ED
S214017E3051D02968A14207D84A1E2948214600F098
S214017E40C5FB2120BDE8F0812648EEF787FDDFF867
S214017E5094800246B0B943462E68964222D1BE426D
S214017E6014BF3A4606F1FF3212BB31461D48C8F828
S214017E700040EEF753FD014600B31B4800F0A6FB99
S214017E800120DFE72046EEF729FD044638B101461A
S214017E90164800F09BFB201E18BF0120D2E7EEF724
S214017EA079FBF8E753F8041BA142DDD00132D4E791
S214017EB00C499200081D01F0EBFBD6E7296809483A
S214017EC0EEF74CFD044610B101460948D6E7EEF739
S214017ED061FB2046B6E71120B4E700BF204400202E
S214017EE0533604003C41002006380400DC37040009
S214017EF03938040070B50446FFF73AFE002844D02E
S214017F00234B1A68A24207D821462248013A00F0BC
S214017F105DFB2124204670BD1F4800F057FB25F06D
S214017F20C8FB40F2C1221D492046EEF737FD40F25C
S214017F300326054625F0BDFB65B140F203239D42AD
S214017F401AD02946164800F041FB0124154800F0D6
S214017F503DFBDFE725F0ADFB29461048EEF73EFD79
S214017F60B04209D040F20123984203D10E4800F0F6
S214017F702DFBE1E70546DFE721460C4800F026FB2E
S214017F802046FFF74DFF0446E0E71124C2E700BF95
S214017F902044002053360400703804005C41002061
S214017FA09038040042DE0300AF0E0400A838040037
S214017FB010B50A46044619B1024B00211B689847C2
S214017FC010BD00BF007F040010B5114C2378580780
S214017FD044BF03F0FB032370990705D500F05AF858
S214017FE0237823F00203237063781BB10023094A28
S214017FF0636053600023082106486370FFF7D8FFCB
S2140180002378DA0744BF23F00103237010BD00BFB5
S214018010244400202844002038B5184C6278237880
S214018020022A01D1072B19D0DD0707D41BF0EEFE7B
S2140180302378054643F001032370E0B9980707D477
S21401804000F020F82378054643F00203237090B928
S21401805062780AB9D90704D45A0708D500252846F4
S21401806038BD074962604A6002226270F4E743F055
S21401807004032370F2E7FFF7A7FFF0E7244400208C
S214018080284400200122024B002083F8F02070478C
S214018090304400202DE9F0410A4C002526464FF0D9
S2140180A0010803272046C4F81C80277601351FF0F7
S2140180B008FE062D04F12804F4D1002386F8F030DA
S2140180C0BDE8F081304400202DE9F04F9B4691B089
S2140180D00B1E0A93B64B904614BF8146994600255F
S2140180E01A9E9BF8000070B9454538BF2A4643469C
S2140180F04FF000000A9928BF08F1FF32C84728460A
S21401810011B0BDE8F08F25280BF1010B06D02A46E9
S21401811043460A996C1CC8472546E2E700230CE053
S2140181202D2A1FD0302A05D0A2F1300009280ED8FA
S214018130002729E043F001038B46594611F8012B2D
S2140181402B2A12D0ECD8202A12D0232A13D02A2A7E
S21401815033D156F8047B8B46002FBCBF43F0020395
S2140181607F4218E043F00203E6E743F00403E3E747
S21401817043F00803E0E743F01003DDE70A208B46EF
S21401818000FB0722A2F13007594611F8012BA2F194
S21401819030000928F2D99BF800202E2A44D19BF8FA
S2140181A001100BF10102A1F13000092843F48063AC
S2140181B031D800244FF00A0C06E00027EBE7024610
S2140181C00CFB0411A1F13004104610F8011BA1F1BB
S2140181D0300EBEF1090FF2D9114611F8010B6C28C9
S2140181E02CD024D8682830D06A2837D011468B4640
S2140181F01BF8010B67285DD8572832D8452807D0C9
S21401820085D9462800F0E680472880D143F40063EC
S21401821043F02003F2E02A2907D156F8044B0BF16C
S214018220020224EAE474D7E75A460024D4E7742805
S21401823001D07A28DAD143F48073D8E750786C28D5
S214018240F9D143F44073911CD1E75078682802D0E5
S21401825043F08003CBE743F0C003F4E743F4007335
S214018260C5E7A0F158020F2A3FF651AF01A151F818
S21401827022F000BF0B8301000F8101000F81010076
S2140182800F8101000F8101000F8101000F810100A4
S2140182900F8101000F8101000F8101000B83010096
S2140182A0218401000B830100F9830100D9830100B9
S2140182B0F9830100A0F16901C9B20F293FF627AF82
S2140182C0012249F2410C8A4012EA0C0218D10A290D
S2140182D000F0E28007297FF41AAF43F021030593EB
S2140182E00823CDE903431023CDE9012356F8043BC7
S2140182F02A460093484643460A991FF0D2FD79E084
S2140183006F2840F02D8108220BE0582810D06228F3
S21401831000F0248123F0100364284FF00A0200F0D5
S214018320278123F00C0323E17828F3D11022F8E704
S21401833043F02003FAE7D90506F1040A01D53168AE
S21401834002E058060CD53178CDE90224CDE9047354
S21401835000294FEAD1730193B8BF4942009120E04A
S2140183601906ECD5B6F90010EEE779B1CDE9077339
S2140183700023CDE9042306F1070A2AF0070A06942A
S2140183800293FAE80223CDE9002316E1D80506F1A7
S214018390040A0FD5CDE90473CDE9022401913368AF
S2140183A0009343462A4648460A991FF07AFD0AE199
S2140183B0057D0300590607D53178CDE904730023FE
S2140183C0CDE902240193C9E7316813F0800F18BF85
S2140183D089B2F2E743F02003CDE90173073626F0B0
S2140183E007060094B6EC020B43462A4648460A990D
S2140183F0ECF7D6F9054674E667280ED0CDE9017389
S214018400073626F007060094B6EC020B43462A46CA
S21401841048460A99ECF704F8ECE743F40063EDE705
S21401842013F0020423D04FF0010A6B1C0B932A466B
S21401843043460A9916F8040BC8475CB354460B9A90
S2140184401EE0434620200A99C84705EB0A020AF1B6
S214018450010A5745F5D8002F07F1FF3308BF00235F
S21401846007F1010A1D4408BF4FF0020ADDE7A246E4
S214018470EBE7551C434620200A99C8472A46013493
S214018480A742F6D8A7EB0A03574538BF00230B9A35
S2140184901A440B920B9D24E63246002C52F8046BCC
S2140184A014BF21464FF0FF310B923246314410780B
S2140184B008B1914211D1A2EB060A13F480620D9223
S2140184C002D0A24528BFA24613F002030E931BD189
S2140184D0AAEB05032A460C9308E00132E7E7531C92
S2140184E00F93202043460A99C8470F9A0C9BD3182E
S2140184F0BB42F4D3A7EB0A03574538BF00230AF162
S214018500010202EB030A1D44AB1B0C9304E01C465C
S21401851043462A460A99C8470C9B9D1916F8010B33
S21401852028B10D9B002BF3D0631E002CEFD10E9BC0
S21401853093B12A46AAEB050405E0561C43462020C3
S2140185400A99C847324613199F42F6D8A7EB0A0381
S214018550574538BF00231D440B9EC2E50222E0E6C4
S2140185603FF6E2AE692823F010037FF4D5AE0A2267
S214018570590548BF23F00103692803F4007102D0AE
S21401858064287FF4F2AE00293FF4D5AE073626F014
S2140185900706B24670685AF8081BCDE90773002330
S2140185A00593C30F0028029306940B46049202DA41
S2140185B04B4260EB4000CDE9003043462A46484630
S2140185C00A991FF0B0FC054656468AE50FB41FB55A
S2140185D006AA52F8043B02A90392009204484FF0FF
S2140185E0FF32FFF771FD05B05DF804EB04B070478C
S2140185F0C77F03001FB5034600914FF0FF3203A962
S2140186000248FFF761FD05B05DF804FBC77F030074
S2140186101FB5CDE90201009302A9134603484FF0A6
S214018620FF32FFF751FD05B05DF804FBCF7F030075
S2140186301FB5094B094A1868094B01A91860094B6F
S2140186401360094A0192094A1268CDE902231BF018
S21401865084FC05B05DF804FB0C6100201C3500208D
S2140186602035002000610020116F0400E047002043
S214018670014B18681BF085BC0C61002038B5F2F779
S214018680E3FA0446064D2B68D3F8B002F2F7D0FAA7
S21401869028681BF089FC2046BDE83840F2F7C8BAC6
S2140186A00C61002010B51F4CF0F7B2FD236F0120BE
S2140186B023F0070343F002032367F0F7B7FDD4F86E
S2140186C02031002023F0070343F00103C4F82031D2
S2140186D0D4F8403123F0030343F00103C4F84031DA
S2140186E0D4F8603123F0030343F00103C4F860318A
S2140186F0D4F8403223F0030343F00103C4F84032B8
S214018700D4F8003223F0070343F00103C4F8003223
S214018710D4F8083223F0070343F00103C4F8083203
S21401872010BD00BF00800050064B1B681A7A022A53
S21401873001D81AB97047032A00D070471B68024A4D
S2140187401360704710610020E04700200022024BB2
S2140187505A60DA601A607047E447002008B501F0F5
S2140187605DFF0022014B1A7008BD00BF7C5B002034
S2140187700A4601491FF095BC219704000A460149A3
S2140187801FF08FBC1C9704000A4601491FF089BCE4
S214018790159704000A4601491FF083BC129704008E
S2140187A00A4601491FF07DBC0F9704000A4601499D
S2140187B01FF077BC0A9704000A4601491FF071BCF6
S2140187C0059704000A4601491FF06BBC0097040098
S2140187D00A4601491FF065BCF996040081F0004184
S2140187E002E000BF83F0004330B54FEA41044FEA90
S2140187F0430594EA050F08BF90EA020F1FBF54EA2B
S214018800000C55EA020C7FEA645C7FEA655C00F0C6
S214018810E2804FEA5454D4EB5555B8BF6D420CDD97
S2140188202C4480EA020281EA030382EA000083EA1A
S214018830010180EA020281EA0303362D88BF30BDBA
S21401884011F0004F4FEA01314FF4801C4CEA113110
S21401885002D0404261EB410113F0004F4FEA03336F
S2140188604CEA133302D0524263EB430394EA050FFA
S21401887000F0A780A4F10104D5F1200E0DDB02FA69
S2140188800EFC22FA05F2801841F1000103FA0EF2FD
S214018890801843FA05F359410EE0A5F120050EF1C3
S2140188A0200E012A03FA0EFC28BF4CF0020C43FAF4
S2140188B005F3C01851EBE37101F0004507D54FF001
S2140188C0000EDCF1000C7EEB00006EEB0101B1F551
S2140188D0801F1BD3B1F5001F0CD349085FEA300097
S2140188E04FEA3C0C04F101044FEA445212F5800FA2
S2140188F080F09A80BCF1004F08BF5FEA500C50F13F
S214018900000041EB045141EA050130BD5FEA4C0C21
S214018910404141EB0101013C28BFB1F5801FE9D27E
S21401892091F0000F04BF01460020B1FA81F308BFA1
S2140189302033A3F10B03B3F120020CDA0C3208DD6D
S21401894002F1140CC2F10C0201FA0CF021FA02F148
S2140189500CE002F11402D8BFC2F1200C01FA02F1B8
S21401896020FA0CFCDCBF41EA0C019040E41AA2BFDD
S21401897001EB0451294330BD6FEA04041F3C1CDAA5
S2140189800C340EDC04F11404C4F1200220FA04F0C5
S21401899001FA02F340EA030021FA04F345EA03016F
S2140189A030BDC4F10C04C4F1200220FA02F001FA31
S2140189B004F340EA0300294630BD21FA04F02946B3
S2140189C030BD94F0000F83F4801306BF81F480114C
S2140189D00134013D4EE77FEA645C18BF7FEA655CBF
S2140189E029D094EA050F08BF90EA020F05D054EA91
S2140189F0000C04BF1946104630BD91EA030F1EBF96
S214018A000021002030BD5FEA545C05D14000494199
S214018A1028BF41F0004130BD14F580043CBF01F58C
S214018A20801130BD01F0004545F0FE4141F4700172
S214018A304FF0000030BD7FEA645C1ABF194610464D
S214018A407FEA655C1CBF0B46024650EA013406BF4E
S214018A5052EA033591EA030F41F4002130BD00BF0D
S214018A6090F0000F04BF0021704730B54FF48064CA
S214018A7004F132044FF000054FF0000150E700BF4B
S214018A8090F0000F04BF0021704730B54FF48064AA
S214018A9004F1320410F0004548BF40424FF0000197
S214018AA03EE700BF42004FEAE2014FEA31014FEADA
S214018AB002701FBF12F07F4393F07F4F81F0605129
S214018AC0704732F07F4208BF704793F07F4F04BF74
S214018AD041F40021704730B54FF4607401F0004551
S214018AE021F000411CE700BF50EA010208BF7047B1
S214018AF030B54FF000050AE050EA010208BF7047A2
S214018B0030B511F0004502D5404261EB41014FF40A
S214018B10806404F132045FEA915C3FF4D8AE4FF012
S214018B2003025FEADC0C18BF03325FEADC0C18BFF5
S214018B30033202EBDC02C2F1200300FA03FC20FA46
S214018B4002F001FA03FE40EA0E0021FA02F1144493
S214018B50BDE600BF70B54FF0FF0C4CF4E06C1CEAAC
S214018B6011541DBF1CEA135594EA0C0F95EA0C0F1D
S214018B7000F0DEF82C4481EA030621EA4C5123EA90
S214018B804C5350EA013518BF52EA033541F48011BF
S214018B9043F4801338D0A0FB02CE4FF00005E1FB72
S214018BA002E506F00042E0FB03E54FF00006E1FBBC
S214018BB003569CF0000F18BF4EF0010EA4F1FF04FF
S214018BC0B6F5007F64F5407404D25FEA4E0E6D413F
S214018BD046EB060642EAC62141EA55514FEAC52050
S214018BE040EA5E504FEACE2EB4F1FD0C88BFBCF5CC
S214018BF0E06F1ED8BEF1004F08BF5FEA500E50F17D
S214018C00000041EB045170BD06F0004646EA010142
S214018C1040EA020081EA0301B4EB5C04C2BFD4EB74
S214018C200C0541EA045170BD41F480114FF0000E6D
S214018C30013C00F3AB8014F1360FDEBF002001F0DB
S214018C40004170BDC4F10004203C35DA0C341BDC55
S214018C5004F11404C4F1200500FA05F320FA04F027
S214018C6001FA05F240EA020001F0004221F000415B
S214018C7010EBD37021FA04F642EB06015EEA430ECE
S214018C8008BF20EAD37070BDC4F10C04C4F12005FE
S214018C9000FA04F320FA05F001FA04F240EA0200B1
S214018CA001F0004110EBD37041F100015EEA430E82
S214018CB008BF20EAD37070BDC4F1200500FA05F2A2
S214018CC04EEA020E20FA04F301FA05F243EA020321
S214018CD021FA04F001F0004121FA04F220EA020030
S214018CE000EBD3705EEA430E08BF20EAD37070BD76
S214018CF094F0000F0FD101F00046400041EB010156
S214018D0011F4801F08BF013CF7D041EA060195F037
S214018D10000F18BF704703F00046520043EB0303F1
S214018D2013F4801F08BF013DF7D043EA06037047DE
S214018D3094EA0C0F0CEA135518BF95EA0C0F0CD0E9
S214018D4050EA410618BF52EA4306D1D181EA03012F
S214018D5001F000414FF0000070BD50EA410606BF29
S214018D601046194652EA430619D094EA0C0F02D16E
S214018D7050EA013613D195EA0C0F05D152EA0336B3
S214018D801CBF104619460AD181EA030101F00041D1
S214018D9041F0FE4141F470014FF0000070BD41F01A
S214018DA0FE4141F4780170BD70B54FF0FF0C4CF4F4
S214018DB0E06C1CEA11541DBF1CEA135594EA0C0F13
S214018DC095EA0C0F00F0A7F8A4EB050481EA030E60
S214018DD052EA03354FEA013100F088804FEA033347
S214018DE04FF0805545EA131343EA12634FEA022215
S214018DF045EA111545EA10654FEA00260EF00041D6
S214018E009D4208BF964244F1FD0404F5407402D227
S214018E105B084FEA3202B61A65EB03055B084FEAB8
S214018E2032024FF480104FF4002CB6EB020E75EBB5
S214018E30030E22BFB61A754640EA0C005B084FEADD
S214018E403202B6EB020E75EB030E22BFB61A75465A
S214018E5040EA5C005B084FEA3202B6EB020E75EBA5
S214018E60030E22BFB61A754640EA9C005B084FEA1D
S214018E703202B6EB020E75EB030E22BFB61A75462A
S214018E8040EADC0055EA060E18D04FEA051545EA19
S214018E9016754FEA06164FEAC30343EA52734FEAC2
S214018EA0C2025FEA1C1CC0D111F4801F0BD141EA3B
S214018EB000014FF000004FF0004CB6E711F4801FA0
S214018EC004BF01430020B4F1FD0C88BFBCF5E06F80
S214018ED03FF6AFAEB5EB030C04BFB6EB020C5FEA90
S214018EE0500C50F1000041EB045170BD0EF0004EE5
S214018EF04EEA113114EB5C04C2BFD4EB0C0541EA17
S214018F00045170BD41F480114FF0000E013C90E613
S214018F1045EA060E8DE60CEA135594EA0C0F08BFD7
S214018F2095EA0C0F3FF43BAF94EA0C0F0AD150EAD6
S214018F3001347FF434AF95EA0C0F7FF425AF104669
S214018F4019462CE795EA0C0F06D152EA03353FF491
S214018F50FDAE1046194622E750EA410618BF52EA0E
S214018F6043067FF4C5AE50EA41047FF40DAF52EAE2
S214018F7043057FF4EBAE12E74FF0FF3C06E000BF7F
S214018F804FF0010C02E000BF4FF0010C4DF804CD8C
S214018F904FEA410C7FEA6C5C4FEA430C18BF7FEA4C
S214018FA06C5C1BD001B050EA410C0CBF52EA430C7A
S214018FB091EA030F02BF90EA020F0020704710F1FA
S214018FC0000F91EA030F58BF994208BF90422CBF89
S214018FD0D8176FEAE37040F0010070474FEA410C82
S214018FE07FEA6C5C02D150EA013C07D14FEA430CA0
S214018FF07FEA6C5CD6D152EA033CD3D05DF8040B11
S214019000704700BF8446104662468C461946634642
S21401901000E000BF01B5FFF7B7FF002848BF10F119
S214019020000F01BD4DF808EDFFF7F4FF0CBF01205E
S21401903000205DF808FB00BF4DF808EDFFF7EAFFDA
S21401904034BF012000205DF808FB00BF4DF808ED95
S214019050FFF7E0FF94BF012000205DF808FB00BF8A
S2140190604DF808EDFFF7CEFF94BF012000205DF814
S21401907008FB00BF4DF808EDFFF7C4FF34BF012021
S21401908000205DF808FB00BF4FEA410212F500120E
S21401909015D211D56FF47873B3EB625212D94FEA39
S2140190A0C12343F0004343EA505311F0004F23FA23
S2140190B002F018BF404270474FF00000704750EA78
S2140190C0013005D111F0004008BF6FF00040704735
S2140190D04FF00000704700BF4A0011D212F500128F
S2140190E011D20DD56FF47873B3EB62520ED44FEAFA
S2140190F0C12343F0004343EA505323FA02F070477A
S2140191004FF00000704750EA013002D14FF0FF30B7
S21401911070474FF00000704753B94AB9002908BF9D
S21401912000281CBF4FF0FF314FF0FF3000F0B2B9FE
S214019130ADF1080C6DE904CE00F006F8DDF804E0A8
S214019140DDE9022304B070472DE9F04F8C46099EF5
S21401915004460F46002B48D18A4215465ED9B2FA1C
S21401916082F33BB1C3F120029F409D409C4020FA10
S21401917002F217434FEA154E1FFA85FC220CB7FB85
S214019180FEF10EFB117701FB0CF042EA074290421A
S21401919007D9AA1801F1FF3702D2904200F258818E
S2140191A03946121AA4B2B2FBFEF00EFB102200FBE7
S2140191B00CFC44EA0244A4450BD92C1900F1FF32F9
S2140191C02CBF01270027A44502D9002F00F04381B8
S2140191D0104640EA0140A4EB0C0400211EB1DC401D
S2140191E00023C6E90043BDE8F08F8B4206D90EB1D5
S2140191F0C6E9000100210846BDE8F08FB3FA83F105
S214019200002951D16345C0F01681824240F2138194
S2140192100846002EE7D0C6E90047E4E7002A00F03A
S214019220AF80B2FA82F3002B40F0C2808A1A4FEA6E
S214019230154EAFB20121200CB2FBFEFC0EFB1C2228
S21401924040EA024207FB0CF090420ED9AA180CF134
S214019250FF382CBF4FF001094FF00009904203D9A7
S214019260B9F1000F00F0F080C446121AA4B2B2FBA6
S214019270FEF00EFB102200FB07F744EA0244A74269
S2140192800ED92C1900F1FF322CBF4FF0010E4FF012
S214019290000EA74203D9BEF1000F00F0D28010469F
S2140192A0E41B40EA0C4099E7C1F120058B400CFA1B
S2140192B001F400FA01F922FA05F72CFA05FC8A40B6
S2140192C01F4320FA05F3380C23431FFA87FE1C0CB4
S2140192D0BCFBF0F800FB18CC44EA0C4408FB0EFC7F
S2140192E0A4450ED93C1908F1FF3A2CBF4FF0010BEB
S2140192F04FF0000BA44503D9BBF1000F00F0B88076
S214019300D046A4EB0C041FFA83FCB4FBF0F300FB7D
S214019310134403FB0EFE4CEA0444A6450ED93C1941
S21401932003F1FF302CBF4FF0010C4FF0000CA645A7
S21401933003D9BCF1000F00F09F80034643EA0840C2
S214019340A4EB0E04A0FB02EC64457346E04602D390
S21401935007D1F14505D2BEEB02036CEB070C0138D1
S214019360E0465EB1B9EB030264EB080404FA05F5C6
S21401937022FA01F3CC401D43C6E90054002132E72E
S21401938042082F464B08AC4642EAC172AE46C407B5
S214019390110C92B241EA034142EA0142B1FBF5F1F6
S2140193A0B3FBF5F01F23A2EB0C0241EA004142E7B2
S2140193B09D40C3F1200299409C402CFA02FC4FEAE2
S2140193C0154E20FA02F2AFB2BCFBFEF80A430EFBC2
S2140193D018CC110C41EA0C4108FB07FC8C4550D90E
S2140193E0691808F1FF302CBF4FF001094FF0000952
S2140193F08C4502D9B9F1000F30D0A1EB0C01B1FBBD
S214019400FEF808FB07FC0EFB181192B242EA014275
S214019410624534D2AA1808F1FF312CBF4FF001097A
S2140194204FF000096245BED2B9F1000FBBD1A8F1D9
S21401943002012A44B7E7841A6CEB0302012017469F
S214019440E7E62C4402382BE7ACF1020C2A440CE781
S21401945002392A44A5E62C440238BAE6A5EB0C0CE0
S214019460A8F102006144B1FBFEF808FB07FCCAE75D
S214019470A8F102083C4444E7023B3C445EE741460F
S21401948091E7A1EB0C014046B1FBFEF808FB07FC97
S214019490B9E700BF704700BF2DE9F04F924685B08F
S2140194A089461E460D46554A0390294615F8014B36
S2140194B0135D13F00803F8D12D2C7CD02B2C4ED045
S2140194C04FF0FF3102936FF00043CDE9001336F001
S2140194D0100851D037464FEAE6783A464346DDE96A
S2140194E00001FFF719FE002383468E4618461946EB
S2140194F0A44613E0ACF13704A6421FDD002B09DBBE
S21401950083457EEB010305D38E4508BF83453BD1DA
S214019510A24239DA4FF0FF3315F801CBACF1300433
S214019520092CE9D9ACF14104192CE3D9ACF1610459
S214019530192C03D8ACF15704A642DFDC5A1C2FD0F5
S214019540029A12B1404261EB4101BAF1000F03D019
S214019550002B48D1CAF8009005B0BDE8F08F4FF057
S214019560FF30029336F010086FF000432C7801F1BB
S2140195700205CDE90003ADD1302C25D0002E3AD11D
S2140195800A27B0463E46A8E700FB08F307FB01336F
S214019590A0FB07010B44201843EBE4710123BBE752
S2140195A02223039A1360BAF1000F17D005F1FF3991
S2140195B0DDE90001CEE74FF00047009301232C7848
S2140195C08D1CCDE9017382E72B7803F0DF03582B5E
S2140195D00CD086B90827B0463E467EE7DDE9000195
S2140195E005B0BDE8F08FCDE90001DFE710276C7804
S2140195F002353E4671E710273E466EE7299704007E
S2140196004AE700BF10B4044C13460A4601462068D8
S2140196105DF8044B40E700BF4061002010B4044CE5
S21401962013460A46014620685DF8044B34E700BF3E
S2140196304061002020F0030110F00300C0F100009B
S21401964051F8043B00F1040C4FEACC0C6FF0000219
S2140196501CBF22FA0CF213434FF0010C4CEA0C2CFF
S2140196604CEA0C4CA3EB0C0222EA030212EACC12DF
S21401967004BF51F8043B0430F4D0C2F1000102EA01
S2140196800102B2FA82F2C2F11F0200EBD200704769
S21401969088420ED98B1883420BD900EB020C002AA4
S2140196A06ED0624613F801CD994202F801CDF9D188
S2140196B070470F2A0FD8034602F1FF3C002A5FD0FD
S2140196C00CF1010C013B8C4411F8012B614503F8A8
S2140196D0012FF9D1704740EA01039B0751D1A2F14E
S2140196E0100301F1200C70B523F00F0501F1100EE7
S2140196F000F110041B09AC445EF8105C0EF1100E6C
S214019700103444F8205C5EF81C5C44F81C5C5EF87F
S214019710185C44F8185C5EF8145CE64544F8145C82
S214019720EAD1013312F00C0F02F00F0C01EB03111A
S21401973000EB031329D0ACF1040C1C1F8E462CF051
S21401974003064FEA9C0C1E445EF8045B44F8045F73
S214019750B442F9D10CF1010402F0030203EB8403D5
S21401976001EB840102F1FF3C4AB10CF1010C013B13
S2140197708C4411F8012B614503F8012FF9D170BD16
S214019780704702F1FF3C03469AE76246EAE700BFEC
S2140197902DE9F04780460C464548264614F801EB6D
S2140197A010F80EC01CF0080CF7D1BEF12D0F5BD0DF
S2140197B0BEF12B0F3AD0654633F010003ED04FF085
S2140197C0FF379A46B7FBF3F703FB07F96FEA090978
S2140197D0002630460EE0AEF1370C63451DDD002E47
S2140197E004DBB84202D833D1CC4531DD4FF0FF3629
S2140197F014F801EBAEF1300CBCF1090FEDD9AEF166
S214019800410CBCF1190FE6D9AEF1610CBCF1190F90
S21401981003D8AEF1570C6345E1DC731C1CD005B1CF
S21401982040420AB1F6B91160BDE8F08733F0100086
S21401983094F800E0654606F10204C0D1BEF1300F8F
S21401984017D06BBB0A234FF005091A4F9A46BFE79C
S21401985000FB0AC00126CBE722233046C8F80030B9
S214019860002AE1D0611EDEE794F800E00125B41C71
S214019870A2E7207800F0DF00582807D083B9082334
S2140198804FF007096FF060479A46A1E7102394F856
S21401989001E04FF00F0902346FF070479A4697E7E0
S2140198A010234FF00F096FF070479A4690E700BFFC
S2140198B029970400999999196AE700BF10B4044CD6
S2140198C013460A46014620685DF8044B60E700BF70
S2140198D04061002010B4044C13460A460146206835
S2140198E05DF8044B54E700BF406100200F4B70B594
S2140198F00F4DAB42A3EB050607D0B610002401348A
S21401990055F8043B9847A642F9D80A4D24F0D8F8F2
S214019910094B5E1BAB424FEAA60606D00024013473
S21401992055F8043B9847A642F9D870BD1465002047
S21401993014650020146500201865002070B58607A0
S21401994047D0541E002A3ED0CAB2034601E0013C6D
S21401995039D303F8012B9D07F9D1032C2CD9CDB2AD
S2140199600F2C05EB052505EB054535D9A4F1100CA3
S21401997003F1100E1A462CF00F064FEA1C1CB644D3
S214019980C2E90055C2E9025510327245F8D10CF110
S214019990010214F00C0F04F00F0C03EB021213D0AB
S2140199A0ACF1040323F003030433134442F8045BCD
S2140199B09342FBD10CF003042CB1C9B21C4403F84A
S2140199C0011BA342FBD170BD64461346002CF4D1A3
S2140199D0F9E703461446C0E71A46A446E0E700BF87
S2140199E0032A30B415D941EA000484460B46A4077D
S2140199F004D0541E0FE0043A032A08D919466046DB
S214019A0053F8044B5CF8045BA542F4D0F1E76046DA
S214019A101946541E7AB1431E0139021901E09A42D1
S214019A2009D013F8010F11F801CF6045F7D0A0EB6C
S214019A300C0030BC7047002030BC704780EA010C37
S214019A401CF0030F37D110F0030C20F0030021F0B7
S214019A50030150F8042B08BF51F8043B0ED08CF0DC
S214019A60030C6FF07F434FEACC0C23FA0CFC51F841
S214019A70043B42EA0C0243EA0C0300BFA2F1013C9C
S214019A809A4201BF2CEA020C1CF0803F50F8042BCE
S214019A9051F8043BF2D04FEA02604FEA1222012845
S214019AA028BFB0EB036F08BF1B0AF4D003F0FF0317
S214019AB0000EC01A704710F0030F0AD010F8012BE1
S214019AC011F8013B012A28BF9A42F4D0A2EB030009
S214019AD070474DF8045D50F8042B01F0030521F0A2
S214019AE0030151F8043B022D26D04DD822F07F45C4
S214019AF0B5EB132FA2F1013C2CEA020C0DD11CF0A0
S214019B00803C08BF51F8043B0AD185EA0205B5EB53
S214019B10036F0CD150F8042BE8E74FEA13235BE000
S214019B203CF07F4C54D10B784FEA126554E04FEA73
S214019B30126503F0FF034FE04FEA0245A2F1013C34
S214019B404FEA15452CEA020CB5EB134F18D11CF061
S214019B50803C08BF51F8043B07D185EA0205B5EB06
S214019B60034F09D150F8042BE6E75FEA0C4C2FD1DE
S214019B700B884FEA12452FE04FEA03434FEA12459E
S214019B804FEA134328E000BF02F0FF05B5EB136F61
S214019B90A2F1013C2CEA020C0DD11CF0803C08BF5E
S214019BA051F8043B0AD185EA0205B5EB032F0AD129
S214019BB050F8042BE8E74FEA13630DE012F0FF0FAD
S214019BC006D051F8043B4FEA122523F07F4303E009
S214019BD04FF0000020BC704705F0FF0203F0FF00C5
S214019BE0012828BF904204BF2D0A1B0AF4D0A2EB1D
S214019BF0000020BC704700BFCAB384460B4630B590
S214019C0004460843800719D09CF800000C78A0424F
S214019C1012D150B3012A28D0E64603E01CEB030F0D
S214019C2023D010B31EF8010F11F8014FA2EB0E035B
S214019C30A04203F1FF33F1D0001B30BD032A07D841
S214019C40E2E7043A11D01EF0803F0ED1032A10D964
S214019C502068194653F8045BA446A0F1013E04347B
S214019C60A8422EEA000EECD0CEE7002030BD10460A
S214019C707047A4461946C7E7844641EA000313F035
S214019C80030349D1403A23D30B6803604B68436012
S214019C908B688360CB68C3600B6903614B69436162
S214019CA08B698361CB69C3610B6A03624B6A43624A
S214019CB08B6A8362CB6AC3620B6B03634B6B436332
S214019CC08B6B8363CB6BC36340304031403ADBD24E
S214019CD030320BD30B6803604B6843608B6883603C
S214019CE0CB68C36010301031103AF3D20C3205D372
S214019CF051F8043B40F8043B043AF9D2043208D048
S214019D00D2071CBF11F8013B00F8013B01D30B88B9
S214019D1003806046704700BF082A13D38B07B1D073
S214019D2010F00303AED0C3F10403D21ADB071CBF45
S214019D3011F8013B00F8013BA4D331F8023B20F8AF
S214019D40023B9FE7043AD9D3013A11F8013B00F8E8
S214019D50013BF9D20B7803704B7843708B78837094
S214019D60604670472DE9F04F82468E463F4875465D
S214019D701EF801BB10F80B4014F00804F7D1BBF134
S214019D802D0F5BD0BBF12B0F6FF0004904BF9EF87F
S214019D9000B005F1020E33F0100010D1BBF1300F08
S214019DA004D0002B5ED10A231F4609E09EF800006E
S214019DB000F0DF0058284ED0002B53D108231F4651
S214019DC00025B9FBF7F6284607FB16980EE0ABF11F
S214019DD0370C63451DDD002D04DB864202D321D1FD
S214019DE0E0451FDA4FF0FF351EF801BBABF1300C32
S214019DF0BCF1090FEDD9ABF1410CBCF1190FE6D955
S214019E00ABF1610CBCF1190F03D8ABF1570C6345EC
S214019E10E1DC6B1C0AD004B140420AB1CDB9116035
S214019E20BDE8F08F07FB00C00125DDE72223CAF855
S214019E3000305AB10EF1FF314846F0E79EF800B007
S214019E404FF0004905F1020E0124A4E74846BDE89B
S214019E50F08F8146EEE710239EF801B00EF1020E58
S214019E601F46ADE710231F46AAE700BF2997040047
S214019E70242B02D8012B00D074E710B500F06CF843
S214019E8016230360002010BD10B5242A084C134683
S214019E90246807D8012A05D00A4601462046BDE8AF
S214019EA010405FE700F058F816230360002010BD4D
S214019EB04061002010B5242A084C1346246807D8B0
S214019EC0012A05D00A4601462046BDE8104049E76A
S214019ED000F042F816230360002010BD4061002008
S214019EE0024B014618681AF022BE00BF40610020EE
S214019EF0024B014618681AF01DBE00BF40610020E3
S214019F0008B5064B044613B1002100F081F8044B56
S214019F101B6803B19847204619F0BBF811A0010051
S214019F202C490020002301461A46184600F01AB8AC
S214019F3038B5074D074C2C1BA41005D0013C55F82D
S214019F40043D9847002CF9D1BDE8384023F0BEBD4A
S214019F501C65002018650020014B1868704700BF7B
S214019F6040610020F0B5264C83B006460F462568B2
S214019F7005B36C681F2C3FDCA6B1D5F8880048B342
S214019F80D0F800114FF0010C40F82420022E00EB0F
S214019F9084020CFA04FC4CEA0101C0F80011C2F874
S214019FA0803010D0631C002002346B6045F82470AA
S214019FB003B0F0BD13491448216010B10068C1F820
S214019FC08800104DD5E7D0F8043143EA0C03C0F8F9
S214019FD00431E7E70D49CDE9002369B14FF48470F8
S214019FE0FFF77EFF40B100216C68C0E94011DDE952
S214019FF00023C5F88800C5E74FF0FF30D8E700BF5B
S21401A000BC4900203049002000000000E19E01000C
S21401A0102DE9F04FDFF8B49083B0D9F8006096B31D
S21401A020884601907568D6F888706C1E2BD4013569
S21401A03007F1800B06EB8505B8F1000F26D1736892
S21401A0402A68013BA3423BD000232B60BAB1D6F865
S21401A05004A05FB30123D7F80011A3400B4225D01B
S21401A060D7F8040157F8241003422BD101989047E2
S21401A0707368D9F8002053451ED1B2421CD1013C69
S21401A080043D631CD8D103B0BDE8F08F4FB15BF837
S21401A09024304345D3D0013C043D621CF3D0002F4D
S21401A0A0F5D1013CEFD3013CFBD2ECE79047736856
S21401A0B0D9F800205345E0D0002AE4D01646B1E78F
S21401A0C07460C3E708469047D2E700BFBC4900204A
S21401A0D0431E033306D8044B984228BF184664280B
S21401A0E038BF6420704700BF40420F0038B5194B97
S21401A0F005461B680C4603B1984744B1236833B143
S21401A1001B68013303D0E3680BB1A3684BB91EF09B
S21401A11084FC00204FF4C172412100F0FFF9212098
S21401A12038BD204602F04AFC00230B4A85F83C3134
S21401A130C5E93743C2E9003363694BB1074A422197
S21401A14010684FF4D272C31A5842584100F0E6F92B
S21401A1500020E5E72C4C0020405E0020904C0020BB
S21401A160F8B5044623F099F9002607460E4B1B68FE
S21401A17093B19E68AEB196F82420D20711D4354625
S21401A1800FCC0FC50FCC0FC523682B6096F8243073
S21401A19043F0010386F82430384623F079F9304637
S21401A1A0F8BD1B68E4E700BF9461002010B50446C3
S21401A1B018B9054B054A136010BD00F0D9FCD4F858
S21401A1C0E830002BF6D1F4E7C5810300906100204A
S21401A1D0014B1868704700BF405E002008B5024674
S21401A1E00868FFF775FF08604868FFF771FF486069
S21401A1F08868FFF76DFF8860C868FFF769FF0B691D
S21401A200C860581C03D00B48834228BF03460B6125
S21401A2104B69581C03D00748834228BF0346886908
S21401A2204B61FFF755FFBDE808408861104601F015
S21401A2307BBC00BF40420F00D0F8E0302DE9F04172
S21401A24005460C4613B1C38D8B424CD0D5F8DC3095
S21401A250002B4BD09E68002E48D0D868002845D0E9
S21401A260013800B200281ADB002106E0128A591CC8
S21401A270A24217D209B2884211DB0B1803EBD37343
S21401A2805B1003EBC30206EB8202B2F80EC003F1C9
S21401A290FF3EA445EAD90FFA8EF08842EDDA212076
S21401A2A0BDE8F0814FF6FF7299B29142F7D09BB2AA
S21401A2B003EBC30306EB83062846B6F9122095F88E
S21401A2C03011D5F8F080EFF7CBFA0746B8F1000F5A
S21401A2D004D00023324628461946C047EC85C5F807
S21401A2E0E06085F839710020BDE8F0810E20BDE8F8
S21401A2F0F08100BF2DE9F04782B004460F461646AE
S21401A30001F086FE002863D14F4D2B68D4F8DCA0FF
S21401A310D4F8E0800BB1534576D04FF00009AF601A
S21401A32001F09EFE0128074665D120461EF0B4FACC
S21401A330002851D12B68DAF80010D8F8002013B1A4
S21401A340186888426BD020461EF058FAC5E900A866
S21401A350D4F8F0508DF80760002D67D00022204613
S21401A36011460DF10703A847204600F0EDFF05460C
S21401A370B9F1000F0FD076B9D4F88C300BBB012F92
S21401A38005D025B1314B002103205B68984728464C
S21401A39002B0BDE8F087B5FA85F040F207523321E6
S21401A3A0400900F0BBF83146204601F00BFA284B75
S21401A3B005461B68414620469847D4F88C30002B4A
S21401A3C0DDD000224FF40073204600F0E1FBD6E713
S21401A3D000231D4D6B6098E794F82530DA07A9D560
S21401A3E0D4F894305B05A5D51A4B012200212046EE
S21401A3F01B6898479EE70021012000F001FC01F050
S21401A4002FFE0128FBD190E76B68002B85D04345D2
S21401A41083D1AB689F4215D04FF001097FE7696889
S21401A42011B10968914291D059688CE794F82A10C5
S21401A43094F839313246994228BF1946204600F031
S21401A440D1FE91E70025A2E7405E00209C61002036
S21401A45090610020304C0020F8B50F46054623F0E9
S21401A4601CF8394606462846FFF7E6FE044620B1A4
S21401A470304623F00DF82046F8BD01F0A7FD224630
S21401A48039462846FFF736FF04460028F0D128460D
S21401A4901EF002FA0028EBD095F8253013F00103E0
S21401A4A00DD0D5F8942052050DD5B5F82A21BA421B
S21401A4B005D0B5F82C31DB1BB3FA83F35B09034AED
S21401A4C082F8C430D4E72346F9E700BF001E00B087
S21401A4D013B5044669461DF0A3FF20461EF0E7F8B3
S21401A4E0FF28024606D020469DF80010EFF736FA00
S21401A4F002B010BD0048FBE70080FFFF38B5044DF1
S21401A500044C054B286021601A6022F01BFC38BD04
S21401A510C04B002098610020C44B002010B550B9F4
S21401A5200548064B0160064802601868054B18602E
S21401A5301868FFF7E3FF10BD986100201C4D00204E
S21401A540C44B0020C04B00202DE9F0418AB001AC7D
S21401A55005460B462746194A02F1200C2646106886
S21401A5605168083203C662453446F7D1002B08BF4E
S21401A5703B46002710681C463060384603F10C063F
S21401A58090B95FFA87F84246284621881EF087F977
S21401A59050B942462846E1881EF092F920B9424653
S21401A5A0314628461EF09EF90137032F06F10806AC
S21401A5B004F10204E4D10AB0BDE8F0814C9804002D
S21401A5C0F0B589B005460E461EF09BF9044600BB61
S21401A5D001AC06F10C070FCF0FC497E8070084E81B
S21401A5E0070001A92846FFF7F9FD2846311D1EF090
S21401A5F062FB044648B92846074901F057FA044663
S21401A60018B9284601F0C6FD044628463168FFF70A
S21401A6109BFF204609B0F0BD4498040001491DF097
S21401A62052BF00BF65C1010070B5164E032804462F
S21401A6300D4633781ED023FA04F202F00102AA4234
S21401A6401DD053B10122A240A54023EA02032B43A9
S21401A650DBB233704BB1012070BD2DB10A4B012026
S21401A6601B6898473378EDE73570074B00201B6869
S21401A6709847F0E79A07DED003F0FC03E9E70020ED
S21401A68070BD00BF7D5B0020044C002038B5044639
S21401A6900D4605F077FD60B101F0C6FC48B9012D05
S21401A6A007D801201EF0D8F80D4B1B6823B15B6854
S21401A6B098470C4B1C7038BD23F049F80A4B1A68B2
S21401A6C0801A186021F0BAFC4FF47A72074B1B68A7
S21401A6D002FB00301DF0F5FE012001F0ADFCE8E7BD
S21401A6E0284C0020DE640020FC4B0020004C00209B
S21401A6F0F8B505460C4622F0D0FE104F06463B78CC
S21401A70033B1012D04D01CB90D4821F0EBFB3C7090
S21401A71021462846FFF788FF0A4B04461B783BB9BB
S21401A7203B782BB91EF08CF810B1074B1B68984785
S21401A730304622F0ADFE2046F8BD00BF7E5B00200D
S21401A740D84B00207D5B00209C610020054A0B460B
S21401A750117831B100211170034A0121526818782D
S21401A760104770477E5B00209C610020124B023927
S21401A770012910B518701ED805F004FDD8B101F0F6
S21401A78053FCC0B101F034FAA8B90C4B1C6834B1C3
S21401A79023689847BDE8104000201EF05DB81DF004
S21401A7A08EFE074B186022F0D2FF064B186020463B
S21401A7B001F042FCEEE710BDDE640020284C0020CC
S21401A7C0004C0020FC4B002038B5044680B122F036
S21401A7D064FE01210446084621F026F801210B4AB1
S21401A7E008461AF077FA2046BDE8384022F050BEF7
S21401A7F022F053FE05462146012021F015F80120DE
S21401A8002146024A1AF066FA2846EDE7F56F04007B
S21401A810F0B585B022F041FE344D04462B7823B1C5
S21401A820334821F05FFB002852D121F0E5FB02AA54
S21401A83003A91DF0EFFF0346002838D01DF0FEFFE8
S21401A840029B98421CD100202A4B03991B682A4E72
S21401A8509942307020D90027C91A012324482B7049
S21401A860264A3346CDE9007722F049FF002837D142
S21401A870234A1378D90701D53178F9B1204611E07A
S21401A8801DF0DAFF029B984228D00023184619498A
S21401A890194A0968137003910121FFF7C5FE0023C9
S21401A8A020462B7022F0F4FD002005B0F0BD2046B6
S21401A8B02B7022F0EDFD212005B0F0BD03F0FE0364
S21401A8C01370002BDAD10F4B1B6898472046E9E737
S21401A8D0204622F0DDFD0E2005B0F0BD0220B3E7D4
S21401A8E0032320462F703370F3E700BF7E5B002002
S21401A8F0D84B0020F84B0020DD6400204DA7010056
S21401A9007D5B0020044C002038B522F0C6FD0F4DBB
S21401A91004462B789BB90E4A0E4913700E4B0F4A0C
S21401A9200F481A600F4A5A60F0F724FC0E490F4888
S21401A930F0F720FC0E4B0F4A1A6001232B70F0F73C
S21401A94023FD204622F0A4FD002038BD7F5B0020B9
S21401A9507E5B0020709804009C61002011A8010015
S21401A960C84B0020F1A6010078980400D04B0020C7
S21401A970044C0020C9A701002DE9F0438F788046DA
S21401A9800F2F0C4685B003D9212005B0BDE8F08312
S21401A99027B90123374A00201370F6E70D784E7861
S21401A9A0EDB9002EF0D194F90310E08803F00AF80F
S21401A9B02128E9D055EA0603A088DFF8C89013D00D
S21401A9C003F064F84FF60403B9F8002001469A42F2
S21401A9D04BD1AE42334638BF2B4600262DE0082D1C
S21401A9E0D2D8082ED0D8DEE703F050F84FF604058B
S21401A9F001464FF60500204A136E9BB2AB4208BFD4
S21401AA000346B1F5803FA9F800300FD90223082587
S21401AA10136680230126C2F880302B4649084FF67C
S21401AA20FF720139914228BF114608E080230126B2
S21401AA3008251666C2F880302B460029EFD1002281
S21401AA4002920122013FFFB2009201972A4608F1C5
S21401AA50F80002F0B7FE1EB14FF48012074B5A659C
S21401AA60074BA2681A60022394E703480266A9F816
S21401AA700030AEE7805B002000C001B800D001B80E
S21401AA80104C00206264002010B50446D0F818214E
S21401AA900B4B4FF40061C3F8A82090F82420D20194
S21401AAA002F4006205F0D2FA94F8243013F0100F85
S21401AAB04FF4007314BF034A034A136710BD00BF67
S21401AAC0001E00B0001002B8002002B8431C07D0D8
S21401AAD06FF0FF02034B10401A62A3F58053186211
S21401AAE0704700BF00E000B8F8B504460F461646AA
S21401AAF022F0D3FC0546A047044620B1284622F0A2
S21401AB00C7FC2046F8BD04F07FFC04220549D1F8B5
S21401AB10D83E23EA07033343C1F8D83E024B1A67EF
S21401AB20ECE700BF001000B0002002B800F01803E8
S21401AB30182B0AD003070AD440F2011310F01000B4
S21401AB4018BF1846034B186570470020FAE7012026
S21401AB50F8E700BF001F00B0044B1868830654BF17
S21401AB60C0F30F204FF6FF70704700BFF84C00206F
S21401AB7038B10368044A002B08BF1346034A136022
S21401AB807047014BFAE700BF0D850300A86100205E
S21401AB9010B4D0E9544122400B4052EA030104D0DC
S21401ABA003495DF8044B096808475DF8044B704794
S21401ABB0A86100200F2938B505460C460ED801F0CD
S21401ABC04FFA01280CD1074A2846D36B23F00F030E
S21401ABD02343D3631DF0A4FE002038BD2120FCE7EB
S21401ABE00220FAE7001F00B0014B186C704700BF47
S21401ABF0001F00B0014B002019647047001F00B011
S21401AC0003282DE9F347884655D82C4B13F80090B6
S21401AC102B4B1E5C2B4B13F800A022F03EFC074684
S21401AC2004F03EFB054640B100230022CDE9003387
S21401AC3001200023002104F079F904F039FB48B122
S21401AC4000230022CDE90033002000234FF4004109
S21401AC5004F06CF96EB31C4BDC6C04F008041B4B5F
S21401AC603146DC64484604F02DFC524631464846DF
S21401AC7004F092FC164BDC646DB1164B1868D0F8E4
S21401AC809410F83003F06EFA13490868FFF71EFFB8
S21401AC904FF0FF330B60B8F1000F04D00F4B0021CB
S21401ACA003205B689847384602B0BDE8F04722F0BB
S21401ACB0EFBB3446D3E702B0BDE8F08788980400BE
S21401ACC08498040080980400004000B8006000B832
S21401ACD0005000B81C4D0020A46100209C6100209B
S21401ACE00F4A136F13F0A00F15D1506F10F0040028
S21401ACF013D10C4BD3F8D83E23F07F4323F0FF0348
S21401AD005BB1D368C3F30362092A07D0B2F10C0022
S21401AD1018BF01207047002070470120704700BF10
S21401AD20000002B8001000B070B50D46064620B906
S21401AD301A4B1B68A3B10E2011E001F091F901280E
S21401AD4029D1174B93F90040C4F11C04641BC4F1CC
S21401AD501C03002BB8BF5B42232B0CDD212070BDEA
S21401AD6081EAE173A3EBE173DBB2232BF6D80C4B3C
S21401AD7019700020F3E786F8285022F08EFB094A66
S21401AD80E402D36904F4FF2423F4FF231C43D461B3
S21401AD9022F07EFBEDE70220E1E700BF1C4D00201C
S21401ADA0815B002000C000B818B9034B93F900007E
S21401ADB0704790F928007047815B002010B5044663
S21401ADC01DF06AFD10B1012001F0D4F92046FFF70D
S21401ADD05BFE22F062FB0A4A0121D2F8A03004464B
S21401ADE023F02003C2F8A0300222064B08469A60E0
S21401ADF0054B5B689847204622F04AFB002010BDB1
S21401AE00001E00B0001002B89C610020064B5A6A72
S21401AE10920207D4D3F8803013F4706F14BF012068
S21401AE200020704701207047004001B8F8B50E4673
S21401AE30D0F8943002EA010423EA01032343C0F860
S21401AE409430464A01F00B0323EA0401D1642340FF
S21401AE50A2F58052D3647207054610D50121FFF78B
S21401AE60D5FF60B104F0D0FA4FF4007314F0040F6C
S21401AE7014BF3B4A3B4A536204223B4B1A67F30614
S21401AE8006D514F0100F14BF00221B22374B5A654B
S21401AE9037061DD5200616D54FF40012304B1A6220
S21401AEA0012203F58053C3F8002122F0F6FA0E21A1
S21401AEB00746032003F09EF840F201222B4B38464A
S21401AEC0DA6222F0E5FA214605F1F80003F04AF9C4
S21401AED0F10503D5E2052AD503F05CF8B30503D5E1
S21401AEE0A70527D503F062F816F48C6F1DD014F46D
S21401AEF0806224D095F82530DC070CD5EA8DB5F8AC
S21401AF002A31934219D0B5F82C31981A434243415D
S21401AF10174A82F8C430D5F8E41028461DF0F7FA2F
S21401AF208022144BD864144B1A610020F8BD03F03C
S21401AF302BF8D3E703F034F8D6E70123E8E77105E9
S21401AF40E9D595F82530DB07E5D5094B114683F899
S21401AF50C4200A4B28461B689847DCE7006000B807
S21401AF60005001B8006001B8002002B8004000B8E7
S21401AF70001E00B0001F00B0000002B8304C0020D8
S21401AF80014B1868704700BF1C4C002037B522F0F3
S21401AF9084FA002401230022CDE90034002305466B
S21401AFA01946104603F0C2FF022002F0E7FA064BEC
S21401AFB021461C60054B02205B689847284622F014
S21401AFC067FA204603B030BD244C00209C61002067
S21401AFD02DE9FF4102290D4616469846039004D1F5
S21401AFE0FFF7D4FF04B0BDE8F08122F056FA1E4FF9
S21401AFF004463B683BB1B34205D022F049FA002330
S21401B00021203B60EEE7194B0022C3F800803E602A
S21401B010002301264FF0000810461946CDE90066C8
S21401B02003F084FF124B022083F8008002F0A6FA98
S21401B03043462A46022003A902F0BEFA0D4B039AA4
S21401B0401A6008B92046D8E70B4D2B689847212887
S21401B05004D0204622F01CFA0020C3E731466B6874
S21401B06002209847F5E700BF244C0020204C002022
S21401B070835B00201C4C00209C610020044B5B6E0F
S21401B0805B054EBF0120034B187800F001007047A6
S21401B09000C001B8835B00200A78022A11D0101F75
S21401B0A04242424152004B781201022B0BD0191F2B
S21401B0B04B424B415B000549054842EA8312FFF7C4
S21401B0C013BD0122EFE70123F5E700BFF0FFFF0004
S21401B0D0A9C001000B78022B10D0181F4342434130
S21401B0E05B004A78022A0BD0111F4A424A4152009D
S21401B0F00F21044843EA8202FFF7F6BC0123F0E77A
S21401B1000122F5E7D5C001002DE9F8430E78044683
S21401B110042E0D4690F830810BD100275FFA87F98F
S21401B120484601F07DFD08B14E4602E00137042F86
S21401B130F4D1304601F074FD002849D094F830313E
S21401B140B34209D1AA88D4F8A8309A4204D16A88B1
S21401B150B4F832319A4238D084F83061AB88304640
S21401B160A4F834316B88A4F83231AB8804F59875AD
S21401B170C4F8A830FF2384F82B301DF082FC84F835
S21401B1802A00284601F078FC18BB284601F03EFD4F
S21401B190F8B9D4F8E03053B194F83011414506D0EF
S21401B1A02046B3F91220EEF75BFB84F839012046FE
S21401B1B001F09AFE0949A4F834010123084AD1F89E
S21401B1C0FC1004F1F80003F0AFFC0020BDE8F883A2
S21401B1D021200C2384F83031F8E700BF001F00B0AF
S21401B1E0581F00B0F8B5054690F830010C460C28FB
S21401B1F0164623D0FF2923D01AB14FF0FF32114B48
S21401B2001A601DF03EFC074695F8300101F068FD16
S21401B210844228BF0446E4B2BC4238BF3C46E0B292
S21401B22085F82B0001F002FEFF280CBF2124002424
S21401B23016B9284601F068FD2046F8BD0224FBE752
S21401B2402124F9E7AC61002010B590F830310446AE
S21401B2500C2B43D0D0F8E03080F82A10D3B3D0F8C6
S21401B260F020CAB990F839318B421BD30022204610
S21401B270FFF7B8FF40BB1A4B1B78022B23D820469A
S21401B28001F032FE17490123174AD1F8FC1004F1E8
S21401B290F80003F049FC16E0B0F94220B3F9123089
S21401B2A09A42E3DD0022204694F83911FFF79AFF0F
S21401B2B050B9C4F8E00020461DF02CF84FF6FF7395
S21401B2C09842014601D1002010BD2046BDE810403D
S21401B2D0FFF7C2B8FF2380F82B30F4E70220F3E72C
S21401B2E066640020001F00B0581F00B0F0B51D4670
S21401B2F0144B04461B780F46164685B05BB1D0F852
S21401B300E030E3B102AAB3F912300092002218F03D
S21401B3103EFC05B0F0BD02A91DF082F89DF80810AC
S21401B3203A462046EEF79CFA014626B92A462046BA
S21401B330FFF758FFEDE72046FFF786FFE9E71846D7
S21401B340E7E700BF9E710400D0F89C30012B01D1C5
S21401B3500020704770B5044665498CB01DF0C6FBE9
S21401B360D4F8E0600146E58DC4F8E40026B1336800
S21401B37013B15B68002B71D122F08FF822F088F8A8
S21401B3800123D4F8E4108DF80630B389D6E90120FC
S21401B390EB1A9BB200FB03225648ADF80430036853
S21401B3A000928B4207D020461DF0B1F88022524908
S21401B3B0524BC8641A61514D00F052FE0128FBD170
S21401B3C0AB689E06F8D420469DF80620009906AB89
S21401B3D003F0E6F800283ED100F042FE0128FBD13A
S21401B3E0464A136FD801FCD493689906F9D4684687
S21401B3F006A903F08DFA054668BBE28D404B5A64F8
S21401B40094F8243060F3410384F8243000F0EEFF12
S21401B410D4F8E0305969431E0E68DBB2FD2B029664
S21401B42022D9F31C34D84B68FF2803935ED101263A
S21401B430DA1C25D8024602A920461DF080FAE6B994
S21401B440D4F8543199053FD494F8243043F00203DC
S21401B45084F8243011E002200CB070BD1A68032A6B
S21401B4608AD99B6A5B0E8EE74B6801280393DED070
S21401B4700246204602A91DF062FA00200CB070BDFB
S21401B4800133204B5B6816D0DA1C23D80393D1E72F
S21401B4901C4B01361B6818BF0126DD1C06D802931B
S21401B4A04B68FF280393C3D00020C3E7FF284B68EF
S21401B4B019D00393C3E7DD1C0FD80246204602A924
S21401B4C003931DF03CFABBE720464FF480311DF094
S21401B4D0BEFBD2E7FF28B2D1E6E7FF28B0D10022B3
S21401B4E0204602A9EDE701200393A1E72A46C0E71B
S21401B4F0FC1F00B00C4C0020001F00B0000002B87A
S21401B500008001B8B461002010B50C4619B11DF0D9
S21401B510C3F900B10434204602F0B8FA024B4042A7
S21401B520C3F8C80E002010BD001000B0838E70B5A1
S21401B53093420C4615461CD3836C8B4208BF0024ED
S21401B54021F0ABFF4FF49C530B490646CA68C2F381
S21401B5500362D340DA0702D50B6F9B0304D40122A2
S21401B5602946204601F016F8304621F091FF0020CA
S21401B57070BD2120FCE700BF000002B82DE9F84F9E
S21401B580064615460B4611B92120BDE8F88F002A5C
S21401B590FAD0032905D8002201F05EF903460028F7
S21401B5A0F2D01C889978B4F5804F01F0070080F03E
S21401B5B0C580A0F1070C1A7993F805A0DF88DCF1A5
S21401B5C0000343EB0C0305282B7394BF0023C1F340
S21401B5D00013C1F3801C6B738B0985F810C003F050
S21401B5E00203C1F3C00C43EA0C03C1F340116B74B0
S21401B5F0A974AF82002A40F0828096F81E31013B82
S21401B600DBB2EB74D6F89430DF0600F1838006389F
S21401B61001287FD8B6F81280F76908F1FF38484B41
S21401B620083C04EA08045B6D3B5D0134802B0EBFC9
S21401B6306FF07F03323B5BB2AB730023AB6096F8CF
S21401B640279004EA0804B9F1000F61D1631D03EAEB
S21401B65008035A1C02EA0802BA5CFB5C43EA0223AE
S21401B660D9040FFA83FB4CD5D6F8E43013B11B6826
S21401B670022B05D841F24D724C210020FEF74EFFF9
S21401B680D6F8E420CBF30B0392F82420DB000AB1B2
S21401B690B3FBF2F39A4508D83BB1CAEB0A2ABAFBC8
S21401B6A0F3FA6FEA0A0A5FFA8AF9D6F8EC3023B1A0
S21401B6B0484695F90E1098478146631C85F80F9009
S21401B6C003EA0803F95C013303EA0803FA5C013371
S21401B6D003EA080341EA0221FA5C013303EA08039C
S21401B6E0F85C41EA0241002341EA00616A7C304687
S21401B6F003F0D8FA06232860AB71002045E7531EF5
S21401B7007EE717F804904FEA49095FFA89F9CCE712
S21401B7109946D2E700230020EB730A4B5A69C2F31D
S21401B7200723120448BF63F0FF035AB212F1800FD9
S21401B7301CBF323B5AB2AA730346DCE7022024E759
S21401B740004000B800C000B838B5148811F00305F1
S21401B7504FEAC40422D13F2C20D9B4FA84F4C4F1B0
S21401B7601903DBB2052B01D8192C15D0052B28BFE0
S21401B770052301240633DBB29C40C4F3CF031380B8
S21401B78003828161448700F02DFF054A631E23432F
S21401B790C2F8A430284638BD2B46EAE72125F9E74A
S21401B7A0001E00B011F5004F1FBF01F30E01044B40
S21401B7B0C1F30E01002014BF99642120704700BF19
S21401B7C0008001B8F8B504460E4619B990F8243041
S21401B7D05A063FD44FF6FF73618ED4F8E47099424F
S21401B7E004D0314B1B680BB1204698472F4D2B6870
S21401B7F0BB424DD02E4B1B683BB11FB13A68002AA5
S21401B80048D0BF683946204698470727204601F0AA
S21401B8106BFB002E32D006270126264B94F92820F2
S21401B82093F900302449C3F11C039B1ACA69DB0251
S21401B83022F4FF2203F4FF231343CB61D4F8E43050
S21401B8401E4A2B601E4B976720461E701DF068F837
S21401B8500020F8BD4FF6FF71144DD0F8E4702A6849
S21401B86066F386139742418680F8243017D0104B32
S21401B8701B68002BC1D101F037FB072711493B4656
S21401B880114AD1F8FC1004F1F80003F04DF9C2E7B3
S21401B8900127BBE71746204639469847B5E701F02A
S21401B8A023FB0127EAE700BF184C00200C4C0020C0
S21401B8B0144C0020815B002000C000B8006000B876
S21401B8C0825B0020001F00B0581F00B0054A1268B6
S21401B8D01AB190F81E1119B91047084602F0AABB12
S21401B8E001487047084C002000FEFFFF344B2DE94D
S21401B8F0F7431C6801F4007900F00103174653EA88
S21401B900090206460D4635D04FF000083BB300232A
S21401B910002200210120CDE9008803F007FB042066
S21401B92001F02CFE41462046FFF7D0FF012241469A
S21401B930208610461CF0A0FCD4F8941004F1F80000
S21401B94002F010FC1F490868FFF7C0F84FF0FF33FC
S21401B9500B6094F8243043F0040384F82430B9F1E2
S21401B960000F07D0012120461DF071F925F400755E
S21401B97006430D432B4632462046FFF709F9FB07DF
S21401B9800FD51149114A0868002113681160012179
S21401B9900F4A117003B198470E4B002102205B68D5
S21401B9A0984717F00E0F08D04FF409723B2100207C
S21401B9B003B0BDE8F043FEF7B1BD03B0BDE8F083C8
S21401B9C01C4D0020A4610020204C0020244C0020A7
S21401B9D0835B00209C61002008B5482200210248B4
S21401B9E0FDF7ACFF002008BDDC1E00B073B5782162
S21401B9F06422A0F8141182210C23C0E94112C0E987
S21401BA004322C0F8002107224FF0FF35002680F8B8
S21401BA1030314FF6FF730446C28700F14C02826450
S21401BA201E4AC385A0F8403080F82C304386426316
S21401BA30038780F82860C0F8A850458580F826500E
S21401BA4003F03EFC2046FFF7C7FF94F92810204676
S21401BA50FFF76AF9602340F6FF71114A2046D36466
S21401BA6002F11C42D162D1650E4A2946D3644022B6
S21401BA700D4B1A67D4F89420FFF7D8F90E2300224D
S21401BA80CDE9003340F202231046194603F04EFA80
S21401BA9001F0E2F8304602B070BD00BF4000FFFF83
S21401BAA0004000B8005000B8002002B810B50C469F
S21401BAB0FFF792FFBCB1A378082B16D8E278082AC4
S21401BAC013D843EA021313F0FF030CBF194661684B
S21401BAD0074AC2F8DC10217882F82011617882F8D2
S21401BAE0233182F82111002010BD2120FCE700BF80
S21401BAF0001E00B0012A10B512D8032B10D803EB94
S21401BB0082020123074C934094F82201DBB221B153
S21401BB100343002084F8223110BD20EA0303F8E72E
S21401BB202120F9E7001E00B0034670B50C68B0F896
S21401BB303421013408BFD3F800418D6808BF0C607A
S21401BB404C68F830013404BFD3F80C414C606E1CCD
S21401BB503CD1D3F80841CE688C60751C3CD1D3F833
S21401BB6004510E69CD60013604BFD3F8F8600E614A
S21401BB704E69013604BFD3F8FC604E618E6901360A
S21401BB8004BFD3F810618E618E695EB35A32B24239
S21401BB9038BF32460E688A6116B15A2E38BF5A2609
S21401BBA0C3F808414C68C3E94065C3E943420A69E2
S21401BBB0C3F8F8204A690C49C3F8FC20D1F8FC10F8
S21401BBC007230A4A02F0B0FF002070BD02F15A04B2
S21401BBD0AC4238BF2C46BEE702F17805B54238BF05
S21401BBE03546BEE76422D5E7001F00B0581F00B0F7
S21401BBF070B521F052FC04460B4E00F031FA0128D4
S21401BC0005D0204621F044FC0225284670BDF36885
S21401BC1013F0706FC3F30365EFD1B36ADB06ECD59F
S21401BC20204621F035FCF0E7000002B838B521F0D7
S21401BC3034FC4FF6FF710A4A13888B4203D121F078
S21401BC4027FC0E2038BD074C074D1B046566A4F57E
S21401BC5080546366118021F01BFC0020F2E700BFD0
S21401BC6064640020006001B80000FFFF2DE9F7437F
S21401BC7004460F4615461E46FFF732F830B3A38A30
S21401BC8023B320461CF00EFC78B9002E40F0F2805B
S21401BC90794BD3F8D83E03F03002102A00F0EA8040
S21401BCA003F0C003402B00F0E580DFF80082D8F8EF
S21401BCB01430D90740F1DE8021F0EFFB0646032061
S21401BCC001F058FD30B1304621F0E2FB022003B00E
S21401BCD0BDE8F083D8F8142012F00608F3D13046F8
S21401BCE021F0D6FB644B4FF400612046D3F8D89E72
S21401BCF0D3F8AC6E04F0BEF940B14FF400720121E6
S21401BD005E4B08461A6742461CF0B6FA94F8253090
S21401BD10DA0707D5D4F894305B0542BF4FF400220A
S21401BD20574B1A6739462046FEF796FB524BC3F827
S21401BD30D89EC3F8AC6E0028C9D194F82430980672
S21401BD4001D4002D57D0C5F3400003F023FB022396
S21401BD5015F4807F1BBF0021494A484A136717BF65
S21401BD60484A13675161136303F04EFB4FF4806337
S21401BD7015F0040F14BF444A444A15F0400F5362AD
S21401BD804FF004023D4B28461A674FF0400314BF9C
S21401BD903F4A404AC2F88830FEF7C8FE20461CF0EB
S21401BDA0ABFC38B14FF4807315F0010F14BF344A61
S21401BDB0324A1367A90647D54FF6FF72B4F84030EA
S21401BDC093420FD0344A3549526E100CC2F3011219
S21401BDD00132B3FBF2F308802B4A2C4930481B048E
S21401BDE048665366003D18BF012594F8243065F374
S21401BDF0451384F8243020461CF04EFDF0B1204651
S21401BE001CF07AFCD0B14FF40031204604F032F930
S21401BE10431C03229BB2234801A91CF0F5FD9DF8A3
S21401BE20042002F00703052B9DF8053015D11207F3
S21401BE300DD443F480731C4AC2F8B830002003B016
S21401BE40BDE8F0431CF0EDBDFFF7F0FECAE713F0C6
S21401BE50040F09D19DF80630EBE703F03002202AE3
S21401BE6005D113F0010FF4E74FF48073E3E79DF873
S21401BE700630E0E70E202AE7001000B0002002B8E6
S21401BE80001002B800400054005001B8006001B82C
S21401BE9000D000B800E000B8004001B8646400209B
S21401BEA00000FFFF08400054001E00B000C001B8AB
S21401BEB02DE9F3410646884615461F4621F0EDFA60
S21401BEC00446032001F056FC38B1204621F0E0FA82
S21401BED00E24204602B0BDE8F081042001F04AFCA1
S21401BEE00028F2D1204621F0D3FA01232A46414602
S21401BEF03046FFF7BBFE04460028EAD1DFF8C880CB
S21401BF005FB388F8000039463046FEF735FD002855
S21401BF104CD198F80030012B1CD02022244B1A67F4
S21401BF20244BDB6CB3F5817F1FD201201CF0BAFDD8
S21401BF3021F0B3FA204B06461B680193CBB901F0FA
S21401BF4093FC15F0800526D101F0E0FC284603F0AD
S21401BF50F5F925E003F008FABBE798F80030012B65
S21401BF60F8D0002BD9D12124B3E78022134B1A61D4
S21401BF70DBE7042001F002FB00230122042001A9D3
S21401BF8001F01AFB0028DAD103F056FA21243046D4
S21401BF9021F07EFA9DE70022094B9A6701F0B6FC74
S21401BFA0084B01215B6800209847F0E7044690E7BC
S21401BFB0001002B8001F00B0104C0020000002B8AC
S21401BFC000C001B89C610020805B002008B50C4BC6
S21401BFD0D3F84C114B1C12D011F080410FD1094BF4
S21401BFE01B6813B10320FEF70BFE4FF080624FF47F
S21401BFF00071054BDA67054AD16201225A6108BD14
S21401C0000080E00F1C4D0020001002B8004000B870
S21401C0104FF40022034B186F03F500531A67C0F361
S21401C020C0407047000002B8024B586900F001009A
S21401C030704700BF00C001B8084B5A69D10707D541
S21401C04008B901F077BA5B69DA0706D401F064BA79
S21401C0505B69DB0701D40028F8D1704700C001B83E
S21401C0600F4BDB68C3F30363013B0B2B0FD8DFE8F1
S21401C07003F006060C06060606080A08080802204B
S21401C0807047042070470520704703207047054B12
S21401C0905B6913F0060F0CBF01200420704700BF38
S21401C0A0000002B800C001B8094AD368C3F30363AD
S21401C0B00B2B08D06FF49050184100F0010080F06F
S21401C0C0010040007047106F10F48030EDD17047CA
S21401C0D0000002B80C4AD368C3F30363062B07D8E3
S21401C0E0042BD8B20BD8C31E5842584140007047A3
S21401C0F0072B06D1D2F830010028ECD17047022078
S21401C10070470020704700BF000002B8094BDB688B
S21401C110C3F303639A1E012A8CBF00220122012B5E
S21401C12002701EBF4FF4026222FA03F303F001030A
S21401C1300B707047000002B8094AD368C3F3036363
S21401C140032B01D0072B08D1536FDB0605D4906F64
S21401C15080F00800C0F3C00070470020704700BFA1
S21401C160000002B8024B002219681CF076BB00BF23
S21401C170EC980400024B1B6803B11847704700BFD8
S21401C1803C4C0020024B1B6803B11847704700BFA8
S21401C190384C002010B5FF224FF6FF7104461CF004
S21401C1A07EFB68B9FF224FF6FF7120461CF088FB24
S21401C1B030B92046BDE81040FF2202491CF092BB70
S21401C1C010BD00BF909804002DE9F0411C46184BA5
S21401C1D005461E680F46904646B1306801F01CFEC3
S21401C1E0F3681BB1B368186801F016FE114B1B68A3
S21401C1F02BB1DA681AB19B68186801F00DFE9DF83C
S21401C2001830640744EA08425B0503F0BC6342EA5F
S21401C210C7621A432846084942F4C87203F016FF5B
S21401C220002228461146FFF781F90020BDE8F0817B
S21401C230E8980400EC9804009007E12D08B5FFF794
S21401C2407BFF88B1094BDA6912030DD5186F10F41C
S21401C250003009D19B6F13F0100F4FF010030CBF85
S21401C260034A044A936708BD0220FCE7000002B8AF
S21401C270001002B8002002B838B50446F8B1124AD8
S21401C280D3691B031DD5556F104BC5F38115032DBF
S21401C290B3F8B4300DD10822083B9BB221460C48B6
S21401C2A01CF0B2FB0020084B25729B6F1B0A6372C1
S21401C2B038BD022D05D1023B2A469BB2EEE721206E
S21401C2C0F6E70220F4E700BF000002B8001E00B047
S21401C2D038400054431EDBB2FD2B14D9FF280B68EF
S21401C2E001D14A68134313F0802F1EBF42F20102A8
S21401C2F0074BC3F8282251F82020054BC3F85022DB
S21401C300C3F8542270470128F5D10023E9E700BF9E
S21401C310004001B8F0B585B06D460E460F4B074696
S21401C32014460FCB85E80F000D4BD3F8480200905A
S21401C330D3F84C2201923EB1631EDBB2FD2B0AD923
S21401C3403060FF2C00D172602246294638461CF028
S21401C350F6FA05B0F0BD012CF4E700BF989804008A
S21401C3600080E00FF0B585B06E460D4B07460D46D2
S21401C3700FCB86E80F0000F039F831460446024636
S21401C38038461CF055FC4DB140B9FF2C1BBF04AB21
S21401C39003EB8404009B54F8103C2B6005B0F0BD01
S21401C3A09898040030B50C4B0546187085B00823E4
S21401C3B080B90A4AC2F8FC3351B96C46084B0FCB18
S21401C3C084E80F00074B2A4621461868FFF7A2FFAC
S21401C3D005B030BD044AEDE7DF640020001002B866
S21401C3E0A89804001C4D0020002002B8014B1878C4
S21401C3F0704700BFDF640020124BD3F8E020D20361
S21401C4001ED54FF480321049C1F8E020A1F58051C5
S21401C410C1F8EC201A6CD1B2C2F30722C3F880101F
S21401C420C3F880200422C3F880200022C3F88020AD
S21401C430C3F88020C3F88020C3F88020C3F880208A
S21401C440704700BF0040005400600054F0220A4BC1
S21401C45001219A64A022A3F580539A64074B826C4B
S21401C460C3F8C010FC21C3F89810C3F89C204FF401
S21401C4700052C3F8BC207047006000B8004000546A
S21401C480F8B50D461746064621F007F801230421A4
S21401C490084C094A2363A760E6602561C2F8E010EC
S21401C4A0064AC2F8843120F0F3FF0DB1022323635C
S21401C4B0F8BD00BF004000540060005400E100E0F9
S21401C4C00222024B58611A63704700BF00400054B5
S21401C4D00122044B1A6640F6FF729963D863DA6547
S21401C4E0704700BF004000542DE9F04F042A05466E
S21401C4F00B4683B039D901260978141F81615A7811
S21401C50003F1040982619A788261DB7883610368AA
S21401C510D0F808B003F0070306339E4006F1FF3A51
S21401C5200AEA0B084768A6EB0802944247F0005750
S21401C5300ED84946224607EB0800FDF79DFB46EA62
S21401C5400A0604EB0B023240AA6003B0BDE8F08F86
S21401C550494607EB08000192FDF78EFB019A384623
S21401C56009EB0201A21B4244E7E7013A032AECD891
S21401C570DFE802F00B08050213F8012B826113F8BD
S21401C580012BAA6113F8012BAA611B78AB6103B0DA
S21401C590BDE8F08F38B50C46154601460F4B60B125
S21401C5A001220F48C3F8C0202246FFF79DFF1DB1A8
S21401C5B004220A4BC3F8C02038BD64B1D3F8A420C6
S21401C5C0A24284BF0122C3F8C0200222C3F8A040C1
S21401C5D0C3F8C020EBE70122FAE700BF0040005491
S21401C5E09840005438B5044620F057FF01211A4AF6
S21401C5F0638F054611663BB3B3FA83F3C3F11903A0
S21401C600DBB2A069C2F8901093660723D066C2F821
S21401C6108C304FF4A02302F50052C2F8E030A2F5A8
S21401C6208052C2F8EC3000220C4B1A600C4B1B6F88
S21401C6305B0209D54FF480020A4B04F1F8001A6731
S21401C640D4F8941001F08EFD4FF4E0232846E363FE
S21401C650BDE8384020F01CBF00400054404C00208C
S21401C660000002B8002002B82DE9F84305460C4642
S21401C670B1B1D0F81880478F20F00FFFB5F83CC055
S21401C680791E01EA0C0323F00702032C0646DFF8A5
S21401C690F8E042445CD1DEF8004024B920F0F8FE10
S21401C6A00E20BDE8F88324F00104DEF8000020F037
S21401C6B00100A04251D10023CEF8003023889442D5
S21401C6C06FEA43436FEA534323803CD1EB8F08EB79
S21401C6D007091846083880B202F108044C4528BFFD
S21401C6E04446082804D9B4F800E0BEF5804F3ED28F
S21401C6F063440F431B1A3B409BB2AB87E887118804
S21401C70094781C4AC1F30C0151645367C2F88C003B
S21401C7104FF48022184B04F00704C3F8E0200122EE
S21401C720164BC3F88421FFF767FE042C0BD14FF498
S21401C7308002134B05F1F8001B6F124B1A67D5F8F0
S21401C740941001F00FFD304620F0A2FE0020A8E76D
S21401C750601E012898BF1446A7E7E88F4344E31AF2
S21401C76048BFDB1908389842A8DC304696E72246CF
S21401C770B0E700BF004000540060005400E100E054
S21401C780000002B8002002B8404C0020144B10B53F
S21401C7901968CA8F8B8F488F13440138073B8C6901
S21401C7A0034023F007031C4402F108030D4A9BB221
S21401C7B0CB87C2F88C304FF480220B4BC3F8E020B5
S21401C7C001220A4BC3F88421A07800F00700042850
S21401C7D003D1074AD3681B03FCD4064B1C6010BD6B
S21401C7E01C4D0020004000540060005400E100E0B1
S21401C7F0000002B8404C002010B5064C216839B143
S21401C800CB0703D4044B1868FFF72EFF00232360E1
S21401C81010BD00BF404C00201C4D00204FF480325C
S21401C8200B4B0C49C3F8EC20A3F50053C1F8E020EC
S21401C830D3F888109A6E012302F00702063293405D
S21401C840C1F30C01083B994201D8FFF7D5BD7047EB
S21401C85000600054005000542DE9F04780460C4615
S21401C86016468769458F20F018FEB8F83C2005F17A
S21401C870FF3C02EA0C0323F00701032C82463944ED
S21401C880B8F83E0019D1494C24689CB90244073ACD
S21401C89002EA0C0222F00702BC183B44E31A48BF26
S21401C8A05B19834210DB504620F0F2FD002420463F
S21401C8B0BDE8F08724F00104EFE7012C02D0022C3A
S21401C8C0EBD108380C46E8E7002E3DD08C423FD12C
S21401C8D0374AD2F844903649B8F81270D1F8882011
S21401C8E0C2F30C02934247DA2588B5F5804FDAD2B7
S21401C8F0A378C5F30C0503F007037A1EA5EB09051B
S21401C9003A43052B337005EA02052DD82DB2E843CC
S21401C91040F241420421C00FFDF700FE7580E37826
S21401C9203374D8F81C207B1E03EA0903D118B160C2
S21401C930A9B213FA85F5AF422FBF0023FF1AB780BD
S21401C940F26024BFB180F360504620F0A1FDAEE74F
S21401C950A4F10802974284BFED0802EBC502B2F8C3
S21401C9600090C9F30C09B6E7124B5B6D003B18BF8C
S21401C9700123A5EBC305C9E70B6C7A1EA3EB0903DC
S21401C9803A431A400C4915B2002DCB680BDCC3F3B1
S21401C9900363D81E43424341DB0033708B6F7280C2
S21401C9A01B0A3374BDE70823F7E700BF404C00209D
S21401C9B000400054004000B8000002B8054BA82211
S21401C9C0D3F84C013121431C0CBF0120C0F3807009
S21401C9D0FDF7A4BD0080E00F38B5094D0446286870
S21401C9E040F69702003818BF01202B21FDF796FD6F
S21401C9F0FA235C432B680A20B4FBF3F4604338BD8A
S21401CA00744C0020174B30B51A68431C164B22D0C5
S21401CA10B2F1407F1FD3154D00F03F04D5F8002139
S21401CA2022F03F021443C3F8C84001F03F042243FA
S21401CA30C3F8D020D5F804310D4A1A400D4B03EA4D
S21401CA40500003EA510110431143074BC3F8CC00D1
S21401CA50C3F8D41030BD00200146C3F8C800C3F89F
S21401CA60D000F2E70080E00F001F00B0000002B81F
S21401CA701FF087E1E0FFFF7F73B5574E044631781C
S21401CA8019B91C225548FCF759FF2378544A618886
S21401CA90137051804FF0FC62524CFF21C4F8FC2009
S21401CAA04FF47F02C4F808214F4A022B4F4D1170F4
S21401CAB033D1042307224E49C4F8FC23C5F8FC33BE
S21401CAC0C4F800114FF4C071C5F80011C4F8FC2376
S21401CAD04FF48052C5F8FC33C5F870214FF400526C
S21401CAE0C4F87021C4F808314FF4FF13C4F8FC30C1
S21401CAF04FF4BB13C5F8FC308023C4F8703148F2FC
S21401CB00C8023C4BC3F8D8203B4B3C4A0020C3F834
S21401CB10C02F0123337002B070BD394A012BC4F80F
S21401CB200021384B27D14FF4C072C5F80021D3F845
S21401CB303802D3F83C12FFF765FF0723C4F8FC332D
S21401CB400223C5F8FC334FF48053C5F870314FF417
S21401CB500053C4F870310423C4F808310DEB030008
S21401CB60ECF7B6FD9DF80530023B012B9CBF8023F8
S21401CB70C5F87031C3E7244AC5F80021D3F830025E
S21401CB80D3F83412FFF73EFF0723C4F8FC33012322
S21401CB90C5F8FC338023C4F870314FF4805301A8E4
S21401CBA0C4F87031ECF794FD9DF80530012B05D1E2
S21401CBB09DF8043053B948F25D1309E0FBD9023BF6
S21401CBC0012B9CBF4FF40053C5F8703148F258133F
S21401CBD0084AC2F8D83097E7845B0020C41F00B02B
S21401CBE066640020002002B8E3640020001002B84A
S21401CBF0C0F10F00001F00B0001000B0484C00202C
S21401CC00C0F70F000080E00FC0F60F00034B1A6854
S21401CC1002609B8883800020704700BF6664002006
S21401CC2010B5044601F026F80A4BD3F8F83724B9B4
S21401CC3083F40023C3F3C04010BD012C05D113F4C7
S21401CC40C02F0CBF01200020F6E7A31E5842584112
S21401CC50F2E700BF000002B86FF07F42154BD3F831
S21401CC60FC37934208D0144A03F03F031370F123B4
S21401CC70124A1370124A13701249134B09781A6834
S21401CC80A9B1B2F1A06F12D3D3F850120F4A104BCC
S21401CC90B1F1FF3F18BF13460E4A136041F66A0210
S21401CCA00D4B1B68B3FBF2F30C4A13607047084B3D
S21401CCB0F2E700BF000002B8E4640020E56400204B
S21401CCC0E6640020E26400200080E00F5082E00F5E
S21401CCD0CC980400444C0020904C0020744C00205A
S21401CCE0012807D0022802D030B100207047034B3C
S21401CCF018787047024BFBE7024BF9E7E464002023
S21401CD00E5640020E66400200023F0B590F8304189
S21401CD1085B002462046CDE90133CDF80B30FFF74A
S21401CD20DFFF92F82B30411EC9B28B4228BF0B465B
S21401CD30002C3CD0012C38D1042418464FF00F0C9F
S21401CD40384E0DEB0405B0FBFCF7F75D013CC01B4C
S21401CD50C0B2814238BF00206055002CF3D10524B3
S21401CD600F278DF80830B3FBF7F0305C0344DBB2D5
S21401CD708B4228BF0B462B5501340B2CF3D10F26C3
S21401CD8002F1A800D43215F8013BB3FBF6F14C1CB6
S21401CD90C1EB01115B1A0133DBB2E4B21B0443EAB7
S21401CDA0045340F8043F8242EDD105B0F0BD04249F
S21401CDB018464FF00F0C1C4F0DEB0406B0FBFCF5AC
S21401CDC0EDB27D5D013C401BC0B2814238BF002000
S21401CDD0A055002CF2D105240F258DF80830B3FBA1
S21401CDE0F5F0385C0344DBB28B4228BF0B46335563
S21401CDF001340B2CF3D10F2502F1A804D43216F816
S21401CE00013BB3FBF5F1481CC1EB01115B1A013381
S21401CE10DBB2C0B21B0443EA005344F8043FA2420B
S21401CE20EDD1C2E7C5980400B898040038B5284B80
S21401CE3005461A7827490C2A02D1FF20087038BD0A
S21401CE4010461BF01EFE04461046FFF749FFA84297
S21401CE5028BF2846C0B2A04238BF20460B78C0B2D1
S21401CE608342ECD0087088B1431EDBB2022A1A490D
S21401CE700ED14FF0FC62C1F8FC20A1F50051D1F8AB
S21401CE80FC2042EA4353C1F8FC30D8E70346EDE7FD
S21401CE90124A134C1268AC32C4F8C02F4FF47F020A
S21401CEA0C1F808210F49CA6FD202C8D40F22B3FBBA
S21401CEB0F2F2551CC2EB02129B1A0133D1F808415B
S21401CEC01B0443EA05532343C1F80831B7E700BF03
S21401CED066640020E3640020002002B81C4D002098
S21401CEE0001000B0000002B82DE9F04F90F8305164
S21401CEF00646D0F8A82087B035BB1F2A38BF1F22A8
S21401CF00093A4C24844B85481B6A96F82B10C3F3C8
S21401CF108213DC400368DFF82CA29342DFF82882F4
S21401CF207F4B04F0010414D11F78A74211D19AF85F
S21401CF300070AF420DD17B4F3F788F4209D1B8F8D0
S21401CF40040007B0BDE8F08F032A38BF0322023A77
S21401CF50D7E7026098F800001C70FFF7C1FEFF29B2
S21401CF6024D128461BF08DFD07466F493CB3D6F801
S21401CF70E4702FB13B68082B40F2CB8097F83870ED
S21401CF801DBB0B6840F27121B3FBF1F35343192229
S21401CF90B3FBF2F339462A4605A805931BF047FD75
S21401CFA002023C04059842F0110988E0471E8F42B0
S21401CFB028BF0F46012F38BF0127FFB2D5E7012D45
S21401CFC029D0022D01D0B5B327460B6840F2712156
S21401CFD0B3FBF1F353431922B3FBF2F339460122B3
S21401CFE007EB072405A8059307EB04241BF01FFD98
S21401CFF07F00032F38BF0327020242EA001242EAEB
S21401D0000009033F00F01F0007FA00F0FFF7E4FCF9
S21401D01000F5FA6758E00F23B7FBF3F3581CC3EB90
S21401D0200313FB1A0133DBB2C0B21B0443EA0053FD
S21401D030C3F30747C9E70C6840F27121B4FBF1F46A
S21401D0400F2354431922B7FBF3F3B4FBF2F437482A
S21401D050374A0068A2FB0412013350FA83F313F82F
S21401D060013C0392A3F140012A4603A801931BF059
S21401D070DEFC039F2F4AE41BA2FB04120090302122
S21401D080049204A82A461BF0D2FCDDF810B08146B3
S21401D090A4EB0B0401220594102144F2100405A808
S21401D0A01BF0C5FC009B1A02019B42EA091244EAE6
S21401D0B00344059B42EA000907EB0B001844FFF7FF
S21401D0C08BFC00F50C57283740F6FF711A4B384693
S21401D0D0C3F8C010A3F58053C3F8C090A3F58053DE
S21401D0E0C3F8C440154C276001F0B0FC4FF47A72C7
S21401D0F0134B4042986523680A49B3FBF2F3A8F83C
S21401D100043096F82B30B7FBF2F08AF800500B701B
S21401D11017E7002734E700BF004001B8AC610020E4
S21401D120855B0020E0640020904C0020444C0020E9
S21401D13069C2F568911E856B006001B8784C0020C5
S21401D140001F00B0E164002066640020014B1870E7
S21401D150704700BFE264002010B5044603F012F8E1
S21401D16078B1174B1B786BB964B1164B1B784BB172
S21401D170154B1B78013B012B04D84FF40042134B8F
S21401D180DA6710BD124BDB6F1B04FAD420F085F969
S21401D1904FF400420F4B0446DA67A3F5A0435B68E1
S21401D1A02BB1FEF741FF10B102201BF07BFC0222DF
S21401D1B0094B2046BDE81040C3F8842420F068B926
S21401D1C0865B0020875B00207C4C0020002002B894
S21401D1D0000002B8001002B800D003500122024B32
S21401D1E000201A70FFF7B8BF865B00200022024BB2
S21401D1F001201A70FFF7B0BF865B0020F7B5064620
S21401D200504C00F037FD504B2578504F1E7085BBB3
S21401D2102846FFF7A1FF2378013B012B19D8E37BB2
S21401D22001A88DF80430237C8DF80530E9F778FEE7
S21401D230C7F884544FF6FF72454BC3F88420F82292
S21401D240A3F58053C3F884200022404BC3F88424FE
S21401D2500DE04FF6FF723E4BC7F88454C3F88420A6
S21401D260F822A3F58053C3F88420C7F88454394BB9
S21401D2705BE00020FFF770FF2378013B012B08D805
S21401D280E37B01A88DF80430237C8DF80530E9F79F
S21401D29047FE0023C7F88434002ECBD062685AB309
S21401D2A02D4B1B6803EB5203B3FBF2F3013B1B024E
S21401D2B043F0F80326782649022E284A1ED0032E6C
S21401D2C04FF6FF75214826D0012E34D143F00203D4
S21401D2D0C1F88450C2F884300723C0F88434E37B55
S21401D2E001A88DF80430237C8DF80530E9F7ECFDB4
S21401D2F00120FFF731FF17E0F823DBE74FF6FF7059
S21401D30043F00103C1F88400C2F8843006220F4BB3
S21401D310C3F88424E3E743F00503C1F88450C2F858
S21401D32084300423C0F884340D4B4FF08042002033
S21401D330DA6703B0F0BDC1F88450C2F88430002328
S21401D340F0E700BF7C4C0020875B002000C0035044
S21401D350006000B8002002B8904C0020005000B8D1
S21401D360001002B8F0B5294F06463D4604460FCEDA
S21401D3700FC5336885B02B6000F07CFC0022244B7F
S21401D380C3F88424A17A627A42EA0142C3F890245F
S21401D390217CE27B42EA0142C3F88C24217B627B3A
S21401D3A041EA0240C3F888043B78032B2AD8DFE819
S21401D3B003F022020C178DF8041004218DF80520C5
S21401D3C00DEB01000022E9F74BFDE37B00228DF80F
S21401D3D00830237C042102A88DF80930E9F740FDC6
S21401D3E0637A01228DF80C30A37A042103A88DF804
S21401D3F00D30E9F735FD074B187805B0BDE8F0406C
S21401D400FFF7FCBE212005B0F0BD00BF7C4C00201C
S21401D41000C00350875B0020034BDB6F002BBCBFB3
S21401D420024BC3F888007047000002B8004000B8FD
S21401D4302DE9F0471BF09AFB4FF47A762D4BB0FBA3
S21401D440F6F618604FF4FA73734307462A48190E26
S21401D4501B021818294A4FF0000341F10001FBF79F
S21401D4605BFE274BA0F5807205461A6320B9482259
S21401D4702B21FDF753F801254FF47A724FF0000A7D
S21401D4806A43534650083102FBF746FE1C4B1D4AC1
S21401D490B7F57A7F9A601C4B4FEA056819601B4BFB
S21401D4A08946044618604FEA152505D29B222B2192
S21401D4B05046FDF733F801264FF47A73A8FB0301B3
S21401D4C003FB05117308C01841F100010023324621
S21401D4D0FBF722FE0E4B023419600E4B49F1000990
S21401D4E0A408186044EA8974054B013C9C63BDE8B6
S21401D4F0F08700BF904C002020A1070040420F009B
S21401D50000C001B802110100A04C00209C4C002074
S21401D510984C0020944C00201022044BC3F8842120
S21401D5205A600122024BDA60704700BF00E100E05A
S21401D53000C001B81022064BC3F88421C3F884202A
S21401D540BFF34F8FBFF36F8F0422024BDA60704731
S21401D55000E100E000C001B810B50446A242A2EB0B
S21401D5600000A3EB010104D2034B01399B6B01338D
S21401D570184401F0030110BD00C001B838B50125FB
S21401D5800A4B02019D504FF480730446084A8340BB
S21401D59053661FF082FF074AA540137823EA050366
S21401D5A01370BDE838401FF073BF00BF00E101B83B
S21401D5B000E001B8905B00202DE9F84F16460546BD
S21401D5C08A461F461FF069FF022E00F090808046B3
S21401D5D01FF070FF594B5A4AD3F82090147D5A6EAB
S21401D5E0E4B2520744BFD3F82090013404F0030498
S21401D5F01FF05BFF4846214600F036FA8446DAF80B
S21401D6000000012E04BF01306044ACEB000C08BFE3
S21401D610CAF80000BCF1804F7DD300F037FA81458F
S21401D620A1EB040188BF454BDFF834C188BF01F187
S21401D630FF3101F0030188BF9B6BA0EB090E0CF8CC
S21401D6400510A1B1F90742BF41F61F723D4B5A675B
S21401D650BA0742BF3B4B3C4A5A677B0742BF002290
S21401D660364B9A673C0742BF0022344B9A65112419
S21401D6704FF0010A314B05F11002120103EB051BB5
S21401D680CBF80C0131499C501A6A0AFA05F4586E17
S21401D6900B78A2EB0902E4B2234372450B7025D343
S21401D6A04FF48073AB40034220D11CF80520002ABA
S21401D6B040D10EB3264AF807536607D541F61F71C7
S21401D6C040F201101F4B596750675967B90706D5D5
S21401D6D01C4B1D4A1E491F485A6748675A677A07F6
S21401D6E042BF01221C4B1A613B071AD440461FF069
S21401D6F0CFFE0120BDE8F88F184A2D0142F805A09B
S21401D70042F89C3C1FF0C9FE10490B7823EA04033B
S21401D7100B701FF0BDFE40461FF0BAFE0020BDE8AC
S21401D720F88F2120FFF778FE4FF48032034B4046F6
S21401D730DA60DCE7064A40465366D8E700C001B81F
S21401D740004D002000E001B800001F1F905B002084
S21401D75000D001B800000101000002B800E101B8E4
S21401D760885B0020024B1878003818BF01207047EC
S21401D770905B0020034B10300001185800F00100A8
S21401D780704700BF00C001B870B50646FEF74CFCF6
S21401D790044608B1FFF7CEFE0023084D3046AB61C4
S21401D7A0EB612B6200F072F9054BC9B2197528625C
S21401D7B00CB1FFF7B1FE002070BD00BF00C001B87C
S21401D7C0004D00202DE9F0419DF818800D46B8F176
S21401D7D0000F08BF0022214EB5F5803FB16807460D
S21401D7E021F4700141F4A001B1609DF820409DF83C
S21401D7F01C104FEA042444EA016444EA031444EA90
S21401D800084444EA02044FF0180140F2E9222CBF12
S21401D810002001207465FCF781FE3564B8F1000F25
S21401D8201AD00F4BBC68D3F888305A2C38BF5A240C
S21401D8305B0606D500F0F0FB18B10A4BB3FBF0F31C
S21401D8401C44204600F022F90130854238BF0022F0
S21401D850024B34BF5A645864BDE8F08100C001B879
S21401D86000C000B800093D00214B10B51A6E1A66BB
S21401D870596C59B11F49C96800292EDB596D4FF003
S21401D880FF3301F00F018B409A4326D1102420204C
S21401D890FFF7C2FD184B9C6002F088FB2022174B55
S21401D8A0C3F8842101F0F4FC48B1002200200821CD
S21401D8B0FEF71CF8124B5C66A3F580531C670D4AF5
S21401D8C0D36803F07063B3F1807FF9D9084B0D4A32
S21401D8D05A6741F201429A6710BD01F0D9FC00284F
S21401D8E0F4D0094B064A5366A2F580521367EDE75A
S21401D8F000C001B8000002B8001002B800E100E064
S21401D90000E001B8011B01181000002008B5212015
S21401D910FFF782FD4FF48032014BDA6008BD00BF8D
S21401D92000C001B8F8B5184D04462B6A1B0426D56D
S21401D93000F0E6FB2B6AA0FB044613F0787F4FEA63
S21401D9409367C3F34450C3F3044505D140F25A42EA
S21401D9502B21FCF7E3FD0120AD01B5FBF0F010EB48
S21401D960871005D140F25F422B21FCF7D7FD01203D
S21401D9700246002320463146FBF7CEFBF8BD00F0F9
S21401D9804BFBA0FB0401F9E700C000B802460120EA
S21401D99030B50B4CA0F12003C0F1200524FA05F5A3
S21401D9A004FA03F32B4304FA00F595428B4100D3A6
S21401D9B030BD0F2801D00130ECE7FF20F8E700BFAB
S21401D9C040420F0010B50C46FFF7ACFFC30943EA0F
S21401D9D04163C01A61EBD111FFF7D8FFFF2814D0BD
S21401D9E00F220C4B40F01000C3F88820A3F580539B
S21401D9F0C3F88800A3F580531B6ADBB2802B06D0E0
S21401DA002046BDE8104000F067BB212010BD022073
S21401DA10FCE700BF00E000B838B51FF04BFD084B2F
S21401DA20084A1D6A147D5A6EE4B2520744BF1D6A45
S21401DA3001341FF03AFD284604F0030138BD00BF4B
S21401DA4000C001B8004D00200346064A103302EB21
S21401DA5000111B01D1F80C01D158C1F340011BF094
S21401DA602CB800BF00C001B8064B1B68434303EB4C
S21401DA708171054B1B68A3FB003013F1004341EB9A
S21401DA8000007047984C0020944C00200C4A20F06F
S21401DA904043014610B5002014684FF00042E4FBF5
S21401DAA00320084A890F126802FB0300064B9B6B92
S21401DAB0984204D901330131C01A01F0030110BDA7
S21401DAC09C4C0020A04C002000C001B8044B01F083
S21401DAD0F071103041F0030100011950704700BF8A
S21401DAE000C001B808B52220FFF796FC4FF480224B
S21401DAF0014BDA6008BD00BF00C001B808B5064B8F
S21401DB004FF030401A6805499200FCF7B5F8BDE8B9
S21401DB10084001F0E3B800BF089904000C9904001E
S21401DB2070B50C68651C15D0C4F302669E42C4F33A
S21401DB30074530D1A4B294422DD804EB8506B242F3
S21401DB4029D2141BA50824F003040E59340F04D05F
S21401DB50012C08D00022212402E06B1C51F823205E
S21401DB60C0E9002470BD0E4C34F8133042EA03437A
S21401DB701A686B1C51F8234001EB83014B68224065
S21401DB805E4036F0704404D11B0F032B04BF8B6834
S21401DB901A430024E4E7013501EB8501C1E700BF24
S21401DBA0E098040007B501A8EBF792FD4822164B52
S21401DBB05A65164AD2F8D43023F4FC33C2F8D4306E
S21401DBC0134B1B689DF80530023B012B19D84022E8
S21401DBD0104BC3F8FC23104BD3F85C32DBB2FF2B9F
S21401DBE000D10623094A1B03D2F8FC139BB20B4350
S21401DBF0C2F8FC33D2F83021084B1A6003B05DF846
S21401DC0004FB00F0E7FEECE7008001B8000002B874
S21401DC10002000B0001002B80080E00F344C002055
S21401DC2000224FF400710F4B10B51A675A679A67B6
S21401DC300D4AD162012102F5E8325161DA6812F02B
S21401DC40706FFBD14FF0304201245A6602F5FC5248
S21401DC5008329C66DA64054B1B689847044B5C6186
S21401DC6010BD00BF000002B8004000B8B06100203F
S21401DC70002002B801230F4A0F49C2F880328A6A8F
S21401DC8022F002028A620D4A53600D4A53600D4A21
S21401DC905360A2F580425360A2F54042536002F5FC
S21401DCA0C032536002F580425360A2F500425360D1
S21401DCB0704700BF0080005000C0005000D000B880
S21401DCC000500054005001B808B5FFF7D3FF0E4BC3
S21401DCD00E4ADA6700F076FEFFF764FF03220C4B6C
S21401DCE0C3F8E020012203F54043DA674FF460727F
S21401DCF05A614FF40072DA67FEF778FBBDE8084018
S21401DD000021FEF74FBB00BF000002B80048F0003C
S21401DD10005001B82DE9F04F054687B002900F4636
S21401DD2057F8044B631C06D1029B2C60E81A80103E
S21401DD3007B0BDE8F08F5FEA147B18BF0123344AB1
S21401DD40C4F3016108BFC4F3074332F81120A4B23B
S21401DD504FEAC30A2F4844EA02440AF104022A445D
S21401DD6082421BD20722CA4002F0010201929A00A7
S21401DD7004EB830303930123B94603FA0BF808F077
S21401DD80940305F1080604920593039B09F104091F
S21401DD90A34208D1049955443944C0E71D4A954227
S21401DDA0E0D80020C4E7059B53B918F0420F19D1FB
S21401DDB018F0280F0BD146F8084C59F8042C21E02E
S21401DDC04FF4206232210020FCF7A8FBF3E740F66F
S21401DDD0042232210198FCF7A1FB04F5805246F893
S21401DDE0082CEAE740F60D2232210198FCF796FB53
S21401DDF004F50052BBF1010F46F8082CDDD159F8A5
S21401DE00042CD24346F8042C04340836BDE700BF80
S21401DE10E0980400003000B0F8B50546F0B10026E1
S21401DE20154B34461F46154953F8042BBAB9A000C2
S21401DE3000F13040294600F50150FFF76BFF30B97D
S21401DE4040F6AE323621BDE8F840FCF767BB0C4B16
S21401DE500134044447F8265023F81640F8BDAA4278
S21401DE60FCD001360C2E02D031F81640DCE740F625
S21401DE70C83236210020E6E7A44C0020EA540020F0
S21401DE80EC54002070B50446A8B1C1B1384A52F826
S21401DE90043B984215D1002336498A689206FCD481
S21401DEA09B00354A03F1304303F50153C2F8B03005
S21401DEB02022324B9A6070BD01330C2B02D1304DBB
S21401DEC012E0012352F8041BA142F5D12D4A32F883
S21401DED01330E1E704D16268C3E90012083403E0B5
S21401DEE0012A01D1043419602268531CE3D0C2F31D
S21401DEF0016335F81300110C93B211F0FE0F43EADB
S21401DF00004360680DD00434CAB2022A2168E1D900
S21401DF10D4E90160033AC3E9001698600C340C3367
S21401DF20F3E7120F072AD9D8DFE802F00704090D34
S21401DF301013181DC04303F500531860CEE71A6886
S21401DF4042401A60CAE703F58053F6E71AF0AAFDC5
S21401DF50C4E7012203F580538240F2E7012203F56C
S21401DF6000538240EDE71A6830EA0202FBD1B5E7BA
S21401DF70A44C0020000002B8001E00B0001002B839
S21401DF80E0980400EA5400200122014BDA6770474A
S21401DF90001002B80122014BDA677047002002B870
S21401DFA04022014BDA677047002002B84022014B3D
S21401DFB0DA677047001002B80B4B1B68D3F8E430E1
S21401DFC023B11A68022A01D9186A7047074B9A6D5D
S21401DFD090B238B1064BC2F307421B68DB085343C5
S21401DFE0B3FBF0F0704700BF1C4D0020004001B8A5
S21401DFF0904C0020064BDB68C3F30363984206D1BE
S21401E000044AD36B23F0F00343EA0111D16370474E
S21401E010000002B8001F00B0054B1B68D3F8E430BF
S21401E02013B11A680A2A01D8FFF7C6BF186C7047E1
S21401E0301C4D00202DE9F74306461AF02CFD00245E
S21401E0408046DFF890901FF028FA0DF1070105468B
S21401E0500DF10600FEF75AF89DF806308BB9721CD2
S21401E06029D01AF018FDA0EB080428461FF010FA74
S21401E0709DF8063013B99DF807303BB3A642E2D8A7
S21401E08024E0D9F80C3013F4603FE8D0D9F810003A
S21401E0901AF06EFD731C074603D01AF0FCFCA0EBC9
S21401E0A0080428461FF0F4F917F5007FE0D038463B
S21401E0B003B0BDE8F08328461FF0EAF99DF8063064
S21401E0C0002BC0D19DF80730002BBCD1004FEEE7E6
S21401E0D000FEFFFF00C000B810F1800F04D04D28ED
S21401E0E0CEBF7F20323040B2FF22044BC0B21A624C
S21401E0F0A3F5805318620020704700BF00E000B807
S21401E1000B4A10B5136E0B4C116E03F00703E35C5C
S21401E110C1F3CD0101FB0333126E0748C2F345423A
S21401E12002FB033300688001B0FBF3F010BD00BFB3
S21401E130004001B8D8980400904C0020084910B55A
S21401E140D1F89C3040B11C46CA68D1F89C309C423C
S21401E150F9D1C2F30362027003F00F0010BD00BFD5
S21401E160000002B8094B01F080011B6F03F4800325
S21401E1700B4309D14FF40012054B1A62837F1BB182
S21401E1800122044BC3F80021704700BF000002B80B
S21401E190006001B8005001B82DE9F04F404F8046AD
S21401E1A085B038680C461AF07DF920B9002420465F
S21401E1B005B0BDE8F08F224600214046FBF7BEFBC6
S21401E1C0384B5D6915F00105F0D1FCF701F80646FC
S21401E1D00028EBD03F6838461AF09CF84FF6FF73DC
S21401E1E0984234D04FF060512F4E304B304AD3F81E
S21401E1F02090D6F88C3011624FF00061A2F5805263
S21401E200116224220421C6F88C202A4A4FF4804B3E
S21401E21091604FF480520027DFF8A4A0CAF868B0D6
S21401E220F262A7421ED30421234A9160A2F5F0327E
S21401E230C2F88C304FF060521D4B1A6209EA020395
S21401E2401E4A13624FF480421D4B9A66AFE7314671
S21401E25038461AF003F801463846FCF7FDF8002860
S21401E260C0D0A3E7B26E5104FCD5B268D205F9D589
S21401E270CAF868B0D6F890200135012D0392D0D99E
S21401E280E21B042AA8BF042208EB070003A9019396
S21401E2900092FBF7F1FC009A019B3A4497B2C0E763
S21401E2A01C4D0020000002B8004000B8004001B834
S21401E2B0006001B8001002B8002002B8005001B892
S21401E2C0006000B84FF604014FF60502044B01202A
S21401E2D01B6C9BB28B4208BF1346024A13667047FB
S21401E2E00080E00F00C001B82DE9F74F81460F46C8
S21401E2F04FF0FF35FFF790FB002601908A462C462B
S21401E3003046DFF8D8B006F110031B015BF8033086
S21401E31003F00308B8F1010F15D13046FFF794FB5F
S21401E32002460B4601985146FFF716F9DBF86430B2
S21401E33006F10802D340DB0739D5002F40D000256F
S21401E3402C463E6040460136082EDCD160B3234A97
S21401E3500027D2F808C0916B0CF440330131A4FBBE
S21401E3600141641941F10001B3F5003F30D1536B0F
S21401E3700CF4405C013347F10006BCF5805F22D106
S21401E380156B15F5807505FB06F647F1000203FBD4
S21401E3900266A5FB03323244594304FB0212A3FB77
S21401E3A004341444C9E9003403B0BDE8F08FA84230
S21401E3B071EB0403C6D207B13E6005460C46C1E7C1
S21401E3C03D463C46BEE7320242EA13621B02E3E7E1
S21401E3D0136B13F5807347F10002DDE700C001B847
S21401E3E008B51AF0D9FB044B5A7C0123023293403C
S21401E3F0024A536108BD00BF004D002000200058AE
S21401E4002DE9F34105460F4668461146FFF76CFFB6
S21401E4100646B0B1AFB1DDE900321B0A43EA02633A
S21401E420A5FB0384094B120A05FB02441A6812B9BC
S21401E4301AF09CFB0246002340462146FAF76CFE82
S21401E4403860304602B0BDE8F08100BF904C002035
S21401E45037B50446FFF70EFCE17822791B4841EAFE
S21401E4600243C0F8CC34E579A37943EA0543C0F802
S21401E470D03423784BB18DF8041004218DF8052093
S21401E4800DEB01000022E8F7EBFC63785BB1042199
S21401E490A37900228DF80430E3790DEB01008DF8A5
S21401E4A00530E8F7DDFC227801235AB1084AC2F8A4
S21401E4B0C834627802233AB1054A0020C2F8C8344B
S21401E4C003B030BD034AF2E7024AF6E700C0035044
S21401E4D000D0035000E0035070B52C4B0C461A7860
S21401E4E012B92B4A926D1A702A4AD26F52054AD532
S21401E4F01D78294B05F00F06B0FBF3F040434FEAB9
S21401E500151505D140F27C622B21FCF707F8012096
S21401E510224A0A217243B2FBF0F34843B3FBF1F6F9
S21401E52002EB5002B2FBF0F201FB1633042BD2B21F
S21401E53007D8C3EB8310C3EB80035BB283B96DB21C
S21401E54017E0C3F10B0303EB8303DBB2B3FBF1F379
S21401E5502B44DDB20F2DF2D9013AD2B2053DEEE7DA
S21401E560053B5BB293FBF1F31D44EBB26DB2002D9C
S21401E57004DB002042EA0512226070BD0132053339
S21401E580D2B25DB2F5E70220F7E700BF915B00204B
S21401E590008001B8000002B8403B25008096980034
S21401E5A04FF0000C2DE9F84FA2FB017BC84EDFF8B7
S21401E5B05CE3BE1999466BF10003B6457CEB030399
S21401E5C008D240F23E220E216046FBF7A7FF02204A
S21401E5D0BDE8F88FD0F8E4A00C461546BAF1000F56
S21401E5E004D0DAF80030032B00F21B81B94BBA4A8B
S21401E5F09B6BD2F8FCA0C3F31408B84BD3F8EC30ED
S21401E6005E00B64B48BF48F400181B6E48EA4568E2
S21401E61058074EBF4FF440039B0503F0E07348EAEA
S21401E62003081DF015F8012D0646D0D10028CED0DE
S21401E630AB4B984200F0048103F5122303F5F8630F
S21401E640984200F00381A74B984200F02F810025E5
S21401E65002462B4600204FF00071FAF75DFD2B466F
S21401E660013007FB03F3C8F3130100FB0B33A1FBD7
S21401E6700662A7FB007001FB0522034420339B09B9
S21401E680C9F80030F60C984B46EA423618F4801F5B
S21401E6901C6008BF7642954B954DC9F8144034442A
S21401E6A01E602C60BAF1000F00F0B980002391497A
S21401E6B0C8F381528A5C194618F0807F18BF640837
S21401E6C0002EB8BF764292066008C2FB06012246BB
S21401E6D0FAF722FDDAF800300E2B08D97F4B7D4A77
S21401E6E0926BD969D3F80C31C90600F1D68018F4BB
S21401E6F0001814BFC42240F207127F49C0F313006A
S21401E700A1FB04614FEA511102FB01F1C9F80400B3
S21401E710DAF818004FF4FA73B1FBF0F118BF4FF0B6
S21401E720000801FB03F3A4FB0262FA33A3FB0030EB
S21401E73004FB0822B342904138BF0131C9B241F40B
S21401E740006CC9F808C000297ED0DAF81C00A1FBCD
S21401E750003624B1B4FA84F20E2A40F38880E2032C
S21401E760002E77D1B2FBF3F2530003FB0113A3FB98
S21401E77000764FEA044EBE454FEA144474EB060693
S21401E78009D34E003344A0FB0371BE4574EB01016F
S21401E79002F10102F6D2C2F30E024CEA023C4CF040
S21401E7A00063C9F808301CF053FF2B68002B00F0FB
S21401E7B08880B3FA83F4D4F102044CBF1C4623FAD2
S21401E7C004F44E4B9C4288BF6408002846D0B4FB34
S21401E7D0F0F3642100FB134201FB02F2904244D89D
S21401E7E05A1E52085B08013B120242EA0313C9F89B
S21401E7F00C301CF0F9FE00285CD0B4FBF0F264216A
S21401E80000FB124401FB04F4A0425ED8531E5B08D1
S21401E8105208013A1B0243EA0213C9F810300020DD
S21401E820D6E6042BDAF828807FF4FBAE18F0807F5A
S21401E8300CBF08F0E0734FF4400328F0E078EEE6F2
S21401E84000232F481D460CE72120C1E600232D4852
S21401E8501D4606E70B46002289E7044640F2C242FF
S21401E8602B210020FBF75AFE2346013BB8E7C2F1F5
S21401E8700F0702F1110E06FA0EFEFB4043EA0E03E5
S21401E880A7F1200E26FA0EFE43EA0E03FE400133E0
S21401E89004FA02F246F1000662E702F4801203F47B
S21401E8A000131A4308BFC0F5801020E7002316485E
S21401E8B01D46D6E640F2E5422B21FBF72FFE621EEF
S21401E8C0A4E70028C9D01C46CFE71446F7E700BFE7
S21401E8D0006CCA88008001B8001F00B0004001B873
S21401E8E000F04902005A6202DC4C0020D84C00209D
S21401E8F0D44C0020F0980400D34D62103FBE402552
S21401E9000A3BB2DF313641DCD694BFD6807C814AE1
S21401E91010B50B46044686B039B98279016821489C
S21401E9206B460068FFF73CFE6B461F4A1968516349
S21401E9301E4AD2F8FC2062B35A6842B11C4A1D49ED
S21401E940C2F80C115968A2F58052C2F80C119A68E7
S21401E95042B1174A1849C2F8EC109968A2F58052DC
S21401E960C2F8EC101549D868D1F8642122F4EE6299
S21401E9700243C1F86421D1F85C21186922F4EE62E1
S21401E9800243C1F85C21A1F5FF4158692839FFF718
S21401E990A3FD0020A2880A4B9A6203F5A0331864EF
S21401E9A006B010BD1C4D0020008001B8001F00B04D
S21401E9B0006001B8FFFF0F00FFF8FF0F000002B86C
S21401E9C0004000B84FF48062014BDA67704700BF21
S21401E9D0001002B84FF48062034BDA67034B1B78D2
S21401E9E00BB1034A93657047002002B8915B002083
S21401E9F0008001B840B10368012B05D90069034BBB
S21401EA00002808BF1846704700487047F898040069
S21401EA1010B590B10468012C0FD902696AB111686A
S21401EA20094B102C196051685960916888BFD268EB
S21401EA30996094BFD960DA6010BD102200210248A7
S21401EA40FAF77CFFF8E700BFE44C0020084BC1173B
S21401EA501A68A2FB000302FB013310F1807043F138
S21401EA600003400E40EAC310803820EAE070704789
S21401EA70F44C00200722164B70B5DA66154B164A81
S21401EA801D68164BEC08E005C0184FEA153141F138
S21401EA9000010023FAF740FB114B124E18604EF6A8
S21401EAA06020FFF7D3FF4042C6F884000E48FEF709
S21401EAB0EDFF024658B1E301500818184FEA1571E8
S21401EAC04FF0000341F10001FAF726FBF06570BD37
S21401EAD0000002B8904C002065CD1D00B2E60E0085
S21401EAE0F44C0020001F00B040420F0010B5044651
S21401EAF098B10B4BD3F8FC00FFF78AFF4FF47A73FB
S21401EB0003FB04F0074BA0F6AC50DA689B68104490
S21401EB10C01ABDE81040FFF799BF4EF66020F8E72F
S21401EB20001F00B0E44C00202DE9F84305460846D6
S21401EB3014461E46FFF76CFF0DB306F0020716F0EB
S21401EB4004061ED1DFB14FF47A706B685843002B70
S21401EB5040F08C80FFF77AFF60626B69002B00F053
S21401EB608C804B4AD0684FF47A7202FB0300A0F502
S21401EB7003501038FFF76AFF2062002E57D1BDE818
S21401EB80F8832869002868D04FF47A735843404BBD
S21401EB90A0F6AC509B68C01AFFF758FFE061A88B3F
S21401EBA000285DD04FF47A735843394BA0F6AC5029
S21401EBB09B68C01AFFF74AFF2061364BE968D3F815
S21401EBC0008000294FD04FF47A735943304BA1F699
S21401EBD0AC519A685B68891AC91A2F4BC8171A680C
S21401EBE0DFF8BC90A2FB011302FB003311F1807128
S21401EBF043F10003490E41EAC3118039274B616195
S21401EC00DB6EA361D9F8003053B1404619F044FEDB
S21401EC1030B12246D9F800301D49D8F8D8009847B7
S21401EC200021A869FFF762FFA062002F8BD1A868B8
S21401EC3030BB47F23050FFF709FFA0604FF47A70FF
S21401EC402B6858432BB1124B1B6803F51C5310332A
S21401EC501844FFF7FBFEE06091E74EF660209BE765
S21401EC604EF66020A6E74EF66021B6E7084B1B6815
S21401EC7003F51C53103318446CE747F2305079E71C
S21401EC804FF47A735843A0F503501038D3E700BF0A
S21401EC90E44C00201C4D0020F44C0020001F00B066
S21401ECA0E04C002038B5054608461C4619F016FF0C
S21401ECB00246D5F8E400FFF79DFE4368A018002B36
S21401ECC0044AA8BF4FF4FA721A44034B92FBF3F2BC
S21401ECD0104438BD0CFEFFFF18FCFFFF70B5124C48
S21401ECE088B001AD0FCC0FC594E8070085E8070092
S21401ECF08C2200210D48FAF721FED42200210C486F
S21401ED00FAF71CFE0B4B0C4A5A6301F04DFA0B4BFB
S21401ED101B783BB1044E01AD0FCD0FC695E8070039
S21401ED2084E8070008B070BDC41F00B0A01E00B084
S21401ED302C1F00B0001F00B010111111845B0020C1
S21401ED4008B51EF0AAFB0E4B1A78A2B90D4A126836
S21401ED5012F4843F0FD10C4A1021D1671B7863B996
S21401ED60084B1B68DB0508D4074B2022DA67BDE891
S21401ED7008401EF08DBB054AEEE7044BF5E700BFE1
S21401ED80975B002048160020002002B8001002B849
S21401ED900A4B197801F0FF0229B1002119700849C0
S21401EDA09202C1F8B420597801F0FF0229B100217E
S21401EDB059709302024AC2F8B8307047925B00203D
S21401EDC0005000B8064BD3F8D80E064B5B6F1A01FD
S21401EDD003D4054B9B6E1B0401D500F5807070476C
S21401EDE0001000B0000002B8004000B810B51EF0D8
S21401EDF054FB0E2104460320FFF7FCF840F20122E3
S21401EE00034B2046BDE81040DA621EF041BB00BF4E
S21401EE10004000B808B51EF040FB4FF00042224B00
S21401EE20C3F88020BFF34F8FBFF36F8F0122C3F863
S21401EE308420BFF34F8FBFF36F8F0222C3F8842065
S21401EE40BFF34F8FBFF36F8F0422C3F88420BFF345
S21401EE504F8FBFF36F8F0822C3F88420BFF34F8F05
S21401EE60BFF36F8F1022C3F88420BFF34F8FBFF319
S21401EE706F8F2022C3F88420BFF34F8FBFF36F8FAD
S21401EE804022C3F88420BFF34F8FBFF36F8F4FF438
S21401EE908072C3F88420BFF34F8FBFF36F8FBDE836
S21401EEA008401EF0F5BA00BF00E100E008B51EF00C
S21401EEB0F4FA4FF00042094B1A6001225A6004220C
S21401EEC05A6008225A6010225A6020225A60402254
S21401EED05A60BDE808401EF0DBBA00BF00E100E062
S21401EEE0012370B5074C2370074B1E68074B324051
S21401EEF0D3E9005319402840FCF7F8FC002323709F
S21401EF0070BD00BF955B0020FC4C00204816002019
S21401EF100022044B1A70044B197811B11A70FFF7CE
S21401EF200FBF7047965B0020975B00202DE9F047E6
S21401EF30DDF820A003EA0108099B06460C4602EA12
S21401EF40000703EA0A09BAF1000F40F04E81031FD9
S21401EF500B4300F00E81052871F1000380F0E48078
S21401EF6050EA010300F06081431E0B4300F0248148
S21401EF70FFF750FFAD4AD2E9005323EA040325EA1E
S21401EF8006053D4343EA0807A94BC2E900571E6838
S21401EF90DFF8F48226EA0A0646EA09061E60FFF74B
S21401EFA0CFFE15F02A4F14BF48F202034FF4004378
S21401EFB0A04AB007D26EA04848BF43F4005383EA84
S21401EFC0020122EA0302C2669C4A0B408166D366AE
S21401EFD0C5F380421203290348BF42F48072EB0650
S21401EFE048BF42F40052964BAC0648BF42F400724A
S21401EFF06806D3F80C3248BF42F48062290648BF3F
S21401F00042F400628F4882EA030123EA0203C0F851
S21401F0100C328D4B0A40C7F34024A404C0F80812F2
S21401F020C3F80C22EA0448BF44F48034AB0348BF5B
S21401F03044F48014A80748BF44F4800415F4001F64
S21401F04006D0D8F8000019F07DFE08B944F4002473
S21401F050E90248BF44F40034FA0648BF44F4000409
S21401F06073077A4B48BF44F004041A6A44F4001448
S21401F07084EA020323F0010375491A400A621C4020
S21401F080CB61744B16F0010F1C62734B734A18BFA9
S21401F0901A46734B7C071B6F48BF42F000627148EB
S21401F0A082EA030123EA020303676F4B0A404166C3
S21401F0B01A676E4A05F00103516CA0F5803081EAAB
S21401F0C0030221EA0301416482631A40684B280265
S21401F0D05A64D8F8002048BF664B92F8F62058BF0D
S21401F0E0654B690748BF43F4806322B115F4C06FCE
S21401F0F018BF43F480733207604A48BF43F00043A9
S21401F100D2F8EC105E4883EA010222F4A0221140F4
S21401F110C0F8EC101340C0F8E0205A4ABDE8F047AA
S21401F120C2F8EC30FFF7C2BEA0F580630B4306D0F1
S21401F13020F48063A3F500730B437FF419AF1EF030
S21401F140ACF93A49D1E9003223EA060322EA04027D
S21401F15042EA08023B43C1E900324B4A126892F880
S21401F160F610474A09B313F4C06F1ED04FF48073EC
S21401F17011E01EF092F92D4AD2E9003123F0040382
S21401F1803B4341EA080157EA0807C2E900314FF458
S21401F19080633B4A0BD0C2F8E030A2F58052C2F839
S21401F1A0EC30BDE8F0471EF073B94FF48073C2F837
S21401F1B0EC30C2F8E030F4E71EF06FF91B4AD2E9F2
S21401F1C0003123F001033B4341EA0801C2E9003163
S21401F1D001232E4A57EA08071BBF9363A2F5805204
S21401F1E05364536408BF9363DBE750EA01037FF47B
S21401F1F0BFAEBAF1010F7FF4BBAE1EF04EF90C4A5A
S21401F200136823F0010343EA090313604FF4806394
S21401F210144AB9F1000F04D05366A2F58052136761
S21401F220BFE713675366BCE7BDE8F08748160020C2
S21401F230FC4C0020004000B8006000B8005000B848
S21401F240004001B8006001B8005001B8000002B8E3
S21401F250002002B8001002B8041C000304180003C2
S21401F26000C001B800E001B800D001B800C000B885
S21401F27000D000B80D0A0A09090A0A09004000541C
S21401F28000600054005000541C4D002000E000B8FF
S21401F290024B5868C0F3C000704700BF48160020F4
S21401F2A0024B186800F00100704700BF48160020A6
S21401F2B0024B5868C0F3C030704700BF48160020A4
S21401F2C010B50446FEF700FDFFF7A4FD2046FDF746
S21401F2D0BDF8FEF7A5FCFEF7ABF8FEF71DF9FFF744
S21401F2E0C9FB13490723134AD1F8FC1004F1F800AF
S21401F2F0FFF71AFC4FF080710020FEF7E7FB4FF096
S21401F30000720D4B4FF400110120C3F80021FEF7E7
S21401F310DDFBFEF7D7FF20B940F292321421FBF74E
S21401F320FDF819F042FCBDE810400120FDF766BF6C
S21401F330001F00B0581F00B000D001B88023074A54
S21401F3401367082340B11367054AD2F8A03023F0AB
S21401F3502003C2F8A0307047024AF4E7001002B852
S21401F360001E00B0002002B810B51EF096F801216C
S21401F37004460020FFF7E2FF044B1961044B5B686B
S21401F38098472046BDE810401EF082B8000002B83B
S21401F3909C610020F8B5194C0546207840F2E442FD
S21401F3A0B0FA80F03E214009FBF7B8F855B960780D
S21401F3B040F2E442BDE8F840B0FA80F03E21400950
S21401F3C0FBF7ACB84FF440660D4F0E4DD7F8B4308E
S21401F3D040F2E442C3F381232370C5F8B460607839
S21401F3E03E21B0FA80F04009FBF798F8D7F8B8301C
S21401F3F0C3F381236370C5F8B860F8BD925B002043
S21401F400004000B8006000B8F8B5084C084D236FFE
S21401F4100423084F2B67236F5B0300D4F8BD042633
S21401F42002203E6719F03EFB2E67F4E7000002B8A3
S21401F430001002B8002002B8A82238B51A4B1D6F7A
S21401F44003F500531A6710229A60A3F5804302F170
S21401F45000521A675A66FFF79BFC144B1B7813B9C8
S21401F4600320FEF78BF80024114B9C67FFF7CCFFB7
S21401F470104A114BD2F8D81E0B40C2F8D83E0422CF
S21401F4800E4B1A670E4BAA06C3F8AC4008D503F517
S21401F4908073DB6CB3F5817F22BF8022024B1A6139
S21401F4A0BDE83840FCF7C2BB000002B8945B002000
S21401F4B000C001B8001000B0DF0000FF002002B855
S21401F4C0001E00B010B549B930B3164AD3681B0EFA
S21401F4D013F00E0F20D193689A061DD4FFF786FC11
S21401F4E0104C0020FEF72AFE032801D0092805D17A
S21401F4F0636FDB03F5D4E36D0C2BF2D9FFF784FFC2
S21401F5004FF40072084BDA62012203F5E8335A61C0
S21401F510042203F580531A674FF4C062034BDA6284
S21401F52010BD00BF000002B8004000B8006001B87E
S21401F53008B503210920FEF75DFD2022014B1A6163
S21401F54008BD00BF000002B838B505461DF0A5FF8E
S21401F5500E4B04461868FDF745F835B1FFF7D8FCA1
S21401F5602046BDE838401DF093BF094B1B78002BA1
S21401F570F6D0084B1D78002DF2D1FFF7C9FC2A46BC
S21401F5804FF480400021FFF7ABFCE9E71C4D00205B
S21401F590965B0020955B00202DE9F84F5C4B0646F4
S21401F5A00D4614461B6F002A40F0AE8013F0A00FE4
S21401F5B014BF4FF001094FF00009FCF737FBA023F9
S21401F5C04FF0000ADFF868810320C8F87030FDF7B5
S21401F5D0D5FF0420FDF7D2FF4E4FFFF799FC4E4BA7
S21401F5E04FF0040B7B67C7F878A0FFF70DFF4B4B76
S21401F5F04FF48071D3F8A020494842F02002C3F8A6
S21401F600A020FF22C8F80820414A1161D0F8D82E60
S21401F61044491140C0F8D81EC8F870B0C3F8ACA071
S21401F6207B6913F0060F04D0FEF75CFA5846FDF727
S21401F630A5FFB9F1000F08D04FF400623A4B1A67E4
S21401F6404FF40042A3F5E0339A6666B1374BDB6CA4
S21401F650180701D4FFF7CAFBFFF76AFF0420FDF77E
S21401F6608DFFFFF795FB2A4B5A69D10747D5DA6814
S21401F67012F0706FFBD12E4B2E4A1A672E4AD36BAF
S21401F68023F0F003D36315B12046FFF75DFF2B4B44
S21401F690D3F84C315A1C01D05B0002D50122244B11
S21401F6A05A6164B3214BDA6E03F500539A6603F58B
S21401F6B0D0331B6A1E4A23F00103D361204BD3F8D3
S21401F6C00C1203F50053C3F8081203F50053D3F8E0
S21401F6D0841003F5005399671A4BD3F8EC1003F521
S21401F6E00053C3F8E010184B596C03F500539963A7
S21401F6F0164903F5803359664FF608431367002011
S21401F700BDE8F84FFCF736BD4FF0000955E700BFDE
S21401F710000002B800C001B800000101001E00B0E0
S21401F720001000B0DF0000FF001002B8004000B873
S21401F730002002B810003000001F00B00080E00F6B
S21401F740004001B80040005400C000B85000002F2F
S21401F7509B4B2DE9F04F9F6EDB6E85B01F40994B9A
S21401F7609F66994BD3F8E050D3F8EC301D40974B89
S21401F770C3F8E050964BD3F80822D3F80C3202EACD
S21401F7800309944BC3F8089203F52043DA691B6A10
S21401F79002EA0308904B08F47702DA618F4BD3F83C
S21401F7A00422D20605D4D3F80431C3F30016DB06CF
S21401F7B051D51DF072FE8A4B5A695E6E1B6F12F0B0
S21401F7C0060F06EA0306874A26F0007314BF4FF0B9
S21401F7D0010A4FF0000A23F400637407536604D548
S21401F7E0814A137D0133DBB213751DF051FE002FE4
S21401F7F000F0E28017F4004300F0D3801DF04DFEC8
S21401F8000146FFF7DFFA0446784BD3F800B0DBF881
S21401F8100020DBF800309A42FBD0DBF800209A4249
S21401F820FBD0FFF7CFFAA04217D108461DF030FEF5
S21401F8306F4B1C606F4BD3F870B01BF4E0520ED1C7
S21401F84024F07F4424F0DF040CB9FFF7F5FD4FF0F8
S21401F850807B002414E0B246C9E70446D7E701924C
S21401F860FFF7EAFD5C4B019A1BF480541A6740F0DF
S21401F8709A801BF4806F0CBF4FF0805B4FF0806B5B
S21401F880B80715D55B4A5448126F02F46041016708
S21401F890002900F08B80110400F18B8012F4005FC8
S21401F8A00CBF4FF000524FF0006200244BEA020BEF
S21401F8B0C7F340377F00504A2A40002A4AD015F441
S21401F8C0206F0AD040F6A31206210020FAF726FE82
S21401F8D00020FFF739FE25F48025EB0506D5FF212C
S21401F8E03D4A4BF4C06B9160FFF780FA15F0090FA3
S21401F8F00AD040F6B81208210020FAF70FFEFFF7EB
S21401F90017FE0121304A116315F0106F0CD040F636
S21401F910C11209210020FAF701FEFFF709FE0022B5
S21401F92011461046FCF736FE15F4202F0AD040F695
S21401F930C91207210020FAF7F1FD0020FFF704FEA7
S21401F94025F48025E80301D5FCF768FF002DB8BF34
S21401F95047F0080769070DD51B4AD26A12F4005F03
S21401F9604FF4005217BF19492449CA624BF4000BE1
S21401F97008BFCA626A0548BF4BF0040B15F4802322
S21401F980019300F0A480FCF701FF0138062837D860
S21401F990DFE810F028012B0128012E013101340186
S21401F9A034019B4655E74FF0804B52E74FF000720B
S21401F9B07BE74FF0004278E7BB463C467BE700BF5B
S21401F9C0004000B8006000B80040005400600054D9
S21401F9D0004001B8006001B8002002B800E100E074
S21401F9E000C001B800E001B8004D00208C9804006A
S21401F9F0F84C0020000002B8090B0B890050005497
S21401FA0040F6FA1203210020FAF788FD0121854805
S21401FA10826ED0F8883002F00702063201FA02F24E
S21401FA20C3F30C0CA2EB0C0292B2072A12D97E4A3F
S21401FA30126F53020ED47D4B826B806D5B6D5BB192
S21401FA4002F0070206329140C0F30C00091A89B28F
S21401FA50072901D84BF4007B754A1278002A36D064
S21401FA60704AD2F8E02012F4A02F30D1714A7249C0
S21401FA7012789AB9F20411D40A787AB14FEADB0205
S21401FA806E4842EA447282F00102D0F8D80E02F0C3
S21401FA900102520020FA02F2930718D10420FDF762
S21401FAA06DFD674A67485067FFF732FA62490A7880
S21401FAB04AB9654A127832B1644A654912680BEA56
S21401FAC002020A4201D14BF4804B26F48056B9F16A
S21401FAD0000F1DD019F4805F18BF4BF4802B19F46A
S21401FAE0807F18BF4BF4002B19F4005F18BF4BF052
S21401FAF0100B19F4007F18BF4BF0200B19F4806F20
S21401FB0018BF4BF0400B19F4006F18BF4BF0800B79
S21401FB10B8F1000F48D018F4001F0AD04D4A1368F8
S21401FB203BB1414A4C48116F00680022C1F3C061E5
S21401FB30984718F4802F18BF44F4007418F4803FD7
S21401FB4018BF4BF4805B18F4801F18BF4BF4003BC2
S21401FB5018F4800F18BF4BF0020B18F4003F18BFC3
S21401FB604BF4801B18F4000F18BF44F0100418F46F
S21401FB70002F19D0394AD2F8A02012F0C00F13D0A6
S21401FB802949CA68C2F30362032A01D0072A05D1AC
S21401FB904A6FD00602D48A6F120732D54FF400217D
S21401FBA02F4A28F40028D161002E00F01B8133056E
S21401FBB040F18F802B48DFF88890C2782A49002AC6
S21401FBC058D04FF40063013AD2B24B66C27032B9D4
S21401FBD0264A1278C2B140F60141254A51670022F1
S21401FBE0002173E04BF4803B10E74BF4006B0DE70C
S21401FBF04BF4806B0AE74BF4807B07E74BF0080B6E
S21401FC0004E74BF4001BCFE7D9F8782012F4A05F85
S21401FC1015BF4FF4807240F60142C9F85820C9F862
S21401FC207820DCE700400054000002B8004000B82D
S21401FC30975B0020965B0020995B0020001000B0C7
S21401FC4000C001B800000101985B002048160020A2
S21401FC50088D0100304C00201C4D0020001E00B015
S21401FC60002002B8885B002000E001B8945B002009
S21401FC7000D001B80320FDF781FCD9F81420A84B69
S21401FC8012F0060F04BF41F61F72A649A64808BF28
S21401FC904A674FF40061A34A5166D9F8142012F05E
S21401FCA0060208BFC9F878205A8A12F4006162D0A9
S21401FCB022F400625A82027802F0FF09002A5ED11D
S21401FCC0FDF710FFFFF7B8FB4A4620214BEA020B6F
S21401FCD00C43B00009D52E20FDF79EFB4FF00051D6
S21401FCE0904A44F0080411675166F10606D52B20A8
S21401FCF0FDF792FB10218B4A1167516616F0306FA3
S21401FD0005D1F20463D5BAF1000F00F0C0803301CB
S21401FD1017D52920FDF780FB844A526C12B11021B9
S21401FD20834A9160FFF7B4FA48B1824A82487D4916
S21401FD304A66026700F54050C068400422D444F089
S21401FD40040416F0007A28D00420FDF717FC2720BB
S21401FD50FDF762FBFFF770FB4FF00071714A5166C9
S21401FD60764AD2F8D82E520679D40221704A91608A
S21401FD7044F0020428E002784FF40052A6E74FF45C
S21401FD8000422DE70A6720204A66FDF745FB2D2035
S21401FD9044F00C04FDF740FBD3E716F0807FDFF854
S21401FDA08C9147D00420FDF7E9FB2820FDF734FBB2
S21401FDB0D9F87820002A3AD1FFF73EFB594A5D4927
S21401FDC044F00104116751660021584A9165720595
S21401FDD008D55B498A78002A00F0D880013A8A70F3
S21401FDE000221743574AD2F8A020130603D55846D7
S21401FDF02146FCF7C7F93A4658462146FFF770F800
S21401FE00019B0BB1FCF7F8FC01224F4B05F00435C2
S21401FE10C3F8E0504D4B18F4002FC3F884211EBFE1
S21401FE204FF40022424BDA6105B0BDE8F08FC9F805
S21401FE3078A0C3E7F104C7D50420FDF79FFB444A29
S21401FE40C9F87420FDF74EFED9F8642012F0407F01
S21401FE50BAD12A20FDF7E0FAFFF7EEFA80E7394A31
S21401FE60D2F8A0108B0683D402203A4988603A491A
S21401FE70096891F82510C8077FF57AAF92F8C42073
S21401FE80002A3FF475AF8021344A116170E7344A85
S21401FE901268013202D04BF0010B98E728490A7923
S21401FEA052B1013AD2B20A7112B9234A2D495167A9
S21401FEB000224BEA020B8AE70420FDF75FFB0320D2
S21401FEC0FDF75CFB194A224951671DF0E6FA8146A7
S21401FED00DF10F00FEF732F9234A824612780AB175
S21401FEE0FEF784FFBAF1030F0ED1DFF870A00020F1
S21401FEF0FEF724F9032807D1DAF87420D103F6D4E3
S21401FF00DAF85C200C2AF2D99DF80F20032A2FD1AB
S21401FF100121164A484611701DF0BAFAC8E700BF1B
S21401FF20004D002000E001B8945B002000C001B83D
S21401FF30002002B81000002000D001B8001000B068
S21401FF40885B0020001E00B00060005400E100E065
S21401FF5000000101001002B81C4D0020000002B88C
S21401FF60A46100200000010D9A5B0020965B002032
S21401FF70094AD2F8E02012F4A02FC9D1FEF7C8FF33
S21401FF8048461DF085FA4FF4804292E70220FDF7BD
S21401FF90F5FA012225E700BF004000540122024B7A
S21401FFA01A62DA61704700BF002002B80D4B10B527
S21401FFB0DC691A6A14400C4A24F47F01D161E20715
S21401FFC006D5D9684FF0FF30C1F3036118F0F7FD8D
S21401FFD0630706D5BDE81040042200200021FEF785
S21401FFE07FBF10BD000002B8002002B80C4A08B559
S21401FFF0936B526C13400B4A9363DB070FD50A4B86
S21402000040F663421878122100F00100FAF786FAE9
S214020010BDE80840002201200021FEF761BF08BDAE
S21402002000C000B800E000B848160020054AD2F822
S2140200308430DB07FBD4936FD2F884201340024A45
S21402004093677047008001B800A001B870B51446E7
S2140200500D461DF022FA064BD3F8A06074402C40E1
S2140200607440C3F8A0401DF013FA06EA050070BDFE
S214020070001E00B0034BD3F8A03099430CBF0120FA
S21402008000207047001E00B02DE9F04117460A43D3
S214020090012A1D469DF818409DF81C60DDF8208058
S2140200A029D8B44227D2082E25D8032B23D8B8F154
S2140200B0000F20D00A460021FBF71CFDFF21EB00B3
S2140200C09940C943DFF834C008F1FF38FF00E2B2B6
S2140200D0964202D80020BDE8F0813D190CEB85055A
S2140200E0D5F8E02018F8010F0A4098401043C5F8EA
S2140200F0E0000134EBE72120EDE700BF001E00B070
S214020100034B1868034B002808BF1846704700BF09
S214020110184D0020DCB904002DE9F843DFF86090A2
S2140201200646D9F8008008461746B8F1000F03D0F5
S2140201300E242046BDE8F88306B3336801331DD18A
S214020140E1B1FAF70DF805460028F1D0C9F800002B
S214020150FAF72CF8284618F046F8044640B140460E
S214020160C9F80080FAF722F8284618F037F8E0E7D0
S2140201703560002FDDD02846B847DAE72124D8E7D5
S2140201801C4D0020024B1868003818BF012070472B
S2140201901C4D0020002108B5024B08465B689847B4
S2140201A0002008BD9C6100200523064AA2F84A30BA
S2140201B092F8493003F0010363F0730382F8493082
S2140201C0704700BF001F00B00023F0B585B0CDE930
S2140201D001330393124B134D1B78134E8DF80430E4
S2140201E01DF068F92A78337804469A420F4F0CD0ED
S2140201F03178386801AA297018F016FD50B140F619
S21402020008210B481DF048FA04E0386818F0ECFCA8
S2140202100128EDD020461DF048F905B0F0BD00BF1C
S214020220B8640020EF640020F0640020384D0020FF
S214020230FA6F0400F8B52B4B1B7823B140F6FC315D
S21402024029481DF029FA1DF035F9284B07461C8867
S21402025014F0060409D001214FF480701CF0DEF879
S2140202603846BDE8F8401DF020B921464FF48070AC
S2140202701CF0D4F8204600F0ABFF022808D18022FA
S2140202801B4B8021186818F078F8FFF79DFFE7E708
S214020290204600F09DFF054638B1012807D040F6FB
S2140202A0314111481DF0F8F9DAE70246E8E7FF2285
S2140202B00F4E104B30681A70FFF76CFF306818F05C
S2140202C093FC0128CCD02A462946306818F08EFCCA
S2140202D021462C201CF0CEF821460A201CF0CAF833
S2140202E0BEE700BFA05B0020FA6F040006550020A0
S2140202F0384D0020EF640020002101481CF0D4BED7
S2140203001C6200207F2837B5044610D14FF6FF73D3
S214020310022217480DF10601ADF80630EBF778FB1E
S214020320BDF80640E2054CBF6FF04A0464B21DF009
S214020330C1F8104B05461C700F4B1B88DB0710D507
S2140203400E4B1B78002B0E4B0CBF21466FF07F0125
S214020350186818F037F820B140F6786109481DF0A1
S2140203609BF9284603B0BDE830401DF09EB800BF9A
S214020370641002C0E764002006550020A15B00203E
S214020380384D0020FA6F040010B513F0FCFB60B184
S21402039013F0FBFB0B4A80B141F20D03BDE810409F
S2140203A041F20D0107481CF08BB9074B1A781B79EE
S2140203B09A4204D100220023F0E70D23EEE7034A17
S2140203C0F9E700BF400D0300B8640020488D010025
S2140203D0F8B5164E0D46337802F0010423B140F20A
S2140203E0C53113481DF058F9124B134F1D60134DBB
S2140203F0A4B1134B997801B1012120201CF00EF80C
S2140204002B783B700F4B1C780F4B00211C7004237B
S21402041033700E48BDE8F8401CF046BE2146202048
S2140204201BF0FCFF2B783B70EEE700BFA05B0020C2
S214020430FA6F0400284D00209D5B0020F164002026
S2140204402C4D00209E5B00209F5B00201C6200203B
S2140204502DE9F8431DF02EF8DFF8A0810546B8F81E
S2140204600030614C13F4807F03D0237873BBFFF710
S214020470E1FE002108461BF0FDFF5C4B1A78FF2ABE
S21402048013D01A7802F0FF0632BBFF221A702378C6
S214020490052B0AD10023284623701DF006F83046A5
S2140204A018F052FC1DF006F805462378504E062B2F
S2140204B009D13378FF2B06D03378022B15D10021D1
S2140204C04C481CF0F1FDFF2333702BE000214FF463
S2140204D080701BF0A3FFCCE71A78012A4FF0FF02C8
S2140204E014BF33264C261A70D4E7337813B1337808
S2140204F0012B22D11CF032F807463E4896F80090AF
S21402050001F0DCFBFF235FFA89F9337077B1B9F1AA
S214020510010F44D16421374884F800901CF0C4FDD2
S214020520FFF752FE28461CF0C0FF06E0284627705A
S2140205301CF0BBFF384618F007FCB8F800301B0664
S21402054005D5002180201BF069FF16F0F1FE01F0B0
S214020550F1FA294E308000B32778012F42D11CF0E1
S214020560B7FC054610B301301DF079F900F440607F
S214020570B0F5006F1AD10422394628461CF0E8FB73
S21402058028441DF06CF94FF6FF7398420ED10020F6
S214020590318800F0FFFC00233380BDE8F883002397
S2140205A0284623701CF081FF3F20C4E7114801F063
S2140205B085FB002108462170012500F09DFC23786A
S2140205C00BB9FFF737FE0020318800F0E3FC00236A
S2140205D03380002DE1D020780028DED1BDE8F84334
S2140205E018F0FDBC0025EAE7A05B0020EE640020C0
S2140205F0ED6400201C6200200455002006550020F1
S21402060008B513460A461946064B186817F067FFE0
S21402061030B1BDE8084040F2F44103481DF03CB852
S21402062008BD00BF384D0020FA6F040008B5134617
S2140206300A461946064B186817F04BFF30B1BDE85C
S214020640084040F2FB4103481DF026B808BD00BF33
S214020650384D0020FA6F0400024B1878431E5842A9
S21402066058417047A05B002008B5064B1B7823B1A3
S21402067040F2255104481DF00FF8FFF7DBFD00207D
S21402068008BD00BFA05B0020FA6F040008B5054B4A
S21402069001EB81011868490017F096FE002818BF82
S2140206A0212008BD384D002008B5044B1868F9F71C
S2140206B00FFF0A2390FBF3F040B208BD384D00202E
S2140206C0014B1878704700BFF064002008B5044B51
S2140206D0186817F0E4FDB0FA80F0400908BD00BFC4
S2140206E0384D002038B5124D0C462B78012B04D914
S2140206F040F246510F481CF0CFFF21460020FFF77C
S214020700E5FF90B10C4B1C702B785BB9FFF792FD9E
S2140207100A4B93F900100A4BC901186817F028FE15
S214020720002038BDFFF750FDF2E72120F9E700BFB1
S214020730A05B0020FA6F0400F0640020A25B002099
S214020740384D002008B5074B186817F0A6FD30B1E3
S214020750054BB3FBF0F083B20BB1184608BD01207F
S214020760FCE700BF384D002040420F002DE9F3475A
S2140207705C4E01201CF08DFF3388990704D440F6A6
S2140207803F4159481CF088FFDFF8808198F8003016
S214020790053B012B04D940F6414153481CF07CFF2F
S2140207A0524F3B6823B940F644414F481CF074FF51
S2140207B0348814F0200478D0012122201BF05AFE3F
S2140207C04FF47A74FFF7BEFF3B681B780933434346
S2140207D004EBC30498F80030A5B2062B0BD11CF02C
S2140207E085FA0446FFF7AEFF602358430C2303FB4B
S2140207F00400284485B2D7F800903D4B99F8008053
S2140208001C7808F1FF381FFA88F8002C52D133887A
S2140208105A0505D409F101001DF021F8C0F3401471
S2140208203449354A887812784B7812FB00F2334FF7
S21402083093423B70A4BF9B1A3B703B78CA78BD605C
S214020840934238BF13463B7013F0A5F9002833D005
S21402085013F09FF9012814BF10250825254300230D
S214020860DFF8ACA00093802243464946DAF800003F
S21402087017F0DCFD20B14FF43B611B481CF00CFF67
S2140208801F4BDAF8000019781E4B197033889B0646
S21402089014D52A461C4B009718F0C4F9C0B900209C
S2140208A002B0BDE8F0471CF0F4BE214622201BF041
S2140208B0E1FD87E70024B3E72546D0E72A460F4B3B
S2140208C018F0AEF9014618B925201BF0D3FDE6E76D
S2140208D0214626201BF0CEFD40F6F43102481CF0DD
S2140208E0DBFEDCE706550020FA6F0400284D0020E8
S2140208F0A35B0020B86400209D5B0020CC61002032
S214020900F0640020EF6400202C4D0020A05B002045
S214020910384D0020184B10B51B889B0704D440F6B0
S214020920A66116481CF0B8FE154B1B78053B012B3A
S21402093004D940F6A76111481CF0AEFE114B1B68A5
S21402094023B940F6A9610D481CF0A6FE00240E4B02
S2140209500E4921201C701BF08DFD014618B9BDE81A
S2140209601040FFF703BF022804D12046BDE810401E
S2140209701BF016BE10BD00BF06550020FA6F04001D
S214020980A05B0020284D00209B5B00202D0B020060
S214020990F8B55A4C23889A0704D54FF43E71584846
S2140209A01CF07AFE574801F089F91CF083FD238873
S2140209B005465B070DD54FF0FF3017F07EFD524B14
S2140209C01B68C01AB0F5717F03D9002104201BF002
S2140209D025FD28464D4D1CF068FD2B78042B32D1A0
S2140209E01CF068FD238806465F0708D545480021A7
S2140209F01CF05AFB3046BDE8F8401CF056BD1CF011
S214020A0054FD1CF057FD424B06461B78414F13B966
S214020A10238859050FD50523012102202B701BF0D0
S214020A20FDFCFFF777FF30461CF03FFD3B68DA78A7
S214020A30394B1A70F8BD386801301CF010FF820678
S214020A40E9D50623E8E7062B4DD1344B1B78FF2B5E
S214020A50F0D1334E13F0A1F83378002B3DD01CF0C2
S214020A6029FD238805465B0705D5264800211CF08C
S214020A701BFB2846BFE71CF018FD3378013B33709A
S214020A801CF018FD0446012102201BF0C7FCFFF7EC
S214020A9041FF20461F4C1CF008FD206801301CF068
S214020AA0DEFE00F44060B0F5006F13D12468012129
S214020AB0042220461CF04CF920441CF0D0FE0146CD
S214020AC0184B04201A783378D21AD2B2BDE8F8400E
S214020AD01CF08CBE4FF6FF71F2E740202B70BDE88B
S214020AE0F84018F031B9012BA4D100232B700E4B1D
S214020AF01868FFF74FFB3F20F1E700BF06550020BE
S214020B00FA6F04001C620020244D0020A05B002027
S214020B10A35B0020284D00209C5B0020ED64002093
S214020B209D5B0020F1640020384D002008B50A4B7A
S214020B301A7882B9012210281A7004D040F69D61F4
S214020B4006481CF0A9FD002120201BF067FCBDE82A
S214020B500840FFF70BBE08BD9B5B0020FA6F04003F
S214020B6008B5094B1B88DB0604D440F2C35107487C
S214020B701CF092FD102000211BF050FC044B18685C
S214020B80BDE8084018F045B806550020FA6F040084
S214020B90384D0020012208B5074B1146186818F098
S214020BA025F800212C201BF065FCBDE8084000213A
S214020BB00A201BF05FBC00BF384D0020014B4008E6
S214020BC0185C7047E964002008B513460A461946C1
S214020BD0064B186817F089FC30B1BDE8084040F6AD
S214020BE0E94103481CF058BD08BD00BF384D00203F
S214020BF0FA6F040008B5044B186817F0F5FF0138C1
S214020C0018BF012008BD00BF384D0020054B10B5A7
S214020C104C0022460146186817F0C4FB031B5842D4
S214020C20584110BD384D002070B505461CF042FCF8
S214020C300E4B0F4E1B880446DA07357008D50D4B4F
S214020C400D4D1B78012B08D90121286818F076F87B
S214020C502046BDE870401CF028BC1BB112F091FF84
S214020C60C305F1D4317881F00101EEE70655002084
S214020C70E8640020A15B0020384D00200C4B10B524
S214020C801B880446DB0711D5FFF77EFB094B84F071
S214020C90010208211868D20017F06FFB30B1BDE8D8
S214020CA0104040F6367104481CF0F6BC10BD00BF7A
S214020CB006550020384D0020FA6F040008B5044B94
S214020CC00146186817F01CFC003818BF012008BD42
S214020CD0384D002010B50A4C23787BB1FFF75AFF37
S214020CE0002104201BF09AFB002102201BF096FB39
S214020CF000232370BDE81040FFF79CBA10BD00BF6A
S214020D00A05B002038B5094800F0E8FC0024084D36
S214020D1095F84430E0B2834200D838BD05EBC000F7
S214020D20043000F0DBFC0134F2E700BFDC4D0020AB
S214020D303C4D002008B5104602494822F8F79CFFB1
S214020D40002008BD944D002008B505481CF01AFE88
S214020D50014620B9BDE8084001481CF0A5B908BD07
S214020D603C620020002238B51C4B15461C461A7001
S214020D700132082A5D609D8043F8085FF8D1482258
S214020D8000211748F8F7DAFD4FF6FE73A4F868302C
S214020D906FF48033E365134B00211A88124B1868F0
S214020DA0F8F7CCFD114BC4E91255C4E9283584F88E
S214020DB0445084F85050656584F8A850EAF792F9D2
S214020DC0FF220B4B012118700A4B00201A70E3F722
S214020DD057FE0020FFF7B8FF002038BD3C4D00202C
S214020DE0944D00205C640020FC6000200000FFFFA1
S214020DF0A45B0020F95B002010B5AC24084B04FB72
S214020E000030836C53B990F850403CB931B1C0E918
S214020E1012122046FFF798FF204610BD2120FCE75D
S214020E203C4D0020AC2370B503FB00F5094E731948
S214020E3093F850405CB9204610F0AAFC735D204639
S214020E4043F002037355FFF77FFF204670BD012073
S214020E50FCE700BF3C4D0020AC235843024A135C1B
S214020E6023F00303135470473C4D002070B516461A
S214020E701F4A04461278C2BBAC211E4D01FB00512C
S214020E808A6C92BB91F850203AB1022B2DD191F880
S214020E904410072907D91C2026E091F84410072998
S214020EA0F9D8012B08D0AC2000FB0450CA00011D63
S214020EB00C30F8F7EDFB0021AC2303FB04F0002412
S214020EC09DF8143000EBC1012944CB71049B8E803F
S214020ED08B602B1893F84420204601328C7183F8DD
S214020EE04420FFF731FF204670BD0120FCE700BF1B
S214020EF0A35B00203C4D0020F8B5234B04461B782C
S214020F000F46002B3ED1AC23204D03FB0053B3F813
S214020F10A03023B940F245311D481CF0BDFBAC227F
S214020F2002FB0452D2F8A46036B192F8A3303946D6
S214020F300020B2F8A020B047AC2300216343EA1891
S214020F40A2F8A010C2F8A410482192F8A82001FB2B
S214020F5002322A44D2F89820964213D0EB5C9B07C2
S214020F600CD5AC226243AB5C204623F0020343F06E
S214020F700103AB54BDE8F840FFF7E6BE10F02AFCCA
S214020F800028EED1F8BD00BFA35B00203C4D002038
S214020F90517004002DE9F04F89B0059008460D46C1
S214020FA01BF096FF044618B9212009B0BDE8F08F61
S214020FB028461BF0A9FFC0B20838215C221892F816
S214020FC002A00491D1785268277803920022B4F8DE
S214020FD00130ADF81E20434A029192F800B0BBF1F0
S214020FE0000F08D0404B1B681BB120464FFA8AF20E
S214020FF098470020D9E703F00703022B70D001348C
S2140210000922594620461BF0A3FE023F3F1A3B0622
S21402101006465FFA87F8C7D4344FD7F89090B9F1EE
S214021020000F27D100210DF11E0B4346224608462B
S214021030CDF800B010F0E4FAC3B20546002B4BD14F
S214021040BDF81E0017F0C4FEE0B9BDF81E0017F08A
S214021050BBFF8146BDF81E0017F0BAFEF0B906EBDC
S214021060080201232146584692B200F07BFDD0B119
S21402107019209AE75B465A4601212846C8470028A7
S214021080D0D191E7D7F89430BDF81E00002BDCD003
S214021090A11998470028D8D1022086E7424648463A
S2140210A0A119F8F7E9FDBDF81E001BF011FF029B1F
S2140210B0059A0372049B80F809A08372039B1BBAED
S2140210C0C360AC2303FB027393F85020BDF81E00E6
S2140210D022B1DB6C03B19847E8B266E7BB6FF9E76B
S2140210E0012062E7A35B0020204D00203C4D00203B
S2140210F02DE9F84308460F46164602F1010917F095
S21402110068FF8046384617F05CFE042856D13846FB
S21402111017F07BFE48F661054FF6FF7248F641036C
S214021120294C904208BF1D46B4F85C10301D1CF0D6
S21402113098FB384617F069FE0146B01D1CF091FB7D
S214021140B4F85E1006F108001CF08BFB06F10A04E8
S21402115038460DF067FF10B145F01005ADB22946CE
S21402116048461CF07EFB384617F02EFF42460146E4
S2140211702046F8F781FD384601211BF0E1FE444483
S214021180074660B11BF0C0FE054638461BF0A0FEBF
S214021190EDB201462A462046F8F76EFD2C440B4A6D
S2140211A0A41B13780134591C1170F3703470304646
S2140211B0BDE8F843092201211BF0CABD48461CF0CF
S2140211C04EFB4C460546C3E73C4D0020A45B002080
S2140211D0AC2210B548245043094B1A1892F8A810AE
S2140211E004FB0100034493F87700022806D092F825
S2140211F050301BB9032818BF012010BD0020FCE7A1
S2140212003C4D002070B508B1012070BD234C94F807
S214021210A850002DF8D12946B4F85C20FFF706FA4C
S21402122029462846B4F85E20FFF7EAF929462846FA
S21402123004F16002FFF7C8FC94F87730002BE3D085
S214021240284694F85860FFF73BFA864215D10020EC
S21402125094F95A50FFF728FA854216D10020FFF774
S214021260B7FF044600201BF029FD0028CDD02146FA
S214021270BDE870400020FFF7F7B9284694F85810EA
S214021280FFF730FA0028E2D0BFE7002094F95A10A0
S214021290FFF7FCF90028E1D0B7E700BF3C4D00207D
S2140212A00346AC2010B51446164A00FB032292F8F9
S2140212B0770002280CD1E07F022809D141B11249F9
S2140212C00978012913D992F85810227891420ED142
S2140212D018462178FFF7FAF990B1482221460B48C2
S2140212E0F8F7CAFC00201BF0E9FC08B9002010BD84
S2140212F0044B93F8A8000028F8D1FFF783FFF5E720
S2140213002120F4E73C4D0020BE640020944D0020CE
S21402131038B5AC230D4C054603FB004300205A6D3E
S214021320D86483F8500012B15865FFF719FCF5F738
S21402133039FBFF281EBFAC2303FB054484F8A80034
S2140213400020FFF75FFF002038BD00BF3C4D0020A5
S2140213507FB51D4C94F8A83023B1002084F8A8006D
S214021360FFF750FF94F85A30B4F8A0608DF80F30AB
S21402137026B940F2FD2115481CF08EF9144B314671
S2140213801D6800202A46FFF7B3FEE46F02469CB1B2
S2140213900DF10F0301930023294630460093A04720
S2140213A002462C7854B920462146FFF7A5FD204672
S2140213B0FFF7CAFC04B070BD0122F2E729460020FE
S2140213C0FFF706F8F6E700BF3C4D00205170040018
S2140213D0FC60002038B5494B1C78002C58D1484890
S2140213E000F06CFC20461BF069FC002850D0454CEF
S2140213F02378D90733D594F850201AB123F0030383
S214021400237045E023F00103237010F0CBF9237814
S21402141005469A0701D510F0BBF9294600200FF0C1
S21402142053FF40B92378284643F001032370BDE8F2
S214021430384010F0ADB90023482284F8A33094F85F
S214021440A83084F8A25002FB0343D3F89830A4F8DD
S214021450A000C4F8A430BDE83840FFF779BF94F87E
S2140214604400B0B104F1A003251D95E8030083E80B
S2140214700300FFF76DFF94F844202846D20004F1DB
S2140214800C01F8F705F994F84430013B84F844302F
S21402149038BDA26C62B99B0711D52378002023F0D1
S2140214A0020343F001032370BDE83840FFF74CBC4B
S2140214B00123A06484F85030904723789EE710F00A
S2140214C089F90028E9D194F8A83073B1F5F76AFAD9
S2140214D094F85030002BDBD1FF2818BF84F8A80000
S2140214E0BDE838400020FFF78DBED4F88C30002BC4
S2140214F0ECD098470028CBD1E8E700BFA35B0020DA
S2140215003C6200203C4D002070B5044600201BF0D3
S214021510D5FBAC235C430B4E351995F850300BB116
S214021520002070BD0028FBD007481CF02BFA0028CC
S214021530F6D1335D002BF3D195F84400B0FA80F073
S2140215404009EEE73C4D00203C62002010B5084AF8
S214021550034617F04CFD14684FF6FF7203EB400388
S2140215609C42184603D9018802339142F8D010BD36
S214021570F84D00202DE9F047204F05463B88A3B3DF
S214021580B0F90230002B30DBDFF87C801C49D8F83B
S2140215900000F8F753FA20B94FF4EA7119481CF024
S2140215A07BF80026DFF85CA0DFF860903A88B3B2DA
S2140215B09A4204D84FF4EB7150461CF06DF8D9F8F5
S2140215C00030B2B253F83200D8F8001003EBC2046F
S2140215D068B943F83210A38828460133A38017F06F
S2140215E006FDE38803EB4003E380BDE8F087F8F7E7
S2140215F025FA01360028D9D1EDE700BF08550020AC
S2140216001E700400287004005C620020EC4D00206E
S21402161038B5094C094D22682B689A4204D94FF412
S214021620877107481CF038F828682368C01A20F02B
S214021630010080B238BD00BFF84D0020004E0020E9
S2140216402870040038B5124C124D21462846F5F78C
S2140216502FF823680BB12B681BB9DE210E481CF04D
S2140216601BF82A680D4B0E491A60236823F0010303
S21402167013440B600B4B1A602AB9BDE83840F821B8
S21402168005481CF009B8FFF7C3FF6428F5D938BD32
S214021690F04D0020F44D002028700400FC4D002080
S2140216A0004E0020F84D002038B5094C094D22683E
S2140216B02B689A4204D34FF48A7107481BF0ECFF5A
S2140216C028682368C01A20F0010080B238BD00BF27
S2140216D0FC4D0020004E0020287004002DE9F04149
S2140216E01D4B04461B78012B24D100881BF0D2FB2D
S2140216F00546D8B10426DFF864802C461BF0DAFED5
S21402170007462046FFF736FF638843EA08036380EE
S214021710A05B1BF0BFFB044638461BF0C6FE1CB19E
S214021720B4F90230002BE9DA062E01D1BDE8F081C9
S2140217300626E2E7022BF9D11BF0BCFE0246208801
S2140217401BF0A8FB18B10388C3F30E0323801046D0
S214021750BDE8F0411BF0A9BEA55B00200080FFFF9C
S2140217602DE9F04F0024BA4B97B006461C801BF0BA
S214021770A1FE0123DFF8EC82B64F3B70B8F80030CA
S214021780A8F80040ADF81630B34B1B6801931BF067
S2140217908CFEB24B21461A88B14BD2001868F8F775
S2140217A0CDF80DF11600FFF799FF002E3CD1DFF8B9
S2140217B0B8924FF0000B0125D9F80040019B9C42DD
S2140217C039D3BBF1000F39D1002DF2D0D9F8004041
S2140217D0DFF898A225462246019B9A4273D302233B
S2140217E00DF116003B70FFF779FF002E40F08F8058
S2140217F0D9F800603246AA4280F0A28090881BF098
S21402180049FB18B10388C3F30E039380D0881BF0FC
S21402181041FB18B10388C3F30E03D3801046FFF7CB
S21402182095FE0246E7E79847E3B256F823300134BE
S214021830002BF8D1BBE7BBF1000F3ED00BF1FF3314
S2140218405FFA83FB16AB03EB8B0252F8402CB2F91D
S214021850020051880028B1DA4B04AFD4924641F414
S2140218608040931D2AF8020F02933AF8020F1BF0EB
S21402187011FBF0B1B0F902E0B0F802C0BEF1000F01
S21402188017DB6FEA4C4C6FEA5C4CA0F802C0039080
S214021890FFF770FEBBF10F0F8FBF002516AB039A42
S2140218A003EB8B009EBF0BF1010340F8402C5FFA5E
S2140218B083FB029B9A45D8D180E72046FFF746FE77
S2140218C022460446C3E7104617F091FB8346B2F958
S2140218D00200118800280AEA010108DA20461BF0F5
S2140218E0CFFA084381B204EB4B0402EB4B051046D9
S2140218F01180FFF72BFE02466EE798475FFA8AF3DF
S21402190056F823300AF1010A002BF6D170E74FF0A1
S214021910000AF3E73046FFF719FE82467EB1B6F9B3
S21402192002307188002B0ADA3088C0F30E001BF0F2
S214021930B1FA864203462DD1C1F30D017180564697
S214021940AE42E7D3DFF81CA11BF0B4FD0021064629
S214021950504617F0AFFB1BF09DFA0546002800F034
S214021960878030461BF0A1FD284617F040FB06464E
S21402197020461BF085FA81467600324629462046E6
S214021980F7F786FE002249460DF116001BF0D2FF3D
S2140219903444D9E71BD9304617F029FBC1F30D01B1
S2140219A0420071801846314692B2F7F771FEC6E7DA
S2140219B05046FFF7CBFDD146854203D9B0F9023037
S2140219C0002B01DA824603E0FFF7C0FDF4E7B146DA
S2140219D0554507D9BAF80000C0F30E001BF05AFAB4
S2140219E08245E5D3B9F1000F30D0B9F80000C0F354
S2140219F00E001BF04FFA034638B93346CB469945DC
S214021A0013D8B1459BD0D946ECE7484617F0EFFA13
S214021A10B9F802204946C2F30D02A9F80220420094
S214021A2092B21846F7F734FEE7E718460193FFF737
S214021A308DFD019B9B46854203D9B0F90230002BEF
S214021A4001DA0346DBE7FFF781FDF4E7CB46DAE788
S214021A500A550020A55B0020F84D002008550020FE
S214021A60EC4D00200C550020FC4D00200080FFFFAE
S214021A70BDF816303870A8F80030044B30461C60AB
S214021A801BF013FD17B0BDE8F08F00BFF84D002025
S214021A902DE9F04105461BF0FDF90F460446D8B184
S214021AA01BF032FF20B940F2FB4120481BF0F4FD48
S214021AB028461BF029FA05462046FFF747FDBD4299
S214021AC0064609D004D840F2035118481BF0E4FD3C
S214021AD02588ED0B02D02781BDE8F081678020467D
S214021AE017F085FA074604EB40081BF0E3FC104BA0
S214021AF01A68B2420AD1C3F800801BF0D6FC2A4606
S214021B004046BDE8F041FF21F7F718BFA6EB0806EE
S214021B10B5B21BF0CAFC072DF1D90023083D44F8E4
S214021B201730C8F80430A8F80250D5E72870040029
S214021B30F84D002038B51BF0BDFC002105460448D0
S214021B4017F0B8FA044628461BF0AFFC204638BD0C
S214021B500C550020024B1888B0FA80F040097047F6
S214021B600C5500202DE9F74F044600881F461BF04F
S214021B7091F98846154606461BF0C6FE20B940F285
S214021B80FE613F481BF088FD3388DB0B009306D0CE
S214021B9033892B443381002003B0BDE8F08F2088C0
S214021BA01BF0B2F982463046FFF7D0FC01901BF0DC
S214021BB081FCDFF8D0B0019BDBF8002081469A4218
S214021BC01DD1FFF725FDA84204D248461BF06DFC46
S214021BD01A20E1E70AEB050373803FB120881BF069
S214021BE077F92A4641465044F8F746F83046FFF75A
S214021BF0ADFCCBF8000048461BF057FCCBE71BF0C9
S214021C0054FC20881BF080F92844009980B21BF00F
S214021C10D3F906460028DBD01BF05AF98146208805
S214021C201BF056F9824620881BF06EF95146024692
S214021C304846F8F721F83046AFB11BF049F9074697
S214021C4020881BF061F92A4641463844F8F714F812
S214021C50012120881BF074F90121024630461BF050
S214021C6083F9268097E71BF033F9804620881BF01D
S214021C704BF92A4639464044F7F760FEE8E700BFCC
S214021C8028700400F84D0020342101481BF004BDE2
S214021C903C700400036910B55BB18268064B9A4239
S214021CA001D1002010BD44691BF0EFFC201AF9D5C3
S214021CB0F7E74FF0FF30F5E7891C020082681C4BFD
S214021CC070B59A420446056819D11BF0F3FB2369E6
S214021CD023B1A34206D100222A601A61BDE87040F1
S214021CE01BF0E3BB1A4611461269A242FBD12A68D0
S214021CF0A24208BF29600B6100232361EEE7036955
S214021D0093B198426E6803D19D210A481BF0C4FC29
S214021D102B46B44209D122699D4218BF1A614FF080
S214021D20000308BF6A60236170BD33463669F0E778
S214021D30891C02003C7004002DE9F0470746002586
S214021D404FF0010A154EDFF858808AB0347914B97C
S214021D500AB0BDE8F087D6F8009087B900972A4601
S214021D60B8F80010234603A81BF07BFE224648461E
S214021D7003A9E9F779FE2544EDB20836E6E72246DE
S214021D8003A94846E9F744FECDF800A023462A46B2
S214021D90B8F8001003A81BF064FEECE708BA0400CB
S214021DA00E5500200148FFF799BC00BF0E550020D3
S214021DB09C46174BF7B5054608461988164611B1D4
S214021DC0144B1C78CCB1014662463046BDB103B016
S214021DD0BDE8F040E9F71CBE1C44E4B208373B7984
S214021DE0002BF0D03A689642F6D185F001052246DD
S214021DF000951BF036FE03B0F0BD074FEFE7E9F79C
S214021E0033FEB0B203B0BDE8F04015F095BA00BF9D
S214021E100E550020F264002008BA040010B5074CE4
S214021E20238843B10020FFF787FF0020FF22044BE0
S214021E3020801A7010BD0220FCE700BF0E5500205D
S214021E40F2640020142810B518D8082805D115F019
S214021E50EFFAC401E4B2204610BD0E2802D115F0F6
S214021E60EAFAF6E7064B53F82040002CF3D00A288D
S214021E702478F0D107F0C2FB0443EBE7FF24EAE73D
S214021E8058BA0400014BB3F8680070473C4D002076
S214021E9000487047A64D0020014B1878704700BFD7
S214021EA01C5B0020014B1878704700BF1F5B0020A8
S214021EB0014B1870704700BF1F5B0020204B0228A2
S214021EC010B5204C187002D00438012822D8237886
S214021ED0042B0BD000211C481BF0E6F82378033BAA
S214021EE0012B03D9002119481BF0DEF8184B1B689A
S214021EF09A0022D513F0805F40F6114418BF4FF4C3
S214021F004164204615F046FEC8B92046BDE810409A
S214021F1015F010BA0C48FFF7D1FE0C48FFF7CEFEBC
S214021F2017F041FB2378033B012B03D815F02CFE58
S214021F301624E6E70DF0BAFFFAE71524E1E710BD2E
S214021F40235B0020245B002080620020283F0020C4
S214021F50BC3F0020024B187800F00F00704700BF0D
S214021F60235B0020034B187800F00F00831E5842B4
S214021F7058417047235B002008B517F0FFFAC0B13E
S214021F8017F015FBA8B10FF01BFD90B90A4817F021
S214021F9048F870B1094817F044F850B115F050FAF5
S214021FA038B115F0F9FD20B9BDE80840044817F02D
S214021FB0FBB8002008BD00BF105500204455002085
S214021FC0044E002030B505460C4693B081B910B9D0
S214021FD0002013B030BD1023214A69460120FFF7C6
S214021FE0E7FE9DF805305A1E052A28D91720F0E785
S214021FF0182200212046F7F7A1FC002DEBD1FFF7AF
S214022000B1FF30B315F0C1F86A4601460020FEF76C
S21402201091FEBDF80430204623819DF80230A3725B
S2140220209DF80030E37217F087FC002304F11401D8
S214022030237304F1100004F0F7FDE081C8E7094AB3
S2140220409DF8041012789142D0D12B70002CD6D174
S214022050BEE7054B1B78033B022BD3D9C6E700BF6E
S21402206064EE0100C5640020235B002030B593B007
S21402207005460C46FFF776FF20B90C4B1B78033B50
S214022080022B10D815F081F86A4601462846FEF75C
S21402209051FE00209DF80230607023709DF80030DB
S2140220A0A37013B030BD1720FBE700BF235B0020F0
S2140220B0054B1878012805D000F0FD00A0F1310389
S2140220C058425841704700BF235B00202DE9F34178
S2140220D00E46002105461BF027FC0023124FADF8E2
S2140220E006002B800DF1060016F09BFF044610B189
S2140220F002B0BDE8F08121460DF1060016F0DAFFC7
S21402210080461AF0E5FE438AB34207D99B1B4382F8
S2140221102246414628461BF00DFCE3E743895B074F
S214022120E0D53B88F3E700BF5E64002008B50A48A6
S214022130FFF7C4FD09484FF47A71FFF7C7FF074857
S21402214016F06FFF30B9BDE808404FF47A710248C6
S2140221501AF0AABF08BD00BF606200206C640020AF
S2140221601FB50146002201A81BF06EF8064801A919
S2140221701BF03DFC20B11AF0ABFE4089C0F34000D4
S21402218005B05DF804FB00BF6C64002030B585B076
S2140221900D460022014601A81BF056F8084801A980
S2140221A01BF025FC50B11AF093FE044601460822A5
S2140221B02846F7F76DFA6089C0F3400005B030BDD7
S2140221C06C64002010B5044C204616F061FF63884C
S2140221D0181A80B210BD00BF6C640020F8B5054620
S2140221E0F8B100210F481BF09FFB0446A8B10D4F23
S2140221F020461AF06DFE06461BF012F8830705D439
S214022200082229463046F7F7EBFB38B12146384616
S2140222101BF0AEFB04460028EAD10024201E18BF9D
S2140222200120F8BD6C64002010B50C460146064835
S2140222301BF0DDFB30B11AF04BFE43891C4214BF83
S2140222400120002010BD00BF6C6400201FB514469C
S214022250024601A81AF0F8FF074801A91BF0C7FBBF
S21402226040B134B11AF034FE142201462046F7F784
S2140222700FFA012004B010BD6C6400201FB50146A1
S214022280002201A81AF0E0FF094801A91BF0AFFBE3
S21402229058B11AF01DFE4389024613F0020004D01C
S2140222A0507B80F00800C0F3C00005B05DF804FB68
S2140222B06C6400200146014817F010B86C640020D8
S2140222C0F8B504460E46142000211AF075FE05469F
S2140222D0204616F0DDFE6388834225D925B33146B3
S2140222E0204616F0FBFF08BB28461AF0F1FD07460B
S2140222F00A223146F7F7CCF9082206F10A0107F15D
S2140223000A00F7F7C5F90A4B1B887B82238823B994
S2140223104FF47A7107481AF0C7FE20460022294673
S2140223201BF008FB0020F8BD1C20FCE72E20FAE775
S2140223305E6400206062002010B5044686B0B0B12C
S2140223401AF06EFF10F0020011D1CDF80E0061688F
S214022350CDF81200ADF81600206801AB03C322893F
S214022360044801A91A80FFF7ABFF06B010BD212072
S214022370FBE700BF6C640020F8B50D4616461F4604
S214022380044648B31AF04CFF30BB2046FFF792FFD4
S214022390E0B1214611481BF02AFB1AF099FD438949
S2140223A005734673877343F00203218943812046EF
S2140223B001F0F2F9FF28044606D001F0F3F818B14E
S2140223C00022074B43F82420002004E02046FFF7B3
S2140223D0B3FF0028DDD0F8BD2120FCE76C640020A6
S2140223E0F83C0020F7B59DF824400D4601949DF870
S2140223F02040064600941F460DF076FC4FF6FF710D
S2140224008842044610D0BB0711D4284600F0CCFF01
S21402241020461AF07DFFFF281FBF084A32F8103008
S21402242023F4804322F81030204603B0F0BD024663
S2140224302946304616F059FFEAE700BFD45400207A
S21402244073B50E46014614481BF0D1FA0546D8B1BC
S2140224501AF03EFD43890446334012D09B0736B23B
S2140224600BD5002E09DAA17B437B0289007B019102
S214022470012100912146FFF7B5FF638923EA06038F
S2140224806381628912B1012002B070BD29460248FA
S21402249016F02FFEF7E700BF6C6400200148FFF736
S2140224A01DB900BF6C6400201FB50C460B4A0146DE
S2140224B001A81AF0C9FE01A8FFF7FCFE60B101A947
S2140224C007481BF094FA1AF003FD0368236043687A
S2140224D00020636004B010BD2D20FBE7C6BA0400DE
S2140224E06C64002013B53E4C12F016F9D4F8FC3199
S2140224F01020C3F307430193FFF7A4FC000650D550
S2140225000020FFF79FFC01064BD5019B802B3ED196
S214022510236A9A0704D440F61544204602B010BD3A
S214022520E3699B07F7D52F4815F056FE012016F0F3
S21402253026FC12F004F904460028EED100F086F9D3
S214022540294816F00BFE00F0F1F9E8F7CBFB12F083
S214022550E2F80AF0F1FC0AF043FDF4F705F9F4F7A5
S214022560B9F9F4F7D3F904F003FD14F063FF14F09D
S21402257064FF15F014FB1D480CF00CFC07F092FEED
S21402258015F0CCFA0028C8D015F0CAFAC5E7019BA8
S214022590812BC0D1D4F80C315B00BCD5D4F80C31F9
S2140225A0BFE71020FFF74EFC0006BCD40020FFF762
S2140225B049FC0106B7D5019B802B05D1084B1A6A48
S2140225C0D207A8D5DB69ACE7019B812BA3D1044BCC
S2140225D0D3F80C21002A9EDAD3F80C31A1E700BF0B
S2140225E00080E00F690345EC044E002061210200E2
S2140225F010B516F0D5FF70B301F0B8FB80F00104F9
S214022600E4B20020FEF7F6FA44EA800424B216F09A
S214022610B5FF10BB0220044316481BF0B3F944EA88
S214022620401415481BF0AEF924B244EA00141348CD
S2140226301BF0A8F924B244EA801411481BF0A2F950
S21402264024B244EA40240F481BF09CF924B244EA20
S214022650C02080B210BD0124D3E70B4816F0E1FC7F
S2140226600028D7D0094816F0DCFC80F00100C0B282
S2140226704000D0E7C0620020A4630020C03F0020D4
S2140226802463002084630020105500204455002057
S21402269008B501F047F90EF0DFF8FDF7D9FE154848
S2140226A016F0BFFC08B906F065F9134816F0B9FC37
S2140226B008B907F0E1FD03F059FC0CF01DFD0F48C8
S2140226C016F07EFD0E4B1B78043B022B09D80D48F4
S2140226D01BF058F928B1FFF78BFF102801D109F03B
S2140226E07DF914F0AFFE16F00EFEBDE8084006486F
S2140226F0FFF736B81055002044550020044E00203F
S214022700245B0020A4630020D0BA0400014B1868A2
S214022710704700BF384D0020F8B54FF6FF77104BD4
S21402272006461B780C46033B012B0F8009D8304621
S2140227300AF0BAFC4FF6FF73984220800ED00020B3
S2140227400DE00CF023FEB84205462080F7D1304655
S21402275000F002FDA8422080F1D1E8E72D20F8BD66
S214022760245B00204FF6F77370B5984204460D4678
S21402277086B05AD816F0C8FDA04207D108222C49C6
S2140227802846F6F785FF002006B070BD294EB6F83B
S2140227906830A3420AD10022082106F16A0016F028
S2140227A045FD18B9082206F16A01E9E7ACB1224BE9
S2140227B01B78033B012B1AD8002301221946204618
S2140227C000930AF01BFBFF2823D1294620460AF075
S2140227D0BFFC80F00100C0B2D6E7184B1B689B070F
S2140227E0E5D4284608F0DCF90028E0D0CBE72046FE
S2140227F000F06AFFFF2806D129462046FFF754FE5E
S2140228000028D9D1BFE7294600F080FF0028F3D080
S214022810B9E702A917F0A6FF0028D6D1DDF80D30D9
S2140228202B60DDF811306B60ADE70120ACE700BF2E
S214022830A65B00203C4D0020245B0020BC3F00200D
S214022840014B1870704700BFC564002010B5054CD8
S214022850082221460448E9F7DBF8204616F08EFDEA
S21402286010BD00BFA65B002034B608C00048704703
S214022870A65B0020082208B50349F7F7B1F8B0FABC
S21402288080F0400908BD00BFA65B0020014B18700F
S214022890704700BF175B0020074B44F6FF701A789C
S2140228A040F6FF73012A18BF1846044B1B780BB17B
S2140228B040F40040704700BF245B0020175B0020F6
S2140228C0F7B50D46044616461F460021284601F077
S2140228D0F1FF0B4B002183F859402A463346204627
S2140228E000970EF0AFFC014630B10222204603B03C
S2140228F0BDE8F04000F006B8012003B0F0BD00BF0E
S2140229003C4D002013B513460C461AB1022A0CBFE2
S214022910134601230021044A019100922246FEF743
S214022920A5FA02B010BD00BF8396030000B50020D2
S21402293093B0FEF717FA1E4B18880CF031FA1D4BAF
S2140229401D491A7800200EF0A1FD342200216846A7
S214022950F6F7F4FF0B238DF800306FF48033019303
S2140229604FF6FE73ADF8103003238DF81D30134B6F
S214022970134A0893134B10680993134B51680D932F
S214022980124B6A460E93124B0F93124B1093124B36
S214022990119302AB03C300210846FEF781FC6A4688
S2140229A001210020FEF77CFC13B05DF804FB00BF9B
S2140229B056640020D8640020E47E0400D52D020070
S2140229C0A65B00201F9403004D6602007D2F0200C6
S2140229D04D7D0200839603009D600200014B18782D
S2140229E0704700BFAE5B0020014B1888704700BFDF
S2140229F0706400202DE9F74F814610460E46904639
S214022A001AF02DFFDFF840B105469BF8003033B9C7
S214022A104A4B1B681BB94A4B1B68002B7FD015F428
S214022A20406A05F040071BD19FBBB5F5804F61D2C7
S214022A304FF48074B9F1400F73D0B9F1800F63D0B0
S214022A40B9F1100F6BD100239BF800003D4AD9B2B2
S214022A50884264D932F8021B0133A142F7D166E0FC
S214022A6008F103001AF0FBFE4FF6FF73984214BFFC
S214022A700124022487B1052705F44043B3F5004F2D
S214022A8044F0080425D0B5F5804F24D244F480746F
S214022A9021E054460327EFE7B5F5804F4FF00507D0
S214022AA0F4D3BAF5406F14BF0220082038444044DD
S214022AB01AF0D5FE019016F044FC019B05F4404541
S214022AC098420CBF44F0080444F00404B5F5004FE5
S214022AD001D144F08004BAF5006F0FD108EB07006D
S214022AE01AF0BDFE054616F00FFCA842A2D144F02D
S214022AF010049FE7544603270220D7E7BAF5406F33
S214022B0008BF44F0200495E70C4B1B683BB100223B
S214022B10D1B233F8110033F91110002903DA00207C
S214022B2008E0074BF1E7A04202F10102F0D106B13C
S214022B303480012003B0BDE8F08F00BF144E0020A1
S214022B40184E00206E550020F65B0020034B1A78C4
S214022B50022A04BF09221A70704700BFAF5B00202A
S214022B600C22034B1A211A700320002202F024B80A
S214022B70AF5B00200C2208B5054B1A211A70002202
S214022B80104602F019F80022024B1A6008BD00BF78
S214022B90AF5B0020204E00200C2270B50D4B054680
S214022BA01E781A7030B93046BDE8704000221A21ED
S214022BB002F002B8084B1C78E1B21A29F3D825FABB
S214022BC004F3DB0703D54422304601F0F5FF013457
S214022BD0F2E700BFAF5B0020F46400200C22024B39
S214022BE01A7014F0D2BF00BFAF5B0020F0B50C889D
S214022BF005460E468BB0E4B94FF6FF77ADF8247063
S214022C0014F0D6FF10B902200BB0F0BDCDE9034098
S214022C10CDE90544134A0294B2F85C30603201935F
S214022C2000923B464CF60101FF2009AA18F0E3F891
S214022C303080284616F0FEFC0B4C70B1237863B148
S214022C40013BDBB22846237016F0F4FC38B120783C
S214022C50B0FA80F04009C0B2D6E70523F2E70120B9
S214022C60F9E700BF3C4D0020F3640020034B1146F9
S214022C701B6803B1184714F01BBB00BF204E002090
S214022C800C22024B1A700AF0F1BC00BFAF5B0020A8
S214022C900148FEF723BD00BF125500207FB505464A
S214022CA00C4616461AF0E4FB00286BD1062D03D814
S214022CB05223EB40DB071AD4B4F1006F05D3E30EC0
S214022CC01C3B032B18D94F202EE000222F4B1A60F4
S214022CD02F4B1D7016F0D3FA03460A2D54D8DFE8A0
S214022CE005F02D183E49182518535341360002F0B8
S214022CF03BFCB4F1006FE2D20022244B042D1A6092
S214022D00234B1D70E6D1022001F02EFC16F0B7FA16
S214022D100346012202921F4A01921F4A00921F4A4C
S214022D20314620460EF088FE04B070BD314620467D
S214022D301B4A04B0BDE870400EF066BE314620461F
S214022D40184B194A04B0BDE870400EF041BE00228E
S214022D500292164A0192104A0092154AE0E70222AF
S214022D600B4B1A7000221046124904B0BDE87040A0
S214022D70FEF742B8002202920F4A0192064A0092D9
S214022D800E4ACDE74D20CFE70120CDE7204E0020AA
S214022D90AF5B0020992B0200D52D02006F96030030
S214022DA0812C0200752B02006D2C0200DD2B020026
S214022DB0ED2B02004D2B0200612B02003196030020
S214022DC008B50EF069FE0C22014B00201A7008BDF1
S214022DD0AF5B0020F0B585B0ADF8060018B97621D5
S214022DE064481AF059FCBDF8060015F0EAFF0446DE
S214022DF0BDF8060015F0E5FF082846D00C2CBDF8F5
S214022E00060042D116F0E0F807461AF028FD0DF14A
S214022E100F010646BDF8060014F0F2FA002879D033
S214022E2009220021384619F093FF9DF80F3010331F
S214022E30C518BDF806001AF067F8EDB2854269D2E9
S214022E402946BDF806000EF035FF06F44C4416F48B
S214022E504066054614D0F81C1AF001FD4FF6FF73C3
S214022E60984208BF44F04004B6F5006F08D1781DBA
S214022E701AF0F5FC4FF6FF73984208BF44F01004B0
S214022E809DF80F305BB3072D44D1BDF8060015F050
S214022E908EFF0446BDF8060015F093FF082817D0EB
S214022EA0A30615D524F0200189B2BDF8060015F058
S214022EB069FFBDF8060016F087F80021092219F00E
S214022EC047FF00F1100189B20DF1060018F0BCF8B8
S214022ED00022BDF8061028481AF02CFD1AE0082D2C
S214022EE016D8BDB1013D072D14D801A353F825F01D
S214022EF04D2F0200592F0200152F0200192F020033
S214022F00152F0200652F02008B2E02006B2F020087
S214022F107C2D24D005B0F0BD24F48844A4B2B4F5C8
S214022F20084FF7D1BDF8060015F046FFBDF80610AB
S214022F300BF0D0FF0028A8D0BDF8060015F0A7FFBA
S214022F400022014602201AF051FCE3E724F48064D2
S214022F50A4B2B4F5484F97E7B4F54C4F94E7B4F5EE
S214022F604C4F92D04CF6500301E04CF640439C4244
S214022F708AE700BF4A700400105500202DE9F74387
S214022F800F4690469946064619F0A2FF044630467A
S214022F9019F0BAFFC5B2083D2C44E178094BA27875
S214022FA01970094B31461A70002043463A46CDF84E
S214022FB0009012F05DF8003818BF012003B0BDE89B
S214022FC0F08300BFD35B0020D25B00202DE9F04FD8
S214022FD0DFF84081DFF8409198F8002099F8003039
S214022FE006469A4285B004D340F2191142481AF0B6
S214022FF053FB30460DF10F011AF03EF920B14FF4A3
S2140230008E713D481AF048FB98F800709DF80F4004
S2140230103D1B15F0FF0530D04FF0FF3C374B01212A
S2140230201B78A140184699F800304FF6FF790CFA43
S21402303003FC0023324A01F1FF3E0193C1F1000A6C
S2140230409DF80430984243D8122004FB00002D4B12
S214023050A0F1120105EBC5025200194404F1010960
S2140230601844F6F715FB4FEA89092748A9F1040127
S2140230700144AA004844F6F70BFB224904EBC402BB
S21402308001EB420321F81260204A013712784FF60C
S214023090FF71DA731A745A7412025A801C4A0D208F
S2140230A012781A7110225A7100229A73C3F80620F7
S2140230B0C3F80A20144B43F8242088F800701AF04C
S2140230C095FB0EB908F05CFF204605B0BDE8F08F10
S2140230D013884B450AD053680AEA030B03EA0E0329
S2140230E00B4403EB4B0343EA0C035360019B083289
S2140230F001330193A4E700BF5D700400D264002090
S214023100543D0020C4520020F83C0020D35B00202F
S214023110B05B00201D5B0020D06400202DE9F0414A
S214023120074600250A4B0B4E93F80080ECB2A045EA
S21402313003D8FF242046BDE8F08108223846B11D98
S214023140F6F74EFC01350028F4D01236EEE700BF43
S2140231501D5B0020C452002008B5FFF7DFFFFF28E2
S2140231601DBF00B2044B00EBC0004FF6FF7018BF45
S21402317033F8100008BD00BFC452002007B50DF199
S21402318007011AF079F830B19DF80730034803EBCF
S214023190C30300EB430003B05DF804FBC4520020F7
S2140231A02DE9F843294E044633785D1E2D1A8342D4
S2140231B0EDB204D84FF4A17125481AF06DFA012336
S2140231C0A3404FF0FF305F1E3B4400214FF6FF7EC8
S2140231D06FEA03081F4A92F800C01F4A127890400E
S2140231E01E4ACBB29C4523D8BDB127B204EBC40419
S2140231F01B48640005EBC50204F1120101445200AB
S2140232002044F6F745FABF001648AA00391D0144C5
S21402321002F0FC023844F6F73BFA33780022013B10
S21402322033704FF6FF71BDE8F8430E201AF0DEBA8F
S2140232301388734507D0536808EA03093B4003EB3B
S21402324059030343536008320131CAE71D5B00206D
S2140232505D700400D2640020D0640020543D00203B
S214023260C4520020F83C002010B50A4C207858B909
S214023270094B1B781A2B03D9992108481AF00CFA25
S2140232800322074B1A7010BD0138C0B2FFF788FF41
S214023290ECE700BF1D5B0020D06400205D700400D8
S2140232A0195B00202DE9F04705461AF0B6FBFF2809
S2140232B0044624D1DFF884901E4B99F800201B7830
S2140232C09A422BD22846BDE8F047FFF77FBE3888E1
S2140232D03B79504518D86F2B4FEA131214D85B0768
S2140232E010D0123708F1010899F800105FFA88F634
S2140232F0B142ECD80023104ADEB28E4214D32046E6
S214023300BDE8F087022AECD90DF0E2F90028E8D1F0
S21402331029463046BDE8F04716F0CDB94FF0000812
S2140233204FF6F77A044FDFE7107901338F28EFD88C
S2140233301232E1E7D0640020C45200201D5B002058
S2140233404FF6F773984210B514D8FFF7ABFFFF2875
S21402335010D0134C00B200EBC00004EB400412F095
S214023360E1F8104938B962880B7802EB0313A3EB35
S2140233701213638010BD227C637C09789A42E27342
S2140233802374617407D98B4203D213468B4228BF3B
S2140233900B461B02EDE78A42F8D31346F9E700BF55
S2140233A0C4520020D35B00202DE9F04106460F46AA
S2140233B000240E4DDFF8388098F80030A34201D87A
S2140233C0BDE8F081082229463046F6F709FB40B9E7
S2140233D035F8063CBB4204D02046FFF7E1FE013C2E
S2140233E0E4B20134E4B21235E6E700BFCA52002066
S2140233F01D5B0020F8B5054608460E46FFF78EFE12
S214023400FF2830D01D4B294653F820703046FFF770
S214023410CBFF2846FFF746FFFF28044625D10CF0CF
S21402342083F8FF280AD1164C207838B113F0B0FE84
S2140234302378B0FBF3F202FB1300C0B2294616F063
S2140234403AF9044623B20F4D03EBC30305EB4305DB
S21402345008223146A81DF6F71BF92B79204603F001
S2140234600F032B71F8BD0027D3E7074B1B78002B01
S21402347018BF0027014B43F82070E3E7F83C002012
S214023480D0640020C4520020F564002038B50B4BEF
S21402349004461B780D46834204D840F25A21084857
S2140234A01AF0FAF8074804EBC40400EB4400294675
S2140234B0BDE8384008220630F6F7EAB8D0640020A5
S2140234C05D700400C452002070B5044608460E46DD
S2140234D01AF0A3FAFF28054610D02046FFF71EFE74
S2140234E0FF2807D0084B1B7823B9084B53F8202037
S2140234F043F8252021462846FFF7C8FF31462046D6
S214023500BDE87040FFF750BFF5640020F83C00208D
S2140235102DE9F8430024804601272646114DDFF8A0
S2140235204C9099F80030A34210D83E430134E4B2DE
S2140235301A2C4FEA470705F11205F2D14FF0FF3079
S214023540094B1B7898403043BDE8F8832B884345E7
S214023550EBD0284616F007F90328E6D82B796F2B0E
S214023560E3D8E3E7C4520020D06400201D5B0020AD
S21402357010B5084C00EBC00004EB400423795B074F
S21402358007D1204616F0EFF8237923F007031843F5
S214023590207110BDC4520020014B1878704700BF3E
S2140235A0F6640020014B1878704700BFF5640020CF
S2140235B070B51A48FEF782FB194B1B78033B012BAA
S2140235C028D805F0A3FB03F057FBBDE870404FF484
S2140235D07A51124819F068BD23798F2B4FEA1311DE
S2140235E011D80131204616F0EEF8062901D8032933
S2140235F009D12379002223F007034FF6FF710F202B
S21402360023711AF0F3F8123401353278EBB29A428B
S214023610E2D8D6E70025034C034EF6E78062002088
S214023620245B0020C45200201D5B00200022084BB1
S2140236301878084BD1B2884203F1120300D87047BB
S21402364013F80D1C013221F0100103F80D1CF1E7EE
S2140236501D5B0020C45200202DE9F04702261227E7
S214023660DFF85C90DFF85C8099F8004000250CE0FB
S21402367007FB05F338F803A00021504616F088F839
S21402368010B15CB1013CE4B2013599F80030EAB2FF
S2140236909342EDD8A34204D14FF6FF7A5046BDE8D6
S2140236A0F08713F075FD99F80030012EA3EB0403A2
S2140236B090FBF3F202FB1300C4B2EDD00126D5E76D
S2140236C01D5B0020C452002010B504461AF0A5F96E
S2140236D0FF2808D1204619F01BFEFF281FBF024B09
S2140236E01B78C018C0B210BDD0640020044B002165
S2140236F01A78044B04481B781A449200F6F71EB94F
S214023700D0640020D7640020F83C002010B5134B8C
S2140237100C461B7886B0834212D9114900EBC000D2
S21402372001EB4001082220460631F5F7B1FF0022E0
S2140237300821204615F07AFD80F00100C0B206E0AE
S214023740C01A01A9C0B20CF02BFA10B1002006B0C4
S21402375010BD01AB03CB20606160E8E7D0640020B7
S214023760C452002008B5074B024653F820308B425D
S21402377006D915204FF6FF711AF038F8002008BD5A
S2140237800120FCE7F83C0020024B013143F82010F0
S214023790704700BFF83C00202DE9F34781460C46EF
S2140237A000272A4EDFF8ACA09AF80030FDB2AB42F2
S2140237B010D86946204617F00AF9C0B308226946AF
S2140237C04846F6F70DF990B34946204616F0A1FA98
S2140237D0FE2537E006F10608082241464846F6F777
S2140237E0FFF890B94FF6FF739C422BD03388A34262
S2140237F028D0204619F08CFDFF2814D149462046D1
S21402380002B0BDE8F047FFF7F5BD14B9123601372E
S214023810CAE73388A342F9D100220821404615F0B0
S21402382005FD0028F2D12846FFF7BAFCCCE7494648
S214023830002019F03DFDFF28054603D0044B1B78F7
S2140238400344DDB2284602B0BDE8F087C452002029
S214023850D06400201D5B002008B5FFF7E7FE054B8D
S2140238601B78013B012B03D8BDE808400CF084B955
S21402387008BD00BF245B00200F4B1B7883420CD888
S214023880C01A0E4AC0B232F81030D90411D443F42A
S214023890805322F8103001207047094B00EBC0001D
S2140238A003EB40035A79D10603D442F010025A7150
S2140238B0F1E70020704700BFD0640020D4540020F7
S2140238C0C4520020F0B5134B06461B78FBB1002508
S2140238D01148DFF84CC090F800E0104807781F4403
S2140238E0E8B2864501D80020F0BD7C1B94FBF3F0BD
S2140238F003FB10440CEBC4003CF83440B44204D141
S214023900002AF1D184788C42EED00135E8E71846D9
S214023910EAE700BFD2640020A83F00201B5B00201D
S214023920543D002070B510F0E8FE14250F49104EE5
S2140239300B78328830809B1A03449BB2B3FBF5F4B3
S21402394005FB14330B700B49E2B20B78934292BF1D
S21402395000239B1ADBB2032A0B7088BF002306499A
S2140239609EBFD2000B68D3400B6070BDB35B0020D5
S214023970145500201A5B0020A83F0020084B186848
S214023980084BC2B21B789A4208D2074BC0F30720F4
S2140239901B78984234BF00200120704701207047F0
S2140239A0A83F0020D2640020B25B0020F8B505468E
S2140239B01746FFF7E3FF064610B9184B1A783AB9CE
S2140239C0212001224FF6FF7119F010FF0020F8BDEA
S2140239D01348DFF854C003780133B3FBF2F402FB5A
S2140239E0143303700F48DCF8002000EBC30420F801
S2140239F0335002F10132A1703846CCF80020FFF7AE
S214023A0087FDE670606015F07FFCA84201D10120B8
S214023A10DDE7E3780133E370F9E700BFD264002004
S214023A201B5B0020543D0020A83F002010B50B4C25
S214023A300B4A2378063B137010F05FFE0022094BF8
S214023A40FF211880084B09481A602278D200F5F741
S214023A5075FF0422064B1A7010BD00BFD264002008
S214023A60B25B002014550020A83F0020543D0020E1
S214023A701A5B002048B139B1044B1B780B70044B1B
S214023A801B7803700120704708467047B15B002020
S214023A90F76400202DE9F843074619F0F6FD0546BF
S214023AA01A4819F06FFF1A4B48B31C683C1B2C448B
S214023AB0A4B20022174BDFF864901B78164D99F8D3
S214023AC0006005EB03155FFA82F8464509D9AB8814
S214023AD005F11000A34215D9B21A29461201F5F7CC
S214023AE0D7FD013689F80060AC80B8F1000F03D12B
S214023AF03946064819F0D8FA2846BDE8F8833C4607
S214023B001D60D6E705460132DDE700BFA062002051
S214023B10244E0020B55B0020F83B0020B65B002058
S214023B202DE9F74F19F0B1FD4FF0000E284D294F41
S214023B302978294C97F800A004EB011303EB0A122C
S214023B400092F3465246DFF898801FFA80FC06463B
S214023B50B8F80000ACEB0009A0EB0C001FFA89F9DC
S214023B6001900098984217D1BEF1000F00D029703C
S214023B70524503D200203A70FDF7E6F83B7823B3AD
S214023B802B78164804EB0314A188C8F8006003B02B
S214023B90BDE8F04F19F088BAB3F804C0CC450FD888
S214023BA04FF0010E93F802C001310CF1FF3C013ACE
S214023BB0A3F804B083F802C0C9B2D2B21033D0E779
S214023BC001988444A3F804C0F8E703B0BDE8F08F78
S214023BD0B55B0020B65B0020F83B0020A062002008
S214023BE0244E00207FB56C461E4B1F4D1E78013EAC
S214023BF0F6B21E7095E80F0084E80F001B4B2846AD
S214023C001A7805F1100132441201F5F741FD9DF8CC
S214023C10026016F00F0511D1BDF808000EF0C4F9C7
S214023C20360918BF29464FF00002BDF8000008BF4B
S214023C30039904B0BDE8704003F0F4BCBDF804007C
S214023C40FFF728FF0346828804ADADF8042022461B
S214023C5003CAAA4218605960144603F10803F6D153
S214023C6004B070BDB55B0020F83B0020B65B0020B8
S214023C70F8B50024084D094F094E3B783178E2B278
S214023C800B449A4204F1010400DBF8BD2846FDF716
S214023C9025FD1035F1E700BFF83B0020B65B00209B
S214023CA0B55B002070B5134B06460D46104612490A
S214023CB01A78124B09781B780B44934206DB1F20B6
S214023CC04FF6FF7119F092FD002070BDFFF7E2FE7D
S214023CD0013506808570044619F0D2FCE0800EF0AD
S214023CE069F940F602432081E3600020FDF72CF8D4
S214023CF00120EAE7CF640020B65B0020B55B002017
S214023D002DE9F84386460023144FDFF85C803E78A0
S214023D1098F8005012497219DCB294421CDA4FEA43
S214023D20041C31F80C900133F14501EB0410F3D179
S214023D30631CD21A0CF1100C12016144F5F7A8FCB0
S214023D40A5428BBF05F1FF3506F1FF3688F8005015
S214023D503E700CB9034B1C70BDE8F883B65B0020BE
S214023D60F83B0020B45B0020B55B0020044B054AFC
S214023D701B781278D3420CBF01200020704700BF88
S214023D80B55B0020B65B0020024B1878003818BFDF
S214023D9001207047B55B0020002108B5084B094892
S214023DA01970094B1970094B1970094B1A781201D0
S214023DB0F5F7C4FDBDE808400648FDF77FBF00BF23
S214023DC0B65B0020F83B0020B55B0020B45B002009
S214023DD0CF640020A062002010B50B4C23784BB1B4
S214023DE00A4803F0ABFD58B1084B0121188815F0BC
S214023DF0CDFB08B9002010BD0122054B1A70FAE768
S214023E00FFF7F0FEEAE700BFB55B0020F83B0020B4
S214023E10B45B002010B50E4B1B78BBB10D4C23884B
S214023E2083424FF0000311D10B4AE160137049B987
S214023E30A3781033A37015F09FFE18B9A37823F069
S214023E400F03A370FFF7CEFE012010BD1846FCE755
S214023E50B55B0020F83B0020B45B002070B592B042
S214023E600C46064613F091F9E17A05460020FCF767
S214023E702DFC28B394F90A0015F0E6F910BB134B93
S214023E80E27A294683F85820A27A83F85A206A46AC
S214023E90FCF750FF4FF6FE739E420CBF4FF6FF73C1
S214023EA023896A4629460020ADF80660ADF804303C
S214023EB0FDF7F6F940B92289054B5A8012B070BD5B
S214023EC05520FBE75620F9E72120F7E73C4D002076
S214023ED0284E002010B50446014608220948F5F788
S214023EE0D7FB237B022B0AD8002B14BF31220122D8
S214023EF005490B7017234B61044B1A7010BD002343
S214023F000122F5E72C4E0020284E0020235B0020DD
S214023F10014610230120014AFDF74ABF64EE010064
S214023F20014B5861704700BF284E0020014B18789D
S214023F30704700BF284E002010B5054C2378112B81
S214023F4003D0E221034819F0A7FB4123237010BDDA
S214023F50235B002068700400064B01461B78042B86
S214023F6004D1054A137E053313767047034819F0C9
S214023F709BB800BF245B0020284E0020C0620020B1
S214023F8008B50648FDF7AAFB0548FDF7A7FB13F0A0
S214023F9046FABDE8084001F003BB00BF10550020FA
S214023FA044550020064B1878332806D000F0EF0060
S214023FB0A0F143035842584170470120704700BFA2
S214023FC0235B0020002208B5074B4FF6FE701A70DE
S214023FD015F0A6F94FF6FF7015F0BFF9034B5869B6
S214023FE0BDE8084013F0A6B9235B0020284E002047
S214023FF008B5064B187838B10548FDF74BFE4FF466
S2140240007A73B0FBF3F0C0B208BD00BF185B0020A5
S214024010683F00202DE9F0438BB0074615469846C8
S2140240200E469DF8489049B9104605AC19F070F94D
S21402403021460BF0B5FD172818BF2646B9F1000F2A
S2140240400AD1124B1B781BB9284616F0E5FCD0B9EC
S2140240502846FEF713F902E0284616F0DDFC80F04B
S2140240600104E4B29DF850302A4602939DF84C3083
S2140240703146CDE9009338464346039415F0E4FBF7
S2140240800BB0BDE8F0834C46ECE700BF1F5B002098
S2140240902DE9F04F97B099469DF88830BDF880B06C
S2140240A0219D08939DF88C300E4658460FA904921F
S2140240B0079317F02BF905B3002800F0208195F836
S2140240C001A00FACCAF3400A8E4B19F0800F1B7882
S2140240D014BF4F4649F08007022B17D04FF6FF78E1
S2140240E0002D40F087810225584614F065FE2B46C7
S2140240F04246214615F081F9BCE0584614F0DDFE32
S2140241000446002800F0FB80AA46DDE71EB97E4B77
S2140241101B78002BE2D00DF13A012046FEF7FCFA9E
S214024120584614F0DDFE012838BF0120C3B20593BD
S21402413095B3281D19F093FB804609F0020320462A
S214024140069315F0BCF8214609908146002019F026
S214024150AFF8069A099B12BBFF2820D1F2F7D4FAD1
S2140241606A4A1278824200F032814FF6FF72099B49
S214024170934214D1FEF726F8002800F028814FF665
S214024180F773984523D915F094FD11A98146FEF7D9
S214024190E9FA0028F7D02EE0BDF83A80CDE74FF6D0
S2140241A0F772904520D8934211D898450FD01946F9
S2140241B022460AA819F048F80A980B9913AB03C3CB
S2140241C0BDF83020022113A81A80FEF739F94046BE
S2140241D011A9FEF7C7FA024628B9082111A815F058
S2140241E025F8002866D0C1464FF6F67209F1FF336D
S2140241F09BB29342C7D8BAF1000F03D1444B1B7847
S214024200002B60D1584614F0D7FD059B4A46019311
S2140242100123214600933B46FEF7E4F84FF6FF7370
S2140242209842804600F0D380014600220AA819F080
S2140242300BF80A980B9913AB03C3BDF83020022182
S21402424013A81A80FEF7FCF8002D3FF44DAF002E9F
S21402425040F0D28045460123C7F3C0074246CDE967
S214024260016321462B4604980397CDF800A015F06B
S214024270EBFAA846BAF1000F0FD04FF6FF73984537
S2140242800BD0404619F044F8FF281FBF214A32F8E7
S214024290103023F4804322F81030089B7BB315F0CD
S2140242A033F8249B014600934246234607980CF0B7
S2140242B0EDFC24E00822204611A9F5F791FB002820
S2140242C07FF461AF8FE7002D64D0134B1B6898070D
S2140242D027D5049B0F2B21D0281D19F0C0FA0223E4
S2140242E00121CDE901310023C7F3C007024600933E
S2140242F021464FF6FF730498039715F0A5FA17B0F8
S214024300BDE8F08F235B0020185B00201C5B0020BA
S2140243101F5B0020D4540020BC3F0020079B012BCB
S214024320DAD1281D19F09BFA804618F0F1FF0990A1
S214024330404619F072FB4FF6FF71BDF83A208A42EA
S21402434056D04245099B53D1FF2B4AD0184616F049
S21402435079FB784010F0EF0F14BF01230023BDF85D
S2140243603A00099318F0D4FF0690BDF83A0019F007
S21402437054FB099B66B14FF6FF7CBDF83A106145C7
S21402438006D0414504D0069A0240D2B2FF2AA3D1F3
S214024390002BA1D1224649460AA818F055FF0A98D2
S2140243A00B9913AB03C3BDF8302058461A8014F09D
S2140243B003FD3A460146059B13A8FDF7DDFF30B91B
S2140243C04FF6FF73BDF8548098457FF43DAF4FF625
S2140243D0FF789DB10126281D19F041FA4546804610
S2140243E039E7FF2804D0069BB3FA83F35B09B6E7E6
S2140243F00023B4E70226EEE70026ECE7012573E683
S2140244000022014B1A767047284E002008B50B4B47
S2140244101B78022B10D10A4B1B78033B012B0BD9BE
S214024420084B187800F00100FEF730FA0023064A1F
S214024430C2E90133538008BD0020F3E7235B002066
S214024440245B0020185B0020284E002038B5174D4C
S2140244502B78033B012B1CD8154BB3F868204FF67C
S214024460FF739A4215D10320FDF728FD02F0CEFB1A
S214024470FFF7CCFF2B78033B012B01D909F0FCF8A0
S214024480002018F01BFC78B1BDE83840002014F07C
S214024490A9BDFDF7FDFC0446FDF7F4FC01462046E7
S2140244A008F05EFB0220DFE738BD00BF245B002079
S2140244B03C4D002008B5114A114B58611378032B66
S2140244C01BD0D3B1332B01D0432B10D10D4B1B780D
S2140244D0033B012B05D803231370BDE8084012F0F6
S2140244E029BF12F027FFBDE80840FFF7AFBF212320
S2140244F01370BDE8084002F09DB908BD235B00209A
S214024500284E0020245B002038B504461348FDF7E9
S214024510D5FB134B1B78013B012B1DD8114D5CB903
S2140245202B7823B140F619402C7012F003FF0024BA
S214024530FFF76CFF204638BDFF2C05D04FF47A718A
S2140245400648614318F0B0FD2B78002BEFD101230B
S21402455040F618402B70E8E70224E9E7683F00209F
S214024560245B0020185B002038B5114D04462B78DA
S214024570834218BF287013F013FB80B124B920467B
S21402458013F010FB02220DE0012013F00BFB2B7838
S2140245901A1F012A05D9062BF4D1032202E0002CA9
S2140245A0F5D10122BDE838400021084615F072B860
S2140245B0245B002030B5044685B068460D46FFF7FA
S2140245C0A7FC94B100212846144A02F043FB144B80
S2140245D020681B7861688DF80430124B1B788DF8C2
S2140245E0053002AB03C306F0B1FA0F4B93F858201E
S2140245F093F85A308DF803208DF8023014F0A1FE9D
S214024600ADF8000014F080FE1023ADF806006946EF
S2140246100020064AFDF7CCFB05B030BD00F8FF07C8
S214024620C5640020245B00203C4D002064EE01009F
S21402463010B5144B04461A78134B002083F8582002
S21402464018F03CFB10B1002014F0CCFC0021084608
S214024650FFF7B0FF0D4B1B78033B012B0ED813F070
S21402466093FA2046FCF754FE40F6174012F062FE1C
S2140246700023074A1380074A138010BD0BF016FC6E
S214024680EFE700BFB75B00203C4D0020245B002014
S214024690EA540020E85400201FB504466846FFF797
S2140246A037FC54B100238DF80530102369460020EC
S2140246B0064AFDF77DFB04B010BD14F025FEADF8EA
S2140246C0060014F03EFEADF80000EEE764EE0100D0
S2140246D010B5014604460020FBF7F8FF90B10C4BDC
S2140246E01B78023B032B0FD80A4B1C7018F0C0FE37
S2140246F060B9094A0949FCF77FFB003818BF012058
S214024700800010BD5520FCE70220FAE74D20F8E7AE
S214024710235B0020B75B0020F57D020031460200D5
S214024720F8B5064618F0A4FE044668B918F0C6FAAC
S21402473050B1064D204695F8587085F8586014F02A
S21402474051FC10B185F858704D20F8BD3C4D002044
S2140247502DE9F04180461846033B012B0E461746CC
S21402476002D918B121243CE0FFF7FEFE294B1B7844
S214024770012B4CD0284B1D78022D08D0032D46D194
S214024780B8F1000F03D1254B1B689B073FD433209B
S214024790FDF794FB01F0E8FCB6F1006F34BF204B46
S2140247A0052231464FF0060038BF1A78FEF776FA31
S2140247B0044628BB1B4D2873012000F029FF14F085
S2140247C0C0FD68802846B8F1000F0DD0022300F81D
S2140247D0043B15F0B1F86C732F613946304612F07F
S2140247E0E3FC2046BDE8F081012300F8043B15F007
S2140247F0A3F86C732F613946304612F0D4FCF0E70A
S2140248002846FDF75BFBB8F1000FF4D0E5E702247B
S214024810E7E700BF245B0020235B0020BC3F0020AC
S214024820F8640020284E0020034B187818B9034B72
S214024830034A1B78D05C7047225B0020245B002072
S214024840C3BB040038B5174B04461B78033B012B49
S21402485006D8437BDB0703D590F9090013F093F9DA
S2140248600025114B83F859502079FFF759FFFFF7BF
S214024870DBFF61882488034622462846FEF720F896
S214024880044620B11720FFF715FE204638BD172331
S214024890064DC82106486B6118F006FC03232B76EA
S2140248A0F3E700BF245B00203C4D0020284E00208A
S2140248B0C0620020F0B51A4D06460C4693B0A5F825
S2140248C0680005F16A0729BBC5F86A10796012F01C
S2140248D05CFC6A4601460020FCF72CFAD5F86A30E2
S2140248E0ADF81060CDF812307B68CDF8163012F0B5
S2140248F04CFC6A4601460020FCF7D2FC4FF6FF73DA
S214024900B5F86800984203D014B1064912F04FFC7D
S21402491013B0F0BD08223846F4F7BAFED7E700BF58
S2140249203C4D0020A64D00202DE9F041DFF8B8806E
S2140249301F4698F8003005460C4616461BB102255F
S2140249402846BDE8F081531E052BF8D818F090FDD6
S2140249500028F4D13B7B032B14D14FF6FE739C4206
S21402496012D1012E09D0022EE9D114F0CDFC4FF659
S214024970FB73984203D814F0C7FC044604E015F013
S21402498098F9FAE7012EDAD0EDB939462046FFF754
S21402499065FA05460028D3D198F80030332B03D0A9
S2140249A0532B1CBF0E4B18613046FFF7DDFD00216E
S2140249B04FF6FF70FFF77EFF0A4B1B78002BBFD027
S2140249C00BF048FABCE7397B721ECB1E594259419E
S2140249D05042504107F054F905460028D5D0AFE7BB
S2140249E0284E0020F9640020235B00202DE9F843BE
S2140249F005468846914614F087FC3F4E04463378B7
S214024A00033B012B06D86B7BDB0703D595F9090020
S214024A1013F0B9F814F078FC384B394F188014F0BC
S214024A2090FC384B1880FDF72DFA374B1880FDF7AF
S214024A302FFA082201463548F4F72AFE14F02DFC18
S214024A40334B18702879FFF76BFE00216888FFF752
S214024A5031FFFDF72DFB60B14FF6F672631E9BB277
S214024A60934206D915F025F9B7F868300446834212
S214024A70F8D0204614F054FC288814F06EFC494600
S214024A80B7F86800C047044628B91920FFF712FD98
S214024A901920BDE8F883B7F8681014F0CCF90023A3
S214024AA01C4D87F859302B7803F0FB03022B02D0FB
S214024AB0204614F0B9FE002220461146FFF7F2F80F
S214024AC00446A8B117236B613378042B09D1C82199
S214024AD0114818F0E9FA03232B7684F00100C0B2DD
S214024AE0D7E74FF416710C4818F0DEFA0023F3E706
S214024AF01720FFF7DFFCF0E7245B00201A550020A2
S214024B003C4D00201855002016550020B85B0020AA
S214024B10C05B0020284E0020C0620020F0B50C4684
S214024B201E460B462049074689B004F1140053F886
S214024B30045B834241F8045BF9D11B8802AD0B800B
S214024B40D4F80E00D4F81210238803C5ADF810303E
S214024B5023798DF812208DF8133000233A468DF80B
S214024B6014304FF6FE71012002ABFFF7DDFEC8B926
S214024B7002A8FFF7AFF9237B4BB10C4D0C4B01AAF1
S214024B8029460120019312F0DAFF2A781AB9204644
S214024B90FFF758FE03E020460199FFF727FF08B902
S214024BA0044B1E7009B0F0BD1C550020284E002094
S214024BB04F990300C15B002001232DE9F341304EDB
S214024BC005460F4600202F491446737300F0EEFC8C
S214024BD012F0DBFFDFF8AC8038B9012D01D9042DC5
S214024BE00FD12146384612F069FB102000210AF048
S214024BF07FFC00283CD0002002B0BDE8F041FCF764
S214024C00A3B8002CF1D1204B1B78212B03D0062B06
S214024C1001D0532B02D101F00DFEE6E7FDF748FA6C
S214024C200028E2D000F0EEFC28B9307BC0F1180074
S214024C30FFF740FCD9E7154B41462046019300F0AA
S214024C40B5FC20B140F61901114818F025FD01AA5D
S214024C500B4998F80C0012F072FF32781AB909481C
S214024C60FFF7F0FDC1E701990648FFF7BFFEBCE774
S214024C70FFF78AF80028BED102B0BDE8F08100BF77
S214024C80284E00201C550020235B00204F9903006D
S214024C90687004001FB5144B04461B88DB0707D454
S214024CA04FF6FF700021FFF705FE002004B010BD8E
S214024CB00A230E4A012001A9FDF77AF84FF6FF7380
S214024CC0BDF80C209A42EBD00822FF2101A814F06E
S214024CD0ADFA0028E4D10CB90120E7E7BDF80C00D4
S214024CE001A9FFF7E7FDF7E73455002026E10100AA
S214024CF038B50C46154614F013FB03F0AFFE2946F2
S214024D002046FFF7D7FD00F07DFC48B1074BDB7964
S214024D100E2B28BF0E230133DBB2054A137038BDB3
S214024D20044B1B78013B18BF0123F6E71C550020F5
S214024D30D75B0020245B002038B5002208210446F9
S214024D4014F074FA0546C8B914F0DEFA2A464FF68D
S214024D50FF71FFF7CDFF2046217CFFF72BFC62692F
S214024D60E189207C01F076FF054B1B78012B01D1EF
S214024D7007F0F6F8FFF76AFB002038BD0120FCE7D3
S214024D80245B002038B51D46FFF7CEFD0446C8B9A1
S214024D902B7B2846032B03D1BDE83840FFF7CCBF58
S214024DA0FFF798F8084B25469C8114F076FA012105
S214024DB0064B81401A780620FDF770FF044608B1BC
S214024DC0034B1D70204638BD284E0020F864002094
S214024DD0235B002030B5012087B0FFF75BFF6B46F0
S214024DE00446144A1068516803C384B905F0BCFE31
S214024DF002A8FFF78DF84FF6FF752246BDF80E00A3
S214024E002946FFF775FF12F0D8F907B030BD6B469A
S214024E10094AD2F86A00D2F86E10B2F8685003C394
S214024E2005F0A2FE02A8FFF773F86A46BDF80E0068
S214024E30E6E700BF85FB03003C4D002073B53A4B06
S214024E4004461B781BB10224204602B070BD18F03F
S214024E500FFB0028F7D100F0E5FB14B12288334B94
S214024E601A8000210DF10700FDF7ACF8002856D194
S214024E7014F053FD04460028E6D12D4D9DF8070098
S214024E80FFF772FB2B785A1E012A1FD8FFF7A2FFE4
S214024E902B78033B012B01D801F014F9FFF7D6FA61
S214024EA0012014F0C1F9034600283AD12A78033AC1
S214024EB0012AC9D81D4A108810F0020521D0052201
S214024EC001201C49FFF744FC0446BDE7033B012BC7
S214024ED004D82046FFF7DEFE0028D7D12B78053B04
S214024EE0012BB1D8FFF776FFFFF7B0FA2B78052B28
S214024EF00CBF04200520FCF7E1FF012014F094F912
S214024F00E2E70D4E0223314601200C4AFCF750FF21
S214024F1033885B0798D5284601F0E8F894E717240B
S214024F2092E7044690E700BF235B0020345500203A
S214024F30245B002000F8FF07E654002027E101006A
S214024F407FB50024184E194D3278E3B29A4201D842
S214024F5004B070BD4FF6FF73B5F868209A421AD0B7
S214024F60134B1B88DB0714D5124AB5F86830106855
S214024F705168ADF80C3001AB03C30F4A0A23002078
S214024F8001A9FCF715FF022300200C4A0C49FCF786
S214024F900FFF0134D8E700220821064814F046F92C
S214024FA00028F6D1DCE700BFD16400203C4D00208B
S214024FB034550020A64D002026E1010027E101001D
S214024FC0E654002010B501F0CFF802F013F8D8B17D
S214024FD00E48FCF773FE0E480E4C017A0E30FFF7B1
S214024FE0E9FA23781BB100F0BFFA002323700022EF
S214024FF0094B1A73FFF72AFA08F056FD01F044F936
S214025000BDE81040FFF79CBF10BD00BFC062002085
S2140250101C550020C15B0020284E002010B52548F4
S214025020FCF74CFE01F0E6FF30B1234B1B781BB9B0
S214025030BDE81040FFF7C6BF01F0DCFF78B11F4C99
S214025040237E83B1C8211B4818F02EF80021237E48
S2140250500846013B2376BDE81040FBF7E3BEFDF7AA
S21402506027F80028EBD1FDF723F8154B1B7858B923
S214025070112B03D003F0FD03412B19D1BDE81040DC
S2140250800E4B5869FFF716BA332BF7D10D4B18881B
S21402509014F046F90C4B188814F05FF90B4B0C49C8
S2140250A01888FFF707FC0B4B1878FFF739FBE5E784
S2140250B010BD00BFC06200201F5B0020284E0020EB
S2140250C0235B00201A550020185500201655002094
S2140250D0B85B0020C05B00202DE9F04F0F4685B07C
S2140250E002AD044629463846914616F00FF94FF0AF
S2140250F0000B82463846CDF804B013F065FF4678BA
S214025100022C804606F0020609D85CB1FCF7D0FFF6
S2140251100446002848D1754B01241B7865E0043C00
S214025120022C3AD9FCF7C4FF384613F0C6FE002418
S2140251300546A046DFF8D8A1384613F045FF50F8DA
S21402514009300DF10500019318F089FB9DF807B0B0
S2140251500746B8F1000F4DD1BBF1000F5BD0DFF868
S2140251608C9199F800300BB1002E63D0002C61D0E0
S2140251705F4B1B78022B5DD1BBF1000F53D1384633
S21402518014F0CEF858465946FFF714FA08F08CFC8D
S21402519040F6074012F0CEF834E014F08DFBFCF730
S2140251A087FF0446F8B15C464EB1524B1B78012B82
S2140251B002D0043B012B0BD805B0BDE8F08F4B4B59
S2140251C01B782BB14B4B1B7803F0FB03022BF3D05F
S2140251D0BAF1000F404608BF002516F08AF84FF0D5
S2140251E001088246A8E7414B1B78002BF0D0002E20
S2140251F0EED1E1E7BAF1000FAED05046FDF73AFB2A
S2140252000028A9D1002017F059FD0028D4D000208C
S21402521013F0E8FED0E74FF6F7739F429FD91720A8
S214025220FFF748F9EEE7FCF743FF48B13248FCF7D0
S21402523045FDF4E7FCF73CFF10B1BBF1000FF5D1DA
S214025240FCF736FF0028DDD02846FDF767FFFF286B
S214025250DFF89CA0294C03D09AF80030012B04D129
S2140252602946B4F86800FEF7C5F8FEF781F92A4623
S2140252703846B4F86810FFF73BFD214B214A93F9F4
S21402528006301B0213809AF80030012B19D0312BFE
S21402529014BF432311238AF800301B4B16481968A3
S2140252A017F002FF00F00EFF0023124C99F80010D0
S2140252B0237641B9104817F0F7FE40F61B436361A8
S2140252C0A0E71123E7E7B8F1000F03D016B1FFF706
S2140252D079FEF2E70D4B1B78042BEED1052106482A
S2140252E017F0E2FE09232376E7E700BF1F5B0020E4
S2140252F0235B0020284E0020C06200203C4D002088
S2140253001C55002032550020E0620020245B00205D
S214025310A65B00202DE9F043084693B00E4613F034
S21402532053FE09220021804617F012FD044630463D
S21402533013F0C3FD052207460DF1090330460AA9FC
S21402534012F052F8022881461DD09DF809303146E7
S2140253501C440023E4B204F1100218F804500120A1
S2140253600093D2B20FF084FE68B1072D09D855B16A
S214025370013D062D07D8DFE805F00918068A06253E
S21402538041007C2D45D013B0BDE8F0835B4B1B7803
S214025390013B012BF7D8304613F00EFD00233246B0
S2140253A01946009414F08CFAEDE7554B1B78012B46
S2140253B0E9D1544B18780028E5D122463146FFF74A
S2140253C08BFEE0E74D4B1B78013B012BDBD83846C2
S2140253D009F0DCFF4FF6FF739842044606D03046CB
S2140253E013F0EAFC2246394613F0F6FF444B1B78CC
S2140253F0022BC8D1384611F05FFFC4E73F4B1B783B
S214025400013B012BBFD8494630460AAA00F01EF9D6
S214025410B9E73A4B1B78013B012BB4D8A04498F865
S214025420012098F80230652AADD16D2BABD13046FB
S21402543017F06AFD1334E4B28442A4D20822394635
S21402544003A8F4F725F9214630460DF10A0215F0B5
S214025450A0FE002897D1BDF80A30002B93D005A8ED
S21402546009F0B0FA0123284DBDF80A002B7017F098
S2140254704BFD0446BDF80A0017F02AFDE2B20346C9
S21402548005A903A811F0B2FE00232B707BE71B4B85
S2140254901B78013B012B3FF676AF062200214046E1
S2140254A017F056FC404418F0DAF90746FCF758FEA7
S2140254B0044600287FF467AF304613F078FCC30436
S2140254C07FF561AF46F204030121ADF81430384689
S2140254D00223CDE9004405AA15F0AAFE05460028D7
S2140254E03FF451AF394613F0A6FC304613F064FC85
S2140254F022462946FDF706FA45E700BF245B002050
S214025500235B0020284E0020F25B002008B5084BE3
S214025510187050B1074B1B883BB14FF47A7106489E
S214025520594317F0C1FD002008BD0120FCE700BF6B
S214025530165B002072640020683E0020014B18783B
S214025540704700BF165B0020014B18800020704792
S2140255507264002008B5FCF7B1FB0022014B1A70FA
S21402556008BD00BF165B002010B50024044B05489A
S2140255701C80054B1C70FCF7A1FB204610BD00BF2B
S21402558036550020E4620020CB5B002008B50348B5
S214025590FCF794FBBDE80840FFF7E6BFE462002094
S2140255A00148FCF79BB800BF36550020F7B5134BF1
S2140255B004461B780E46EBB183421DD900211048E3
S2140255C018F0B2F9002501460D4F09B9012009E08D
S2140255D0AC4209D10024162322463046009418F025
S2140255E040FA204603B0F0BD384618F0C1F901353E
S2140255F00146EAE71820F5E72720F3E7CB5B002011
S21402560036550020014B1878704700BFCB5B002050
S21402561025289DBF024B187000202120704700BF2E
S214025620FB640020012307B51846064A0DF1070160
S214025630FCF7BEFB9DF80720034B1A7003B05DF81B
S21402564004FB00BF29E1010074640020F8B5074698
S2140256500E46144613F031FC1A4B05461B78022BF5
S2140256602FD1194818F08EF958BB284611F0DCFEE7
S21402567038B322463146384611F0D2FE08B311F04E
S21402568087FD0446384613F097FB104B012E1A7816
S2140256904FF00F0303FA02F39BB2B4FBF3F203FBE1
S2140256A0124404F10104A1B206D1094B094A1E7044
S2140256B02B6813606B6853600348BDE8F84017F028
S2140256C0F3BCF8BD235B0020883F0020FA6400206C
S2140256D0CA5B0020C25B002084B010B502AC84E82E
S2140256E00F00082227480DF11601089CF4F778F9F6
S2140256F008BB9DF815309A0705D4234B1B7803F098
S214025700FD03312B1DD121496378097803F00F027E
S2140257108A4203D0012922D1022A12D1227882B9E2
S2140257201B09022B0DD11A4BA0781B78022B1AD11B
S214025730C0F3800006E000220821124813F076FD2E
S21402574020B90020BDE8104004B07047114BBDF8E8
S21402575008205B889A42CCD0002BCAD0F1E70229F7
S214025760EFD1012AD9E7030609D40B4BB3F8682018
S214025770BDF80A309A42E4D1FEF714FCE2E70120B3
S214025780E0E700BF2C4E0020235B0020C56400200B
S214025790245B0020284E00203C4D0020284BF0B50C
S2140257A05D88002387B08DF80830264B0DF10B007C
S2140257B01B7805F0010743F020038DF8093014F03A
S2140257C0BBF86FF07F43ADF813308DF8153014F048
S2140257D031F91D4B8DF816001B7805F01006DB001C
S2140257E0DCB2F0F791FF194B1B7883422CBF44F0D2
S2140257F0040344F084032FB1A9061ED426B143F055
S214025800020301E0AA07F9D4002108468DF80A30FF
S21402581017F0D2FBADF8060058B101230F2202A9F9
S2140258200DF10600FCF79EF918B90DF1060012F00C
S21402583083F9BDF8060007B0F0BD43F00103DDE7CB
S21402584074640020C5640020D75B00201C5B002027
S21402585010B5FCF733FA0A4B1B78022B0CD1094B16
S2140258601B78033B012B07D9074C207828B1002070
S21402587011F0DDFD0023237010BD13F080FDF9E763
S214025880235B0020245B0020CA5B002084B02DE945
S214025890F0478EB016AC84E80F00DFF878C1594B9B
S2140258A0BCF802009DF85DA010F001049DF962208C
S2140258B0BDF870E09DF875909DF976709DF8785069
S2140258C09DF97A109DF95E809DF860601B7835D050
S2140258D09DF87D00C0F34004C0F38000002B4AD040
S2140258E0494B1B78022B09D18A4244DB24D1A81BE0
S2140258F0C0B280288CBF0020012016E0434B1B78E4
S214025900012B01D1002C7AD078B19CF800301E33DE
S2140259105BB29F42D4BF002701279845D4BF00231D
S2140259200123BB4206D18A42E0DA0EB0BDE8F04758
S21402593004B070473846F8E70020F6E710F0020F8A
S21402594018D0C3B1490814BF01200020520814BF62
S214025950012300238342E8D1AB1BDBB2802B0AD99A
S214025960AE42E9D1B84506DB49D1CA452CBF002074
S2140259700120DAE70BB90120D7E7AE4216D002AC17
S2140259801CAF0FCF0FC497E8030044F8040B218026
S214025990DDE91A0116AB0090ADF804100FCB12F039
S2140259A0C5F80028E7D1AE42A1D1BEE7BDF858300F
S2140259B073451ED008AC0DF1700CBCE80F000FC486
S2140259C09CE8030044F8040B2180114C638873455D
S2140259D00FD10822211D0DF12E00F4F701F8024620
S2140259E038B90821201D13F021FC10B96388002B5A
S2140259F0C1D1B845BFDBC2D1CA45BCD3BFE720463A
S214025A0093E700BFCB5B0020245B0020235B0020D3
S214025A10284E00207464002084B02DE9F04F8FB029
S214025A206A4E18AC08AD84E80F00162200212846FC
S214025A30F3F784FF33783BB90024654B32781B7842
S214025A409A4239D2002726E00021624817F06CFFFE
S214025A5000270446B846DFF87C91002C45D13FB1BA
S214025A60224639465B4813F044FB3378013B3370D9
S214025A703378002BE0D0002156484FF0000917F08B
S214025A8053FF4F468046CA46DFF848B1B8F1000FCA
S214025A906CD1002FD1D01621002218A813F0AFFA2D
S214025AA0014648B1002F00F08B802246494813F089
S214025AB0C6FA337801333370454B32781B789A42F4
S214025AC007D944480022018813F013FB3378013BC0
S214025AD033703378012B03D13F49404817F0E4FA7C
S214025AE00FB0BDE8F04F04B07047002221461623DF
S214025AF02846CDF8008017F0B4FF1622294618A8CB
S214025B00F3F76EFF0028EBD09DF864209DF8243052
S214025B109A4225D1BDF86020BDF820309A421FD1A6
S214025B2008220DF12E010DF16E00F3F759FFB8B9F8
S214025B3002AF0DF1600CBCE80F000FC79CE8030033
S214025B4047F8040B39800EAB13E903000090ADF85A
S214025B50041095E80F00FFF799FE0028C0D02746EC
S214025B602146484617F004FF044676E7162300222D
S214025B7041462846CDF800A017F073FF02AF0DF19C
S214025B80600CBCE80F000FC79CE8030047F8040B44
S214025B9039800EAB13E903000090ADF8041095E8C7
S214025BA00F00FFF773FE074620B1B9F1000F04BFDE
S214025BB0444681464146584617F0DAFE804665E777
S214025BC03A46044817F0B6FE73E700BFCB5B0020E8
S214025BD0FB6400203655002020BF0200E46200204D
S214025BE02DE9F04F002104469FB00DF14008162221
S214025BF040460E91CDE90C11CDF83B10F3F79EFE10
S214025C00052220460DF11F0316A911F0EDFB02280E
S214025C10074600F0F880204613F0D6F9064617F03D
S214025C201EFE8146F01C17F01AFEADF84000701DED
S214025C3017F015FE012FADF84200204640F0E68030
S214025C4013F0C2F90546204617F042F90D35022335
S214025C502D1A0093214643460820EAB20FF008FAAE
S214025C60002800F0D080204613F0B3F9012F8346B7
S214025C709DF84D3040F0E38000252F4643F00103A7
S214025C808DF84D3016AE3388022B4DD1F178204672
S214025C9002310CF00FF81B2846D1F178204603316A
S214025CA00CF008F819283FD1F178204604310CF0A0
S214025CB001F84A2838D14FF0050AF178204601311A
S214025CC051440BF0F7FFF1780590514420460BF053
S214025CD0F1FF059B00EB032083B200F03F02932BFB
S214025CE0059240F09B800023F778214602375744FE
S214025CF0FFB23A4600930CA80F2317F0B2FE07F144
S214025D000F01204615F0DBF907F111010546204682
S214025D1015F0D5F9ADF84200059B023353445FFAFD
S214025D2083FA33795345C8D806360DF17603B34263
S214025D30A9D19DF84D20C5F3C03363F34102204636
S214025D408DF84D2013F0D7F88DF84400204613F056
S214025D50C7F88DF84500204613F0C7F89DF8323094
S214025D60BBF1190FC3F3C3028DF84720DDF83320C9
S214025D708DF84600CDF84E20DDF83720CDF85220BB
S214025D8094BF00229DF83E208DF8482003F00302BF
S214025D908DF84A206E4A1278022A9DF84D200CBFD2
S214025DA0C3F38003DB0963F382026A4B8DF84D204E
S214025DB01B78022B57D1BDF8406013F0C2FA864218
S214025DC051D108A813F0B8FDBBF1190F48D9082223
S214025DD00DF14E0108A8F3F703FE00283DD1B9F5F0
S214025DE0004F02D0B9F5624F0DD140F6FF7325F48D
S214025DF040459D4207D1002208210DF14E0013F0C6
S214025E0015FA00283FD01FB0BDE8F08F13F0DCF87B
S214025E100546204617F05CF8073518E7412B7FF455
S214025E207BAFF1782046023151440BF043FF4A4BD8
S214025E301B78C3F1B30318448DF849006CE76FF37F
S214025E400003F01D8DF84D3017F009FD0CA905462C
S214025E50204613F0A5FD0B276BE700F0B3FFBEE765
S214025E6000F0B0FFCFE7B9F5004F02D0B9F5624FA8
S214025E70C9D140F6FF7325F440459D42C3D1BBF11C
S214025E80190FC0D9B7E7BBF11A0F06D007F11F01E9
S214025E9042462046C9B211F051FE304C304D637B6B
S214025EA0DBB12B78012B1DD1012323730CAB02939C
S214025EB014AC94E803000090ADF8041098E80F00C4
S214025EC0FFF70AFC90B194E803000090ADF80410C6
S214025ED098E80F00FFF7A0FD08E0FCF7E9F80028B5
S214025EE0DFD0E1E703F0FD03042BDDD02B78012B96
S214025EF001D0042B87D11B4BDDF84E001B78DDF852
S214025F0052108DF82230BDF84030ADF820309DF8A2
S214025F104D30C3F340038DF823309DF8313003F043
S214025F200F038DF82C309DF848308DF82D3009ABD4
S214025F3003C30D4B1B681BB1414608A8984762E78E
S214025F409DF946209DF8451008A811F0B3F95AE7C6
S214025F50245B0020235B0020D25B0020284E00201A
S214025F60AF5B0020D15B00201C4E00202DE9F043E1
S214025F70424B434C1B7885B0033B012B22D817F0CB
S214025F8084FB2378022B31D13E4A1468A0422DD0DE
S214025F903D4910600A68121B10443C4A0860127899
S214025FA072B1013A93403C2253434FF47A72534300
S214025FB098421BD9032005B0BDE8F043FBF77EBF2D
S214025FC00A23F2E717F061FB2378022B0ED12D4A43
S214025FD01568A8420AD00027DFF8BC802C4E106055
S214025FE0451B98F80030FCB2A34202D805B0BDE8C3
S214025FF0F08356F8243020462B4446F8243017F017
S214026000DFF9C3074FF0000910D5204609F0FEF964
S21402601070B156F82430242B08D9102200232046CB
S214026020CDF8009009F00CFA46F824900137D8E72C
S214026030184B1B5D13F00F031FBF03F1FF32022341
S21402604093403C220CBF0A2353434FF47A725343C5
S21402605056F824209A42E9D9204609F067F902A99F
S21402606014F0B5FC28B1204609F060F902A911F037
S2140260709FF8204614F041FDD8E700BF245B0020BD
S214026080235B0020B43F0020B03F0020C064002005
S214026090CC3D0020C85A0020D7640020064B1B883F
S2140260A0DB0708D50022054B43F82020044A135C80
S2140260B063F00F031354704738550020CC3D002080
S2140260C0C85A002008B517F0E0FA0022024B186002
S2140260D0024B1A6008BD00BFB43F0020B03F00204C
S2140260E0014B1868704700BFB03F002008B50C4847
S2140260F0FBF7E4FDFBF736FF80B10A4B0322B3F849
S2140261006810012011F03CFD4FF47A71064B0448EA
S2140261101B885943BDE8084016F0C6BF08BD00BF3D
S214026120046300203C4D002054640020014B18807C
S2140261300020704778640020044A054B18701388C4
S21402614023F00303184310800020704738550020C0
S214026150C1640020034B1888C0F30E00003818BF35
S21402616001207047E654002008B5FFF7F3FF30B170
S214026170002004490223044A0880FBF719FE002087
S21402618008BD00BFE654002027E10100024B188834
S214026190C0F30E00704700BFE65400200023084AF2
S2140261A001201370074A08491370084B084A1B78E7
S2140261B043F0040313800223064AFBF7F9BD00BF2F
S2140261C0CE5B0020CD5B0020E6540020C164002098
S2140261D03855002027E1010013B514468DF8071044
S2140261E0DAB9CAB20E2A18D80E4B1B881341DB073F
S2140261F013D517F08DF8FF2811D09DF807200A4B0B
S2140262000DF107011A5400F58330012200F5807063
S214026210E5F72AFC204602B010BD0124FAE7022464
S214026220F8E700BF78640020C85A002030B5012184
S21402623000240B2385B0104D019400918DF80C308C
S2140262408DF80D000323B5F8680003AA8DF80E40FA
S21402625014F0EEFF68B1B5F8681013F08AFC40B18E
S2140262600522064B64211A70054B06481C7016F070
S2140262701BFF05B030BD00BF3C4D0020CD5B0020AB
S214026280CE5B002024630020064B1B78033B012BC9
S21402629006D8054B1B781BB9044B1878FFF7C6BF08
S2140262A0704700BF245B0020CC5B0020C064002047
S2140262B010B51548FBF702FD144B1978F9B9144AC4
S2140262C013787BB1013B1370124B1B78042B02D15F
S2140262D00846FAF7A7FDBDE810404FF496710A4843
S2140262E016F0E2BE0C4A128802F00302022A0AD113
S2140262F0BDE81040032201200849FEF729BABDE88E
S2140263001040FFF7C1BF10BD24630020CE5B002003
S214026310CD5B0020245B0020E654002000F8FF0737
S2140263201FB50C238DF80C300B4B0C461B88012135
S21402633023F004038DF80E3000238DF80D00CDE90E
S21402634000132046032303AA14F072FF10B121465D
S21402635013F00FFC04B010BD38550020F8B5064601
S21402636012F095FD0546304614F086FF411C0446A1
S21402637089B230460BF09EFC02340746A1B2304684
S2140263800BF098FC394602462846FFF725FF0228FE
S21402639016D02946FFF7C4FF0A4B1B8803F00303F7
S2140263A0022B0DD1284616F0B3FFFF2808D0002294
S2140263B0054B43F82020054A135C63F00F03135481
S2140263C0F8BD00BF38550020CC3D0020C85A00203A
S2140263D0084B1A785AB10223013A93404EF66022CD
S2140263E0534303210448B3FBF1F116F05DBE42F2BB
S2140263F01073F6E7C06400202463002070B50546DB
S2140264001748FBF75BFC0122164B28461A7014F05D
S21402641033FF411C044689B228460BF04BFCA11CF4
S214026420064689B228460BF045FC0F4C0223208014
S214026430214600200D4AFBF7BBFC86B9238803F0F1
S2140264400303022B03D1FFF73DFEFFF7C1FF2388AC
S2140264505B0704D5BDE870400548FFF747BE70BD30
S21402646024630020CE5B0020E654002027E10100D2
S214026470046300202DE9F0431F4C0546238889B0AB
S214026480002B33D01D4E00214FF4807009F09CFA89
S2140264903378DB0728D50121208816F051FD074600
S2140264A0208812F091FD023017F0D9F905A980462E
S2140264B0208814F0E7FF3378384613F0020F104BAB
S2140264C018BF0025B3F8009016F01EFD06463846A3
S2140264D016F0FEFCF6B20290424606212846CDE9A8
S2140264E0009605AB10F0A4FE00232380054809B0F1
S2140264F0BDE8F043FBF7E2BB40550020CF5B00202F
S2140265003C550020446300202DE9F047304F80467A
S2140265103D880E4614469946ADB3104612F062FC0C
S214026520B0F5006F2FD1204612F06FFC824616F0AF
S214026530EFFEFF2827D02EB1264A32F810302B4322
S21402654022F81030B5F5007F36D0B5F5806F33D01F
S214026550B5F5807F17D1204B1B88A3421CD14FF67E
S214026560FF718A450FD0204612F065FC284609F0D6
S21402657059FA50B93046FFF77DFF0023174A1380B9
S214026580174A3B801370BDE8F0870220002108F00E
S214026590AFFF0028EED1F0E7104D2B88A342F2D1D0
S2140265A04FF6FF718A45EED024B1204612F043FC26
S2140265B000232B800023E3E70023094A3B80137065
S2140265C031464B4622464046BDE8F04713F059B8DE
S2140265D03A550020D4540020405500203E55002055
S2140265E0B45B002010B5044640F62140FFF742FF98
S2140265F001214FF4807009F0E7F978B10022084BC8
S2140266001C80084B1A700BF0D5FCBDE81040064BF8
S2140266101880064B0648198816F046BD10BD00BF06
S21402662040550020CF5B00203C55002056640020D9
S21402663044630020044A137818B943F00103137028
S214026640704743F00303FAE7CF5B00202DE9F04FD3
S214026650DFF84C9187B099F80060002E40F08C80ED
S214026660DFF840B1DFF840A19BF80030F4B2A34255
S21402667007D80022424B1A8007B0BDE8F04FFDF75C
S214026680ABBB20463AF8145008F0C0FE80460028FD
S21402669060D0204608F04AFE15F40071074645D041
S2140266A001464FF6FF720E2013F086FB05460028C1
S2140266B050D0394612F0BFFB4FF400730027304E1D
S2140266C0204633803AF8142022EA03032AF81430CC
S2140266D010220023009708F0B3FE2A4B1B88DB0724
S2140266E007D5294B294A43F82470135D63F00F033C
S2140266F01355182000216043254B264C0093019128
S21402670001232A46205CFAF7B1FB002814BF0123B6
S214026710002389F8003005D13388B3F5807F01D194
S2140267201D4B1880404607B0BDE8F08F680513D5AC
S214026730059113F0BEFA012205990346009207203E
S2140267403A46CDE90111FDF765FC4FF48063054634
S214026750002DB3D1013687E7104B18880028F9D0F0
S214026760EA05F7D5394612F066FB0C4B1D880A4B34
S2140267701D804FF48073EBE74FF00008D2E700BFAE
S2140267803A55002038550020CC3D0020C85A00203B
S21402679009650200801300203E5500204055002067
S2140267A0B45B0020D7640020D4540020042230B505
S2140267B001F0400387B0002B054614BF01240024D5
S2140267C08DF80C208DF80D1004D004A914F0FFF8F3
S2140267D038B304ABCDE9004301210223284603AABD
S2140267E014F026FD0446F0B1104B1B78033B012B38
S2140267F004D80F4BB3F8681012F01DFB4FF6F77370
S2140268009D4209D9322202212046FDF74BFA80F03A
S2140268100100C0B207B030BD2946204613F0A9F9E0
S214026820F5E70120F6E71920F4E700BF245B002015
S2140268303C4D002010B5FFF797FC04F0DBFF12F08A
S214026840F1FF002014F0BEF816F012FE08B1FCF7B5
S214026850B7FA204C2378532B12D10323237000233C
S214026860FF2219460120FDF773FF002016F026FAD4
S21402687010B1002012F0B6FBBDE8104011F084B94A
S214026880062B01D0212BF0D10120FDF705FF4FF694
S214026890FE7012F045FD4FF6FF7012F05EFD00200E
S2140268A0FDF732FE0020FDF75FFEFDF7AFFD00F0BC
S2140268B087FB11F06CF92378212B02D1FDF782FBBE
S2140268C0D3E70020FBF7FAFA00214FF4004013F05A
S2140268D07BFECAE7235B002010B50A4C0A48FBF78A
S2140268E0EDF92378062B02D10120FDF7D5FE237899
S2140268F0062B01D0532B03D1BDE81040FFF79ABFF9
S21402690010BD00BF235B0020646300202DE9F84F12
S214026910DFF8CC8004460E461746FFF725FC98F8AB
S214026920005015B90220BDE8F88F212DFAD0DFF805
S214026930B49099F80030012B01D1A306F2D427486F
S21402694017F020F80028EDD114F02004394630461E
S214026950DFF894B0DFF894A005F00F051BD010F016
S21402696025FC012D8BF80070AAF8006033D1212394
S21402697088F80030FFF75EFF0020D4E7212388F86E
S2140269800030FFF757FF00214FF6FE70FDF792FF2B
S214026990FEF7D6FAF0E710F008FC012D8BF800702F
S2140269A0AAF80060EAD0062321464FF6FD7088F862
S2140269B00030FFF7FBFE40F6020240F2262199F86D
S2140269C000300648033B012B88BF114616F06CFBCD
S2140269D0002CD1D1D7E75323E6E700BF646300203B
S2140269E0235B0020245B0020D05B00207A6400201A
S2140269F02DE9FF410F460546511C38460BF05AF961
S214026A000446384612F0E0FA0646023016F027FF31
S214026A10424B80461B7804F04002022B02D0043B15
S214026A20012B06D83E4B1B68580205D5A10603D497
S214026A3052B304B0BDE8F08132B33A4A1278D11E9E
S214026A40012917D8384BB3F86830AB42F1D17378C6
S214026A50180714D5304614F04CFCFBF70BFF002841
S214026A60E7D00122294604F0200004B0BDE8F04138
S214026A70FFF74CBF022ADCD1DF01DAD4E7E712F0D7
S214026A8043FC4045D5D1ECE7264B1B78013B012B56
S214026A90CFD87378D906CCD502A9384614F036FC7E
S214026AA0002002A916F004FCFF2806460BD0A20618
S214026AB001D412F0A4FF304608F038FC04F0BAFE07
S214026AC0304614F01AF8284616F0A7FFFF280DD015
S214026AD0FCF766FB14F0200608D112F015FC28B16C
S214026AE033460222284602A905F0E0FF12F00CFC0B
S214026AF000289ED1A3069CD402A94FF6FF73022259
S214026B0028460EF076FA4FF6FF72034600922846A3
S214026B10022202A910F03CFC8BE700BF235B002098
S214026B20BC3F0020245B00203C4D002038B50446C4
S214026B300D4616F0EDFBFF28034615D00B4A1278D9
S214026B4042B10B4A32F81020520403D513F0D5FF97
S214026B50002038BD184612F052FF204645F040018C
S214026B60BDE83840FFF722BE0120F2E71F5B002097
S214026B70D454002038B5054612F026FA04462846B4
S214026B8014F07AFB411C89B228460BF093F84206B1
S214026B900DD563781B070FD5204614F0AAFB0146D5
S214026BA0002016F085FBBDE8384013F0A6BF034868
S214026BB0BDE83840FFF790BE38BD00BF64630020D2
S214026BC038B54FF6FF75A842044617D012F0B9FB47
S214026BD0A04213D04FF6FD72094B198891420DD987
S214026BE0084A1288AA4201D0A24207D11C804FF45A
S214026BF07A71BDE83840044816F056BA38BD00BF70
S214026C00606400207C640020483F002008B50448E9
S214026C10FBF754F84FF6FF72024B1A8008BD00BF0E
S214026C20483F00206064002037B505460C4608231E
S214026C3069460120064AFBF7BBF815B19DF80630F7
S214026C402B700CB1009B2360BDF8040003B030BD6E
S214026C5025E1010007B508238DF80600ADF80410FB
S214026C60009269460020034AFBF7A2F803B05DF8DB
S214026C7004FB00BF25E10100024A13780BB1013B79
S214026C8013707047125B002008B512F066FB0021F5
S214026C904FF6FF72054B08461A80FDF78BFCBDE8DF
S214026CA0084040F6164010F045BB00BF6064002066
S214026CB008B5FBF703F80A4B1B78023B032B08D8F0
S214026CC04FF6FE73074A108898424FF6FF7301D1BB
S214026CD0138008BD9842FCD0BDE80840FFF7D4BF39
S214026CE0235B00206064002010B5084B1B78042B41
S214026CF00AD012F009FB002104460846FFF794FF6B
S214026D00231A5842584110BD0020FCE7245B00209D
S214026D10F0B5002689B00546CDE90566ADF81C60DB
S214026D2014F0AAFA0A23024604462946009605A843
S214026D3016F097FE9DF815309DF814701F2B27D875
S214026D4003A812F0F9FD08220DF1160103A8F2F7C6
S214026D5047FE0646E0B9092F1CD1FFF7C5FFB8B1BA
S214026D60144B1B78A3B1144B1A884FF6FD739A4244
S214026D700ED9124C124A23780433DBB223701278EF
S214026D80013AB3EB820F03DD58B20EF088FB267091
S214026D9009B0F0BD0A34E4B2214628460AF08AFF5A
S214026DA012F053FE611C284614F089F9FFF708FF1B
S214026DB0EEE700BFD964002060640020125B00206A
S214026DC0BF64002038B5134B1B78033B012B20D938
S214026DD0114B4FF6FF711B78ABB1104D2B888B42CF
S214026DE017D112F0AEFA4EF6602104460C4816F0A1
S214026DF05BF94FF6FE7322462B800021BDE8384031
S214026E00092012F030BE074A13888B421CBF01339A
S214026E10138038BD245B0020D96400206064002003
S214026E20483F0020E254002010B5044661B1FF211D
S214026E3012F06BF80021204612F06DF811F09BFF5D
S214026E400146204612F06DF82146BDE810400022A9
S214026E50014816F06FBD00BF445500202DE9F041F1
S214026E600D461746044612F0AFF806782846FBF79A
S214026E7077F929468046204611F0DDFF12F044FAE3
S214026E80A84206D120460121FFF7CEFF0120BDE829
S214026E90F0812846B8F1000F0AD0FBF7EFF950B997
S214026EA0144B3A462046BDE8F0411978FCF7FABE84
S214026EB013F0B2FDF3E706F00306012E08D012F037
S214026EC023FA00232246294602F030FF0028D9D1B1
S214026ED0204611F06CFF430505D52046BDE8F0417B
S214026EE0002112F053BB204613F069FDB0FA80F081
S214026EF04009CCE7BD64002010B586B0044614F005
S214026F00BBF9104B0246186819790290D3F80500AF
S214026F105B7A01328DF8143000238DF80C10049041
S214026F202146009392B2052304A816F09AFD052284
S214026F3004A902A8F2F754FDB0FA80F0400906B0A0
S214026F4010BD00BF2CBB040008B50748FAF7B6FE12
S214026F50064B1B78033B012B05D8BDE808400021F1
S214026F600846F9F75FBF08BD84630020245B002053
S214026F7008B5114812F0F7F8104B1B78012B06D80B
S214026F80FF2009F0FDFBFCF751FD08F09DFCFCF725
S214026F906BF902F06BF9FFF701F914F004FB0BF042
S214026FA05BFBFCF7F9FE0BF085F810F003F9BDE881
S214026FB0084003F0B1B900BF044E0020BE640020B2
S214026FC008B5EFF7EFFCFF2803D0094B1B78012B1F
S214026FD006D9002009F0D4FBFCF728FD08F074FC63
S214026FE0FCF742F902F042F9BDE8084003F094B912
S214026FF0BE640020064B1878112806D000F0FD006B
S214027000A0F141035842584170470120704700BF23
S214027010235B00202DE9F0410446FCF7AFFC18B1D3
S21402702000263046BDE8F0811D4B1B78033B012B42
S21402703009D81C4BB3F868104FF6FF739942EFD08D
S214027040204611F0F8FE184B022120461A88FCF75B
S21402705029FE06460028E3D0204611F0B5FF90F838
S21402706007800546043016F0FAFB074612F04CF984
S214027070414602463846FCF799FCA81C16F0EFFB80
S2140270804FF6FF73984202D12046FFF7ABFA2B78F1
S2140270909B07C6D101212046FFF7C6FEC1E700BF07
S2140270A0245B00203C4D0020425500202DE9F04F85
S2140270B0002585B00746039511F086FF0646043084
S2140270C016F0CDFB8046B01C16F0C9FB337804469A
S2140270D04046009316F01CF982464046FBF740F8FD
S2140270E03378BAF1FF0F0CBF83464FF0010B9A07B5
S2140270F00AD112F009F9404514BFD9464FF00109EA
S214027100B3791BB90320B9E0A946F9E712F0FCF8F7
S214027110A04205D112F0F8F80446994B1B7836E0E7
S214027120984B1B78052BF8D0033B012B03D8964BC4
S214027130B3F86840F1E7204616F08CFC737840B34B
S21402714013F00402DFF838820BD198F800301A44A4
S21402715021463846D2B2FFF781FE0028D2D0002060
S2140271608CE0384614F04AF80146054638460AF0DE
S214027170A1FD421C52002946384602F0FE0212F0D9
S214027180B8FC737823F00403737098F8003000227A
S214027190DDE75B0726D5384614F030F8014606468A
S2140271A038460AF087FD824606F101091FFA89F978
S2140271B0494638460AF07EFDDFF8C481BAF1000F70
S2140271C001D0FF2805D10022494638460AF086FD3E
S2140271D0DBE7B11C01EB4001C9B2384613F06FFF82
S2140271E00446D2E7204603AA02A913F065FD054627
S2140271F0B9F1000F4AD0009B03F0C003802B0ED1DA
S214027200FF2320468DF809300BF03EFAFF281BD0EC
S2140272100DF109020DF10A010BF02AFC14E0402BD5
S21402722034D19DF808308BB3FF2320468DF8093001
S2140272300BF02AFAFF2807D00DF109020DF10A0118
S2140272400BF016FC2D281CD13378404603F03F0382
S214027250337016F0FFFB10B912F056F88046002382
S21402726042461946204608F04FFE00283FF44AAF31
S214027270C822072138460AF055FF012005B0BDE8AE
S214027280F08F9DF80930FF2BDED12546039838B9DA
S2140272909DF80820002A62D1394B2C461B7856E707
S2140272A009F032FA039AFF280346127908D1CDE98B
S2140272B000204FF4E171354816F0EEF9DDE90023BF
S2140272C0B9F1000FE4D002F03002102A0AD0202AC8
S2140272D0DED1BBF1000F24D05146184609F016FC49
S2140272E00028D5D1DFF8A89099F80030012B45D0B8
S2140272F0204610F025FC28B92A4621464046F37956
S21402730013F05DFCA54212D1039A137923F00C0305
S21402731013719DF80830ABB92C46194B1B783022F6
S21402732015E7039B1B7913F00C0FDBD1B0E799F836
S2140273300030022BE8D0039A137923F00C0343F0B3
S2140273400403E5E70121204612F022FA20B920467E
S2140273500BF09AF9FF280FD0094B1B78DFE70121C3
S214027360204612F015FA00287FF4D7AE20460BF01E
S2140273708BF9FF287FF4D1AE02207FE7A542D9E73A
S21402738042550020245B00203C4D0020DE700400A5
S214027390D45B002038B50E4B04461B780D46033BE3
S2140273A0012B10D900F108039BB2012B0DD811F066
S2140273B0ABFF002302462946204608F0A5FD80F0D2
S2140273C00100C0B238BD0120FCE70220FAE700BF88
S2140273D0245B00202DE9F041064610460D4613F0C8
S2140273E04BFFA0F11004E7B256FA84F42146EA1BDA
S2140273F004F10E00F2F74CF92823DFF84480F35527
S21402740098F80030637301F045FF611C02460120C4
S21402741010F0D0FB08220949601DF2F739F998F8F6
S214027420000013F03FF905F10E0130463B460022FC
S214027430C9B201F0E1FF1220BDE8F081A65B002090
S2140274401E5B00202DE9F04F89B0044611F0BCFD0A
S2140274500546204611F01BFD0746281D16F0FFF9CB
S2140274608146A81C16F0FBF90390384695F807A04B
S21402747016F0F0FA2B780490990761D12146042081
S21402748002F0C2F800285BD0204613F0F5FE014653
S21402749020460AF00FFC820752D1204613F0ECFE7B
S2140274A0014620460AF006FC10F00303059347D176
S2140274B02046FFF721FD002842D0204613F0D1FFD8
S2140274C0461C204615F020FDF6B206F10A0B83454F
S2140274D080F29F80504A06AB1068516803C3711C45
S2140274E020460AF0E7FB3146804620460AF0E2FBD9
S2140274F0594600EB082820460AF0DCFB8346059B2B
S2140275002146B21C009306A8082316F0AAFA1FFA10
S21402751088F8204611F0BBFC5A46414610F03EFB66
S2140275200122404606A901F09BFB002871D10220E9
S2140275300BF036F8013003D1404606A9EFF700FB00
S21402754011F0E2FE48453A46514608D112F04EF98D
S21402755000285ED109B0BDE8F04F01F077BB48467F
S21402756012F044F9002854D12C4B1B781BB939462B
S214027570484612F0D8FA3A4651464846FCF716FAFA
S214027580002846D0297811F0030102D12046FFF7E1
S2140275904BFCAB79002B3CD0214B1B78DA1E012A20
S2140275A037D9062B35D06B78DB070DD503982E7AA4
S2140275B013F017F910B3F30803F01C0326F01F06A6
S2140275C0334343F001032B724FF6FF71204611F04E
S2140275D032FC049BDBB90FF0DBFD00F03F02022118
S2140275E02046FCF75FFB4FF6FF73039A9A4210D1D0
S2140275F0204609B0BDE8F04FFEF7F4BF06F01C03C4
S2140276001C2BE1D0042B04D9043E2E72DCE70022A8
S214027610E5E709B0BDE8F08F85FB03001A5B0020A2
S214027620245B00202DE9F04385B004460E4617463B
S21402763011F0C7FB0C2820467BD111F0C5FC0922AD
S214027640002115F085FB00F11005EDB22946204613
S2140276500AF030FB042853D006D8012815D0022899
S21402766022D005B0BDE8F0837C28FAD1204615F07A
S2140276704BFC0546204615F02BFC02463046E9B286
S21402768005B0BDE8F0430FF0AFBD46B91321204662
S21402769013F015FD05B0BDE8F04311F05EBE05B06F
S2140276A0BDE8F043FCF7ACBE9D4B1B78013B012BBB
S2140276B0D7D82046E91C0AF0FDFA074686B978B9FB
S2140276C0691C204613F0FBFC0546214612F0D8FF43
S2140276D03A462946102005B0BDE8F04316F086B8B3
S2140276E0002508232146152200950DEB030016F00F
S2140276F0B8F9284602A915F0DBFD13F0FEF9B0E74B
S214027700884B1B78022BACD146B9FEF73FFDC20769
S2140277100AD5FEF7D7FC002F08BF3F26304605B035
S214027720BDE8F0430FF06CBDFEF714FD0028F0D064
S214027730F1E711F049FC8046043016F090F807464F
S21402774008F1020016F08BF84FF6F77398420546DA
S2140277500CD8754A138801339BB213800BB9734A4F
S21402776013801EB1714A13880133138098F8009073
S21402777009F00309B9F1010F40F08380204613F0A7
S2140277807BFD014620460AF095FA043809283FF6A2
S21402779068AF01A353F820F0C177020063760200B7
S2140277A063760200E57702006376020063760200E3
S2140277B063760200CD77020063760200CD77020080
S2140277C0204605B0BDE8F043FFF7D4B9544B1B780A
S2140277D0042B7FF446AF0021084605B0BDE8F0430F
S2140277E0F9F720BB4E4B1B78013B012B3FF639AF16
S2140277F0404613F07EFD00274D4B01465B898DF80F
S2140278000A70ADF8083000283FF42BAF384615F062
S2140278104FFD0546204613F02FFD421C032321464A
S214027820009792B202A816F01CF99DF80A30E6B943
S2140278303C4A1278022A18D1BBB9FF2DBDF808407F
S2140278400AD03C4A214632F81530284623F4806393
S21402785022F8153013F030F9204613F00EFA002203
S2140278602146102015F0C2FFFBE6022B3FF4F9AECC
S2140278702BB9304B33F815305B053FF5F2AE284690
S2140278803BE7B9F1000F7FF4ECAE3146204604F038
S214027890BBF8002E3FF4E5AE4FF6F7739D423FF677
S2140278A0E0AE98F80160284616F0040620D113F0E0
S2140278B031FA044628467CB113F0AEF80346F0B916
S2140278C00C2200902946384612F08BFA0C2200232E
S2140278D039462846009308E013F09EF80346B8B9E6
S2140278E0154A009012782946384612F07AFAB8E617
S2140278F013F092F8034678B90B220090F3E70622BB
S214027900334629463846009612F06BFA0622DEE720
S214027910234600940622E6E74B46CDF80090F9E7A8
S214027920245B0020235B0020EA540020E854002059
S2140279302CBB0400D4540020FD6400202DE9F04F37
S21402794005888BB00446284611F03EFB804604307C
S21402795015F085FF074608F1020015F080FF05A91D
S2140279600190284613F0D2FC284613F085FC014607
S214027970064628460AF09EF998F80030029003F070
S2140279800303012B0CBF82464FF0FF0A15F078FE68
S214027990B4F806B0814611F0B7FC98F807300090AC
S2140279A03846039301F08AF8002838D1019801F08E
S2140279B085F8002849D1FCF7B9FAA9EB0B0B1FFA98
S2140279C08BFB8146FAF774FB002844D1FFF712FBC3
S2140279D0002840D1A14B1B78033B012B42D8BAF1B9
S2140279E0060F00F0BE80BAF1040F00F0BA80FFF76F
S2140279F001FB20B1029B03F00303012B32D0FAF7FE
S214027A00B1FA28B9964B1B7803F00F03062B6FD1F9
S214027A10944B2846B3F8681011F00DFA22E0284677
S214027A2011F0D2FA023015F01AFF4FF6F7739842A9
S214027A3006D9039B23B92846FFF75EFA0028B5D17C
S214027A40A37823F00F03A37054E0019816F002F80F
S214027A500028B0D1F4E7A9F104095FFA89F9B9F16F
S214027A60020FB7D8BAF1010F40F0A280284611F0F3
S214027A70CCF94FF6FF7398426AD100233146284666
S214027A8007AA13F05DF880460028D9D042799DF8FF
S214027A902530934209D9711D284689B20AF01EF98B
S214027AA0A37823F00F030233A3700FF071FB7E233B
S214027AB0B0FBF3F202FB130303F58073A3809DF879
S214027AC0263013F0180F0BD0A378190708D1009BA5
S214027AD0BB4205D0384698F8052005A90FF0A0FB52
S214027AE09DF82700003818BF01200BB0BDE8F08FC4
S214027AF02823A3800020F8E7584B1B78033B012B72
S214027B005FD940F6B8339B459AD80FF041FBFF2366
S214027B108DF81330002300F03F00C0F5FA70A08005
S214027B2007A90DF113008DF81C30FBF7A3FF0546DD
S214027B3098F80710384611F04DFE002D80D09DF8BB
S214027B401C20013A032A7BD8DFE802F0807A697D9E
S214027B504FF6F773019A9A4224D898F80130DA075A
S214027B6020D4284611F051F915F011FF012808BF5C
S214027B703D4BA27809BF1B78FA2303EB830303EB82
S214027B80830302BF9B00FA339BB212097FF458AFFD
S214027B905B45FFF455AF0FF0FBFA00F01F00103004
S214027BA0A08053E02D4B1B78033B012BA9D8D8E7C6
S214027BB04FF6F773019A9A429ED898F80130DB077F
S214027BC09AD4BAF1020F53D10123314607AA2846A6
S214027BD012F0B6FF074611F097FBBDF82230984226
S214027BE036D1002F3FF42CAF01227B88314628463F
S214027BF008F00EFB1D4A13780133DBB288F8073013
S214027C0013707B88BDF81E209A421FBFA37823F00C
S214027C100F030233A3704FF4C873A38016E0009BD1
S214027C20BB4213D000283FF40BAF426801323FF448
S214027C3007AFC2789DF813309A42BFF401AF05E051
S214027C40009BBB4202D0A2781209EBD101204CE77E
S214027C50184615F0FFFE0028C3D182E7245B0020F9
S214027C60235B00203C4D0020CF640020215B0020D7
S214027C70BAF1030F7FF475AF009BBB427FF471AF7E
S214027C80711C284689B20AF015F80C287FF469AFF1
S214027C90FBF7E2FC4FF6FF73984201463FF461AFF2
S214027CA0284611F0C8F85CE72DE9F341044600883F
S214027CB011F08AF90546043015F0D1FD0646A81CD7
S214027CC015F0CDFD074615F0DBFC05463046B4F848
S214027CD0068000F0F3FE064648B9384600F0EEFE8F
S214027CE058B9194AA3781278033A012A0BD8A3780E
S214027CF0002623F00F03A37021E0384615F0AAFEF3
S214027D000028EED1F3E71B09F1D1A5EB0805ADB2C9
S214027D10B5F5C86FEBD80DF10301384601AA0193F9
S214027D2012F0CAFF9DF80350014645B94FF6FF739D
S214027D30984204D00126208811F07DF8A5803046AE
S214027D4002B0BDE8F08100BF245B00202DE9F041BF
S214027D5005460C4611F035F8082802D10120BDE888
S214027D60F081201D15F07BFD0646284694F8078014
S214027D7011F08DF80746284611F019F8010612D5BB
S214027D80184B1B78042B0ED1174B1B78022B0AD1EB
S214027D90164BB3F868204FF6FF739A4203D00021C1
S214027DA00846F9F73FF8124B1B78002BD6D1A01CD9
S214027DB015F055FD4FF6F773984202D86378DA0746
S214027DC00DD523789B070AD13A464146304611F034
S214027DD00DFD80F00100C0B200F00100BFE70120F7
S214027DE0FAE700BF245B0020235B00203C4D002006
S214027DF0D65B00202DE9F04F9DB0044610F0E1FF5F
S214027E000546204610F0DDFF08285AD14FF40043FD
S214027E10102200212046ADF8503011F06AFE2046AE
S214027E2015F056F80DF060FB002321461A460C208A
S214027E3000930DF01DF998B3204615F049F814A9E1
S214027E4002461020FAF7D6FD0501204615F040F846
S214027E5014A902464020EDB2FAF7CCFD10B1204636
S214027E600FF0AAF9204615F033F814A9024680202E
S214027E70FAF7C0FDB8B99DB1102517A806F0A2FD05
S214027E802046BDF8507015F03FF80646204615F01D
S214027E901FF829460090F3B2384617AA0FF02AFABE
S214027EA01DB0BDE8F08FBDF8503017A8ADF85E40A3
S214027EB0ADF85C300FF06CFE0028DCD145F0800592
S214027EC0DBE7204610F0D0FFB0F5006F40F00581EA
S214027ED0204610F0DCFF0646042D40F001812046C5
S214027EE010F065FF80F40060C0F3C0200022314627
S214027EF0400015F07BFC954B1A78022A0DD0FFF74E
S214027F0079F850B902F0FD03312B06D0043A012A63
S214027F1003D98F4B1B78002BC2D02146022001F0DA
S214027F2073FB05900028BBD02046ADF8464011F002
S214027F304BF80446BDF8460010F0A9FF0546201D82
S214027F4015F08DFCA31C83461846039315F087FC98
S214027F5012A90746BDF8460013F0D8F963780690D2
S214027F60BDF8460094F80080099313F085F963780B
S214027F70064608F0030828460C93FAF7F1F8B8F11B
S214027F80010F0CBF032302230E93724B08BF4FF060
S214027F900B091D80237818BF4FF00A0903F03C0333
S214027FA0082B0D907FF47CAFBDF8460014F0ACFFB2
S214027FB0B0427FF675AFB8F1010F03D02378980769
S214027FC07FF46EAF644BB3F86830AB420DD1634AB0
S214027FD0634BB2F9001093F90030002900F0A58037
S214027FE001EB0313A3EB211313804FF0010AA6F152
S214027FF01003DBB207938DF8453010224846BDF8D1
S2140280004610CDF800A00DF145030DF031F800281A
S2140280103FF446AF099B13F002030A9300F00A816D
S214028020504B1B78002B3FF43BAFBDF846904846BA
S21402803013F022F9002308904846CDE91733199326
S214028040ADF8683010F023FF089B039003F10E0191
S214028050484689B213F0E3F8002870D00023494658
S214028060089A009317A80E2315F0FBFC50460DF154
S2140280705D010FF0ADFD9DF869300B9004939DF8FD
S2140280805C30282B5BD10DF16100FAF7F3FB0F9001
S214028090002854D1049812F005FB0F9B002867D1E4
S2140280A0314B049A1B78D31A190648D404F04CFDB7
S2140280B050453CD115F0E9FA2C4E0546346824B1F9
S2140280C004F048FD2C1B844239D30023FF221946B4
S2140280D01846FCF73DFB356031E04FF6FD76FBE6D1
S2140280E04FF6FF70301A18BF0120002231464000BA
S2140280F015F07CFB0C2D0DD12146012001F084FAEF
S21402810000283FF4CDAE214600201DB0BDE8F04F5A
S214028110FDF700B92DB920461DB0BDE8F04FFDF7BA
S2140281205FBD042D7FF4BCAEE5E61B025CE704F0FF
S2140281300BFD022803D104F0E9FC0028BAD0002285
S2140281401920039915F052FBAAE600BF235B002014
S214028150D65B0020605500203C4D002032550020A2
S214028160D25B00201F5B00201E5B00204C4E0020CE
S21402817010214846089ACDF800A012F0D1F800283F
S214028180DDD0A64B049A1B78934240F0AA8003994E
S2140281900DF1610214A815F057F8012114A8FAF798
S2140281A043F8824648F2030114A8FAF749F9BAF1ED
S2140281B0000F03D0082114A80FF0A5FC484613F0C0
S2140281C079F803990DF16100FBF7E6FAFE2882467C
S2140281D0B5D0FF280AD1039815F01FFCFF28824667
S2140281E000F087800DF16101FBF750F98B4B049A82
S2140281F01B78934200F0A38050460B99FBF7B2FA25
S21402820000283FF44DAE50460B99FBF7BDFA237893
S2140282109A070FD1484613F02FF80146484609F050
S21402822049FD00F00300012804D103980DF1610115
S214028230EEF786FCBDF8460010F0B9FD030440F1E7
S2140282408580204615F00BFB40F4007189B220466B
S21402825015F007FB00224FF40041BDF8460010F06F
S21402826097FDDDF81490012310220093BDF8461006
S2140282700E980DF145030CF0FBFE00283FF410AEFD
S214028280032866D1204615F0EAFA40F4007189B256
S214028290204615F0E6FA284615F0DCFB002840F0EA
S2140282A0B780DDF81490B8F1010F40F0C1800320CA
S2140282B0BDF8461001F0A8F9002840F0B980314612
S2140282C0BDF8460009F0F6FC0F2801467FF6E8AD39
S2140282D04FF6F7739F423FF6E3AD284611F06DFC6A
S2140282E0DEE55046049903F049FD00287FF44FAFBF
S2140282F025E7237803F00303012B08D1484612F042
S214028300BBFF0146484609F0D5FC082892D0444BEC
S2140283101A78444B1B789A4209D20DF161010398F0
S214028320FBF768F8039815F078FB82465EE7A01C18
S21402833015F095FA4FF6F7739842EED9FFE65046D7
S214028340FBF79AFA00283FF457AF5CE74FF00009B4
S21402835089E7284615F07EFB0028A4D00A9B002B4E
S21402836058D1B9F1000F53D1B8F1010FBDF846004C
S2140283709DD0314609F09EFC8246DFF8B09099F80F
S2140283800030002B5FD010F0BFFF87427FF488AD2D
S214028390B8F1010F40F08280BAF1070F78D8BAF12F
S2140283A0050F7FF67DAD204B1B78022B02D0043BD7
S2140283B0012B03D899F80030002B4BD00C9B980663
S2140283C040F1BB800D9B002B40F0B380284614F092
S2140283D09FFFFF2840F0AD805D457FF461AD069BB0
S2140283E0002B00F0A48012AB46F204020124ADF882
S2140283F05C200193214602232846009417AA12F015
S21402840017FF00283FF44CAD214611F0BFF847E5B0
S214028410DDF81490284607F053FD44E71E5B002063
S2140284201D5B0020D0640020235B00201F5B002021
S2140284303146BDF8460009F03DFC0A9B824613B958
S214028440B9F1000F99D0A84B1B78022B02D0043B3F
S214028450012BB3D8284600F031FB814600287FF472
S2140284601FAD10F051FF854222D1A04B1B78033B73
S214028470012B19D89E4BB3F8684010F045FF4B46C7
S21402848001460D222046CDF8009011F0AAFC07E521
S214028490AAF10E03DBB2012B85D901E50AF003032C
S2140284A0012B7FF4FDAC7EE7012000F0A5FBF7E48C
S2140284B0284615F0CFFA58B910F043FF4FF6FF736F
S2140284C0984205D014F0D4FF10B92846FAF738FFC0
S2140284D0284615F0BFFA88B110F033FF4FF6FF7347
S2140284E098420BD014F0C4FF40B9B8F1010F02D184
S2140284F0BAF1060F02D0284607F04CFA069BA3B93B
S21402850019460122584600F0ABFB814600287FF44C
S214028510C7AC204612F0EDFE4A460146384600F049
S2140285209FFB00283FF44AAFBAE412A9E9E7069B8C
S2140285305AE7637823F0200363704FF6FC739F427A
S21402854075D16A4B1B78033B012B7FF6A9ACA37946
S2140285500BB1013BA3716378590727D50023584610
S21402856017AA14A9179312F0A7FB1798F0B108F0F0
S214028570CBF88146384614F0CBFE179A014613799B
S21402858003F03000102806D003F00C0008281CBFA9
S21402859023F00C031371137903F03303202B05D158
S2140285A0FF2903D00122484608F078FA284614F03C
S2140285B0AFFEFF281EBF00224E4B43F82020099B29
S2140285C003F001094FF6F7739F4200F21381B9F1E7
S2140285D0000F40F01C812946584611F0A4FA10F00C
S2140285E093FE874200F0DF80384615F033FA002803
S2140285F04AD0B8F1010F30D1BAF1010F20D14A4664
S2140286003146BDF8460007F05FFE384615F022FAFE
S214028610394B1B78002B78D1584615F01BFA0028E8
S21402862070D1384615F016FA00286BD138E44FF6AA
S214028630FD739F428BD12D4B1B78042B87D12FE4E1
S214028640384615F007FA50B3BAF1030F27D1314670
S214028650BDF8460011F0FDFB22E4384615F0FAF9A3
S214028660384612F0D9F9002848D000233946584631
S214028670BDF8462001F05AFB00283FD00021BDF885
S2140286804600FEF7D1FB0BE4384615F0E3F918B1C5
S214028690B8F1010FD8D0E3E7B8F1010FE0D1164BDD
S2140286A01B78002BB8D0BAF1050F2ED110F02CFE95
S2140286B08DF85C0010F028FE000A8DF85D0001239C
S2140286C0022217A90DF14600F9F74CFA00287FF4AA
S2140286D0E7AB711CBDF8460089B209F0D9FA0378F7
S2140286E00133037011E000BF235B0020245B0020EF
S2140286F03C4D0020CC3D0020D66400209A4B1B78CF
S214028700002B89D0B8F1010FCDD063785A070CD56B
S214028710BDF84640204612F071FD411C89B2204643
S21402872009F0B6FA0378013B0370904B1B78033BC3
S214028730012B30D8B8F1010F06D1BAF1050F1FD1BF
S21402874010F0E2FD834522D1BDF84600FEF7AEFCEE
S21402875002281CD10021584617AA08F021F930B188
S2140287600379458003F03C0343F040030371002382
S2140287707F4A009339465846127811F032FB06E0DB
S214028780BDF84600FEF792FCBAF1030FE0D10022D4
S21402879039461C20D6E4BDF84600FEF787FCB8F141
S2140287A0010FD5D1F0E7B8F1010F7FF467AF0AF1F8
S2140287B0FF330C2B00F2AA8001A252F823F000BF6E
S2140287C023880200238802004F86020039880200AE
S2140287D0498802006D8802008F880200BB8802006A
S2140287E0D1880200D1880200DD880200F5880200E6
S2140287F001890200B8F1010F00F09480B9F1000F70
S21402880008D1BDF84600FEF71DFEFFF749BBB8F1DA
S214028810010FCCD0237A03F00303012B7FF440AB85
S214028820EFE7AAF102035A423146BDF846005A4122
S21402883007F04AFDFFF734BB32465846BDF84610ED
S214028840FEF7D6F8FFF72CBB711CBDF8460089B2BE
S21402885009F030FA0236F6B20246BDF846305846FD
S214028860009612A90AF054F8FFF71ABB3F4B1B7882
S214028870013B012B3FF614AB079B0121009300201E
S2140288802346BDF8462011F01BF8FFF709BB374B0D
S2140288901B785A1E012A07D90120079ABDF84610EE
S2140288A0FCF71AFCFFF7FCBA022B7FF4F9AAF9F7D9
S2140288B0FFFB0028F0D1FFF7F3BABDF8460006F03A
S2140288C069FEFFF7EDBABDF84600FEF721FA98E713
S2140288D0BDF84600FEF71CFAFFF7E2BA234B1B78F8
S2140288E0013B012B3FF6DCAABDF84600FDF736FD3C
S2140288F0FFF7D6BABDF84600FDF780FDFFF7D0BAFF
S214028900BDF846000FF03EF9FFF7CABA33462246D4
S2140289105046BDF846100FF007F900287FF4C0AAAB
S2140289205146DAE40AF1FF330C2B3FF6B9AA01A24C
S21402893052F823F023880200238802004F860200A2
S21402894039880200498802006D8802008F8802007A
S214028950BB880200C7880200C7880200DD880200C2
S214028960F588020001890200D6640020245B0020FC
S214028970FD64002010B50021114810F09BFB044650
S214028980E8B110F0ADFA0F4B1870204610F0ADFAB1
S2140289900D4B1870204610F0AEFA0C4B187020469D
S2140289A010F0AEFA0A4B1860012014F072FE204650
S2140289B0FFF720FABDE81040002014F06ABE10BD92
S2140289C010550020D35B0020D25B0020D15B002034
S2140289D0444E002070B5164E044633680D46E3B189
S2140289E010F0EFF90C2818D1204610F0EDFA092203
S2140289F00021044614F0ACF9235C042B0DD10D4B78
S214028A001B78033B012B08D80B4C25B10B4B227865
S214028A101B789A4203D300232370002070BD0848B7
S214028A20316814F041FB2378012001332370F5E707
S214028A30484E0020245B0020D55B0020FC6400200A
S214028A4084630020014B93F90100704732550020E1
S214028A50014BB3F8680070473C4D002070B5002407
S214028A60124D2C70EDF750FEE6B2B04212D8104B03
S214028A701B78013B012B04D800214FF6FF70FBF751
S214028A8019FF00220B4B1A700B4B198801B11A8082
S214028A90012070BD304614F093FCC30748BF2B7804
S214028AA004F1010444BF01332B70DBE71C5B00209A
S214028AB0245B0020135B0020E454002038B50B4BE7
S214028AC005461B7873B101335C08094B188814F00D
S214028AD0FFF9002330F81320AA4205D00133DAB298
S214028AE0A242F7D3002038BD0120FCE7135B00202A
S214028AF0E454002030B5054685B008460C4614F00E
S214028B00A5FFFF280CD011F0D4F80122002103465D
S214028B10CDE90112009221462A460720FBF77AFA8F
S214028B20284614F0F5FBFF2804460FD014F048FC44
S214028B30C2070DD5204614F043FC830708D40B4A1F
S214028B4032F8143043F4806322F8143005B030BD96
S214028B5011F0AFF8012200210346CDE9011200927E
S214028B6007202A46FBF756FAF0E700BFD454002047
S214028B704FF6FA72431E9BB2934270B504462AD849
S214028B80FFF79CFF38BB194B1B78042B23D02046DB
S214028B9014F043FFFF2801D0FAF702FB204612F03A
S214028BA064F808B107F0C6FD2046114E04F046FAF6
S214028BB020460EF033FB31780E4D69B1288814F04A
S214028BC087F9054601461E220230F0F761FD2C8029
S214028BD033781E2B07D970BD202014F0EDF92880BB
S214028BE00028EBD1F7E702333370F4E7245B00206A
S214028BF0135B0020E454002037B5134B05461B7860
S214028C00022B1FD110F080FB044610F07DFBFFF70D
S214028C10AFFF11F04EF810F083FB0020FBF73CFD8F
S214028C2040F607400EF086FB3DB100230D2221469A
S214028C304FF6FD70009311F0D4F803B0BDE8304053
S214028C4004F032BF03B030BD245B0020034B1B7818
S214028C5013B90120FFF7D0BF704700BF1A5B002090
S214028C60F7B504460D46174610F04EFB0646002D95
S214028C7047D04FF6FB739C4243D82046FFF71EFFB1
S214028C8030B1A64204D1204B1B78033B012B38D9C6
S214028C902046FFF713FF10B1012003B0F0BD2046B7
S214028CA00EF08CFAC0B1A642F6D00CB36946204646
S214028CB0F9F758FD0246D8B90821684610F0B6FA08
S214028CC0B0B9082269462846F0F78AFE80B12946DE
S214028CD0204611F01EF8DFE7A642E6D12846F9F74D
S214028CE0C9FD28B90120FFF787FF06F0DFFDD3E7AD
S214028CF03FB121462846FAF7E7FB2146284604F00C
S214028D00B9F90020C9E700BF245B0020044A1378A3
S214028D102BB1013BDBB213700BB9024A13807047CA
S214028D20135B0020E45400200148F8F7D7BC00BFCC
S214028D30E45400202DE9F047804617460D468CB0D5
S214028D4061B903AE00211B4814F0EEFD4FF0000996
S214028D500446DFF860A01CB920461DE00E46F1E787
S214028D600022214624233046CDF8009014F079FEE6
S214028D70082241463046F0F733FEA8B9337C9BB949
S214028D806FB945B92A4621460A4810F0B2F90A4A8E
S214028D901388013B138001200CB0BDE8F0873B88A6
S214028DA0B28953405B06ECD52146504614F0E0FDEE
S214028DB00446D0E74855002046550020024B188846
S214028DC0003818BF012070474655002040232DE981
S214028DD0F04397B0074611A88946ADF80E300EF05C
S214028DE036FB02238DF84430002304AE3146384663
S214028DF004937360F9F7B6FC0546002840F09580A8
S214028E0038460EF09DFE804610F07EFA0446002894
S214028E1040F0BB8099F80130042B40F0B980EDF7A2
S214028E207FFC022840F08480EDF77AFC022840F0AE
S214028E308B8096E8030003238DF8443012AB83E858
S214028E4003009DF85130002143F00603102209A8C2
S214028E508DF85130F0F772FD09A911A80EF089FCC1
S214028E6040B111A80EF0F3FA30460DAB09AA11A9CB
S214028E700EF084FDBDF846300DA943F0040311A898
S214028E80ADF846300EF0CEFC102209F10A010DA80C
S214028E90F0F7A6FD0546002872D1EDF741FC022840
S214028EA006D13146FF2009AA0EF08AFC00286AD1B4
S214028EB034240025EDF734FC022808D19DF8513001
S214028EC01B0704D430460DF10E0111F042F921467B
S214028ED0304611F067F910238DF8183004238DF808
S214028EE01A303346002203CBCDF81B00CDF81F10F4
S214028EF006A80B218DF8195010F081F8024638B1F9
S214028F00002D14BF012303233146384603F078F8B8
S214028F10B8F1000F09D0342C07D106A832463946DC
S214028F2014F092F906A80EF0F1FD17B0BDE8F08332
S214028F30234621463046009411AA01F05FFE00281F
S214028F403FF472AFAD25C6E7EDF7EAFB012891D1F3
S214028F50104B1B6803F08403842B8BD196E8030026
S214028F6002238DF844301023ADF8463012AB83E866
S214028F7003009DF8513043F002038DF8513079E733
S214028F803324AD2596E7052494E72C46A325A2E7CD
S214028F90AA25A0E7BC3F00202DE9F04336488DB055
S214028FA0F8F78CFE14F071FB344D2B68C41A4FF49C
S214028FB07A73B4FBF3F4A4B214B114F066FB28601F
S214028FC02F4F4FF6FF763B88DFF8B880ADF80A30B1
S214028FD000233B8000210DF10A0010F06BF80546D5
S214028FE058B9284B1B882BB14FF47A71224871432B
S214028FF014F05AF80DB0BDE8F0834FF000092423B0
S2140290004A462946CDF8009003A814F02AFDBDF87A
S2140290101A30A34294BFDB1A1B1B9BB2ADF81A3060
S214029020CBB910F071F9BDF8183003F040031843BD
S21402903080B218B9322103A80EF062F9BDF81830D2
S2140290401B0602D508980EF068FBB8F80030013B04
S214029050A8F80030BEE79E4228BF1E4601234A46B5
S2140290602946009303A8242314F0FBFC4A4629460B
S214029070384614F05FFCADE7C83E0020504E002094
S2140290804855002046550020F0B50446304A8DB0BB
S2140290901068516801AB03C3A378012B54D1162282
S2140290A000210DF11A00F0F749FCD4F82110D4F88B
S2140290B01D0003AB03C32388190644BF62680892E7
S2140290C0DA050BD5221D08AE04F1140735461068E2
S2140290D05168083203C5BA422E46F7D1ADF81830A9
S2140290E013F0040318BFA3690593EDF737FB0023BB
S2140290F0ADF81A008DF81C3010F006F9E0B906A992
S21402910003A811F026F80022242103A80FF077FF07
S2140291100446D8B10020FFF73FFF002221460D4843
S21402912014F008FC0C4A0020138801331380FFF762
S21402913033FF00200DB0F0BD082201A903A8F0F706
S2140291404FFC0028DFD0DAE70220F3E71920F1E728
S21402915085FB03004855002046550020F7B5044617
S21402916000200E46FFF718FF104B1B88A34202D8BA
S214029170212003B0F0BD00210D4814F0D5FB0025D8
S21402918001460B4F0029F3D0A54208D10024242320
S21402919022463046009414F064FC2046E9E738463E
S2140291A014F0E6FB01350146ECE700BF4655002009
S2140291B0485500200148F8F791BA00BF48550020EC
S2140291C0014B1888704700BF4655002030B5154A37
S2140291D08DB051680546106801AB03C307A80EF0B0
S2140291E036F9DDE90101032308AC84E803008DF8B3
S2140291F01C309DF8293003A943F0020307A88DF816
S21402920029300EF0B6FA10B12D200DB030BD23462F
S2140292102868696803C303A907A80EF08FFA002816
S214029220F3D0F1E785FB030070B50C4611460E4AF3
S21402923023781278064613F0200542EA03022270CB
S21402924018BF611D0822F0F723FA002D0CBF052077
S2140292500D20D4F80130B3602378337303F018037B
S214029260082B08BF013070BD1F5B0020042307B522
S21402927001200DEB0301054AF8F79AFD019B044A0B
S2140292801B03136003B05DF804FB00BF63E5110027
S214029290AC3F002010B5064C2368C3F30B0313B98A
S2140292A00448E2F7A5FB2068431C236010BD00BFFC
S2140292B0AC3F002063E51100014B1868704700BF01
S2140292C0AC3F002007B50020054B064A1860042371
S2140292D00DEB03010190F8F76BFD03B05DF804FB9C
S2140292E0AC3F002063E511007FB511230A4A012036
S2140292F001A9F8F75DFD094B9DF814201A70084B7A
S2140293001B780BB1052B05D10DF041FF012007B0EC
S2140293105DF804FB0020FAE779EB01001E5B0020F3
S2140293201F5B00202DE9F04F0646CBB0884600882A
S2140293300121174613F004FE2E4B3A463188ADF84B
S214029340160006A810F0C1FF0DF1280B5A4641463A
S214029350C419308810F043FFE4B208EB0003A342BE
S21402936008BF044605464FF004091CBFA4EB0804D8
S214029370E4B223465A460121CDE900090BEB050A61
S214029380CDF808B02D1B06A8EDF734FEEDB20BEBB8
S21402939004030093019523465A464146308810F04E
S2140293A04CFF34883946204608F084FC394600F0E3
S2140293B0F802204608F092FC0121308813F0C0FD26
S2140293C001234A46514680B10DF11600F8F7CAFB52
S2140293D001210446BDF81620308813F0C5FDB4FA04
S2140293E084F040094BB0BDE8F08F3046F8F7BAFB80
S2140293F00446F4E7A65B00202DE9F04FC9B0044608
S21402940088469246C118224A04A81F46FFF70CFF58
S2140294104FF00409C519EDB208AB0293A5EB0A0B8F
S214029420A8EB0A035FFA8BFBA8EB0506DBB2F6B2E3
S21402943004EB0A02009301215B46CDF8049004A8CF
S214029440EDF7D8FD06F590730DEB03025A44A2F52C
S2140294508072136808A844F80830E35D324623F0A9
S2140294600703E3552C442146F0F706FC08ABCDE98A
S214029470019308AA00230121009604A8EDF7BAFD7D
S2140294803246204608A9F0F7F7FB49B0BDE8F08F50
S214029490A65B0020F8B5064611F0E3FF811C0546E0
S2140294A089B2304611F0BBFEF0B1EDB12946304626
S2140294B008F000FC1228074616D80C4B691C1C5CE8
S2140294C089B2304608F0F6FB2C44052FE4B205D1EB
S2140294D0052809D8064B1B5C1C44E4B221463046DC
S2140294E0BDE8F84011F09BBE0020F8BD72BB040038
S2140294F06CBB0400F8B5054611F0BEFE04462846CD
S2140295000FF062FDA11C074689B2284611F087FEBD
S21402951000283ED0002C3CD02146284608F0CAFB44
S2140295200646611C284689B208F0C4FB0F2E30D8C6
S214029530194B9B5DE118731E89B2092B0ED8DFE822
S21402954003F009050D0D120D0D181E1EC40644BFAC
S214029550083189B2820601D5083189B22846BDE8AB
S214029560F84011F05CBE7B78DB0612D501EB4001B9
S214029570F3E700F01F0000EB40000144EDE71F2870
S21402958005D8092E0ABF4000022080B2F5E7C82897
S214029590E4D00020F8BD00BF85BB0400F8B506463F
S2140295A00FF012FD09220021054613F0D1FB00F14F
S2140295B01004284614F053F9E4B207462146304612
S2140295C008F078FB0546304613F09EFCBA05A0EB81
S2140295D00403DBB20AD47C2D0AD0082D0AD8064A28
S2140295E0505D98428CBF00200120F8BD1220F8E79B
S2140295F00320F6E7FF20F4E796BB0400014B187839
S214029600704700BFFE64002038B5114B04461B7835
S21402961008469BB9012038BDA24205F101050FD1CB
S21402962003EBC1035B6898470028F3D11E2022464D
S2140296304FF6FF7114F0DAF80020ECE70025054B30
S214029640E9B213F83120002AE6D11446EEE700BF4D
S214029650FE6400203CBB04004FF6FF7307B50222EF
S2140296600DF106010348ADF80630E2F7FDF903B046
S2140296705DF804FB603202E0002307B5ADF8043063
S214029680134B984221D10B88DA0703D5232003B067
S2140296905DF804FB9B0748BF4FF47F434FF002027E
S2140296A00C480DF1060148BFADF80430E2F7B0F9F8
S2140296B04FF6FF73BDF806209A42E7D1022205480C
S2140296C001A9E2F7D1F90020E1E72120DFE700BF98
S2140296D01FD1BACA603202E0002313B50222038009
S2140296E004460DF106010F48E2F792F92D2801D043
S2140296F0112805D14FF6FF73ADF80630FFF7ACFF21
S2140297009DF80630BDF806201BB1238843F00103FE
S21402971023800020FF2A82BF238843F0020323808F
S21402972002B010BD603202E0034B1B78002B14BF60
S214029730442056200E3070471F5B00202DE9F04F64
S2140297408DB0179C06468946CDE90223BDF85870AF
S214029750D588ADF816103CB9EC0605D500970DF085
S2140297606DFE0DB0BDE8F08FC5F380242B054FEAE1
S214029770043448BF44F40064A80511D544F08004BC
S2140297800A2E00F26981DFE816F09A002F00170011
S214029790370067016701370010009A0037009E0005
S2140297A0E90548BF44F04004EAE74FF001084FF0ED
S2140297B0020B4FF0000A14E008A95FFA89F010F0D5
S2140297C0D1FFDDF82500DDF8291006AB03C3A44B54
S2140297D033F81930ADF816304FF00008C3460DF1D5
S2140297E0180A002F5DD125E006AA0DF116015FFAD0
S2140297F089F003F003FCEFE74FF6F773994540F262
S2140298002B8115F4026F40F02781964B1B78022BB2
S21402981003D0043B012B00F2218147BB032E4FF0FD
S21402982001080CBF4FF00C0B4FF0080BBA4624F49D
S214029830C074A4B28C4B18884FF6FF73984206D0B9
S2140298408A49F8F78FFF10B124F48054A4B2039B20
S21402985038460093BDF81620534644F4027108F0C9
S21402986051FAADF82000002838D1192079E7384699
S21402987013F04AFB0246FFF757FF032E08BF0138D4
S214029880824201DD38206CE7032E4FF001080CBF40
S2140298904FF00C0B4FF0080B4FF0000A24F4C07484
S2140298A0A4B2029B1B889BB91A463946062000932F
S2140298B00BF001FC0028BDD140F6014051E74FF005
S2140298C00008C34675E74FF001084FF0030B70E738
S2140298D0002339461A4607200093E9E74FF6FF733E
S2140298E0614A118899421CD00FF06EFB03465E4A0D
S2140298F004301188039313F0B4FF5D49039B097883
S21402990014F4805FD9715949574A1FBF0868986096
S2140299104868D8604FF6FF7313804FF0FF330B6032
S2140299204B605946029A08A808F0A8FA00289CD06C
S214029930504C2378002B3CD1A7B1384613F0E4FAFA
S2140299400746BDF8200013F0DFFA23780744002B01
S21402995014BF12220022EB1003F0040317443B4408
S214029960842B8FDC15F400570AD0BDF82040204621
S2140299700FF01DFA40F4806189B220460FF002FA19
S214029980A6F10803012B05D801221021BDF82000FC
S2140299900FF0FEF9179BBDF8204043B32046BDF8F2
S2140299A016100FF048FABDF82030179A00201380E0
S2140299B0D7E6AA06C0D56B0103F020030A2E14BF11
S2140299C043F0010363F07E03DBB2B8F1000F08D068
S2140299D000215246009108A800F086FE0028ABD06F
S2140299E0BFE61A46514608A810F09AFDF6E720464A
S2140299F011F042FC179B02462146042000930BF00E
S214029A005AFB00283FF458AF0A2E18D84FF4D963F1
S214029A10F340DB0713D5072E0AD00A2E08D0BDF86E
S214029A20200010F090F880F00100C0B2800098E6A6
S214029A3008A80EF088F80028F1D0042091E617B1A5
S214029A4025F04005ADB22B463146BDF820005FFA40
S214029A5089F201F01BFF84E6012082E6162080E6EA
S214029A602C520020235B00207E640020FF6400202E
S214029A70E15B00201F5B0020F7B50F469DF828101B
S214029A800446DDE90B061D46F1B94FF6FF739C420C
S214029A901CBF174B1C804FF000041CBF154B1A70DE
S214029AA0BDF8240008F080FA00232A46CDE90043D8
S214029AB0394606209DF82030FFF740FE10B90EB159
S214029AC0AB7A337003B0F0BD78B14FF6FF739C42A9
S214029AD01FBF074B1C80074B1A7000220FF08FFA2D
S214029AE004460028DCD11920ECE72120EAE700BF73
S214029AF07E640020E15B00202DE9F04788469DF851
S214029B002810074616461D469DF820A0BDF824904C
S214029B100B9839B158B300220FF071FA044610B907
S214029B20192025E00C464FF6FF739D421FBF114BCE
S214029B301D80114B83F800A04FF6F7739E4208D89B
S214029B400E4B4FF6FD761A784FF6FF73002A18BFB3
S214029B501E46484608F028FA00233A46CDE908434E
S214029B6031464346BDE8F0470320FFF7E7BD212014
S214029B70BDE8F0877E640020E15B0020C25A002028
S214029B802DE9F04786B09DF838600546DDE90FA856
S214029B900C4617469946B6BB374B1B78022B1DD18F
S214029BA025BB4FF6F7739C4214D80026484608F0A9
S214029BB0FBF900233A46CDE900632146FF232846F7
S214029BC0FFF7BCFD38B9B8F1000F04D0BB7A88F8AD
S214029BD0003000E0012006B0BDE8F087043B012B10
S214029BE0DED908460DF0ACFF10B31DB3022D31D1FD
S214029BF0ECF784FDA042EDD9204B33F814204FF643
S214029C00FD739A4219E0BAF1000F32D01A4B1B7854
S214029C10022B05D1FFF788FDB042E6D23820DAE7FC
S214029C20043B012BF6D908460DF08AFF0028F1D135
S214029C301620D0E74FF6F7739C42CBD8002EB4D04E
S214029C403146002250460FF0DAF906460028ADD11A
S214029C501920C0E7012DBDD104AA0DF10E01E0B214
S214029C6003F0CCF9064B1B78A342B3D9BDF80E20FD
S214029C70C5E72120AFE700BF235B00202C5200205F
S214029C80CA64002030B5104B87B005460C461868EB
S214029C90596803AA03C298680C4910609A88DB8840
S214029CA052BA23F04003ADF812300023CDE9004348
S214029CB0ADF81020FF23098803AA0720ADF80E503E
S214029CC0FFF73CFD07B030BD54550020605500201C
S214029CD038B50C461146124A124D108022682A6088
S214029CE062686A60A268AA60E288500616D5EA88A8
S214029CF0520613D561B1002218460FF080F90146CC
S214029D0050B16088FFF7BEFF0522074B1A7038BDB8
S214029D10084611F0F2F9F2E71920F5E70220F6E715
S214029D206055002054550020F25B00202DE9F04FCC
S214029D30074689B0104615461C468A4611F09CFA1C
S214029D400146284607F0B6FF064628460FF03CF9BD
S214029D50043013F084FD80460FF0D6FA804550D0CA
S214029D60B2074ED1DFF8AC80284605A9B8F800B095
S214029D7011F088FB9DF81930A8F8007003BBBDF8F7
S214029D801430EBB928460FF01FF9023013F067FDC6
S214029D904FF6F773984294BF4FF000094FF001094F
S214029DA001230134E4B22A463846CDF8009005A9CC
S214029DB0039303F0C5FE039B40B901339C421ED2B7
S214029DC00020A8F800B009B0BDE8F08F022CF8D148
S214029DD0012BF6D10C4A0D4BA3F800A01378591CA0
S214029DE011700B4A7F3B16F00C01137007D1BDF8B9
S214029DF01A305B0603D5BDF81600FFF743FF0223B1
S214029E00D1E70020DFE700BF215B00207E64002050
S214029E10E15B0020605500202DE9F04FABB00F4605
S214029E20ADF81E000FF0D0F800F1020A06465046C2
S214029E3013F015FDBDF81E400546204611F01CFA2B
S214029E400146204607F036FF814600F00308301D23
S214029E5013F005FD434C20800FF056FAA8422DD091
S214029E604FF6F7739D4229D87378DA0726D4284628
S214029E7010F0D2FD30B101232946BDF81E202088FD
S214029E80FFF754FF0FF040FA364B1B8883420FD180
S214029E90BDF81E40204611F0EFF90146204607F0B5
S214029EA009FF10F00C0103D1BDF81E0001F0ACFD55
S214029EB000222D4B1A602BB0BDE8F08F2B49BDF85F
S214029EC01E0011F0DFFA2A49BDF81E0011F01EFA34
S214029ED00028274B08BF0023234ABDF81E00136044
S214029EE00EF0FEFF234B1870BDF81E000EF0FDFFAD
S214029EF0214B1870BDF81E000FF002F81F4B1860B9
S214029F0000238DF82230002F3ED0184BDB889B06AC
S214029F103AD50FF0F9F910B3194B1B689D071ED4FA
S214029F20B8F1010F14BF082318230DF12202009284
S214029F3000220DF11E00114600F0D6FB20B3B8F148
S214029F40010F9FD10F4B1B78112B9BD110F087FB73
S214029F50002897D140F61D40F9F7E2FF92E7082362
S214029F60E3E700BF60550020584E002054550020FD
S214029F70D95B0020D35B0020D25B0020444E002039
S214029F80BC3F0020235B0020504613F068FC82464C
S214029F90BDF81E0012F0B8FFA0F11005EDB22A4679
S214029FA031460AA8EFF768FEFF238DF82F304FF6EA
S214029FB0F7739A4540F2DF80B8F1010F00F0E780B0
S214029FC0B8F1020F00F04681B8F1000F7FF45AAFE5
S214029FD0A44DBDF81E00EB88ADF8240004930EF0E5
S214029FE0F3FFBDF824600746304611F045F90146F6
S214029FF0304607F05FFE8DF82300B81C7E7813F01B
S21402A0002EFC07460FF080F906F00106B4F8009021
S21402A01003906C88002E7FF435AF4FF6F77A4246EF
S21402A020494657458CBF0620082013F0DFFBBDF8D3
S21402A03024B0584611F020F95946024643460420F9
S21402A040CDF800800BF014F8574583460AD8B5F9C8
S21402A0500620EB88002A05DB580603D54146204633
S21402A060FFF710FEBBF1000F3FF40CAF2B88002B5E
S21402A0705AD16B79002B57D14FF6F7730DF12601A3
S21402A0809F42BDF8240094BF4FF0000B4FF0010B27
S21402A09010F0C7FBDFF8D8A100F1FF38BAF800309D
S21402A0A01FFA88F10593EB88BDF82600069307F0A1
S21402A0B001FE069B04990190009322465B46059892
S21402A0C0C1F340110DF049FD00283FF4DBAE042336
S21402A0D006200093BDF82610624B5FFA88F20AF05B
S21402A0E0C7FF00283FF4CEAE48F202036A889A42BF
S21402A0F005D1BDF82410BAF8000000F08DFF594DC6
S21402A10009AA29460DF123000DF025FD0346002875
S21402A1107FF4B8AE2104BAF80000BDF8242060D55A
S21402A1202346294610F092FB9DF823304D4D03F04E
S21402A1300C030C2B75D1288910F053FB00283FF432
S21402A140A1AE039B002029894B4514BF0226032695
S21402A15002F02CFE444B18704FF6F7739F42BDF880
S21402A160240075D8A4F138025342534132463D4981
S21402A17004F066FC86E6B8F1020F6BD0394BB3F9F1
S21402A1800630002B26DAB8F1010F7FF41DAF0FF070
S21402A190BBF8238883423FF475AE0520BDF81E1037
S21402A1A0FFF732FA00283FF46DAE2E4AD3885B06DC
S21402A1B007D50023CDE900330A20FF232188FFF7C5
S21402A1C0BDFA3A469DF822302188BDF81E0002F0FC
S21402A1D023F957E629460AA800F070F80028D2D0DC
S21402A1E050E60221DFF88C8088F800102946CDF868
S21402A1F000B003F0A5FC132C96D0EB885D0493D434
S21402A2001A4B1B78D80703D598F80020022A8BD061
S21402A21099077FF537AE98F80030012B7FF432AEFF
S21402A22082E700222B79124800936B791146008848
S21402A23002F0E4FD0C4B18709DF8233003F00C037B
S21402A240082B89D1039B4B4514BF0426052683E7BA
S21402A25001238BE74846BDF81E20024901F048FB61
S21402A26010E600BF54550020F15B0020C45A0020BF
S21402A27060550020E25B002010B5002108480EF071
S21402A28019FF044650B101460420FFF7BDF928B174
S21402A2902046BDE810400121FFF7BEBD10BD00BF3D
S21402A2A044550020034BFF211A7803489200EFF72B
S21402A2B045BB00BFCB640020E43B002070B54518C8
S21402A2C004464FF0FF31AC4212D1104B10481A78B8
S21402A2D005460023934211DB0E4C2078431CB3FB49
S21402A2E0F2F602FB163345F82010237000200CE02D
S21402A2F014F8010BE0F70CFD0146E4E750F8044BB6
S21402A300A14201D00133E5E7012070BDCB640020F5
S21402A310E43B0020E35B0020042307B501200DEB9D
S21402A3200301054AF7F744FD019B044A1B03136029
S21402A33003B05DF804FB00BF23E11100544E002079
S21402A340014B1868704700BF544E0020014B186836
S21402A350704700BF544E002010B5064C2368C3F366
S21402A3600B0313B90448E1F743FB2068431C236040
S21402A37010BD00BF544E002023E111002DE9F04F1E
S21402A38093B003930023DDE91C79069399F8003015
S21402A39083460DA804930E4615460DF058F899F814
S21402A3A0003013F003043ED0039B0DF1250A8DF80E
S21402A3B024300022082138460EF038FF002870D0DC
S21402A3C028880EF001FE99F800301C074CBF0430B6
S21402A3D0023013F044FA07A98046F7F7D7FE9DF835
S21402A3E024300446980633D5288806F10D0110F06D
S21402A3F016FFA8B100230093384608232988721D49
S21402A40013F02FFB99F8003003F01803182B4AD1EB
S21402A410B8F1000F47D0A94BB3F86830434542D095
S21402A42040F60A4327E02888711D10F0F8FE00283F
S21402A430F6D0009405233246298809A813F011FBAA
S21402A4409DF824300DF1240A03F018030393B0E7B5
S21402A45014BB39464046F8F785F90028D2D099F859
S21402A46000309907DCD0402322462146404610F0B1
S21402A4709BFA40F6094399F8002012F0030440F0D4
S21402A480F780288803930EF002FD224601461A2022
S21402A49013F0ACF9039BEBE007AB03CB38607960B3
S21402A4A0B0E74FF6FF780DF039FB044620B10421E1
S21402A4B03846F7F793FE04461E9B002B5AD0092314
S21402A4C01E990DA88DF834300DF038F9209B0BB18B
S21402A4D0209B0693039B002B40F08E800DA8ECF782
S21402A4E0EBFD99F800309A0700F09880FFF734FFEA
S21402A4F05146024601200DF05DFB99F800309B079D
S21402A50010D55946288810F083FF0BF1090350FA3C
S21402A51083F35FFA83FB5946288810F050FF00EB5E
S21402A5200B06F6B299F8003013F0C20F0AF10403D4
S21402A5300DD09DF82420624942F020028DF8242096
S21402A5400A68CAF804204A685A600AF10C03012213
S21402A55009A800921B1A324629889BB213F081FA88
S21402A560324659462846FEF7DDFE002800F0A48053
S21402A57000237DE01F9B5BB19E460DF1340CBEE8C6
S21402A5800F00ACE80F00DEF80030CCF800309DE794
S21402A590049B594603F020032888049307F08AFB9D
S21402A5A010F0030F0CBF012300230593049B059AAA
S21402A5B0003B18BF012342EA430300930DAA06ABF1
S21402A5C038461F9900F01AFB049A034682B1002807
S21402A5D080D0059B0DAA0093384606AB1F9900F063
S21402A5E00DFB034699F8002022F0200289F800208D
S21402A5F0002B3FF46FAF3EE7039B102B06D1BDF84E
S21402A600363043F00103ADF8363067E7039B182B6C
S21402A6104FD1BDF8363043F00203F4E701200DF1C6
S21402A62025010DF0D5FA99F80030824613F0040F92
S21402A630288821D1069B1BB3002C35D00EF027FCB0
S21402A64000220146162013F0D1F884B17FB14FF6EE
S21402A650FF7398450BD000230DA91A4638460DF015
S21402A6608DF9394640469DF835200DF06FFA0123E4
S21402A670184613B0BDE8F08F002CDFD1104F01E072
S21402A680002CDBD100233246009359463B460FF09E
S21402A69047FE00283FF4C4AE002C3FF469AF069A8A
S21402A6A00AF10103136063E71B685345C6D8012409
S21402A6B0E8E740F60A43DBE71923D9E73C4D0020DA
S21402A6C0A65B0020002307B5054A0648136004224D
S21402A6D00DEB02010193E1F7C7F903B05DF804FB45
S21402A6E0544E002023E111002DE9F04F0446B1B08C
S21402A6F000888DF82F3016468A4610F0BDFD0146BA
S21402A7008146208810F05BFE00EB0908208810F0D6
S21402A710A8FE00239DF82F505FFA88F815F001076F
S21402A7200790ADF8363008D101460DF13602208882
S21402A73010F02FFD08B1ADF8367016B9CDE90E66E9
S21402A7400EAEFEF73BFB18B145F020058DF82F50F4
S21402A7500023CDE9033302930DF12F03CDE9006305
S21402A7602246534641464846FFF708FE054600285D
S21402A77000F0CA809DF82F3013F0010747D123F06E
S21402A78020038DF82F300EF0BFFD68B17C4A10AB67
S21402A7901068516803C3184600F002FA0546FEF731
S21402A7A00FFDBBB298423BD83A9B13B100233A9AAC
S21402A7B01370BDF83630CBB10121208812F0C0FBF1
S21402A7C027880546002800F0CA800121384612F084
S21402A7D0B7FBBDF836700546384612F095FB0023E7
S21402A7E000903A461946284610F056FC0023CDE95A
S21402A7F0033302930DF12F03CDE90063224653463D
S21402A80041464846FFF7BAFD054600287CD00EF0C2
S21402A8107BFD002840F0BA80284631B0BDE8F08FB4
S21402A82018AB14AA26A9F8B20DF0FDF8002840F0DD
S21402A8309480082210A927A8EFF7D2F88346ADB174
S21402A8409DF8A53013F0020F08930FD0082212A924
S21402A85027A8EFF7C5F848B9089B590706D53A9BCB
S21402A86013B101233A9A1370089507E03A9B002B1E
S21402A87061D1BBF1000F70D1002308930DF1740C67
S21402A88014AB0FCB8CE80F00BDF83630CBB10121EC
S21402A890208812F055FBB4F800B000284FD00121F2
S21402A8A0584612F04DFBBDF83620834610460992F4
S21402A8B012F02AFB00231946099A0090584610F017
S21402A8C0EBFB304B0DF1740B0493002303930DF155
S21402A8D02F03CDE900632246534641464846CDF84B
S21402A8E008B0FFF74BFD002837D1002D33D012AA4F
S21402A8F05B464FF482714FF4005000F0D9F8089B83
S21402A90013B126A80CF09BFE0EF0FEFC88B11E4B7F
S21402A9101B689A070DD4FEF751FA50B1184A18ABC5
S21402A9201068516803C3002226A918A80FF0D5FBA9
S21402A93000BB002570E700233A9A137099E7BDF82A
S21402A94036200A901046099212F0DEFADDE9092353
S21402A95007990090B2E72A46CAE701371FE7BDF813
S21402A96036B0584612F0D0FA2B4600905A46384671
S21402A970079939E726A918A80FF0EBFBD3E700BF23
S21402A98085FB0300B83F0020BC3F00209DF82F3017
S21402A99003F01103102B7FF43FAF3E4B1B78432B83
S21402A9A07FF43AAF3C4B1B685B067FF535AF2088D9
S21402A9B008F1050110F033FC834600283FF42CAF63
S21402A9C04146208807F076F9344B10F0200F08BF76
S21402A9D01E4612A800F0E4F80822314612A8EEF746
S21402A9E0FFFF002852D0314612A80DF070F801235E
S21402A9F026AE00933246002314A912A800F0FEF8F1
S21402AA0000287FF409AF12AB0DF12F07CDE90360E2
S21402AA100290009322465346414648460197FFF766
S21402AA20ADFCA8B3BDF89A30102043F0080318AA6C
S21402AA3014A9ADF89A300FF02DFB00287FF4ECAE87
S21402AA4012ABCDE90360CDE901700093224653466E
S21402AA5041464846FFF792FC054600287FF4DCAEE6
S21402AA6018AB4FF49071002012AA00F021F84FF0B4
S21402AA70005100200FF0A8FDBBF1000F3FF459AFC4
S21402AA804FF0805100200FF09FFD52E78346AEE75D
S21402AA9014ABE6E7235B0020BC3F0020A64D002057
S21402AAA001461A230120014AF7F782B924E1010080
S21402AAB0F0B5164691B0074609A80D461C46FFF7A4
S21402AAC0EFFF3EB1336845F04005CDF82630736897
S21402AAD0CDF82A301B4B1A6822EA070242EA050121
S21402AAE019604B040DD5BDF824200B0A03F4E2438B
S21402AAF0C9B222F4E3420B4322F07F021343ADF8BD
S21402AB0024301A230020104A09A9F7F751F9B4B1E4
S21402AB1004A80CF09CFC02236A468DF810301546F9
S21402AB20234604F11006144618685968083303C40D
S21402AB30B3422246F7D1294604A80CF0FFFD11B015
S21402AB40F0BD00BFBC3F002024E1010047F2FF1029
S21402AB50044B196841F48042014041F480411A6076
S21402AB600FF032BDBC3F002000B589B0FEF7BCFB3B
S21402AB7001A8FFF795FF0948BDF8042001681302F3
S21402AB8021F0FF0103F4E2030B43D2B2134343F472
S21402AB908043036009B05DF804FB00BFBC3F0020A1
S21402ABA010B50C4B0446186888B0830706D54FF0DC
S21402ABB0FF3323600120636008B010BD10F0400030
S21402ABC0FAD001A8FFF76CFFDDF806302360DDF847
S21402ABD00A30EFE7BC3F002008B5074B02461B6869
S21402ABE013F0400305D118461946FFF761FF01200E
S21402ABF008BD0020FCE700BFBC3F00202DE9F0475F
S21402AC009EB080460C461D4691469DF898A0A2B17D
S21402AC10164630460CF01BFC1AF0020F0FD004B991
S21402AC2017AC22463146404601AB0CF0DAFE0DB1B7
S21402AC3000232B601EB0BDE8F0870DAEE9E701AB3E
S21402AC403146404605AA0CF099FE73780AF0010ACE
S21402AC50FF2B26D0002840F0B68054B105AA09AFD3
S21402AC60134603CBBB42206061601A4604F1080417
S21402AC70F6D125B17278554B03EB82032B60BAF1FD
S21402AC80000F01D10020D5E7BDF80430D906F9D46B
S21402AC9018204FF6FF71727812F0A8FD40F60E40AB
S21402ACA0C8E74B4F3DB10EF02FFB10B13B689A0739
S21402ACB02BD500232B603B6803F03003102B01D00A
S21402ACC0202B24D117A8FFF7EBFE082240460DF1F1
S21402ACD05E01EEF785FE20B13B6803F04403402B8D
S21402ACE015D0BAF1000F15D109A80FF071FC022396
S21402ACF03370002C4CD1B9F1000FC3D00EF004FB18
S21402AD0060B3301DFFF74CFFBCE7324BD2E740F68C
S21402AD100A408FE73B68DB03E6D509A80FF058FC2C
S21402AD200223337074BBB9F1000FB1D00EF0ECFA07
S21402AD30F0B1301DFFF734FFAAE73B6803F0840347
S21402AD40842B2CD009AB0DAF1A4603CABA42206038
S21402AD506160134604F10804F6D105E025463B6817
S21402AD6003F08403842B28D0301DFFF719FF26E05A
S21402AD703B68012503F08403F4E73B68012503F0F2
S21402AD808403DDE70EF0C0FA0028F6D00125D9E7E5
S21402AD900EF0BAFA05460028CFD00025D2E712A850
S21402ADA00CF055FB022312A88DF84830ECF784F914
S21402ADB0224608214046ECF7D9F810237380002D6E
S21402ADC03FF460AF64E72D2034E700BF403B00202D
S21402ADD0BC3F0020B83F002049B9084B197849B15A
S21402ADE04EF66023594328B1054812F05DB941F288
S21402ADF08831F8E70248F6F761BF00BFC35A002061
S21402AE00083F002070B586B005460EF07DFA10B9F0
S21402AE10022006B070BDF7F745F80028F8D001A862
S21402AE20FFF7BEFE06460028F2D08DB92E4B1C68F0
S21402AE3014F0020406D02D4B1B78112BE8D12C4BB4
S21402AE40B3F868404FF481630221ADF80C3023E07A
S21402AE502846F7F70FFD0028DAD1234B1C6814F0BA
S21402AE60020406D0214B1B78112BD1D1204BB3F80C
S21402AE7068400822294601A8EEF7B2FD0028E1D074
S21402AE804FF4027300260A21ADF80C302B68CDF879
S21402AE900E306B68CDF81230002203A80EF0AFF821
S21402AEA0024608B91920B4E70F4B196801F03003BF
S21402AEB0102B17D0202B14BF01230323490001F0C7
S21402AEC004010B432046002101F09AF80028E9D03D
S21402AED000210120FFF780FF16B10122054B1A70F0
S21402AEE0002096E70323E9E7BC3F0020235B00200F
S21402AEF03C4D0020D85B002030B5002585B0CDE95A
S21402AF000055F6F7DBFE0EF0FFF91E4C60B905F0B1
S21402AF10AFFF0D25002108462170FFF75DFF294689
S21402AF2068460CF0EDF918E023784BB3164917483B
S21402AF300A780078904223D90132012B0A700ED18A
S21402AF402A464FF4A071284602F012FDC0B2B8B9E4
S21402AF5041F288310E4812F0A7F805B030BD022B38
S21402AF6009D1284602A9F7F7FDFB0028EED102A870
S21402AF70FFF748FFEAE7032B02D101F0FBF9E5E70A
S21402AF800425C7E7E45B0020E55B00200765002098
S21402AF90083F002070B51B4A1B4D044651681068D6
S21402AFA086B02E7801AB03C31EB10224204606B03B
S21402AFB070BDF6F7CFFF0228F7D10EF0A5F90028EC
S21402AFC0F3D003A800F03AFE082201A90DF10E0004
S21402AFD0EEF706FDA0B10D4B32464FF4A071304697
S21402AFE01C7002F0C5FC04460028DFD10123084A83
S21402AFF041F2883107482B70137012F055F8D5E7E6
S21402B0002324D3E79FBB0400E45B002007650020EF
S21402B010E55B0020083F0020F0B50C4600219BB0FF
S21402B0202B4F0646492207A80691EEF787FC3B7887
S21402B030012B34D19EBB0DF10E0120460FF0F1FB21
S21402B0400546BDF80E0011F05FFF441BE4B2BDF8E2
S21402B0500E1023462A46009606A812F002FD304637
S21402B06004A9F7F77FFBD0B9CCB19DF81920B2B985
S21402B070BDF8233003F47E43B3F5285F1ED3B3F541
S21402B080385F0ED31349BDF80E000B6843F4000375
S21402B0900B6029460CF035FD18B104233B701BB03B
S21402B0A0F0BD01220C4B04A81A70FFF7ABFE41F26A
S21402B0B088310A4811F0F8FF0223EFE711463A708A
S21402B0C0FFF78AFE1E2104A80CF01AF9E7E700BF74
S21402B0D0E45B0020BC3F0020E55B0020083F002028
S21402B0E0014B1870704700BFE55B0020014B1878D3
S21402B0F0704700BFE45B0020014B1870704700BF2A
S21402B100E45B00202DE9F04F0446408891B00E29FA
S21402B1108846ADF81A0079D094F80890A7790DF011
S21402B12053FF09A90546BDF81A00E67910F0AAF9F8
S21402B130BDF81A000DF03BFE420542BFBDF82A30AC
S21402B14043F40053ADF82A30E379DB0642BFBDF87C
S21402B1502A3043F48053ADF82A30BDF82A309806D8
S21402B16013D5022F57D10CA9207A0FF0FBFADDF87F
S21402B1703500DDF8391007AB03C307AA0021042304
S21402B18000910DF11A00FFF7AFFA0121BDF81A007F
S21402B19011F0D6FE022F824649D1474B33F819509A
S21402B1A0B8F1000F7ED0BDF82A2051067AD54FF6A8
S21402B1B0FB739D4276D8414B1B78033B012B04D888
S21402B1C03F4BB3F86830AB426CD0D30502D5284665
S21402B1D00FF0AAFCBDF82A30D80463D5002F33D16D
S21402B1E0BDF81A000DF0E3FDC10663D548F234033C
S21402B1F0BDF826209A4209D1324E3078FF2805D073
S21402B20003222946FBF782FBFF23337000232360C9
S21402B21011B0BDE8F08F012F01BF237A2A4A03EB53
S21402B220430302EB830314BF00229A1CA6E7012FF6
S21402B23005D10C2303FB09F3234AD55AB0E7A81C11
S21402B24012F00DFB0546ABE7284601F0F7FEBDF807
S21402B2501A000DF0ACFDC206C8D4638950460593A9
S21402B26011F052FE8346504611F032FE059B0290C4
S21402B2705FFA8BF04A46394601900093404609AB86
S21402B2800BF0D6FFB8F1000F14BF0B20092016F002
S21402B290030218BF02F1FF32294618BFD2B212F0DB
S21402B2A0A5FAA3E7BDF81A000DF081FDC3069DD4EA
S21402B2B0002FD2D1A946D0E72C520020245B0020D2
S21402B2C03C4D00200B6500206C51002038B5002450
S21402B2D00F4B104D2A78A24205D8C2B9BDE83840B5
S21402B2E00D48F6F7EBBC598869B9013AD2B2A242C8
S21402B2F02A70EFD0121B184603F110011201EEF766
S21402B300C7F90346E6E701341033E4B2E2E738BD94
S21402B310443B0020E85B0020A463002070B51A4B73
S21402B3201A4A1D780023DCB2A54200D870BD144626
S21402B33066880133864202F11002F4D1E379A588C9
S21402B340E16003F040028DB9CAB123F00403E37151
S21402B3500DF03AFE037803F07F030370218800297C
S21402B360E4D1BDE870400A4811F09EBE0021658017
S21402B370A180002AE9D1BDE87040FFF7A7BF2046AA
S21402B380FFF7C0FEF7E700BFE85B0020443B002063
S21402B390A46300202DE9F047044686B040880F4695
S21402B3A015460DF011FEA3798046082B52D8DFE829
S21402B3B003F0052E1851515151510500023012F07A
S21402B3C04EFA002D4ED06946F7F7CCF9002841D147
S21402B3D0684601F0DDFEB0FA80F0400906B0BDE82E
S21402B3E0F08702A9207A0FF0BDF96B466E46DDF8AB
S21402B3F00D00DDF81110334A03C3237A32F8139096
S21402B400314AD05C75B131460FF0D0F9E6E7237ABF
S21402B4102E4903EB430301EB830231F82390907A23
S21402B420961CEFE74FF6FB7AD14515D9304603F066
S21402B430ADFF4FF6FF739842054615D001463046DB
S21402B44001F018FE554508D9E379DA060ED440F61F
S21402B4502243E3600020C1E74D46294608F1020078
S21402B46012F0FFF90120B9E74D46EDE74FF6FC78FA
S21402B470454512D103F00C030C2B1CD1DFB130462C
S21402B4804FF6FD7101F0F6FD40F61F412046E160E1
S21402B490FFF738FEFFF71AFFDCE74FF6FD739D4213
S21402B4A009D10023304619461A4602F02DFB4146C2
S21402B4B0304601F0DFFDE37943F00C03E37140F61A
S21402B4C02343C6E72C520020CF5A00206C5100209E
S21402B4D073B5044640880E460DF076FD023012F033
S21402B4E0BEF90CF02DFB18B1A11C201D0CF02DFB93
S21402B4F0E6B1E5790135EDB2E57115F0400514D0F7
S21402B500EBF7F6F80122054600212046FFF742FF38
S21402B51018B1394B1B882B449DB2384B1B78042B31
S21402B52001BF354B1B885B199DB225800022314630
S21402B5302046FFF72FFF20B360880DF045FDE27925
S21402B5402F4922F00C03E3710B7805460133DBB278
S21402B5500B70C3712B4BA61C1B780BB3E3799806B2
S21402B5601ED52949097871B159060CD592070AD514
S21402B57000220423114630460092FFF7B5F810B1B8
S21402B580E06002B070BD00220123114630460092F0
S21402B590FFF7AAF820B1E37943F00303E371EFE77C
S21402B5A030460CF0D0FA0028EAD16088FBF77EFD20
S21402B5B00328E6D8DFE800F0020D1D19E37943F010
S21402B5C00403E3711B06DCD5104B1A78104B1A7075
S21402B5D0D7E740F62443E360E37943F00803E371D8
S21402B5E02B7803F07F032B70CBE740F62543E3600E
S21402B5F0C7E740F62643FAE756640020245B00209D
S21402B600215B00201F5B002008650020C75A00202F
S21402B610E75B00202DE9F74F064612F031F85F4B44
S21402B6200546B3F8009018805D4BA0EB09041B7822
S21402B630A4B2A34298BF00234FF000084FF6FF774C
S21402B64088BF1B1B564A88BFDBB21370DFF864B193
S21402B650A9EB00030093534B5FFA88F219789142E4
S21402B6600ED80EB1FFF732FE4FF6FF739F4200F080
S21402B6708E8039464C4803B0BDE8F04F11F014BD39
S21402B680BBF80220002A3CD0484B9BF807201878CB
S21402B690BBF800A0042818D00020BAF1000F08BF9B
S21402B6A0A2462044504523D2BBF80010009B194402
S21402B6B0ABF80010002E4ED002F04802482A4AD1BB
S21402B6C000215846FFF704FF45E00192F6F790FF87
S21402B6D030F01003019ADFD1FAF702FD344B019ADB
S21402B6E0B3F800C08445D7D9ACEB000080B2D4E7EB
S21402B6F002F00C00042807D10022ABF800200BF160
S21402B700100B08F10108A6E7510602F0030C02F03E
S21402B71008000ED528B3BCF1030F25D1DEB1DBF845
S21402B7200C105846002908BF4FF44261FFF7EAFCA6
S21402B73011E040B3BCF1010F25D11206EED44FF44E
S21402B740C862ABF800209BF8072022F0030242F002
S21402B75002028BF80720BBF80020974228BF174644
S21402B760CDE703208445D9D213060ED50C4B1A78A2
S21402B7700AEB0200844208DA4A44521B0AEB020130
S21402B780ABF80010E7E70120ECE7012199E706484D
S21402B79003B0BDE8F04FF6F791BA00BF4A55002055
S21402B7A0E75B0020E85B0020A4630020245B002007
S21402B7B056640020443B0020F8B500250A4E0B4F85
S21402B7C03378ECB2A34204D8BDE8F8400848F5F74F
S21402B7D085BF07EB0414A01CF5F780FF201DF5F7C4
S21402B7E07DFF0135ECE700BFE85B0020443B00200C
S21402B7F04055002070B500240B4D0C4E2B78A3420A
S21402B80008D81B1BDBB22B706BB9BDE8704008482A
S21402B810F6F754BA06EB041040F621410134FFF75E
S21402B82071FCE4B2EAE770BDE85B0020443B00200E
S21402B830A46300202DE9F041002506462F46114C50
S21402B840DFF8448098F80020EBB29A4203D8BDE8AD
S21402B850F041FFF73BBD60880DF0B6FB023011F0F9
S21402B860FEFFB0420AD16088F8F74AFA00230E219A
S21402B8701846628803F086F92780678010340135FF
S21402B880E0E700BF443B0020E85B0020F8B5154E19
S21402B890DFF858E035789EF800E0134FAE454FEAE1
S21402B8A0051C07EB051419D0002503F4835343EA5D
S21402B8B01323A1712272E371608027F80C50A580D1
S21402B8C006F078FB40F60243E3603378608101338A
S21402B8D028463370FFF79EFE2846F8BD40F6034022
S21402B8E0FBE700BFE85B0020443B0020C964002061
S21402B8F02DE9F04F344B0D461C78174685B05CB9DF
S21402B900B1F90680DFF8C890DFF8C8A0DFF8C8B043
S21402B91099F80030A34202D805B0BDE8F08F0AEBD2
S21402B9200416B08800B9708801A90FF0ABFDAA7A98
S21402B9309DF80E309A4244D1B8F1000F0FDA297AF8
S21402B9409DF80C202B89914209D82048007808449B
S21402B950824236DA521A1B0A1341D90731D53846C3
S21402B9600FF07FFDBDF80A3004469A0602D5EB8832
S21402B9709B06D1D5F37903F00C03042B08D170880B
S21402B980F8F7BEF9002372881946184603F0FAF84B
S21402B99000213046FFF7B6FBFFF798FC384611F059
S21402B9A0B3FA844208D2337A01228BF80030294651
S21402B9B00023384603F044F8B8F1000FACDA00244E
S21402B9C0A6E70134E4B2A3E7E65B0020C8640020E1
S21402B9D0E85B0020443B0020F15B002008B511F034
S21402B9E04FFE074B1B88C01A80B2B0F5807F05D980
S21402B9F0BDE808400021034811F056BB08BD00BF51
S21402BA004A550020A46300202DE9F04788B004467A
S21402BA100D460FF031FC0146204606F04BF910F0B9
S21402BA20030340F0848010F00C0F06D1294620460E
S21402BA3008B0BDE8F047FFF771BC20460DF0B7F935
S21402BA40C10659D420460FF017FC0146204606F0E0
S21402BA5031F9074620460DF0B7FA0646023011F0D5
S21402BA60FEFE05A98046204607F00C0796F806A0BB
S21402BA700FF008FD73780C2F0CBF03270627012151
S21402BA8013F0010F204618BF032711F059FA2B4B6B
S21402BA9081461B78033B012B1DD9BAF1010F1AD937
S21402BAA04FF6F773984502D8337A1F2B13D9301DF9
S21402BAB011F0D5FEF17982460DF08CFE0646504610
S21402BAC0F7F726FDDEB173685A1C04D0834340F6AE
S21402BAD0284308BF1D461A4B1B88A34212D1B5FA4B
S21402BAE085F04009FAF7A6FD20460DF08EF90022F1
S21402BAF00146072011F07AFE08B0BDE8F08740F64E
S21402BB002845E8E706F056FA8246484611F0FCF960
S21402BB100646484611F0DCF9F6B20290424639462D
S21402BB202846CDE900A605AB0BF082FBDCE7012B2D
S21402BB30E2D110F00C0FDFD178E700BF245B0020C3
S21402BB4040550020002210B5094B1C78094BD1B293
S21402BB508C4201D8002010BD197A814202D199790F
S21402BB60022902D010330132F1E70120F3E700BFC9
S21402BB70E85B0020443B00200146002210B5084B3B
S21402BB801C78084BD0B2844201D8002010BD187A27
S21402BB90884202D198790128F8D010330132F1E7B1
S21402BBA0E85B0020443B0020002210B40A4B1C78BD
S21402BBB00A4BD1B28C4203D85DF8044BFFF786BB22
S21402BBC0197A814205D19979012902BF002119808B
S21402BBD0598010330132ECE7E85B0020443B00203A
S21402BBE0044B1B6813F0300F03D0202130200EF0D8
S21402BBF0EBBC7047BC3F0020002310B50446084942
S21402BC001A4601EA00414FF07F60FEF751FFE30754
S21402BC1003D5002130200EF0D7FC002010BD00BF57
S21402BC2000007207044B5B8823F4784323F08D03ED
S21402BC3003800020704700BFBC3F002008B50022EA
S21402BC400346C3F80220C3F806200B4A02301268E5
S21402BC50D1B212F0200F18BF41F0100119809307DD
S21402BC6001D4FEF79DFF054B1B78023B032B8CBFCE
S21402BC701720002008BD00BFBC3F0020235B002029
S21402BC8038B505460C46FDF72FFB98B10E4B1878D3
S21402BC9078B10E4B1B681A040FD58CB113F0420F05
S21402BCA000D17DB103F44073B3F5407F0CBF002092
S21402BCB0232038BD40F60840FBE740F60B40F8E785
S21402BCC02046F6E72320F4E71F5B0020BC3F002057
S21402BCD0F0B504468DB007A80D4616460BF0B7FB26
S21402BCE01022002103A8EDF729FE5CB1234603AC1F
S21402BCF003F11007224618685968083303C2BB428C
S21402BD001446F7D1012703A986EA070307A88DF888
S21402BD101C708DF81D300BF002FD80EA070401A8A6
S21402BD20E4B2EBF727FAB6B101A88DF80650EBF7A6
S21402BD304DFA64B1002303A907A88DF81D300BF055
S21402BD40FDFC0C4B1B78432B01D1F7F7CFFC0A4BBB
S21402BD501D700DB0F0BD01A88DF80750EBF736FA4E
S21402BD60002CF6D003A907A88DF81D700BF0E6FC90
S21402BD70EFE700BF235B00201E5B0020F0B5012525
S21402BD8093B007460DA80C460BF061FB05A90DA85B
S21402BD90ADF834500BF0EDFC01A8EBF7EBF909A96E
S21402BDA00DA88DF835509DF806600BF0E2FC0DA844
S21402BDB09DF807500BF073FC70BB731BDBB2802B35
S21402BDC028D91FB1A64225D0A54223D105A90DA880
S21402BDD00BF0B4FC03A8EBF7CDF903A88DF80F60BF
S21402BDE0EBF7F4F90122294609A8FFF771FFF7F7E6
S21402BDF033FD01214FF4007003F0E6FDFDF75CFA17
S21402BE00B0F1004F01D9FDF75DFA044B18780BF03C
S21402BE1075FA012013B0F0BD0020FBE71E5B002080
S21402BE2070B50E46144605460320FFF765F946F040
S21402BE300402294620460BF0DBFC0022014B1A6066
S21402BE4070BD00BFB83F0020F0B587B00788054632
S21402BE501022002102A8EDF771FD3E4B1B78002B45
S21402BE6076D1BC055ED407F08403842B63D000220F
S21402BE70394C11461046FFF72BFF17F4045F276074
S21402BE8005F102061CD0B9040AD5304605F0A4F91D
S21402BE9000284ED1236823F4005343F480732360B2
S21402BEA030460EF01FFC002842D10BF0CCFA18B92F
S21402BEB0236843F480332360236843F0200323601F
S21402BEC022680DF1060042F400432360FFF7AAFE43
S21402BED012F4805FBDF8063031D043F02003ADF88F
S21402BEE006302168334611F0400218BF05F12302DE
S21402BEF04FF07F60FEF7DCFDBDF80630DA0703D5AB
S21402BF00002130200EF060FB23689B0506D5012237
S21402BF1095F8221005F11200FFF7DAFE00200F4B0B
S21402BF20186006E005F112000EF0DCFB00289AD03D
S21402BF30292007B0F0BDB80799D52320F9E723F0EA
S21402BF402003ADF80630FDF7BDF9FEF7BBFBC8E7E8
S21402BF500220EEE7235B0020BC3F0020B83F002013
S21402BF6008B5054B1B7833B1FFF73AFEBDE808402B
S21402BF700248FEF731BE08BD1F5B0020A65B00200C
S21402BF8010B5154B1B78D3B1144B1B78033B012B12
S21402BF9015D900200EF069FE044698B1EAF7D8FBE0
S21402BFA0237913F0300F0AD148B1012803F0CF02EB
S21402BFB006D0811E4B424B415B011343237110BDD9
S21402BFC01023FAE7F7F7DAF80028F8D021462046D9
S21402BFD0BDE8104004F096B81F5B0020245B0020EA
S21402BFE008B50DF091F9054B18B91868C0F3800032
S21402BFF008BD1868C0F30050FAE700BFBC3F002037
S21402C0002DE9F04F064689461046002189B01546AE
S21402C010984605F04FFE102807460AD86A4B034199
S21402C020DB0706D4C8F340049DB9002009B0BDE87A
S21402C030F08F664B1C78002CF6D0FFF7D1FF002855
S21402C0400CBF4FF4F0744FF4D074FC4004F00104BB
S21402C050EAE74FF0000A18F0010F53465246294607
S21402C0604FF00500CDF800A00CBF4FF0080B4FF4C0
S21402C070027B09F020F80028D7D0C8233246009366
S21402C08059465346284605F03DFEADF80E000028F8
S21402C090CBD018F0080A4AD14FF6F773A7F10F0271
S21402C0A0D2B29E428CBF09230123012A01D843F053
S21402C0B04003474A8DF810301378591C11708DF8DA
S21402C0C01130002C4FD09DF81030052F43F020037E
S21402C0D08DF8103033D03F4B1D78002D5AD04FF6D6
S21402C0E0F77300259E424FF00F0248D9012304A998
S21402C0F00DF10E00F5F736FD002896D1002C4DD135
S21402C100BAF1000133463A4618BF0121BDF80E00C7
S21402C110CDF800900BF01EFDADF80E00002884D07E
S21402C12018F0040F4DD031460DF023FD7EE7494648
S21402C1300DF10E0005F02AF80028ADD175E70121B1
S21402C140BDF80E0010F0FCFE012105F0B3FD012340
S21402C150834013F0620F1CD11E4B1B78E3B14FF6DF
S21402C160F7731825BEE71B4B25461B780222002BC9
S21402C170BCD04FF6F7739E42B8D8052FB6D0BAF1A8
S21402C180000FB3D19DF8103043F040038DF8103005
S21402C190ACE710250F22A9E71825FBE7BAF1000F36
S21402C1A00AD002234A46009029460DF10E00FEF7F9
S21402C1B09BFA0028A4D038E741235246CDF800A0C7
S21402C1C0F2E70DF0C0FC31E79FFEFEFF1F5B00208A
S21402C1D0205B0020115B00202DE9DF431E46144B36
S21402C1E080461B680F469B0791460A9C1BD4204636
S21402C1F014B10BF097FCC0B20622CDE902403B46D2
S21402C2000020CDE900890B490EF0B6FF024650B178
S21402C2100021002E0CBF01230323084604B0BDE80C
S21402C220D043FFF7EDBE002004B0BDE8D08300BFC8
S21402C230BC3F0020767004002DE9F04F8DB0814699
S21402C2408A461F4693469DF85C803AB903A8FEF7D5
S21402C250A7FCB0BB00200DB0BDE8F08F154600224B
S21402C260232110460CF0CBFEADF80A000028F1D0D0
S21402C27010F02EFE0523044618F0100F00F8023BBD
S21402C280677020D011220021EDF758FB04F1130647
S21402C290032F4FF0080237D159463046EDF7F8F92A
S21402C2A0C8F3801306F1090533720BF037FC002839
S21402C2B03ED000232B706B700123033505F8013C3A
S21402C2C036E003ADCBE7012610221699EDF7E0F92A
S21402C2D006FA07F313F0620F02D104F11206D7E74B
S21402C2E007A80BF0B4F805A88DF81C60EAF742FF21
S21402C2F09DF8162018F0200F9DF8173008BF134639
S21402C30004F11306A374C3E751463046EDF7C0F9AD
S21402C310012306F10802121B28460093BDF80A10F4
S21402C320082392B211F09DFB042F06F11005BCD033
S21402C3302D1BA9B20DF10A000EF086FE002889D147
S21402C34018F0040F0BD0484610F0E2FFFF281FBF7C
S21402C350074A32F8103023F4804322F8103043465E
S21402C36051464846BDF80A20FFF74AFE73E700BF6B
S21402C370D454002070B5032690B08DF807600CF0F8
S21402C380C3FF18B90224204610B070BDF5F78AFD27
S21402C3900028F7D002AD2846FEF702FC0028F1D0AE
S21402C3A01B4B1C6814F00204ECD140F20F43194AEE
S21402C3B0ADF82430136804A8CDF826305368CDF8BB
S21402C3C02A300BF044F895E8030005AB83E8030037
S21402C3D0062304A88DF81D308DF81060EAF76CFE6F
S21402C3E001210DF12E020DF10700EAF7BFFD2246EC
S21402C3F01A2109A80CF003FE024608B91924C2E75E
S21402C400012329462046FFF7FBFD0028BBD1F5E7AE
S21402C410BC3F0020A65B00202DE9F04F06460F46E3
S21402C420002199B01F2210A803930F91EDF786FA08
S21402C43030460EF021FF0146304605F03BFC8DF8F3
S21402C4401B0030460CF0C0FD9DF81B304578814637
S21402C450C5F340059806304648BF45F002050FF082
S21402C46000F80446304610F04FFD0023001B5FFA2A
S21402C47080FA00935346232B28BF232322463146B5
S21402C4800FA811F0EEFA002840D19E4B9DF83C8092
S21402C4901B789DF83DB0002B3BD0FFF7A1FD00288E
S21402C4A00CBF4FF4F0734FF4D07323FA08F3D90796
S21402C4B02FD5AA072DD4B8F1080F24D1BBF1040F4B
S21402C4C024D1FAF797FD08BB012322460093314692
S21402C4D005200DF11B0308F0CBFDB8B1A8F1050845
S21402C4E0B8F10D0F12D8DFE818F02800A001C70136
S21402C4F0EC01F5011100110011001100FB019D0273
S21402C500A902D702D702B8F1050F08D019B0BDE8C4
S21402C510F08FB8F1100F05D1039B002BF6D0FAF777
S21402C52069FDD1E7FAF766FD0028CDD0B8F1050F10
S21402C530CAD0B8F1110FC7D0E8E7BBF1050FE5D8AE
S21402C54030460CF0A4FC059009F1020011F087F9C0
S21402C55081460DF11E00FFF765FB01239DF83D7035
S21402C560BB4013F06203039305D0BDF81E309B0751
S21402C57001D5AE07CAD50CF0C7FE0028C6D0FAF71A
S21402C58039FD08B9002DC1D00DF13E0A50460EF015
S21402C590A9F8039B0490BBB1032F9DF84EB01AD1A5
S21402C5A00DF14F040CF0B0FE814540F01781032DCB
S21402C5B0ACD19DF856105246003918BF01210DF134
S21402C5C04E000BF0D4FAA1E7032FDDF80CB07BD1B6
S21402C5D00DF14E04E6E74C4B1B689C0729D5FF225B
S21402C5E008210DF157000CF021FE804608BB0346D9
S21402C5F001460DF157020220FEF75AFA0CF084FEAD
S21402C60081450DF157060DF14F0422D04FF6F77310
S21402C610994540F2E8800022082120460CF006FEEA
S21402C620002800F0E080002259465046FFF750FBF3
S21402C6306CE70DF157060DF14F0430460DF0ECFF96
S21402C640002846D00CF060FE814540F0C8804FF0CE
S21402C65000082046F6F70EF9002800F0C080012FE9
S21402C66058D0042F7FF452AF0DF0F9FF10B1032D0E
S21402C6707FF44CAF049B002B7FF448AF3246022176
S21402C6805046FFF7CDFB214B1B7863B1FFF772FED6
S21402C690FEF72CFD022806D10120FEF721FD01211E
S21402C6A00846FEF799FB1A4B1B78022B1FD1032173
S21402C6B030460AF025FEFEF719FD014600287FF4F3
S21402C6C025AFFEF789FB21E70DF156060DF14E0464
S21402C6D0B3E70F4B1B78432B7FF418AF012F7FF481
S21402C6E015AF0CF011FE814579D1B846B1E7412B62
S21402C6F07FF40CAF044B1B6858057FF507AFF8F7BD
S21402C70061FC03E71F5B0020BC3F0020D85B0020D3
S21402C710235B0020B64C2378022B22D02378412BB1
S21402C7203FF4F4AE049B33B9FAF764FC594602466A
S21402C7305046FFF7CDFAFAF75DFC00283FF4E6AE66
S21402C7400DF08DFFAB4F98B13B681A0502D42378E3
S21402C750432B0DD1AB070BD440F61A40F7F7E0FB9C
S21402C760D4E60DF07CFF0028D8D0A907D6D4CDE6B3
S21402C770386810F0020002D1059903F0C3FC237852
S21402C780112B16D13B685F0513D50020FEF73AFB46
S21402C790044600287FF4BAAE0DF08EF840F61C4030
S21402C7A0F7F7BEFB21462046FEF716FBF7F7C4FB5B
S21402C7B0ACE6AC0701D5FFF713FAB8F1000F9ED02E
S21402C7C00AF041FE18B94FF480310DF0FDFE00224A
S21402C7D0894B30461A600DF016FF90E70026039B41
S21402C7E0002B7FF413AF4FF6FF73204608A9ADF86F
S21402C7F02030F5F791FF20B120460CF060FDADF831
S21402C80020004FF6FF73BDF8200098423FF47EAE3C
S21402C810049B3246002B0CBF042315232146CDE988
S21402C82000A33B46FFF708FD70E60CF06DFD0028FE
S21402C8307FF46CAE714B1B78002B3FF467AEA807F3
S21402C84004D46C4B1B6899013FF560AEBAF10C0F2D
S21402C8500DF1450094BF002412AC11F000F8024618
S21402C8609DF8470003283FF651AE394600940DF175
S21402C8703D0304F00BFA49E60DF13D00F5F7FAFF29
S21402C88028B1022239460020FAF740F83EE65C4B11
S21402C8901B78013B012B3FF639AE0DF13D0002F04D
S21402C8A075FD4FF6FF739842044606D10DF13D0022
S21402C8B00CF005FDA0423FF429AE0021FAF736F946
S21402C8C024E6EA077FF522AE2A4638460FA904F088
S21402C8D0DBFA1BE69DF83D100120FFF74FFA15E63E
S21402C8E0474B1B78013B012B3FF610AEEB077FF55B
S21402C8F00DAE0DF13D0002F049FD4FF6FF73984272
S21402C9000546804640F080800DF13D000CF0D7FCD5
S21402C91040450546074677D10DF13D00F6F71CFC6B
S21402C920B84205463FF4F2AD304610F0EDFA00226A
S21402C9300934E4B2071BFFB2394610460CF05FFB1F
S21402C940ADF81C0000283FF4E1AD4FF001090023CA
S21402C9502A460821CDF8009005F0D4F9ADF81E005D
S21402C96000283FF4D3AD214630460EF051FD4FF07D
S21402C970000A80461622514609A8CDF820A0ECF7F8
S21402C980DDFF434622463146CDF800A008A811F046
S21402C99068F84B46424608A90DF11E00F5F7E2F884
S21402C9A000287FF4B3ADA7EB0807FFB2394607A805
S21402C9B00EF04AFB284610F0ABFCFF2818BF114ABF
S21402C9C0444418BF32F81030E4B21CBF23F480434C
S21402C9D022F81030BDF81C0023463246002100978C
S21402C9E00EF05AFB2946BDF81E000DF0C2F88DE582
S21402C9F0235B0020BC3F0020B83F00201F5B0020C6
S21402CA00245B0020D4540020284610F081FCFF2826
S21402CA10074689D0F6F7C6FD002885D0384603F0CB
S21402CA2099F881E71E4B1B78013B012B3FF66EAD52
S21402CA302A4638460FA9FCF7C9F967E5194B1B7851
S21402CA40022B20D1002F7FF461AD08A8FEF7A8F8CC
S21402CA5000283FF45BAD144B1F709DF83D30002B51
S21402CA6014BF64246524FEF741FB032806D138462A
S21402CA703946FEF7B1F93846FEF73EFB214608A8CE
S21402CA800AF03EFC42E5043B012BDBD938460BF0AC
S21402CA9057F80028D6D139E530460BF053F835E57D
S21402CAA0245B0020235B0020D85B00202DE9F341A5
S21402CAB005460E46174698460DF0D1FD044640B18F
S21402CAC001233A4631462846CDF80080FFF784FB1C
S21402CAD004460DF0C4FD30B1FFF782FA78B10A4B76
S21402CAE01B689B010BD400233A4631462846CDF8F4
S21402CAF00080FFF771FB002C0CBF0446012404F0F3
S21402CB00010002B0BDE8F081BC3F002070B58AB0DB
S21402CB1005A80AF09CFC022301AA15468DF81430DB
S21402CB20084B03F11006144618685968083303C404
S21402CB30B3422246F7D1294605A80AF0F0FD0AB00C
S21402CB4070BD00BFA7BB0400014B1878704700BF3A
S21402CB5009650020014B1888704700BF80640020DA
S21402CB604FF6FF732DE9F043994280460D4685B095
S21402CB700BD000274FF6FD791C4EE9F7BFFDFCB23D
S21402CB80A0420BD84FF6FF701DE0F5F773FE0028A3
S21402CB90EFD005B0BDE8F0430CF0B6BB36F8143063
S21402CBA04B4517D8694620460DF0A0FD082241469F
S21402CBB00DF10500ECF714FF4FF6FF7360B99D42C6
S21402CBC004D136F8140005B0BDE8F08326F81450F8
S21402CBD00DF055FD0137D0E79D42FBD036F81430F4
S21402CBE0AB4208BF26F81490F4E700BF2C52002090
S21402CBF02DE9FF4706460F4600254FF6FD79DFF87A
S21402CC003C80DFF83CA0E9F779FDECB2A04202D8FE
S21402CC1004B0BDE8F08738F814304B450CD86946A6
S21402CC2020460DF063FD082231460DF10500ECF7B3
S21402CC30D7FE08B90AF804700135E4E72C52002042
S21402CC40CF5A0020014B33F8100070472C520020B8
S21402CC50F0B5064600250D4F85B0E9F74FFDECB25C
S21402CC60A04201D805B0F0BD37F81430B3420BD15C
S21402CC70694620460DF076FD9DF80030022B1CBF5B
S21402CC804FF6FD7327F814300135E6E72C520020E4
S21402CC9030B585B004460D46E9F730FDA0420FD9FF
S21402CCA0084B33F814204FF6FD739A4208D86946AB
S21402CCB020460DF057FD29460DF10500FFF750FFFF
S21402CCC005B030BD2C52002030B585B00446E9F7D9
S21402CCD015FDA04219D92046FEF734FF0546B0B925
S21402CCE0694620460DF002FD9DF800302BB16946DC
S21402CCF020468DF800500DF017FD4FF6FF7200200B
S21402CD00044B23F8142005B030BD2820FBE740F67C
S21402CD100440F8E72C5200202DE9F0410B78054636
S21402CD200E461BB9BDE8F041FFF7CEBFE9F7E6FCB9
S21402CD30A84231D92846FEF705FF78BB374617F8D2
S21402CD40058B4FF6FF713846FFF70AFF0446384652
S21402CD5000F01EFAB0FA80F04009B8F1000F15D0C4
S21402CD60B8F1030F15D04FF6FF724FF6FD739442DB
S21402CD7008BF1C460B4B314623F815400A4B585544
S21402CD8028460DF0D1FC0020BDE8F0814FF6FF7476
S21402CD90F0E74FF6FE74EDE72820F5E740F604408C
S21402CDA0F2E700BF2C520020CF5A00202DE9FF41A7
S21402CDB00D4604464FF6FE780F4F0E0AE9F79EFC24
S21402CDC0A04204D8FF24204604B0BDE8F08137F81C
S21402CDD0143043450CD1694620460DF087FC9DF879
S21402CDE00520EBB29A4203D19DF80630B342EAD050
S21402CDF00134E4B2E2E700BF2C5200202DE9F04FE6
S21402CE000C461746984600254FF6FD7B87B09DF8E0
S21402CE1040A0DFF85C900190E9F770FCEEB2B042F9
S21402CE2001D8FF2616E039F816205A451ED8304695
S21402CE3002A90DF05BFC3FB99DF80920424515D1C9
S21402CE409DF80C20524511D144B939F81620019BA1
S21402CE509A420BD1304607B0BDE8F08F0822204632
S21402CE600DF10D01ECF7BCFD0028F3D00135D3E738
S21402CE702C52002010B514460DF038FC2046BDE8B2
S21402CE80104008220149ECF703BC00BFA65B002055
S21402CE902DE9FF47074615460846082224491E463E
S21402CEA0ECF79EFD044600283FD14FF6FF7ADFF8E6
S21402CEB08490E9F723FC5FFA84F880450BD385B3A8
S21402CEC0384608F0B7F901250C9B1870012035701A
S21402CED004B0BDE8F08739F8183053451FD06946CC
S21402CEE040460DF003FC7A789DF801309A4216D13E
S21402CEF07A88BDF802309A4211D13A799DF8043008
S21402CF009A420CD108220DF10501781DECF768FD56
S21402CF1028B9002DD7D1404608F0A7F9D3E7013447
S21402CF20C7E7FF2008F0A1F9CEE70020D0E700BF50
S21402CF30A65B00202C520020F0B50025154E164F99
S21402CF4085B0E9F7DBFBECB2A04201D805B0F0BD34
S21402CF50694620460DF0CAFB9DF80030032B06D921
S21402CF600023694620468DF800300DF0DDFB9DF863
S21402CF70002062B14FF6FD734FF6FE71032A08BF1A
S21402CF800B4626F81430002301353B55D9E74FF6F9
S21402CF90FF73F6E72C520020CF5A0020F8B50E4653
S21402CFA004464FF6FF770C4B0C4D1B7803EB4303FE
S21402CFB005EB8305A54202D800242046F8BD238847
S21402CFC0BB4206D008223146A01CECF709FD002819
S21402CFD0F3D00C34EEE700BFCA6400206C51002088
S21402CFE0044BFF211A78044802EB42029200ECF747
S21402CFF0A5BC00BFCA6400206C510020F8B50446E8
S21402D0000C4B0D461B781046A3420DD90C27022165
S21402D01017FB04117C43084E08223144ECF738FB18
S21402D020335B00202B80F8BD0023136053604FF65D
S21402D030FF73F6E7CA6400206C51002038B5044638
S21402D0404FF6FD75FFF704FE0022084B1878084BD2
S21402D050D1B2884200D838BD33F80C1C0132A14246
S21402D06008BF23F80C5C0C33F2E700BFCA6400204A
S21402D0707851002070B505460E460846FFF7DEFFDB
S21402D08031462846FFF76CFD29460648FFF786FF1D
S21402D09000B970BD044624F80C6B0DF0F0FA294670
S21402D0A02046F3E76C51002010B5082286B02349CB
S21402D0B00446ECF795FC20B906B0BDE810400CF02B
S21402D0C023B9082220461E49ECF78AFC20B91D4BDC
S21402D0D0B3F8680006B010BD0023012221464FF6C1
S21402D0E0FF700093FFF78AFEFF2806D0164B33F830
S21402D0F010004FF6FB739842ECD903A8FEF79EFD8C
S21402D10058B9BDF80C305B0607D5082221460DF14A
S21402D1100E00ECF765FC0028DCD021460B48FFF732
S21402D1203DFF40B14FF6FB724FF6FF730088904208
S21402D13088BF1846CEE74FF6FF70CBE7A65B002007
S21402D140A64D00203C4D00202C5200206C510020A1
S21402D15070B5002204464FF6FB7608460A4B1D7849
S21402D1600A4BD1B28D4201D8002009E01988B1429B
S21402D17007D8A14205D10822991CECF789FA0120AA
S21402D18070BD0C330132ECE7CA6400206C510020FB
S21402D19037B5014605460E48FFF700FF044640B184
S21402D1A0807A29460DF002FB80F00100C0B203B07F
S21402D1B030BD03460090012229464FF6FF70FFF766
S21402D1C01DFEFF2816BF034B2046185CE9E700BF8A
S21402D1D06C510020CF5A00202DE9F341224B044621
S21402D1E01B780F468342154638D9FEF7C5FCB8BBF6
S21402D1F04FF6FD739D421D4E0ED004EB440326F8F7
S21402D20023504FF6FF739D421FD12046FEF7CCFCFB
S21402D210002002B0BDE8F0810DF106013846F5F7B0
S21402D2207BFA4FF6FF72BDF806303846934218BFB7
S21402D2301D460C236343F55206EB0308FFF7A8FFCF
S21402D240B0FA80F0400988F80A000C2303FB046059
S21402D250082239460230ECF71BFAD9E72820D8E72D
S21402D26040F60540D5E700BFCA6400206C51002096
S21402D27038B504460D46FFF7BBFC21460448FFF7C7
S21402D2808DFE00B938BD857221460C30F7E700BF27
S21402D2906C5100200023074A1370074A1370074A8E
S21402D2A0118801B11380064B1A880AB100221A802F
S21402D2B0704700BFEA5B0020E95B00205055002063
S21402D2C04E5500202DE9F04F4C4C9846238889B0E5
S21402D2D005900F4610469DF848A05BB952B10DF076
S21402D2E0CCFE20804FF4FA61454809B0BDE8F04F05
S21402D2F00FF0DABEDFF81C91B9F80050002D69D0A5
S21402D30028460FF001FEC0F3470428460FF0E0FD62
S21402D310DFF804A10294BAF80030DFF800B10193F6
S21402D320BBF80030054600930022434601203549EB
S21402D3300DF022FFADF81E0010B305EB44080124E1
S21402D340454512D1E4B9BDF81E50CDB12E4B1B781F
S21402D3502BBB2B4600223946059800F043FA0023E1
S21402D360ABF80030AAF800300AE0012329461A4634
S21402D3700DF11E00F4F7F6FB023504460028DFD056
S21402D3800023224AA9F800301378013BDBB213705F
S21402D390002BA7D109B0BDE8F04FFFF77BBF0BF01B
S21402D3A07CFF0146284604F085FC0A218046284672
S21402D3B004F080FC0646A64202D8FF2CCFD1C8E76E
S21402D3C0284604F10B0104F075FC8045C1D80134EF
S21402D3D0E4B2F0E70E4C237823B910F049F808B906
S21402D3E001232370524641460520F5F757FC0028D4
S21402D3F0D0D1207009B0BDE8F08F00BF5055002094
S21402D400C46300207C700400EB5B0020EA5B002013
S21402D410E95B00204E550020E8540020EA54002024
S21402D42030B5154D87B02C889CB923464FF4A072B0
S21402D43048F2380103A80DF09CFA21462046F9F777
S21402D440F3FB22460D4B009403A9FFF73BFF07B000
S21402D45030BD20460BF0B8FD043010F000FA03A9E8
S21402D460044628880EF00EF80023009320462A88E9
S21402D47003A900F065FBEAE75055002000F8FF0715
S21402D48037B5002001A9F9F7CFFB0D4C01462378EA
S21402D4900C4D7BB10C4B019A1878F9F7DBFB207820
S21402D4A0F7F716F9002323702B700848F4F706FCEA
S21402D4B003B030BD2B78002BF7D0FFF7B1FFF4E7AF
S21402D4C0ED5B0020EA5B0020EC5B0020C4630020DA
S21402D4D008B50548F4F702F90448F4F7FFF8BDE882
S21402D4E008400348F4F7FAB8505500204E5500207D
S21402D4F04C5500202DE9F04F89B089460446CDE907
S21402D50005239DF84870139E30B316F801ABBAF1A6
S21402D510000F23D00AF1FF34A400E4B23146012002
S21402D5200AF056FBC00E1BD1DFF838B13146012097
S21402D5300AF04EFB9BF8005034442279BDB1002F0E
S21402D54047D180234846CDE90277CDE900773E4AA7
S21402D550059900F047F93CE08246DFE75446DDE7EE
S21402D5601B28ECD9314601200AF032FBE7E7DFF848
S21402D570F880FF2A00EA08080BD14246E379A1792F
S21402D580607901EB032189B209B0BDE8F04FF9F7E3
S21402D59061BB2E4909688B070AD5FE2A35D10123BD
S21402D5A00135EDB2202D4FEA43030AD1FF250AE0EA
S21402D5B0294628460792F9F737FB4845BFD1079A0E
S21402D5C0EBE79845ECD1224B1B78FF2B04D0AB42FD
S21402D5D004D009B0BDE8F08FFF2DFAD0294600200E
S21402D5E0F3F774F80028F4D09BF800306479002B27
S21402D5F0EFD1FFF74FFE17484FF410510FF054FDCE
S21402D600154B8BF800501C70E3E7052A97D8BAF141
S21402D610010F94D8B8F1000F91D0002FD9D17379A9
S21402D620002BD6D00D49098821B9082B28BF08231C
S21402D6300B490B70434648461292DDE9051209B0C3
S21402D640BDE8F04FFFF73EBE7C700400BC3F0020F2
S21402D6500A650020C4630020EC5B002050550020C1
S21402D660EA5B0020ED5B002000F8FF07014B188004
S21402D670FFF7D6BE4E55002037B5184B1B78022B47
S21402D68003D01725284603B030BD00210DF1070050
S21402D690F4F798FC05460028F3D1114B1B78013BA2
S21402D6A0012B01D90225EDE7F4F7F6FB0028F9D0A5
S21402D6B009F06EFD0446F4F7EFFB0A4B4FF47A715D
S21402D6C018700B23B4FBF3F203FB12440A34A4B221
S21402D6D0614305480FF0E8FCD4E700BF235B002057
S21402D6E0245B0020145B0020E83E00202DE9F04376
S21402D6F0384B00241E784FF4F813374FA5B0039327
S21402D7003D78ADF81040F7F78FF8BDF90E30ADF85A
S21402D7101200A342ADF8144006DB304B1C780134ED
S21402D720E4B21C7044F080048DF82C40A946022412
S21402D7304FF000088DF82D60B14529D3002221460E
S21402D7400BA83D708DF82D800BF059FCE8B1B8F1AE
S21402D750000F09D000234FF6FC71CDE9000303AA9F
S21402D760FF230620FBF7EAFFB5422FD209F010FD91
S21402D7700B23B0FBF3F24FF47A7102FB13000A306C
S21402D78080B2414316480FF08FFC25B0BDE8F08307
S21402D790484606A902F004FA98B9512C11D804F1A9
S21402D7A090030DEB0302083406AB013508F10108BD
S21402D7B003CBE4B242F8640C42F8601CEDB25FFAA6
S21402D7C088F809F101095FFA89F9B5E70448F4F720
S21402D7D075FADAE7145B0020155B0020EF5B002089
S21402D7E0E83E00200CB42DE9F04F8BB014AA0E468A
S21402D7F052F8041B07460992002940F08F80BDF8B4
S21402D8005400ADF82200002800F0A18033794FF6CC
S21402D810F778002B40F0868047458CBF4FF009080A
S21402D8204FF008084C4B1C78FF2C40F08380B6F96A
S21402D8300230002BA9BF494B347A1C780134A2BFB0
S21402D840E4B21C7044F08004DFF81CB122460021CA
S21402D85004F044FA9BF80030BDF82200002B6CD08E
S21402D860DFF808A14FF00009BAF8003007930FF06E
S21402D8704BFB0546BDF822000FF02AFBEBB2CDE9C2
S21402D8800193FF23CDE90309009322463346394626
S21402D8900798FCF7F1F84FF6FF7305468BF80090F1
S21402D8A0AAF80030382D33D13246394640460DF1BB
S21402D8B022030AF04DF900284BD04FF6F7739F4229
S21402D8C026D8B6F902307088002B21DA48F2040214
S21402D8D02349244B4FF00008904214BF89469946CC
S21402D8E00BF012FD494603468A220120CDF800803D
S21402D8F00DF042FC814658B12246414604F0EEF94C
S21402D900FF23324639464046CDE90098FBF716FF1C
S21402D91028460BB0BDE8F04F02B0704701200DF06C
S21402D92008FC6EE7002347458CBF4FF00608984672
S21402D930337177E7FF221A7086E7CDE90003324695
S21402D940FF2339464046FBF7F9FE0546AAE71925A6
S21402D950DEE70546DCE700BF0C650020EF5B002033
S21402D9608D70040082700400EE5B00205255002089
S21402D97070B54FF4003300240546164688B0ADF85D
S21402D9801A100DF10F0204A90593ADF81840ADF870
S21402D9901C4004948DF80F400AF0B1F89DF80F3041
S21402D9A028460193049B044A009305A93346FFF7D1
S21402D9B019FF08B070BD00BF8670040030B54FF482
S21402D9C08035002487B00395BDF82850CDE90012B3
S21402D9D08DF81030074A034603A9BDF82C008DF8CF
S21402D9E01140ADF81250ADF81440FFF7FBFE07B039
S21402D9F030BD00BF92700400B1F1006F2DE9F04314
S21402DA0014462CBF392238228BB01D464FF0000335
S21402DA10ADF81E204FF480022CBF4FF00109994644
S21402DA20FF2C0646ADF81C300892ADF824304FEABB
S21402DA3011471FFA81F80FD10BF0FCFFB9F1000F66
S21402DA4019D1154ACDE9020543463046CDE90074A0
S21402DA5007A9FFF7C7FE1AE0FE2C0AD10BF0EAFF71
S21402DA600130C0B20BF0F1FFB9F1000F12D00B4A31
S21402DA7002E0E8B2F8E70A4ACDE903050123304698
S21402DA80CDE90174CDF8008007A9FFF7ABFE0BB015
S21402DA90BDE8F083034AD5E78A700400907004005C
S21402DAA089700400917004004FF498124FF080635E
S21402DAB010B586B0CDE903230023ADF814300BF081
S21402DAC023FC0446F6F7B0FE054B01900093054A88
S21402DAD0234603A94FF6FD70FFF784FE06B010BD7D
S21402DAE0A65B00209670040008B5064B1B78022B36
S21402DAF002D0043B012B03D8FFF7D6FF002008BD57
S21402DB000220FCE7235B002030B500244FF480653A
S21402DB1087B0CDE900128DF81030084A034603A9F3
S21402DB204FF6FD708DF811400394ADF81250ADF823
S21402DB301440FFF757FE07B030BD00BF9A700400CE
S21402DB402DE9F04F9BB00E4605460EA91046CDE9CC
S21402DB500A329DF890700CF064FEBDF838A080463C
S21402DB6050460FF0D1F9B6F902300446002BB6F84B
S21402DB700690B6F802B004DA0022B24B1A70002001
S21402DB8049E050460FF0C0F94045F5D3A4EB08042F
S21402DB90E3B2002F18BF4FF4A079152B099328BFC4
S21402DBA015230024013308F1FF325146DBB292B24C
S21402DBB0009414A80FF055FF6FEA4B436FEA5343E5
S21402DBC0A1499DF8502008684968ADF846300FAB69
S21402DBD003C3ADF84840ADF84440ADF84A90ADF8FE
S21402DBE04C20BBF1000F24D10DF15100F4F742FE98
S21402DBF0A0B10BF089FB5C4606460DF1590A0DF101
S21402DC0051030A9A9AF80080012A2DD157B384F05C
S21402DC10010404F001001BB0BDE8F08F0DF15100C5
S21402DC2001F0B4FB4FF6FF74011B4C4206464C4112
S21402DC30E3E7BBF1010F40F09480BDF851600BF0B2
S21402DC4063FB86420AD030460FA90CF0C0FE80F075
S21402DC500104E4B20DF1530A0FABD2E77B4B0DF190
S21402DC60530ACEE70A9CD4E797B3002C75D1B8F1D5
S21402DC70010F72D837D10BF047FB0BF045FB22465B
S21402DC8006469AF80170714B00210120CDE9006129
S21402DC9002976F490DF070FAADF83A0000285CD092
S21402DCA0002C53D1B8F1010F50D12646DFF8B8A1A7
S21402DCB09AF800305FFA84F8434538D940460FF0A8
S21402DCC07FFBC20702D5BFB1013FFFB20134EFE7C7
S21402DCD0B8F1010F05D1002CCDD081229AF801703F
S21402DCE0D2E7002CF9D1B8F1010F94BF002201222D
S21402DCF09AF80170D201C7E7404601F017FB0123EC
S21402DD00ADF8340002220DA90DF13A00F3F72AFF0E
S21402DD1018BBBDF83A000FF0F7F8804648460CF0FC
S21402DD20F2FB08F1010801368045F6B2CEDBB6B149
S21402DD3032460C21BDF83A0003F0D0FF00222846F6
S21402DD40BDF83A3011A9FFF74DFD06E00C210DF1A2
S21402DD503A000DF079F90028F0D001205BE70D219A
S21402DD60F5E70A9B002B7FF40AAF7388342B57D152
S21402DD70099B092B7FF403AF002F7FF400AF9DF9B8
S21402DD8059603A46B41008210DF1510004F02004FF
S21402DD900BF04CFAD0B12F4B1B78012B3FF4EFAEB1
S21402DDA0022B27D12C4B1B6813F0807F25D12A4BE0
S21402DDB01B685B0201D5002E30DA00232846274A6C
S21402DDC011A9FFF70FFD264B1C70D8E60DF1510086
S21402DDD0F4F750FD0028DED10DF1510001F0D6FA1D
S21402DDE04FF6FF73984208D02146F8F79FFE034687
S21402DDF018B903E0033B012B06D9C8232846174A65
S21402DE0011A9FFF7EFFCBAE6164BB3F86830AB423F
S21402DE10CDD0114B1B6813F0805FC7E78D23EDE76B
S21402DE20099BCDE9059204930DF15103CDE90283D6
S21402DE3031462846CDE9007A0B9B11AA00F058F825
S21402DE409DE600BFE25B002085FB0300A65B002088
S21402DE509E700400245B0020BC3F00201D280400A6
S21402DE600B6500203C4D0020D7640020024B18783A
S21402DE7040F08000704700BFEF5B002038B50A4BC9
S21402DE8005461C7824B10BF03FFAB0FA80F4640918
S21402DE90F8F72AFF08B144F04004E8F73BFC44EAEE
S21402DEA04020284038BD00BF1F5B0020014B188071
S21402DEB000207047886400204FF6FF7103460288F0
S21402DEC01B798A4217BF074901200A8041881EBF74
S21402DED0054A00201180FF2B1EBF044A0020137043
S21402DEE0704700BF8464002082640020F05B00203C
S21402DEF02DE9F04FB7B09946BDF80431439C0D9317
S21402DF009DF8083183460E93BDF8143120460F93D0
S21402DF109DF81831B1F802A00F4690469DF80051C0
S21402DF2010930FF09CFCBAF1110F064600F28A809D
S21402DF300BF0EAF9B04200F08F80BAF1060F19D161
S21402DF404FF6FD739E423ED0DDB9BC4B1B78033BB9
S21402DF50012B36D930460FF0DBF9FF2814BF892390
S21402DF60812300224146CDE900625846B44AFFF7B3
S21402DF7039FC06E02DB9BAF1030F08D8BAF1010F41
S21402DF800AD80022AF4B1A7037B0BDE8F08FAAF15C
S21402DF900403022BF5D8D8E7A84B1B78033B012BCA
S21402DFA00DD930460FF0B4F9FF2814BF8923812318
S21402DFB041465846A44A0096FFF714FCE1E7802340
S21402DFC0F6E78023CDE7A14B1B7859074CD40BF01C
S21402DFD09BF90026034632460120994900960DF029
S21402DFE0CBF82379ADF86C000F930028CCD0DDE98E
S21402DFF00E320D9803EB42090EF086FF5FFA89F99E
S21402E00009F10507FFB28742BED239460D9803F0E2
S21402E01051FE109007EB40070D980EF075FF8742F1
S21402E020B2DADDE90F321343DBB2002B40F0328264
S21402E030002DA9D12F463A460421BDF86C0003F004
S21402E0404DFE76E1814BBAF13A0F1B7811D948F2B0
S21402E0503B039A4508D014E07C4B1B785A070BD535
S21402E060AAF10403022B07D8FB8843F48043FB8003
S21402E0708AE7BAF11B0F1ED8AAF102039AB2132A34
S21402E0805ED9109B494602930F9B5046CDE900533A
S21402E0900E9A5B4609F040FD0F287FF475AF012209
S21402E0A0684B1A70694B1B789B0740F1D982002D8A
S21402E0B07FF46AAFD8E7AAF11C021E2AE1D801A1B2
S21402E0C051F822F0E9E8020083E0020083E0020051
S21402E0D009E5020083E00200E9E50200E9E5020044
S21402E0E083E0020083E0020083E0020083E0020095
S21402E0F083E0020083E0020083E0020083E0020085
S21402E10083E0020083E0020083E0020083E0020074
S21402E11083E0020083E0020019E6020019E602002C
S21402E12085E8020083E0020083E002009FE8020026
S21402E13083E0020039E902004FE902005DE90200CD
S21402E140132B9ED801A252F823F000BF9DE10200D5
S21402E15065E2020083E2020061E30200CFDF020012
S21402E16083E0020083E0020083E0020083E0020014
S21402E17083E0020083E0020083E0020083E0020004
S21402E18083E0020083E0020083E0020083E00200F4
S21402E190A3E4020083E0020015E9020000241BABA0
S21402E1A05A4648460E9900931DAB1D948DF86C4056
S21402E1B009F0A6FC0BF0A8F8204B05461B78012BAD
S21402E1C003D0022B14BF02240124E8F7A3FA162870
S21402E1D094BF0020012044EA4014F6F725FB1C4BAE
S21402E1E00646B3F800A0FBF79FFA1A4B07464FF60F
S21402E1F0FF70B3F80090FFF741FE174B9DF86C20B6
S21402E2001988124B1B7813F002031CBF134B1B78A2
S21402E2100B921D9ACDE90701CDE90932402341460A
S21402E220CDE9014358460023CDE90579CDE9036AD5
S21402E2300B4A0095FFF7D6FAA6E600BF245B00203D
S21402E24082700400E25B00208D700400C45A002035
S21402E250886400208464002082640020F05B002032
S21402E260A47004000BF050F8A34BA44A1B88CDE917
S21402E270400300234146584637B0BDE8F04FFFF74B
S21402E280B1BAA4781DA9631EDBB2EF2B204610D9C3
S21402E290F22C0ED007F04EFF82240BF035F8002346
S21402E2A04146CDE90003964A23465846FFF79AFAB6
S21402E2B06AE607F03FFF002850D00BF025F89DF8DD
S21402E2C078209DF87A100492BDF8762049000392D1
S21402E2D0BDF87420C9B2CDE901429DF87920034603
S21402E2E05200D2B208320A44009201200022854926
S21402E2F00CF042FF9DF87930ADF86C008DF867306F
S21402E30000283FF441AE002601230DF167011A46AC
S21402E3101BA8F3F727FC054600287FF435AE9DF8C8
S21402E3206730EAB2934209D89DF87A308DF86730A2
S21402E33016B1BDF86C3033E00126E5E731462046DB
S21402E34007F0FAFE0123ADF8680002221AA91BA8FC
S21402E350F3F708FC01350028E1D015E683249CE794
S21402E3600AF0D2FF044607F006FF2346009000227A
S21402E370012063490CF000FF00283FF405AE00259B
S21402E3802C46ADF8740007F0F6FEEEB2B0420DD899
S21402E39022460421BDF8740003F0A0FCBDF87430D8
S21402E3A0002241465846FFF71DFAEDE5304607F0D3
S21402E3B0BFFEFF288DF86C000AD0012301341A46EE
S21402E3C01BA91DA8E4B2F3F7CDFB00287FF4DCAD51
S21402E3D00135D8E75046B4F8029007F0A9FEFF28A8
S21402E3E08DF8680000F0CF821DA907F0A3FEBDF8E5
S21402E3F074304B4507D04FF6FF72914540F0C3820A
S21402E4001B0400F1C0829DF8793012930E9B0533EF
S21402E410DBB213930F9B1493002311934FF0000962
S21402E4204B4613E017934900139BC9B219440D9843
S21402E43089B20CF044FE4FF0000A179B1590129911
S21402E4405FFA8AF28A4217D309F10109149A5FFA2F
S21402E45089F19142E6D39DF87A201292169A139287
S21402E460002B40F08582119B002B40F08C8201230A
S21402E4701193109B1493D1E711999DF86800179396
S21402E48007F05AFE159A179B0AF1010A824208BF44
S21402E4900123D4E709F106095FFA89F33746169392
S21402E4A072E2A71C39463046A57A08F089FE012298
S21402E4B039463046FAF7D4FB30460CF0DEFB3846D7
S21402E4C000F064FF2288824207D04FF6FF72904225
S21402E4D003D00EF01DFF0CF010FB85F00804C4F309
S21402E4E0C00421463846FEF7C3FE2146384637B0FA
S21402E4F0BDE8F04F09F03DBB86640020B170040011
S21402E50082700400B5700400AD4B1B78033B012BF0
S21402E5107FF63AAD0AF0F8FE58453FF435AD08F0FE
S21402E52037FE0B23B0FBF3F24FF47A7102FB1300B3
S21402E5300A3080B24143A3480EF0B6FDF3F7ACFCB6
S21402E54000283FF421AD0123002218469E4994F884
S21402E55000A00CF011FEADF8680000283FF414ADE0
S21402E5600026354634460E9B1BAF01330E93F2B29D
S21402E570524514D3002C3FF407AD01232A461DA9A9
S21402E5801AA8F3F7EFFA00287FF4FEAC224602211F
S21402E590BDF8680003F0A2FBBDF8683000E74FF054
S21402E5A000090E99D200D2B20A4408230D993846C1
S21402E5B0CDF800900FF055FA394648460EF078FE30
S21402E5C0FF280FD0814B1B5C0F2B0BD997E803005B
S21402E5D005F1D8036B44643B83E803000835013435
S21402E5E0EDB2E4B20136C2E7002D7FF4CDAC1807D7
S21402E5F03FF53AAD534622464146584603F066FE7C
S21402E60000287FF4C1AC842341465846704A37B08E
S21402E610BDE8F04FFFF7E6B823780F9810930BF09B
S21402E62072FF00210646584604F0BAF9644BBAF166
S21402E630310F1B780746A3F103030BD1012B13D925
S21402E640644B654A1B7812781344DBB20D9316238B
S21402E6500E930DE0012B03D9604B1B780D9353BB31
S21402E660002D7FF491ACCEE701231621CDE90D31C2
S21402E6700024109B22460093012023465849019409
S21402E6800CF07AFD00283FF47FACF61BF3B2264668
S21402E690544FDFF85C911193ADF86C000F940D9B0C
S21402E6A0E5B2AB4209D832460221BDF86C0003F04F
S21402E6B015FB0F9AC0E40523CAE7162200211DA8FF
S21402E6C0EBF73CF9BAF1320F3DD13B7903F0030286
S21402E6D0032A21D18DF87620109B0136F6B2B3427A
S21402E6E015D2BDF86C000EF00FFC0E9B1844119B61
S21402E6F098420CDC01230E9A1DA91BA8F3F732FAE6
S21402E70000287FF441AC0F9B0133DBB20F93013438
S21402E710083709F11209C2E7B9790029DCD1324972
S21402E720C3F3C203CB5C1DA8012A08BF43F0010352
S21402E73039888DF876300FF094F879880DF17700E5
S21402E7400FF08FF8C8E71DA80BF0F6F84FF0FF336E
S21402E750CDE91F331F4B1B78AB4261D999F80430C1
S21402E7606F2BD4D828461FA9F4F7D0FF0028CED0A6
S21402E7701E4BB9F80020B3F8683092B9003B18BFB8
S21402E78001235B0143F004038DF8863002238DF8E3
S21402E7908730B9F802301B0A11468DF8893021A855
S21402E7A0CEE79B1A18BF01235B0143F005038DF8E1
S21402E7B0863002238DF887300F238DF88830E8E7FD
S21402E7C0245B0020E83E0020BF700400C85A0020E8
S21402E7D01D2804001D5B00201C5B0020D564002061
S21402E7E0BD7004003E540020B8BB04003C4D00201F
S21402E7F0C45200200132D2B2551EEDB228461393FF
S21402E80012920EF0DDFDDDE9122310F0010FF1D0B9
S21402E81063490978611A994205D00133DBB2E9E708
S21402E82001220023E8E75F4B1FA918782844C0B2EC
S21402E830F4F76CFF00283FF46AAF284600F076FD36
S21402E840129028460EF0BCFD10F0010F129A0FD15E
S21402E85016238DF88630544B1B780133DBB20F2B10
S21402E86028BF0F238DF88830504B33F8153092E7C7
S21402E870284612920EF0A4FD10F0020F129AE7D16B
S21402E8801223E6E71A073FF5EFAB23465A46414600
S21402E8900F9803F073FD00287FF476ABE0E695B19F
S21402E8A0434B1B78033B012B7FF66EAB0AF02CFD25
S21402E8B018B9BBF1000F7FF467AB207837B0BDE81C
S21402E8C0F04FF5F721BE0AF01FFD20B1384B1B783A
S21402E8D0033B012B01D8802396E62B464146584639
S21402E8E0344AFEF77FFFE8E70AF00EFDB0427FF4F7
S21402E8F04BABA01CF3F7BEFF00283FF445AB0AF073
S21402E90003FD04460AF000FD2B4B2C4ACDE94003DA
S21402E9102346AFE420460EF0A2FFFFF7AFFA002828
S21402E9203FF432AB4090002341465846244A37B063
S21402E930BDE8F04FFEF756BF4B464246594600200A
S21402E940CDE9405437B0BDE8F04FFEF7D3BD4B4695
S21402E950424659460120CDE94054F3E72B464A4643
S21402E96041465846409437B0BDE8F04F09F006B924
S21402E97001231AA91A461BA8F3F7F4F800287FF415
S21402E98003AB0137FFB2013607F0F5FB5FFA86FAF2
S21402E99050453FF61FAD002F3FF44AABFFF74BBB87
S21402E9A01D5B0020D0640020D75B0020C6540020E8
S21402E9B0245B00201D280400A65B0020C270040011
S21402E9C08D700400F8B5164B04461D88154B20F8CA
S21402E9D0025B196879B10822EAF75AFE124B0C203C
S21402E9E01B78124EA372124B19780023DAB29142A8
S21402E9F005D8FF2209E0C4F802104160EEE70133B1
S21402EA0000FB03F7F75BAF42F0D10A4BE2721B78CA
S21402EA102373094B1B786373084B1B682361F8BD8D
S21402EA2060550020584E0020F15B00206051002007
S21402EA30CA640020D35B0020D25B0020444E002034
S21402EA40F0B589B006460C4615460CF00AFD0DF1E7
S21402EA500A02014630460CF09CFB144F0346F0B9FE
S21402EA6001223A702288BDF80A102AB102460090A6
S21402EA70072006F0FDFA90B103A8FFF7A3FFBDF842
S21402EA800A000EF041FA0646BDF80A000EF020FA19
S21402EA9021460090F3B2284603AA08F0C3FB0023DF
S21402EAA0034A3B70136009B0F0BD00BFF25B002062
S21402EAB0584E002073B5ADF806000DF106000AF0B8
S21402EAC0B0FA014608B102B070BD0DF106000AF0B8
S21402EAD0F1FA04460EF0FCF9C67A002EEDD1204675
S21402EAE00BF086FFFF28E8D00EF052FC054BD3F859
S21402EAF08850002DE1D03346224641213046A847B1
S21402EB00DBE700BF3C4D002073B5002200210C203D
S21402EB1000F0C2FC002119480EF006FF012504464B
S21402EB20164E84B120460BF063FFFF2805D121461E
S21402EB3030460EF01DFF0446F3E70422002300953C
S21402EB4000F07EFCF3E721460D480EF0EDFE0125AF
S21402EB5004460B4E0CB902B070BD20460BF048FFBF
S21402EB60FF2804D008220023009500F069FC214605
S21402EB7030460EF0FDFE0446ECE700BF645500206A
S21402EB80665500202DE9F84F10460E461746994660
S21402EB900AF028F9254A264B0021B0F5006F14BF6B
S21402EBA09046984640460EF0BFFE4FF0000A0446D6
S21402EBB0DFF880B00CB9BDE8F88FBC4228D12046F9
S21402EBC00EF086F9857A80F80BA0013DEDB28572CB
S21402EBD016B13F2E00D02DBB0EF06CFC054620462B
S21402EBE00AF000F9B0F5006F4FF00002214615D189
S21402EBF00F480AF07EFAFFF787FF28460EF055FC0C
S21402EC00DBF8885025B14B463A4631460020A847E5
S21402EC10214640460EF0ACFE0446CBE703480AF017
S21402EC2068FAEAE7FFF770FFF2E700BF66550020D2
S21402EC30645500203C4D002000232DE9F34706468C
S21402EC400F464FF6FF78284CDFF8A090ADF8063056
S21402EC5020460AF0E6F9054648B9294620460EF04F
S21402EC6063FE82460EF034F90389B34217D94C4547
S21402EC7001D1FFF749FF002120460EF055FE05465A
S21402EC8007F1FF3A5FFA8AFAD5B94C4516D1BDF8B4
S21402EC900600FFF70FFF404602B0BDE8F0877B1E76
S21402ECA0DBB2FD2BD4D9294620460AF003FA2A46BF
S21402ECB051460DF106000EF03DFEC9E74C46C7E789
S21402ECC0BAF1FD0F09D928460EF002F903899B1BFB
S21402ECD09BB2984528BF98460381294620460EF0E7
S21402ECE047FE0546D0E700BF665500206455002063
S21402ECF008B50EF0C5FC0B4AFF2113881080C31A14
S21402ED0098B2FFF799FF4FF6FF73014699420648FD
S21402ED1003D1BDE80840F2F7D1BFBDE808400EF0C7
S21402ED20C3B900BF68550020E4630020174B0028D3
S21402ED302DE9F041164D18BF1D460F4628464FF0E6
S21402ED4000010CBF4FF008084FF002080EF0ECFD71
S21402ED50044610B92046BDE8F08120460EF0B8F809
S21402ED60C37A064623B1214628460EF001FEEFE797
S21402ED7020460AF066F8424601463846EAF730FE72
S21402ED800028F0D1B378002BEDD1E3E764550020DC
S21402ED9066550020014B1860704700BF5C4E00208D
S21402EDA010B504460548F2F789FF0023044A13808B
S21402EDB0044A1380044B1C8010BD00BFE46300208D
S21402EDC066550020645500206255002008B50448A8
S21402EDD0F2F784FCBDE808400248F2F77FBC00BFA9
S21402EDE066550020645500202DE9F3410446884606
S21402EDF00EF046FC324B074620461E880BF0F8FD06
S21402EE000546204609F0EEFFB0F5006F32D1FF2D21
S21402EE1006D00123042200932846002300F010FBAC
S21402EE20B8F1000F1DD10EF045FB214605462548D8
S21402EE300AF0FCF828460EF038FB23480EF0A2FD36
S21402EE40224BA8B31988711A17FA81F086B22046A7
S21402EE500EF03EF8032306818372002002B0BDE85E
S21402EE60F0810EF027FB00222146054615480EF0DB
S21402EE7061FDDFE716480AF00BF904281ED8FF2DBD
S21402EE8006D00123082200932846002300F0D8FA71
S21402EE90B8F1000F05D10EF00DFB214605460C48D1
S21402EEA0C6E70EF007FB0022054621460848DEE7C5
S21402EEB0314605481F800EF0F7F8C8E71C20CDE75C
S21402EEC06255002064550020E46300206855002047
S21402EED0665500202DE9FF4708460C4609F067FFF5
S21402EEE000F48058204609F0E8FF0546204609F05F
S21402EEF0BBFFB0F5404F1BD1B8F1000F14D0294626
S21402EF000020FFF713FF054670B10DF0E1FF002366
S21402EF10404A81780446009218462A460193F1F741
S21402EF20A5FF08B90123E372012004B0BDE8F0870B
S21402EF3028460EF094FC81460EF0EAF9FF280746B2
S21402EF4037D00125A0F12006C0F12003324925FA68
S21402EF5003F305FA06F61E438540D1E900232A4349
S21402EF603343C1E900230EF0EDF9044638B13846C2
S21402EF700EF026FA10F00C0F14BF01240024B8F18C
S21402EF80000FD1D04FF0000A03A90120ADF80C9073
S21402EF90FFF7CCFE81460DF09BFF8046B9F1000FCD
S21402EFA01ED1BAF1000F14D1FF2FBDD0002CBBD159
S21402EFB028E01A4B1B684BB148469847044628B1CE
S21402EFC0B8F1000FB0D000252E46DBE7B8F1000FEF
S21402EFD001D10020A9E7002501242E46A246D3E748
S21402EFE074B100230B4A8178009218464A46019370
S21402EFF0F1F73CFF002897D1012388F80B3093E7FE
S21402F000FF2F91D0064BD3E9001229433243C3E9BE
S21402F010001289E785EB0200601600205C4E002095
S21402F0205816002038B5044609F0DCFE0546204690
S21402F03009F007FFA5F50063044601465842584109
S21402F040FFF774FEB0B9B5F5006F01D0002038BDE9
S21402F05020460EF004FC0EF05BF9FF28F6D0064BB5
S21402F06000B21B6833F8100000F4E260003818BFE4
S21402F0700120ECE70120EAE7604E00202DE9F74385
S21402F0804FF000090746ADF804900EF099F910F01B
S21402F0900C0F29D04FF00208154D2B88A5F80090CA
S21402F0A0ADF806300DF1060009F0BBFF044630B19C
S21402F0B0B8F1010F14D04FF001080E4DEDE72146CE
S21402F0C00DF1060009F0F6FF06460BF091FCB84279
S21402F0D02246314614BF284601A80EF02BFCE1E773
S21402F0E0BDF80400FFF7E6FC03B0BDE8F08300BFFE
S21402F0F066550020645500202DE9F04FDFF8208188
S21402F10085B0D8E9003213437CD105B0BDE8F08F54
S21402F11002EA040103EA0700014327D022EA0402B6
S21402F12023EA0703C8E90023DAE9002304EA020512
S21402F13007EA030C55EA0C056FEA04006FEA0701BA
S21402F14024D130460EF03CF9C2070FD530460EF0F9
S21402F1501FF9DBF89C30002B45D11D46304600F0E7
S21402F160E5F8DBF884300BB12946984724197F412D
S21402F17009F10109284B5FFA89F61B78B342C4D914
S21402F180D8E9002352EA0301C2D1BEE702400B408F
S21402F1903046CAE900230EF013F9C307E6D51F4B23
S21402F1A030461B6833F8163003F48873102B10D0E1
S21402F1B00EF0EEF8DBF89C3013BB1D46012310223E
S21402F1C000933046002300F03BF90020F1F7BCFD27
S21402F1D0C4E70EF0DDF8DBF89C300125002BBDD02D
S21402F1E00122039502E000252A4603950392002198
S21402F1F030469847039A002AB0D0002DAED1DDE7FC
S21402F2000025EDE74FF0000901244F46DFF814A071
S21402F210DFF814B0AEE700BF0D650020604E002098
S21402F22060160020581600203C4D0020F8B5034614
S21402F230084613B309B3402A1FD8114900260B60AB
S21402F24010490027086010494FF0FF350A70002168
S21402F2500C460433914205DB00215200EAF76EFBAE
S21402F2600020F8BDC3E9036703F8044C23F8024CF8
S21402F2701D605D6001311833ECE72120F1E700BF25
S21402F280644E0020604E00200D650020F0B5144C40
S21402F290DDE905672568EDB1F0B9124800788842C5
S21402F2A01AD901EB41014FEAC10C05EBC10415F86E
S21402F2B0311011B92169C90710D4002005F80C00D5
S21402F2C062801A6846F0010662605A68C4E90467FA
S21402F2D0A260F0BD0220FCE72120FAE72E20F8E724
S21402F2E0644E00200D6500200E4B30B51A68A2B1A0
S21402F2F00D4B1B78834212D900EB400002EBC00391
S21402F300C100002400200025C3E9044550544FF0F4
S21402F310FF3258805A609A6030BD0220FCE72120F6
S21402F320FAE700BF644E00200D650020094B1B68FB
S21402F33063B1094A1278824208D900EB400003EB17
S21402F340C0031A69D20701D5588870474FF6FF7076
S21402F350704700BF644E00200D650020094A034630
S21402F360106870B1084A12789A4209D903EB43032F
S21402F37000EBC303186910F0010002D0181D704795
S21402F38000207047644E00200D650020F8B50E4B35
S21402F39005461C6834B128B100260C4B1F78F3B220
S21402F3A09F4202D84FF6FF7009E008222946201D28
S21402F3B0EAF716FB20B92369DB0701D56088F8BD9A
S21402F3C001361834EBE700BF644E00200D650020BE
S21402F3D00C4B1B689BB14FF6F77291420DD80A4A46
S21402F3E01278824209D900EB400003EBC0031A6987
S21402F3F0D20704D50020598070472120704702208A
S21402F400704700BF644E00200D6500200A4A03467E
S21402F410106878B1094A12789A420AD903EB430374
S21402F42000EBC300036913F0010003D0C3F300101E
S21402F43070470020704700BF644E00200D65002014
S21402F44070B51C46124B9DF810601968D1B1114B6D
S21402F4501B78834218D900EB4000551E01EBC00111
S21402F4602543D1E9040301D0C5070FD52EB11043B9
S21402F4702343C1E90403002070BD20EA020023EA08
S21402F4800403F6E70220F7E72120F5E72D20F3E74D
S21402F490644E00200D650020134BF0B51B6803B3C5
S21402F4A000266FEA000C6FEA010E104C2778F4B2C1
S21402F4B0A74201D80020F0BDD3E9044514F0010F9D
S21402F4C007D014F0020F04D132B104430D43C3E94E
S21402F4D0044501361833EAE70CEA04040EEA050589
S21402F4E0F5E70220E7E700BF644E00200D65002026
S21402F4F00B4B70B51B682BB100240A4A1678E2B291
S21402F500964201D8002070BDD3E9042502400D4082
S21402F5102A4304F1010403F11803F0D00120F2E7B4
S21402F520644E00200D6500202DE9F0470026FF27D7
S21402F530B246164DDFF8588098F800305FFA86F922
S21402F5404B4502D83846BDE8F0872B792F2B0FD9CA
S21402F55028460AF008F92B796C7903F0070304F0C1
S21402F560030483422CBFE4182418E4B2A24506D949
S21402F5705446B946A2464F4612350136DCE728887D
S21402F58001F0A6F80028F3D1F4E700BFC452002029
S21402F5901D5B00202DE9F04F89B0814609F077FC0B
S21402F5A0029048460BF068FE0024411C054689B2CC
S21402F5B0484602F07FFBA246A346A046274600F036
S21402F5C01F00023500EB4000EAB27D4E50FA85F588
S21402F5D0EDB2AA4274D9DFF8FCA19AF8003033B132
S21402F5E0A400E4B2B4FBF3F4042C08BF032402988C
S21402F5F0F3F7C4FD054600283CD1FFF795FFFF2828
S21402F6005BD0704B05B2049018780AF093F88742E4
S21402F6102CBFE1192118002F14BF01230223684EC4
S21402F62005EBC50506EB450553FA81F32846039319
S21402F6300AF099F895F804C06B790CF0070103F00C
S21402F640030388422CBF1B185B18039ADBB29A424C
S21402F65033DA049A2FB921B19AF80030033B5B459E
S21402F6602BDC104602990AF026F805B205EBC50512
S21402F67006EB45052B791E09002F00F081803946DE
S21402F68028460AF09AF8032128460AF09CF8B8F1B0
S21402F690000F09D1002E40F0868007F079FDC0F3F6
S21402F6A00B0149480DF000FD6B79484623F0030331
S21402F6B01C446C7109F080FBA87309B0BDE8F08F9A
S21402F6C050D0424B49461B8807A8ADF81C304FF075
S21402F6D000038DF81E3000230093032303920EF0DE
S21402F6E0C0F99DF81E30BDF81C101B09039A18BFFE
S21402F6F008F10108CDE9041318BF5FFA88F80392EF
S21402F70009F002FE0499039A8842059B03D19DF8EC
S21402F7101E7007F00F072E4890F800C016E016F885
S21402F7200E0C10F0070003D00BF1010B5FFA8BFBF7
S21402F730AA4207D036F812EC8E4503D113B108B1AF
S21402F7400134E4B20AF1010A5FFA8AFAAA4206F121
S21402F75012060BD1D4450FD916F80E0C10F007007E
S21402F760E2D1EFE700234FF6FF71D4E736F8120C2A
S21402F770884201D8D445D2D80332123ED2B228E704
S21402F780022E14D95B0707D0394628460AF01BF822
S21402F790B8F1000F81D087E7032128460AF013F854
S21402F7A0B8F1000F80D1062E3FF677AF7CE73146E0
S21402F7B028460AF008F858EA06063FF46EAF73E7E2
S21402F7C0C4520020D35B0020283F0020C0BB0400A8
S21402F7D01D5B0020D06400202DE9F043082300249E
S21402F7E085B08DF808300646022301214FF6FC70DC
S21402F7F0CDE9004402AA0BF01BFDADF80A00D8B111
S21402F8002746DFF8A080DFF8A09099F80020E3B240
S21402F8109A4224D8BDF80A4020460BF02DFD411C22
S21402F82047F06002204689B202F058FA0022BDF87C
S21402F8300A001146F4F736FA07F0AAFC184AC0F393
S21402F8400B01137801F55A51013113B1013B8908B6
S21402F8501370304605B0BDE8F0430DF025BC18F82D
S21402F8600E5C6F2D17D8404630F8123D2D01ADF8CC
S21402F8700C3009F078FF05F0700528448DF80E006C
S21402F8800123032203A90DF10A00F2F76BF90028FF
S21402F890D2D10137FFB2013408F11208B5E700BF32
S21402F8A0195B0020D65200201D5B002010B5054CC7
S21402F8B02046F2F703FA2046BDE8104000210DF07C
S21402F8C0F3BB00BF283F00202DE9F0432A4D87B046
S21402F8D0F6F7F8FB2A7829492948FFF7A7FC0921F9
S21402F8E02A782848EAF72AF80026244FDFF89C8070
S21402F8F0DFF89C902B78F4B2A34202D807B0BDE89A
S21402F900F08304F582300B2203A900F5C070DCF701
S21402F9107FF84FF6F670BDF814209DF81630511E8B
S21402F92089B2814215D80020C3F3C003DB1840EB2E
S21402F9300001CDE90031214603ABFFF7A7FC002802
S21402F940DCD14FF4805327F8143048F8240029F805
S21402F950140004F5833001220DF10A0100F58070CF
S21402F960DCF756F8BDF80A20064B01361A558022F7
S21402F970054B1A55BEE700BFD7640020D4540020BA
S21402F98080130020C85A00200A5B0020CC3D0020CD
S21402F990C654002010B50A4B1C780DF0B9FCFF289F
S21402F9A00DD0012C38BF0124064A230232F810106B
S21402F9B019B101EB1313A3EB111322F8103010BD8B
S21402F9C0D35B0020C65400202DE9F04700250646EA
S21402F9D00F46AA46DFF84490DFF8448099F80030D4
S21402F9E0ECB2A34202D85046BDE8F08720460DF09E
S21402F9F0E7FCC2070CD520460DF0E2FC830707D4CD
S21402FA0038F8143037B133434FF0010A28F814306F
S21402FA100135E3E723EA0603F6E700BFD7640020D2
S21402FA20D454002010B5084B084A1C780023D9B2DB
S21402FA308C4201D8002010BD32F8021B013330EA96
S21402FA400101F4D10120F6E7D7640020D454002047
S21402FA50F0B50C464FF6F77187B08A4286461D46C9
S21402FA609DF8306002D9002007B0F0BD59681868CA
S21402FA700DF10C0CACE803002C49ADF81420097803
S21402FA80A142F0D900218DF81660B61006F00206E3
S21402FA900191704621460096FFF7F8FB0028E2D156
S21402FAA0234B244A43F824009DF83830224E1B028A
S21402FAB022F814304FF4A04304F582300B2226F8C5
S21402FAC0143003A900F5C070DBF7CEFF9DF8343082
S21402FAD01A4913F0040F17BF0123194B0B5536F8BA
S21402FAE014300CBF1B7843F0080304F583300CBFB8
S21402FAF00B5526F814300122214400F58070DBF7FE
S21402FB00B3FF00210F4B104A1B782846234442F8C5
S21402FB102310E7F701F80D4B1855284607F086FC28
S21402FB200B4A01201378013313709DE7D764002037
S21402FB30CC3D0020C6540020D4540020C85A0020D1
S21402FB40C0640020D0640020F83C00200A5B00203D
S21402FB501C5B0020054B1B78834206D90021044B10
S21402FB60044A1B78034442F823107047D7640020E7
S21402FB70D0640020F83C0020074B084A187800237F
S21402FB80D9B2884200D870471188013321F48051D7
S21402FB9022F8021BF4E700BFD7640020D4540020EA
S21402FBA030B585B004460D46E6F7AEFDA04202D853
S21402FBB0172005B030BD20460DF002FCC007F7D571
S21402FBC004F582300B2201A900F5C070DBF720FF96
S21402FBD09DF80E2001AB03CB69609107286030D4F4
S21402FBE012F0080F0CBF042303232B722046FFF7E4
S21402FBF09DFB154B68811B5D20466B730DF0C8FBA1
S21402FC00124A2873135D4FF47A7103F00F03AB7335
S21402FC10135D002013F00F031FBF03F1FF32022310
S21402FC2093403C2218BF5343094A08BF0A2352F89E
S21402FC302420B2FBF1F29A422CBF00239B1A2B61BE
S21402FC40B7E70223D1E700BF0A5B0020C85A0020AC
S21402FC50CC3D0020F8B51F4E04463378834237D099
S21402FC60FFF764FB4FF6FF77B84231D02046347078
S21402FC70FFF704FA2046FFF759FB054609F044FB56
S21402FC80012301461A4628460BF08FFC2046FFF752
S21402FC902BFB0546E0B9104A1378013B1370F4F7C4
S21402FCA0B5FB294620460AF007FF80220B4B20466A
S21402FCB023F814500A4B1A550A4B23F8145009F02D
S21402FCC0AEFA2A46394611200DF090FDFF23337016
S21402FCD0F8BD00BF0E6500201C5B0020D454002037
S21402FCE00A5B0020C65400202DE9F04F0E4615464A
S21402FCF04FF000098BB01F469DF854309DF850A077
S21402FD00DFF84CB1049005939BF800205FFA89F463
S21402FD10A24207D84FF6F7739D421CD817F0020B83
S21402FD203FD01AE02046FFF701FB804604F58230FA
S21402FD300B2207A900F5C070DBF76AFE4FF6FF72CA
S21402FD407EB9904516D14FF6F7729DF82630954249
S21402FD5003F0EF0311D94FF6FF7528460BB0BDE846
S21402FD60F08F904506D00822304607A9E9F738FEFC
S21402FD700028E8D009F10109C6E79F4207F0020809
S21402FD802CD0F3F70FFC002857D12D4B2D4A1B78A9
S21402FD90234412F823B020460AF0AFFEB8F1000F53
S21402FDA0DBD1E6F7B1FC284B1B788342D3D0002187
S21402FDB008460DF07DFAFF280446CCD0059B014686
S21402FDC0CDE901A32A46334604980097FFF740FE82
S21402FDD00028C0D0F4F71AFBD8460FE02046FFF7FB
S21402FDE0A5FAA842CDD1B8F1000FB6D13046E6F753
S21402FDF093FE164B1855304607F018FB5146204620
S21402FE000AF02EFE2046FFF791FA054609F07CFA24
S21402FE1000230146012228460BF0C7FBF3F7C2FB7C
S21402FE2028B9074B074A1B78234442F8238020460A
S21402FE300BB0BDE8F04FFFF779BA4FF0000BAAE718
S21402FE40D0640020F83C00201C5B00200A5B0020E7
S21402FE50D7640020F8B50026104F3C78F5B2AC42C5
S21402FE600FD800250E4B6400224629460D481D7009
S21402FE70E9F764FD22462946BDE8F8400A48E9F754
S21402FE805DBD2846FFF7FAF8002128460AF014FE60
S21402FE902846FFF729FA0136DFE700BFD7640020BD
S21402FEA01C5B0020D4540020C6540020024B802144
S21402FEB01A780248E9F742BDD76400200A5B0020A0
S21402FEC038B50DF025FAFF28044616D00B4D35F846
S21402FED010301B0711D50A4B0A491B7801220B5416
S21402FEE0014400F5833000F58070DBF7BDFD35F880
S21402FEF0143023F0080325F8143038BDD4540020FB
S21402FF00C0640020C85A00202DE9F04F794B054600
S21402FF101B788946022B17468BB004D00026304643
S21402FF200BB0BDE8F08F0DF095FD06460028F5D122
S21402FF304FF6F9739D4262D04FF6F8739D4276D023
S21402FF402B0A28460DF11E018DF81C308DF81B5029
S21402FF50F2F708FC002814BFB0464FF02008B3465C
S21402FF6014BF06230E23022229463846039300F0C6
S21402FF70EBFC01220446039B002840F0B880DFF821
S21402FF8080A18DF818209AF800204946CDE9000095
S21402FF908DF81A208DF81D0006AA4FF6FC708DF813
S21402FFA019800BF045F981460028B7D009F0ACF964
S21402FFB0B8420FD0484609F007F8394604300DF02B
S21402FFC050FC384604A90AF002FD70B1484604A95E
S21402FFD00BF0BCF9484B1B78033B012B2BD84FF692
S21402FFE0FF71484609F0C5FD06469AF80030FF2B19
S21402FFF00EBF01230133DBB28AF800308FE74FF0E1
S21403000008084FF0200B3C4B1B78033B012B85D98C
S21403001009F07AF9B84281D109F076F9FC238DF814
S2140300201B30FF2305468DF81C3006239BE74FF055
S2140300301008C346E7E70AF029FE80460028D4D016
S21403004009F062F9A8422DD12C4B1A7852BB032132
S2140300504846F3F727FE0028C7D09AF80030A8F8DA
S214030060007088F80430002388F8053088F80830D4
S21403007009F04AF9A84202D1204B1B7853B109F084
S21403008043F9B84206D12CB1237923F0030343F096
S2140300900103237100224FF6FF710C200DF0A6FB1F
S2140300A00126A2E75946284608F1070200F078FC25
S2140300B00446002899D0002203214846F3F7F2FDB0
S2140300C00028CAD1237903F00303012B8DD109F04D
S2140300D01BF9A84203D1094B1B78002B85D0237943
S2140300E043F0030323714FF6FF7323807DE7164621
S2140300F015E700BF235B0020245B00200F6500206C
S214030100F35B002037B50E4B05461B780C46033BC6
S214030110012B11D9E6F71CFB01280FD0821E534290
S2140301205341590128460DF1070200F039FC18B176
S214030130002144800AF091FD03B030BD1021F1E7A1
S214030140245B00202DE9F0438BB0857AB0F8069047
S21403015004460E46174609F0D7F88145804605F053
S214030160400541D10021608809F012FB0246002EAB
S21403017044D1082304A9C14501EB03060CBF234958
S21403018002A90868496803C6A2B3022100268DF8AF
S214030190172001228DF81010217A45F020058DF8DE
S2140301A01210A18808338DF81310090A8DF814105D
S2140301B0E188CDE900268DF81510090A8DF816108A
S2140301C06088314604AA8DF811500BF031F80546C5
S2140301D080B1618808F02FFE79003246284601F088
S2140301E0FE01F3F75FFD06E0E08802A90AF0EFFBE5
S2140301F00028B7D100200BB0BDE8F08330687168E3
S21403020006AB03C345F010051023B3E7A65B002037
S2140302102DE9F74389461E460746904608F0D4FE66
S21403022000210446304609F0B3FA054609F10701F2
S214030230384601F02DFD7DB1B8F1000F02D10378E9
S2140302401D44EDB2057063781A0716D56946304625
S214030250F2F788FA024618B1002003B0BDE8F0832F
S2140302600821684608F0E2FF0028F5D120460BF087
S21403027040F808226946E9F70BFA09F045F8014603
S214030280201D0DF0EEFA6378DB0603D538460C49DD
S2140302900BF05CF83146A01C0DF0E3FA3146384605
S2140302A008F0C9FD074A13780133DBB21370E37114
S2140302B0A3790BB10120D0E70123A371FAE700BFAE
S2140302C0A65B0020215B0020FF232DE9F04F8FB0B3
S2140302D08146164605918DF822301AB301230BAAE0
S2140302E00AF02EFC9DF836500446EF0625D5002767
S2140302F0059BBDF8308003F108024946D2B20823B5
S214030300009709A8CDE909770DF0ABFB3A464046BE
S21403031009A9F8F7A5FC002840F08C80A90627D584
S21403032010220DE013460BAA0AF00AFC9DF836507D
S2140303300446A80663D5062202E0AA0618D50822B4
S21403034000230599BDF832700A44CDE909334946BE
S2140303500093D2B2082309A80DF083FB384686F033
S214030360010209A9F8F77CFC002863D1002E46D0C9
S214030370BDF8307008F0C8FF874249D038460DF004
S21403038069FB8046002E45D1BDF82EB000215846A5
S21403039009F0FEF9BDF82C300390184606930DF0CD
S2140303A059FB064608F0B0FF069B834242D0B64B85
S2140303B01B78033B012B3DD915F04003049339D139
S2140303C0039B0BB9002E35D09DF83570039B05F0C3
S2140303D018051F44FFB2082D8DF835706CD1202305
S2140303E00493002C40F041810AF050FC054608B304
S2140303F0002E40F0B28033460126B24674E0BDF8C4
S214030400327008F081FF8742B8D14FF00108BBE78E
S2140304104FF00108002C43D09C4BE279678803EB2E
S214030420C20633F83220BDF832309A4205D04FF672
S214030430FF7323800FB0BDE8F08FBDF82EA0B8F190
S214030440000F08D0002130460AF007FCA6F802A0E9
S2140304500AF015F9EEE7BDF830000AF006FC05468B
S214030460414630460AF0F9FBA6F802A0884E2DB1A5
S214030470414628460AF0F1FB63886B800AF0FFF8D2
S2140304803378002BD6D03B46002248460599FFF723
S214030490BFFE0028CED03946484609F06AFBC9E7B6
S2140304A00AF0EDF87A4B1B78002BC3D0B8F1000F97
S2140304B0C0D14FF6FF77E6E7102D01D1049590E7FC
S2140304C0B8F1000F8DD1002C3AD0C2460021BDF8FA
S2140304D032000DF1220200F063FA03460028A9D089
S2140304E0002E40F0CA8025460499BDF830000DF171
S2140304F02302079300F054FA044600289AD0644A6D
S214030500079B1278002A78D0BAF1000F26D102464C
S2140305102C466179B9427ED92546A4F802B06771A4
S2140305201446002B00F09E809DF82230EA799A420A
S21403053000F09880002E40F08E80EB7100253FE09F
S2140305400AF0A4FB044600283FF474AF4FF0010AF8
S214030550BCE7002201261346DBE70126B8F1000FAD
S2140305601ED106F015FE7E23B0FBF3F202FB13004A
S21403057005993A4605315FFA80FA484601F0AEFB24
S2140305804FF6FF71484608F056FC039B032B2CD905
S214030590AAF17E0A022148465FFA8AF2F3F782FB43
S2140305A0069BA5F802B02B809DF834306F712B7133
S2140305B000232B72002E42D19DF82230EB710125C9
S2140305C0B8F1000F3FF436AF484609A90AF09EFE7D
S2140305D000283FF42FAF2A4609A90BA8FFF7B2FD60
S2140305E028E7002625463446BBE7039B012B94BF2A
S2140305F00AF1020A0AF1420ACCE7BAF1000FCFD198
S2140306006979B94209D9A5F802B06F71002B8BD16D
S214030610002E93D024E025461446049A002A3FF47D
S21403062009AF8F427FF406AF039306F0B1FD83074D
S2140306307FF400AF039BA5F802B06F7171E7FF2349
S214030640EB71002CBBD001252379A4F802B023F06C
S21403065003032371B4E7FF23EB71002C3FF46EAF63
S2140306600025F1E7002CD3D168E7002E7FF471AFA5
S214030670B24625460126534636E7BAF1000FB0D1F7
S2140306805646524645E700BF245B00203E540020F2
S214030690D664002070B50C4B4FF6FF751C7800230C
S2140306A002460A489C4201D1002005E0068896428D
S2140306B006D1AA4201D10B7070BD8679002EFAD0FE
S2140306C001330830DBB2EDE7D56400203E5400204A
S2140306D0002210B50A4B1C780A4BD1B28C4201D8C3
S2140306E0002010BD5988814204D11979890701D1A8
S2140306F0997911B108330132EFE70120F1E700BF22
S214030700D56400203E54002010B5084B01461C78E3
S2140307100023074AD8B2844201D8FF2010BD914275
S21403072003F10103FAD00832F4E700BFD5640020D2
S2140307303E54002038B50446FFF7E6FFFF2805467B
S21403074003D13F210B480CF0A7FF4FF6FF7320465B
S2140307502380A37103210AF080FA074B07481A780F
S21403076000210732D21002FB0500BDE83840E9F746
S214030770E5B800BFC6700400D7640020F95A00200D
S214030780F8B504460026124D124F3A78F3B29A4251
S21403079009D800224FF6FF710F4B1D780F4BD0B2CE
S2140307A085420BD8F8BDFF2C02D0AB79A34202D109
S2140307B02846FFF7BFFF08350136E6E7FF2C02D0D1
S2140307C0187AA04201D1198019720A330132E6E77A
S2140307D03E540020D5640020D46400201654002024
S2140307E0FF28F8B504462CD0164B1B78834203D853
S2140307F0802115480CF050FF4FF6FF75134A32F868
S214030800341002EBC4000379A94203F0030318D0A3
S214030810012B16D100220E4B1F780E4BD6B2B742D1
S21403082003D8BDE8F840FFF785BF1E88AE4205D063
S21403083093F807C0A44504D0B14202D00A3301326C
S214030840ECE7F8BDD5640020C67004003E540020D3
S214030850D4640020165400202DE9F74303F04DFF1F
S214030860324B1B78033B012B21D9314B1D88451B8B
S214030870ADB2E5B118804FF6FF7700202D4A137806
S2140308802B44C3F3C81403F07F0313702A4B2B4A7D
S2140308901E78C3B29E420DD800264FF6FF77284C2B
S2140308A0DFF8A09099F80020F3B29A4216D803B066
S2140308B0BDE8F0831388BB420DD0137999070AD19C
S2140308C004EB9311022928BF022103F03F0389B2E8
S2140308D043EA8113137108320130DAE734F80A8CDD
S2140308E0B84506D014F8043CAB4205D95B1B04F8A4
S2140308F0043C01360A34D5E708F006FD804534F893
S2140309000A3C04F8027C24F80A7C09D018460DF148
S2140309100701FFF7BFFE18B19DF80700FFF760FF5A
S21403092014F8030CFFF75CFFE3E700BF245B00202B
S2140309306A550020F45B0020D56400203E54002056
S21403094020540020D4640020F0B500244FF6FF772F
S21403095003461048DFF844C006780F48E5B2AE42B7
S21403096001D800200FE005889D4210D13AB1012A34
S21403097016BFC57905793CF83550A94207D1BB4265
S21403098002D114238371F0BD057A002DFBD00A3003
S2140309900134E3E7D4640020165400203E540020BC
S2140309A0F8B50D46114607461646FFF773FE0028B0
S2140309B036D102464FF6FF7C1E4B1F4C1978D3B236
S2140309C0994206D800231C4C8B4221D1F8BD08342B
S2140309D0F5E7B4F800E00132E645F8D133700123B9
S2140309E0278023710021A17165B1144B45F00805DA
S2140309F01A782571D31DDA103078114B02FB0030BC
S214030A00E8F79CFF2379204603F03F032371DDE7D5
S214030A1022799209022AE1D001330834DBB2D3E704
S214030A20037904469A071EBF23F0030343F001032A
S214030A300371D7E7D56400203E540020D764002016
S214030A40F95A002073B50DF107010546FFF722FE9C
S214030A5040B103799A0705D113F0300404D043F06C
S214030A600303037102B070BD28460AF006F9094B6A
S214030A704FF6FF711D7823469DF80760064AD8B2E5
S214030A808542EFD9D0790133B04204BF1180117289
S214030A900A32F4E7D46400201654002030B50A4B1B
S214030AA0CC081B78094D0733DB1000FB03400123FA
S214030AB001F007018B402C5CDBB212B11C432C54B3
S214030AC030BD24EA0304FAE7D7640020F95A00206D
S214030AD070B50B4B04461B78834204D840F24B2177
S214030AE008480CF0D9FD0025074E3378E8B2834258
S214030AF000D870BD00222146FFF7D0FF0135F4E78A
S214030B00D7640020C6700400D5640020FF2810D0E8
S214030B10FF290ED0084BCA081B7801F007010733DC
S214030B20DB1000FB0323054AD05CC84000F001003D
S214030B3070470020704700BFD7640020F95A002092
S214030B400148F0F7CBBD00BF6C5500202DE9F047F8
S214030B501E464D4B8CB01B681546074688469DF8C7
S214030B60509003F0080A08F0CFFBA8423FD1B9F132
S214030B70000F14D06EB9ADF806603D460424224635
S214030B80414628460AF015F900F001000CB0BDE80E
S214030B90F0870023ADF806303D4606243AE0384693
S214030BA00CF0B6FBFF28044605D0F2F7FBFC10B1A9
S214030BB02046FEF7CFFF96B10023ADF80630F8F7D0
S214030BC0FDF80028E8D0062440460DF1060202A9E7
S214030BD009F083FAD8B94046F8F7F8FA17E0ADF803
S214030BE00660F8F7EBF80028C7D00424ECE73EB31A
S214030BF0BAF1000F2ED000230B24ADF80630B9F15E
S214030C00000F0AD1F8F7DAF82F460028DCD13D4664
S214030C10002EB4D0BAF1000FB1D004F0040241465E
S214030C2042F0110228460AF0C4F822460646414618
S214030C3028460AF0BEF8002814BF30460020A3E773
S214030C40BAF1000F14D00124ADF80660B9F1000F15
S214030C5095D1D7E70B24284602A9F1F783FD07466B
S214030C6068B902A806F003FF20B9ADF80600EDE761
S214030C700124F0E744F00204ADF80670E6E700232B
S214030C80ADF80630E2E700BFBC3F00202DE9F04791
S214030C901E46744B8CB01B7807460D461446DDF88B
S214030CA05080002B3ED008F02FFB30B36E4B1B68F2
S214030CB0980722D44FF6F7739C4233D843463A46F6
S214030CC031462046FBF7F2FE08F01EFB854200F095
S214030CD0C5803046FEF75AFBA04203D10CF018FB42
S214030CE009F00BFFBA1E5342534129460022204601
S214030CF00CB0BDE8F0470AF058BCE7B1F91ED1F1D5
S214030D00000949EB01094FF6F7739C4216D90321F4
S214030D10204606F04EFA03233A463146204600950F
S214030D2006F036FB08F0F0FAA84200F097804FF67C
S214030D30FF739C42CBE74FF00109E4E72B463A46A4
S214030D403146204604F055F92146CDE900082B46E6
S214030D503246384606F0DBFE80460146204606F05D
S214030D6028FAB8F1000F61D1B9F1000F12D10023B0
S214030D703A4631462046009506F00AFB88F0010302
S214030D802A4631462046CDF8009003F00103FFF7CC
S214030D90DDFE99E7002FEAD003AA9246334B03F110
S214030DA0100E9446186859680833ACE80300734578
S214030DB06246F6D107A806F04AFB0323306871683B
S214030DC08DF81C3008AB03C39DF8293007A843F001
S214030DD002038DF8293006F062FC90B13068716822
S214030DE008AB03C3042307A88DF81C3006F057FC92
S214030DF038B1022307A88DF81C3006F050FC0028F3
S214030E00B5D1514607A806F08AFC0028AFD0F4F700
S214030E1095FB0028ABD103233A463146204600957E
S214030E2006F0B6FA08F070FAA84250E743463A4688
S214030E3031462046009506F0ABFAB8F1010F9DD077
S214030E40B8F1020F7FF440AF284607A9F1F78AFCF2
S214030E5020B93246284607A909F072FF0CB0BDE850
S214030E60F08700BF1F5B0020BC3F0020CABB040006
S214030E70044B1A880AB100221A8000210846F9F7A3
S214030E80ABBF00BF6C55002000232DE9F0478EB0A2
S214030E9004460D46CDE903334F7808F035FA50B1D2
S214030EA0B64B1B689A0706D4092103A806F028FA4E
S214030EB00EB0BDE8F087204603A9F1F753FC0646BB
S214030EC0002840F05781022F3DD0042FECD1E5F7E0
S214030ED027FC002846D0E5F723FC022840F02281B1
S214030EE00DF12408334632464146304606F046FDA9
S214030EF0012103A89DF8255006F033FE2840FF285D
S214030F0000F0348105AD284608F09BF9002840F030
S214030F102F8195E80F0088E80F003A46414603A85C
S214030F2006F066FC0246002840F02081032303A94E
S214030F30CDE9005320463B46FBF77EF900280CBF5D
S214030F4013210621B1E78D4B1B689B07ACD40235F2
S214030F50082229468A48E8F743FD0028A4D0E5F787
S214030F60EBFB08B91121A0E7864B874E1B78FBB92C
S214030F70FFF77EFF3088002860D103AF2946384646
S214030F8006F063FA002800F0CA8028460DF10A012D
S214030F90F1F7C2FB40B90DF1240A504608F051F9A7
S214030FA08046002800F08780FFF762FF0F217CE76A
S214030FB03088002842D101460BF0FEFF308000281F
S214030FC03AD001230822304603A9F0F7CBFD98BB9D
S214030FD00123082229463046F0F7C4FD60BB0123EF
S214030FE00222694809A9ADF82440F0F7BBFD034681
S214030FF0308823B1002848D04FF0100920E00BF0CA
S21403100083FF61490746204601F0CAFC30880BF08F
S2140310107BFFFFB2874209D1FF238DF824300123DB
S21403102059481A4609A9F0F79DFD28B90021012061
S214031030F9F7D2FE0C2138E73088DBE74FF00709D3
S2140310400BF046FF074630880BF042FF3488112129
S21403105000F10808204600F02DFE102182462046A7
S21403106000F028FE0822044603A94046E8F7B8FC29
S214031070002840F08180082229463846E8F7B0FC6D
S214031080002879D1B9F1070F01D010210DE704EB41
S2140310900A244546A4B271E730884FF0010828B108
S2140310A0122100F007FEFF2881461ED12A46B946C4
S2140310B02046402304E03A46A9464346BDF80A00C4
S2140310C043F00303CDE900A349460323FBF7B4F833
S2140310D000283FF469AF0721484606F011F9B8F136
S2140310E0000FD9D0FFF7C4FEE2E6002108460BF056
S2140310F063FFADF8140048B1204605A901F050FC83
S214031100BDF814000BF000FF0028CFD11423009382
S2140311104A4639462046338801F0FAFBC6E7FFF70E
S214031120A7FE1FE7E5F7FCFA012801D00621BCE677
S21403113005AD324633462946009603A8F9F75EFD09
S214031140024608B10A21B0E60C4B20461B6803A9E9
S2140311505B0003F0040343F00303CDE900533B466F
S214031160FBF76AF80028E1D113219EE605219CE6E9
S21403117012219AE60B2198E60E2196E6BC3F002044
S214031180A65B0020C35A00206C550020012330B50F
S2140311900D4C85B022788DF80430D5188DF80520CF
S2140311A00E228DF806200A682570CDF807204A68B7
S2140311B001A9CDF80B200B22F0F7D4FCB0FA80F08F
S2140311C0400905B030BD00BF205B0020014B1878F6
S2140311D0704700BFF55B0020142230B58BB0054680
S2140311E00DEB02011548DAF713FC10BBBDF81430FB
S2140311F0DA0720D413F0060FC3F3410208BFC3F384
S21403120041220F4B0DF116019C5C68462246E8F717
S21403121033FDBDF8263004F128026A4402F8283C60
S21403122002341B0A02F8273C69462A46E0B208F055
S21403123031FF0BB030BD2320FBE700BF703214E054
S214031240DABB040010B58AB0ADF826200022CDE93B
S214031250052204920CAA02924FF6FF720446AC21B2
S21403126001200192064A039004FB01226032009299
S2140312704CF620010DF1260209F0BDFD0AB010BDA3
S2140312803C4D002000B58BB0ADF824309DF83030CF
S21403129003208DF82630002303900A4909A8CDE9D8
S2140312A00130CDE90533049301F160030093B1F8EF
S2140312B05C3002204CF6604109F09DFD0BB05DF8F2
S2140312C004FB00BF3C4D002010B54FF6FF741E4ACA
S2140312D08AB0B2F86800B2F85E10A042ADF82600F5
S2140312E0B2F85C304FF6FD70ADF8241018D081428A
S2140312F04FF0000094BF48F660014CF66001CDE95C
S2140313000500CDE90300CDE9010094BF09AA6032C8
S21403131000920DF12602042009F06DFD0AB010BDFF
S21403132081424FF000008CBF603209AA00928CBF46
S2140313304CF6604148F66041CDE90500CDE903006F
S214031340CDE90100014AE6E73C4D0020A64D00200A
S21403135000B50E4B0022B3F85E308BB0ADF82430E8
S2140313604FF6FF73CDE90522CDE90322CDE901222D
S21403137009AA00924FF400610DF126020720ADF88A
S214031380263009F038FD0BB05DF804FB3C4D002019
S21403139030B58BB08DF825301B0A8DF82630002328
S2140313A00D4991F85840CD6DB1F85C00CDE9053391
S2140313B0049307236031039308ABCDE9010300913F
S2140313C04FF6FF734CF62041082008958DF824400D
S2140313D009F011FD0BB030BD3C4D002070B54FF643
S2140313E0FE76294C1D46B4F85E10B4F85C30B14264
S2140313F094F85C00A2B04FEA132321D14FF4404186
S2140314006034ADF808108DF80B008DF80C3003CC63
S2140314100DF11504CDF80D00CDF811102270120A47
S2140314206270002211461046A270E270ADF80620E4
S21403143007F0A8FDADF8060090B9002022B070BDF5
S2140314404FF400448DF80D10090AADF808408DF8E6
S2140314500B008DF80C308DF80E100DF10F04DDE740
S214031460043402A9621A012392B20DF10600F0F7C2
S21403147079FB0028E1D1BDF806002A4601210BF0CE
S21403148073FDBDF80600D9E73C4D0020202A10B5B1
S214031490144614D8012A04D10C88B4F5004418BFA6
S2140314A00124620030B10748E8F7F2F8064B002043
S2140314B01C7010BD0548E8F7EBF8054BF7E721204D
S2140314C0F7E700BF6E550020F65B0020AE55002000
S2140314D0F75B00202DE9F047104617460CF0BFF9DE
S2140314E0DFF814A1DFF814919AF8003099F8002079
S2140314F00546134302D10020BDE8F08710F4406888
S21403150000F0400619D186BBB0F5804F5CD24FF48D
S214031510807400239AF80000344AD9B288425DD812
S214031520002399F80000324AD9B28842E3D932F848
S214031530021B0133A142F7D155E0F81C0CF08FF9DA
S2140315404FF6FF73984214BF0124022486B1052682
S21403155005F44043B3F5004F44F0080424D0B5F532
S214031560804F23D244F4807420E044460326EFE7FA
S214031570B5F5804F4FF00506F4D3B8F5406F14BFAA
S21403158002200820304438440CF069F9194B05F45E
S2140315904045B3F85C3083420CBF44F0080444F083
S2140315A00404B5F5004F01D144F08004B8F5006F8C
S2140315B00ED1B8190CF053F90E4BB3F85E308342D4
S2140315C0A7D144F01004A4E7444603260220D9E733
S2140315D0B8F5406F08BF44F020049AE732F8021BC0
S2140315E00133A14299D1012086E700BFAE55002002
S2140315F06E5500203C4D0020F75B0020F65B002074
S2140316002DE9F04F104685B0164698460CF027F99C
S2140316105D4F00F00803B7F85C10044600F00709B6
S214031620F01C02930391B7F85EB00CF018F906F1BC
S214031630050A054650460CF012F903464FF6FF70AE
S214031640854218D00399A1EB050CDCF1000545EBA8
S2140316500C056D004FF6FF718B420ED145F0040565
S2140316600BF006FF029B6BB1B9F1000F11D04220BD
S21403167005B0BDE8F08F0125ECE79B4508BF45F0B4
S2140316800805EDE7B9F1030FF1D8DFE809F0021B0F
S214031690795D0BF0EDFE08B9A807E8D524F0080439
S2140316A0A4B2B4F5004F05D0B4F5624F02D0B4F53A
S2140316B0404FDCD10025294697F8A820002007F0E4
S2140316C061FC3CE0D7F88030E3B900213246084697
S2140316D0FFF700FFD8B948F6410224F038039BB25F
S2140316E09342C4D10A2D49D0062DC0D197F877303E
S2140316F0023B012BBBD8EEF7AFFF0028B7D140F66D
S214031700040505E04146304698470028DDD0082505
S214031710E20648BF45F08005A30648BF45F480555A
S21403172005F00C03042BC6D1F01D0CF098F897F8BF
S214031730A8303246009341462B4607F0F8FB08B321
S2140317400E9B1880002093E7A90705D14FF6FF7379
S214031750B7F85C209A428AD104F44063B3F5006F6D
S2140317600AD0B3F5406F82D1082250460749E8F7FE
S21403177037F900287FF47BAF0C25C9E70425C7E7B4
S214031780432075E7192073E73C4D00209C4D00204D
S214031790034B1A781AB1FF2A04BF00221A70704747
S2140317A0F95B002070B5084C084E2378F55C1DB134
S2140317B03E2107480BF070FFFF2223782846F25499
S2140317C00023237070BD00BFF85B0020F95B002088
S2140317D0D4700400034B044A1B78D05CFF3818BF50
S2140317E001207047F85B0020F95B00200023074ABE
S2140317F007491360074A1360074A1360074A1160D4
S2140318000121074A1170074A13607047744E00207F
S21403181081AF0300704E00206C4E0020046400204D
S214031820106500207C4E00200E2A70B50C46064636
S2140318301546194603D9FFF7D9FF502070BD012876
S21403184007D10020EEF722FFB0B1FFF7CFFF21202C
S214031850F4E780220021224B1A70224B1960224B98
S2140318601B684BB134200BF0A7FB204B188018B92C
S214031870FFF7BCFF0120E1E724F0FF6323F4FF2317
S2140318801BB1FFF7B3FF4F20D8E774B92046EEF736
S21403189017FF0124032510F0800F43B21BBF00F08F
S2140318A01F039C409C4044F078440020104B24F0D7
S2140318B078441E700F4B10491D70104B1C60104B64
S2140318C01870104B1A68EFF797FA18B1FFF78EFFE8
S2140318D00420B3E79DF810200B4B1A70AEE700BF49
S2140318E0FA5B0020784E00206C4E0020EE55002058
S2140318F0FF5B0020FD5B0020ED1B03007C4E0020F9
S214031900FE5B0020744E0020FB5B00207FB5244B5B
S21403191000251A7801232348234903FA02F20078A4
S2140319201A440A60ADF80E5020B3984236D11F4CC5
S2140319301F4B20781B680DF10E0198471D4EBDF80E
S2140319400E20307092B11C4B294600932846022382
S2140319500195EFF78BFA3278237822B1012A12BF6A
S2140319601B230133DBB2237004B070BD013818BFEC
S2140319700120F0E778235A43013A0A6008220F4908
S2140319800BF060FA0B49094A0978137821B101294B
S21403199012BF1B230133DBB21370E5E71846E3E7F8
S2140319A0FD5B0020FF5B0020804E0020FE5B0020D6
S2140319B00464002010650020291C0300FDD30300E7
S2140319C0024B1868003818BF012070476C4E002081
S2140319D037B505461C460BF04BFD68B974B1084B8A
S2140319E01A60084B0A461C6001232946009303230A
S2140319F0FFF71AFF03B030BD4D20FBE72520F9E7BC
S214031A00684E0020704E002013B504460BF030FDE0
S214031A1058B962B1074B1A6001230A460093214660
S214031A200323FFF701FF02B010BD4D20FBE725207F
S214031A30F9E700BF6C4E00202DE9F0410446DDE9CE
S214031A4006861D469DF820700BF012FD88B99EB1E0
S214031A50A2B10B4B01201A600A4B0A46C3F800805A
S214031A60094B21461E602B460697BDE8F041FFF75B
S214031A70DBBE4D20BDE8F0812520FBE72120F9E7FA
S214031A8004640020744E0020704E00200148EFF7D7
S214031A9025BE00BFEE5500202DE9F0410020EFF7EC
S214031AA019F9114B114C1E68114B20881D68114BF8
S214031AB0114FD3F8008010B13978EFF7E9FF002013
S214031AC03870FFF793FEEFF723FC0EB14046B0479E
S214031AD03DB12088A84700232380BDE8F0410BF0E2
S214031AE059BEBDE8F08100BF704E0020EE550020C1
S214031AF06C4E00207C4E0020005C0020F8B52F487A
S214031B00F0F7DCF82E4B187830BBEEF7D9FD2D4FE7
S214031B1006463B6803B32C4B2C4D1C6824B195F941
S214031B2000301A461946A047294B1B6883B1294C37
S214031B302378312B0CD8284B18880BF0C9F9237857
S214031B405A1C22702A78C25423785A1C2270C65410
S214031B5080232B7000233B60204C23781A2B22D83B
S214031B601F4A1278012A09D100211E4A156825FA50
S214031B7003F0C007DAB20ED501B122700020EEF7EB
S214031B809FFD2178884212D10022174B1A70FFF767
S214031B90BDFE40B9F8BD0133D8B21A284FF0010193
S214031BA0E5D90A442270BDE8F840FFF775BF002068
S214031BB0EEF798FD0028E7D0F5E700BF086400209D
S214031BC0FF5B0020784E0020684E0020FA5B002062
S214031BD06C4E0020005C0020EE550020FE5B0020CB
S214031BE0106500207C4E0020FC5B002008B50B4BE4
S214031BF0187880B90221EEF737FD094B1B782BB115
S214031C0000214FF6FF720846EEF710FDBDE80840C8
S214031C100448FFF773BF00210846ECE7FF5B00208C
S214031C20FB5B00200864002038B5144B0C461D7877
S214031C30012D21D181B90846EEF742FD104A05FA77
S214031C4000F013680F4923EA0003136020462A4670
S214031C50BDE838400BF0F6B80B4A13780133DBB215
S214031C60022B137004D9BDE838400848FFF746BF77
S214031C70FFF74CFE0028F6D138BD00BFFF5B0020FF
S214031C807C4E0020FDD30300FC5B0020086400208C
S214031C9038B50C4605460BF037F9A04203D82D217C
S214031CA003480BF0F9FC28460BF012F9204438BD24
S214031CB0E870040070B506460D460BF009F90446B5
S214031CC048B130460BF020F9A84203D83521024824
S214031CD00BF0E2FC605D70BDE870040070B50C4666
S214031CE0064615460BF010F9A04203D83E210448D9
S214031CF00BF0D2FC30460BF0EBF800B1055570BD87
S214031D00E87004002DE9F0431E46574B8FB01B784E
S214031D100746033B012B0C4615469DF8588007D80B
S214031D20F4F718FA20B1F0F71DF908B144F400549B
S214031D304E4B1B7813B924F40074A4B2200509D5BE
S214031D4046B9284604A9F0F70DFD002846D024F42A
S214031D500064A4B2ADF81840ADF81A5007F0D4FAF0
S214031D60434BADF81C00B8F1000F02D01A78424579
S214031D7001D293F800803F4AE105137848BF0DF17E
S214031D80210103F10103DBB2137058BF08A9220532
S214031D908DF81E808DF81F3006D53368083141F85C
S214031DA0083C736841F8043CE30407D5324A08311B
S214031DB0136841F8083C536841F8043C0DF11808D1
S214031DC0A1EB08005FFA80F9002148460BF0F4F80F
S214031DD0064628B900200FB0BDE8F08304AEB9E785
S214031DE00BF076F841464A46E7F746FF30460BF0D7
S214031DF08BF8804630460BF06BF8002302460093C0
S214031E004FF6FF7004235FFA88F107F090F8ADF8F9
S214031E100E000028DED040F201131C421AD14FF602
S214031E20F7739D4216D80BF06FF80DF10E010446BA
S214031E30284600F0B5FDBDF80E000BF065F8E4B2D9
S214031E40A04207D9BDF80E0007F0BEF8437843F06A
S214031E5004034370BDF80E003A4601210BF084F8E4
S214031E60BDF80E00B7E700BF245B00201F5B002011
S214031E70C2640020215B0020A65B0020F0B5082981
S214031E80D58889B028D00C2926D0AE0424D405F0F2
S214031E9040030B43424C267816B105F02004234337
S214031EA02FB2002FB8BF43F08003032920D112239B
S214031EB0AC068DF80430937A10D48DF805300DF106
S214031EC0060401A9621A012392B2EFF74BFEB0FA99
S214031ED080F0400909B0F0BD0B46DBE732228DF8EF
S214031EE005308DF80420002EE9D00DF11304E8E741
S214031EF00C298DF804300ABF138953798DF8053001
S214031F00548805BF1B0A8DF806308DF805300DF191
S214031F10070318BF0DF106031C70240A5C701488AF
S214031F2002399C70240ADC70147901291C7111D8BB
S214031F30917A002F597131DA022112899971DA7177
S214031F40120A03F109041A72002EBAD0AB06B8D5EA
S214031F500534B6E7A9071AD4002F0CDA117A51B163
S214031F60917A59711189127A03F1080492B1022207
S214031F709A71D971E8E70B4C217801F1010C84F8CA
S214031F8000C091729C1D002F5971DDDAEAE7917A41
S214031F909C1DF8E70122090A9A71EAE79C1DD3E71C
S214031FA01F5B0020205B0020014B1880704700BF9A
S214031FB0F0550020014B1888704700BFF0550020ED
S214031FC02DE9F84307460BF060FB05461B480BF06C
S214031FD0D9FC1B4B60B31C683C1B2C44A4B20022E8
S214031FE0184BDFF868901B78174D03EB830399F8BB
S214031FF0006005EB43055FFA82F846450AD9AB88CD
S21403200005F10A00A34216D90A23B21A29465A43EF
S214032010E7F73EFB013689F80060AC80B8F1000FA5
S21403202003D1394605480BF03FF82846BDE8F88348
S2140320303C461D60D3E705460132DCE728640020F2
S214032040844E0020015C002092520020025C002097
S2140320501FB5154A154C1378013BDBB21370616844
S214032060206801AA03C221891180114A1278D21866
S21403207005D00A2320465A43E118E7F709FB9DF8E3
S21403208006301B070DD0BDF80C00FFF799FF03467B
S2140320908288ADF8082001AA03CA1288186059601E
S2140320A01A8104B010BD00BF015C002092520020CC
S2140320B0025C0020002108B5084B09481970094B3B
S2140320C01970094B1A7802EB82025200E7F736FCC6
S2140320D0BDE808400548EFF7F1BD00BF025C0020ED
S2140320E092520020015C0020CE6400202864002069
S2140320F0F8B50024084D094F094E3B783178E2B213
S2140321000B449A4204F1010400DBF8BD2846EFF7BE
S214032110E5FA0A35F1E700BF92520020025C002080
S214032120015C0020F8B516460C4B0D4A1B78127856
S214032130074613440B4A0D46127893420CD030469A
S214032140FFF73EFF013506810780857004460BF0D6
S21403215097FAE0800120F8BD0020FCE7015C002030
S214032160025C0020CE64002010B5064C207828B10F
S2140321700548F5F799FD10B1034B188810BDFFF716
S21403218067FFF3E7015C00209252002008B50A4A75
S2140321900346107860B1094A1088984209D121B9DC
S2140321A09378103323F00F039370FFF751FF01204A
S2140321B008BD0020FCE700BF015C0020925200200F
S2140321C02DE9F74F00260BF060FADFF8F890B246D9
S2140321D099F80070B3463A46DFF8EC801FFA80FEA3
S2140321E0B8F800C0344CAEEB0C039BB201932378D3
S2140321F0324D009303EB830305EB4303ACEB0E0C6A
S2140322005FFA86FEBE4515D3BAF1000F01D0009BD8
S2140322102370BA422AD3002F37D00A222378C8F86D
S214032220000002FB03532648998803B0BDE8F04F2D
S2140322300AF03ABFB3F804E001998E4512D84FF07E
S214032240010A009993F802E001310EF1FF3EC9B28C
S214032250013AA3F804B083F802E00091D2B20A333D
S2140322600136CDE7E644A3F804E0F8E789F8002052
S2140322704AB10A222378C8F8000002FB0353104829
S21403228099880AF011FF237813B903B0BDE8F08FDD
S214032290FFF76AFF06460028F5D006F0B6FD0146AE
S2140322A0304607F066FC20B100212888FFF76EFF52
S2140322B0E9E740F60241F8E7015C0020925200206D
S2140322C028640020025C0020844E00202DE9F041A3
S2140322D092F808801F4608F1FF33DBB2EF2B054662
S2140322E00E46144688B00BD982238DF80E3031463D
S2140322F028469DF80E30204AFBF774FA012037E093
S2140323000E22002104A8E7F719FBB4F809308DF86C
S2140323101180ADF81230E37A03F07F02032A08D067
S214032320012B24D103238DF81030A389ADF8153083
S2140323300EE0032B14BF022301238DF81030E3684D
S214032340CDF815302369CDF81930237D8DF8143078
S214032350A7F121014A420DF10E034A41009321469B
S2140323600DF10F0304A8FAF793FD0028BFD1002050
S21403237008B0BDE8F08100BF1D2804002DE9F04F2A
S21403238000241D7895B0CDE9020104922346224627
S2140323900120CDE90054404908F0EEFEADF81E00DA
S2140323A0F8B1A346264627460DF120090DF1380A53
S2140323B0E4F7A4F95FFA84F8404516D83A460221B2
S2140323C0BDF81E00FFF78AFC32460421BDF81E0046
S2140323D0FFF784FCDDE903100022BDF81E30FBF78F
S2140323E001FA012015B0BDE8F08F4A4640460AA917
S2140323F0FAF740FD9DF8282022B12DB1013DEDB23C
S2140324000137FFB20134D3E7BBF1000FF8D199E8E7
S21403241003009DF829308AE803008DF84030BDF8A4
S2140324202A30032A8DF841304FEA13238DF84230C1
S21403243017BF032301238DF843309DF82C30DDF8B6
S2140324403110DDF82D0014BF8DF84C308DF8433075
S21403245011AB03C302980CBF4FF00E084FF01508DC
S21403246008F051F80590BDF81E000AF04DFD0599D9
S21403247000EB080399420BDB0123424651460DF15C
S2140324801E00EFF76FFB0028ABD10136F6B2B7E7B5
S2140324904FF0010BB4E700BFBD70040038B5054626
S2140324A00D4B0E481C88EFF7F5FB012D0CD10C4B9A
S2140324B01C88FA21614358B1884209D28408012C4A
S2140324C0204638BF012038BD022D08BF0224F0E79E
S2140324D002480AF0E9FDF2E78E520020883E00200B
S2140324E08C520020012208B5054B06481A700021BD
S2140324F00AF0DAFDBDE808400020FFF7CFBF00BFB3
S214032500F05A0020883E00201E4B73B51A8802F14D
S21403251008039BB2012B02D81B4B1B7823B902B0CE
S214032520BDE87040EFF7CABB0024184B184D1C706B
S214032530184B1C702B787BB14FF6FC73164E00932A
S214032540224623462146308808F01BFA4FF6FD73D1
S2140325502C70338001200FE0104B10461978F4F7E7
S21403256019FF0028F6D10C4B1A884FF6FD739A42D2
S214032570F0D0012302202B7002B0BDE87040FFF7B5
S2140325808DBF00BF90520020F05A0020F35A00205F
S214032590F15A0020F25A00208A520020F45A0020F2
S2140325A0012808B50AD002280CD020B9084B1870A9
S2140325B00848EFF783FB4FF0FF3008BDBDE808403F
S2140325C0FFF790BF0020BDE80840FFF767BF00BFD6
S2140325D0F05A0020883E002002280CD859B1064A3B
S2140325E013780133DBB21370044A12789A4202D886
S2140325F00220FFF7D5BF7047F25A0020F55A002095
S21403260038B5A0F61343012B04460D4615D80E4ADB
S21403261013780133DBB213700C4A12789A420CD843
S2140326204FF6FD720A4B00201988914201BF002223
S2140326301D80084B1A70FFF731FF29462046BDE878
S214032640384004F0F3BD00BFF35A0020F65A0020CA
S2140326508A520020F15A002000234FF6FD71054AE6
S2140326601370054A1370054A1180054A1370054A0C
S21403267013707047F35A0020F25A00208A52002043
S214032680F15A0020F05A002030B5094B02461B7859
S21403269033B1084B084C19780023D8B2884201D3CB
S2140326A0FF2004E0013334F823509542F5D130BDC2
S2140326B0CD640020F85A00206A5200200022FF2131
S2140326C0044B05481A70054B1970054B1A7892008F
S2140326D0E7F734B9F85A00206E520020F75A002064
S2140326E0CD640020F7B58DF807100DF107010446F9
S2140326F002F02AFD234B1D78002D41D02046FFF71C
S214032700C3FF214EFF283178204B05D1204A10788D
S21403271085422DD9451C1570884219D01C4A1B4D7D
S21403272092F800C00022D7B2BC450CD92F4697F8C2
S21403273003E00132864505F10405F4D102B203EB4A
S2140327408202D278FA7002B203EB8202D170307042
S21403275002B203EB820123F82240FF228A709DF81F
S2140327600720FF2A02D003EB8203987003B0F0BD64
S2140327700A46104603EB8202D278FF2AF9D1CBE74A
S214032780FF20F3E7CD640020F75A00206E520020A6
S214032790F85A00202DE9F843FFF776FFFF28044692
S2140327A069D04FF6FF72354F03B2DFF8DC80344E44
S2140327B027F8232098F80050A54202D10020BDE850
S2140327C0F883337820B28100A34207EB800090F8A9
S2140327D003E010D00023294A5FFA83F94D45944657
S2140327E006D99CF803900133A14502F10402F3D104
S2140327F08CF803E001E086F800E0013DEDB22A1B09
S214032800D2B2043192003944E6F742FF88F800500A
S2140328103378FF2B04D0A34224BF03F1FF33337076
S21403282000214FF6FF70154BCAB2AA420CD3002301
S2140328304FF6FF71134ADCB2AC42BBD2013332F817
S21403284023008842F7D1B5E79A78A2420BD11880C5
S214032850DA78FF2A04D0A24224BF02F1FF32DA70EC
S21403286001310433E0E7FF2AF2D0A24224BF02F18B
S214032870FF329A70ECE72D20A1E700BF6E520020CE
S214032880F75A00206A520020F85A0020F8B51C4B6D
S21403289005461B78084673B3FFF7F6FEFF28044683
S2140328A029D02846FFF7F0FEFF2806D0154B164E14
S2140328B01A780023D9B2914218D3FF212846FFF78E
S2140328C011FFFF28014616D00546104F23B207EB2B
S2140328D0830237F823009678FFF704FFA84208BF61
S2140328E0FF25FF2E214608D12846F8BD013316F8EA
S2140328F023108142DED1FF25F6E73446E6E700BF24
S214032900CD640020F85A00206C5200206E5200203E
S2140329102DE9F04180460E461F46002386B001A8E7
S21403292014469DF830508DF80330FCF74BF8ADF89D
S21403293004802EB13368CDF806307368CDF80A30BC
S21403294038460AF0C5FA0DF103034219214601A8D9
S21403295004F078FC9DF8033093B931464046E4F71B
S214032960EFF80E4B1B785BB10B2C09D8FF214046C2
S214032970FFF7B8FE064605EB4404E4B2A54202D1CF
S21403298006B0BDE8F0812946384608F098FB314684
S214032990FFF7A8FE02350646EDB2EFE7CD6400204A
S2140329A000232DE9F3470DF107028DF8073004469F
S2140329B00E4602F0B4FB9DF80730054663B9204681
S2140329C0FFF762FE04465EB130880AF09DFA5FFAAE
S2140329D080F8FF2C45D10025284602B0BDE8F087D5
S2140329E0B046F6E701320C2AF5D02DB207EB850583
S2140329F0AD78FF2DF6D112F0FF0AECD04FEA4A0568
S214032A000235EDB2002EE7D0304605EB080108F09C
S214032A101BFB0028DFD1524641463088FFF75EF99C
S214032A200AF1FF3208F1010108F102093088D2B237
S214032A30C9B25FFA89F9FFF751F924B207EB8404A8
S214032A40A478FF2CC8D023B2494637F82320308811
S214032A5008F045FB0028BED109F102095FFA89F99F
S214032A60EBE725460022014FBFE700BF6E5200206A
S214032A70FF2818BF064B10B51BBF03EB800433F8C3
S214032A8020302D200B801EBFA3780020137010BDAE
S214032A906E52002008B5D2F7E7FDD2F795FB00F09B
S214032AA077F9BDE80840D3F703BA38B5044690F87B
S214032AB044108378826CCB1A59425941D2F79EF957
S214032AC0E37893B1257985B900F0FAF80346A2684E
S214032AD0218A04F11C009C1A8C4236BF52182946E0
S214032AE0D11ABDE8384000F0E2B838BD09B1D2F7D4
S214032AF001BED2F711BE38B58388044603B3E37824
S214032B000088A17804F10C05A3B10023B1FA81F182
S214032B10E3704909FFF7EAFF4FF6FF72A38821899E
S214032B2093421CBF03F1FF33A3802846BDE8384019
S214032B3000F0BDB80123E370FFF7D8FFE188F4E7A0
S214032B4038BD10B5044681780088FFF7CFFF012310
S214032B50E3700023A38010BD10B581780446B1FA54
S214032B6081F100884909FFF7C1FF0023E370A380C2
S214032B7010BDFFF7F1BF70B50446054600262B4689
S214032B8055F8040B10B11B1B0C2B00DD70BD237C0A
S214032B908680002BF3D0637C13B1FFF7D2FFEEE7FA
S214032BA0FFF7DAFFEBE7FFF7E6BF70B50446054627
S214032BB04FF6FF762B4655F8040B10B11B1B0C2B58
S214032BC000DD70BD8388B342F4D04FF4FA724FF63B
S214032BD0FF731146D2F764F9ECE709B1D2F78ABD61
S214032BE0D2F79ABD10B5044640611030D2F79CFE6A
S214032BF0A1686368B1FA81F1208849091BB9BDE869
S214032C001040FFF7EABFFFF7E8FFA168A088B1FA14
S214032C1081F14909F3E700F040B80346184613F874
S214032C20012B8A4201D0002AF8D1704710B53B2108
S214032C3004460068FFF7F1FF0022034603F8012B62
S214032C402068236010BD50F8083C23B150F8041CDC
S214032C5030F80E0C18477047084619B1FF2110309C
S214032C6002F061B97047007800F0DF03552B07D0F8
S214032C70642807D0663818BF4FF0FF30C0B27047DD
S214032C80012070470320704718B12D280CBF012080
S214032C900220704708B501F03AFD08B500F06DF85C
S214032CA0BDE8084004F094BA50E9023018470A46D3
S214032CB00830FF2102F02EB9FF21083002F03BB99D
S214032CC008B50AF044FDBDE8084009F0B7B92DE998
S214032CD0F041044600274FF00C0E8F4202DB002023
S214032CE0BDE8F0812078904204D1002594F807804F
S214032CF0454502DB01370C34EFE70EFB05F6D4F847
S214032D0008C00CEB06003CF806609E42E8D001358E
S214032D10EEE7F0B585B005460E461746D2F744FEF5
S214032D200446A0B131462846D2F70CFE83783A46CD
S214032D30002BA36831460293A378284601934FF0ED
S214032D40000300930CBF80234023E0F729FA05B065
S214032D50F0BD08B51288D2F727FE50B10279BDF848
S214032D600C309A4207D881680298E6F791FC002057
S214032D7008BD8620FCE78920FAE7002004F0ACBAF9
S214032D8008B504F019FB002814BF0320002008BD73
S214032D90704708B501F0A3FFFFF77CFE642003F03D
S214032DA066FE642003F062FE01F09BFFD1F7CAFFC4
S214032DB008F09EFDF8E708B5FFF76CFF10B5C2787C
S214032DC00446022A15D0806B98B1636B012A1B7BDD
S214032DD003D123B1FFF7C0FE03E0002BFAD0FFF7C1
S214032DE0B0FE60784FF60272BDE810400621FFF78A
S214032DF090BF10BD10B50446406BD2F7D5F82046F9
S214032E00BDE81040FFF7DABF10B50446406BD2F7B3
S214032E10EFF82046BDE81040FFF7D0BF10B50446D4
S214032E20406BD2F713F92046BDE81040FFF7C6BF44
S214032E3010B50446002206214078FFF76AFFA37800
S214032E40022B01D0FF2B04D12046BDE81040D3F758
S214032E5075B810BD4FF60273994210B5044604D1F7
S214032E60806BC37863B1FFF76CFEE378022B02D066
S214032E702046FFF7A3FF2046BDE81040D3F75EB811
S214032E80FFF76AFEF1E70A2901D9FFF706BF704785
S214032E9010B58278044603797AB90BB1D3F702F9F1
S214032EA02046D3F72BF903236078A4F86C30552219
S214032EB0BDE810401221FFF72CBF012B01D1D3F739
S214032EC0F1F8A379012B02D12046D3F717F9012392
S214032ED0EAE710B58378044683B903790BB1D3F7D1
S214032EE0F7F82046D3F750F904236078A4F86C303B
S214032EF05522BDE810401221FFF70BBFB0F86C3027
S214032F00022B0CD00379032B01D1D3F7CBF8A3798B
S214032F10032B02D12046D3F7F1F80023E5E7D3F7D6
S214032F2075F9FAE7827883685AB9DB78002B14BF01
S214032F3003230423A0F86C30552212214078FFF7B0
S214032F40E8BE1A7922B9DB78003B18BF0123F1E704
S214032F500223EFE77FB500239E6A0446B6F5804F4B
S214032F600D460CD201A8D3F7FFFA039B5B0506D5E3
S214032F7029462046336C04B0BDE87040184704B0B9
S214032F8070BD00239B6AB3F5804F05D21B6BB3F568
S214032F90804F01D29B6818474FF4817070471FB566
S214032FA000239A6AB2F5804F04D340F2011005B0AD
S214032FB05DF804FB126BB2F5804FF6D2012201A82E
S214032FC0CDE902338DF80420D3F7CEFA039BDB0357
S214032FD0EBD5029B1A0EE8D0012A03D1C3F30743AD
S214032FE00A2BE2D900239B6A1B6B1B6C9847DEE710
S214032FF008B50AF071FDB0FA80F0400908BD134623
S21403300010B542B103439B0707D10AF069FDB0FA36
S21403301080F0400910BD0120FCE70020FAE70023FA
S2140330200360704703680B600160704710B538B1E2
S21403303032B129B100230139D45C14B900230370DB
S21403304010BD8B42FAD200F8014B0133F4E7034676
S21403305038B10020814204D01A5C02B970470130AF
S214033060F8E770474FF0FF31FFF7F1BF70B50C4636
S2140330701646054660B15AB151B1FFF7F3FF8442D5
S21403308006D9211A32462844BDE87040FFF7CEBF62
S21403309070BDFEE7FEE700239A4200D1704710B5E5
S2140330A050F8234041F8234001339A42F8D110BD2B
S2140330B0D3F7BABE1FB50B464FF0FF31FF248DF88A
S2140330C009000391009203A9002202A88DF8084084
S2140330D0D3F752FF10B9039804B010BD2046FBE7A0
S2140330E04369426CD91C143AB1FBF2F103EBC100FD
S2140330F00330B0FBF2F00230704738B505460C4695
S214033100FFF7EEFF6A6CE31D143AB3FBF2F30133E9
S21403311004EBC30402FB004038BD38B505464469DA
S2140331202146FFF7EAFF6A6CE31D143AB3FBF2F39A
S214033130013304EBC304204438BDF7B507460E46F7
S21403314000257C6CA819644280EA06031C4003D061
S2140331502C46204603B0F0BDFB6B01225B6901A938
S2140331609847019B0133F4D10435EAE770B5054669
S2140331700C46D5F715FCEB6B2046BDE87040DB68C4
S214033180184770B50025044686B00562E369AB426E
S21403319002D8206A06B070BD666C2068E36B052211
S2140331A05B6901A906FB0500984701A800F022FC0D
S2140331B000F045FC10B1236A013323620135E5E7CD
S2140331C038B50446456C006804F1400305FB01016D
S2140331D0E06B00F041FC05462046FFF7D2FF284689
S2140331E038BDF0B50546002687B0EC69013CB4420D
S2140331F003D80C46204607B0F0BD01B14C1E6F6CD9
S2140332002868EB6B05225B6901A907FB0400984756
S21403321001A800F0EFFB00F012FC0028EAD12146DB
S2140332200136E2E7F0B504460D46466CE36B0068EC
S21403323087B005225B6901A906FB0500984701A82C
S21403324000F0D8FB00F0FBFB20B101A800F0A9FBBF
S21403325007B0F0BD29462046FFF7C3FF0646676C56
S2140332602068E36B05225B6901A907FB0600984704
S21403327001A800F096FB431CEAD0B54238BF0130E4
S214033280E6E72DE9F0434FF6FF79D0F824800446AD
S2140332900E46C84514BF45460025002787B0E36998
S2140332A0BB4202D807B0BDE8F083E26B2368606CCC
S2140332B0D2F814C000FB0530052201A9E04701A897
S2140332C000F098FB022806D0C8450CD1721C29468C
S2140332D02046FFF775FFE3690135B5FBF3F20137C7
S2140332E003FB1255DBE729462046FFF79BFFB0F1A9
S2140332F0FF3F14BF024632460132E8E70368F0B5E3
S214033300CC1A436C0646B4FBF3F4002587B0F36986
S21403331037685A1E9542706C08D3706C336800FB8E
S214033320043007B0BDE8F04000F094BB0134B4FBB2
S214033330F3F203FB1244F36B05225B6901A900FB5E
S2140333400470984701A800F055FB00F078FB0028AE
S214033350E3D10135DBE710B423F0030422449B07D3
S2140333600A44436C18BF04325B4281EA02042342D8
S21403337003D05DF8044BFFF7C1BF10465DF8044B5E
S21403338070472DE9F041D0E90A369E42044686B0DE
S21403339028D11422C369456802FB1355284606B094
S2140333A0BDE8F0812068676C331AB3FBF7F3E26B72
S2140333B007FB0300D2F8148001A90522C04701A821
S2140333C000F018FB012804D0636C1D44013B334016
S2140333D0ED1A31462046FFF791FF0646A36AB3422D
S2140333E0E0D1DBE70025F9E708B508301346D1E955
S2140333F00012D5F75BFA012008BD13B50C46002171
S21403340021760093616813462246D3F733FE18B13C
S214033410E37D03B1A07EA075A07D02B010BD73B599
S214033420164600F108050C46284609680DF1070202
S21403343000F098F9032E06D16368834203D1284629
S214033440216800F076F9012002B070BDD01E009B03
S21403345042424241187E824211D11A688A420ED8ED
S2140334605A688A420BD35A6901325A61D3E9030276
S21403347082423FBF986840F8221001321A61012049
S214033480704710B5032A029C07D1A26A5340626CA8
S2140334905242134201D100F04CF9012010BD08B589
S2140334A0C36800209847BDE80840D5F781BA0128CD
S2140334B014BF0420022070B5002442431C70CC7D48
S2140334C0101D02F002024CB91AB1012220F00300CB
S2140334D01A7000F108034868184470BD1AB1012237
S2140334E020F003001A7000230C7E01F12005DAB2E7
S2140334F0944201D80020F0E735F833205E1C824260
S21403350006D901EBC30300F10802D8691044E4E7C7
S2140335103346801AEBE773B5054690F842601C46BF
S21403352030460DF10303FFF7C2FFEB6B012E5B6919
S2140335300DD1324601A998479DF8033013B1BDF863
S21403354006300193BDF80430236002B070BD01223B
S214033550214602B0BDE870401847F0B50546002482
S2140335604868EB6B87B00E4601225B69029402A99A
S21403357008309847274695F84230012B40F0AC8038
S214033580632C00F2AB80612C08D805AB224631468B
S2140335902846FFF7C0FF9DF814305BB3224605AB01
S2140335A0314628468DF81070FFF7B5FF95F8422090
S2140335B0059B012A7FD14FF6FF72934256D008220D
S2140335C005A904A800F062FA059B9DF81010C3F342
S2140335D0072291424AD1DBB2029A1A44029245E08C
S2140335E0DCD005AB224631462846FFF794FFBDF8EC
S2140335F01430D2E795F84230012B39D1612C2ED8FE
S21403360022463146284603ABFFF785FF3146284658
S21403361004AB621CFFF77FFF3146284605ABA21CAE
S214033620FFF779FF102208230DEB02010DF10700C7
S2140336308DF8073000F02AFA102205A90DF10700CD
S21403364000F024FA039BDAB24AB99DF80720B2EBDE
S214033650132F04D1DDE9043203EB0243029395F8FA
S2140336604230012B14BF012302231C44013482E79A
S214033670302CF4D822463146284603ABFFF74BFFDF
S2140336803146284604AB621CFFF745FF1023202271
S2140336900DEB03010DF107008DF8073000F0F6F986
S2140336A0039B9AB2002ADAD19DF80720B2EB134F98
S2140336B0D5D1049BD2E70133D8D0102205A90DEB50
S2140336C0020000F0E3F9059B9DF81010C3F30742D0
S2140336D09142CBD19BB27FE7312C81D9029807B0B8
S2140336E0F0BD13B500240194049C0094D4F7B4F9F8
S2140336F002B010BD13B501240194049C0094D4F7C2
S214033700ABF902B010BD00234FF0FF3230B544686A
S2140337109C4202D10023037230BD016801EBC3054E
S21403372041F833206A600133F2E7C0E90012FFF77D
S214033730EABF002370B545689D4210D0046854F86C
S214033740332004EBC306B2F1FF3F09D0C2F31302E2
S214033750914205D14FF0FF3244F83320726070BDBA
S2140337600133E9E70023F0B545689D4202D14FF0E7
S214033770FF300EE00468DE0054F83340671C09D0BF
S214033780C4F31307B94205D1240D147003683344F8
S2140337905868F0BD0133E8E7704770B594002246D9
S2140337A005460E460AF09CF9431C0AD058B9224631
S2140337B031462846E6F714F9002814BF3D200020BA
S2140337C070BD6E20FCE77120FAE713B5044601A826
S2140337D0D5F77EFF9DF8063023804FF48073638011
S2140337E0D5F784FF6060002002B010BDD5F7F4BEA5
S2140337F008B5D5F7E5FE002008BD10B5044644EA33
S214033800010313F00303084609D1934201D10020B4
S21403381010BD54F8231040F823100133F5E7214672
S2140338209200E6F729FAF2E710B504460AF054F9CF
S214033830431C10D088B9D5F759FF234620F0030060
S2140338402044984201D1002010BD53F8042B0132C6
S214033850F7D03E20F8E76E20F6E77120F4E77047CE
S21403386013B50023044601461B220DF107008DF80D
S214033870073000F00BF922689DF80730B3EBD26FE0
S2140338800CBF0120002002B010BD13B50023044670
S214033890014620220DF107008DF8073000F0F6F8F8
S2140338A00DF107001A22211D00F0F0F862689DF85A
S2140338B00730B3EB926F0CBF0120002002B010BD9F
S2140338C00068431C584258417047006810F07E0F4A
S2140338D00CBFC0F3C160002070470068C0F3D3106C
S2140338E07047006800F07E00B0FA80F04009704729
S2140338F0036813F07E0F14BF042008207047036884
S21403390013F07E0F03D1406820F07C40704713F01D
S21403391078001CBF03F07F03D81F7047006800F0D1
S2140339207F007047032809D0022803D1C1F10201A2
S214033930C8B2704700290CBF07200020704737B570
S214033940054601F10C04436969460122204698475F
S214033950BDF80030012201932046AB6901A99847C0
S21403396003B030BD37B501F10C0443690122694643
S2140339700546204698474FF6FF72009B99B2914240
S2140339800DD16FF30F0343F4254343F0A5030193CF
S21403399001222046AB6901A9984703B030BD002039
S2140339A0FBE737B5044600251B22011D0DF1070072
S2140339B08DF8075000F06AF860689DF80720B2EBB0
S2140339C0D06F03D120F0784003B030BD0DF107006F
S2140339D01B2204F108018DF8075000F057F8A06881
S2140339E09DF80730B3EBD06F01D1C043EAE74FF041
S2140339F0FF30E9E74BF29A22036810B5B2EB134F98
S214033A00044613D19BB2012B13D1FFF7CAFF013033
S214033A100CD04FF6FF72E068B2EB104F4FEA10433C
S214033A2009D180B2C01A18BF012010BD2368013324
S214033A3003D00420F9E70220F7E70320F5E701287F
S214033A408CBF002001207047033801288CBF00205C
S214033A5001207047143070472DE9F041054698461B
S214033A60036908460E4617469847044638B9434640
S214033A703A4631462846D5F70BF8044618B1314680
S214033A802846FFF75CFF2046BDE8F0811F2A0B6837
S214033A909EBF4FF0FF3191408B43590801F05531DB
S214033AA05B1A03F033319B0803F033330B4401787E
S214033AB003EB13130A444FF0013103F00F334B4368
S214033AC0A2EB13620270704708B507F0B9FDBDE8B4
S214033AD008400021D5F7E6B802210320D5F7E0BA5F
S214033AE0704770477047704770B5054614460E46D4
S214033AF009F0D3FC2B685C4034405C402C60BDE886
S214033B00704009F0C5BC4FF050234FF400321A67DB
S214033B1070474FF0B0435A6812B19A6A002AFAD136
S214033B20704770B5054614460E4609F0B6FC2B687A
S214033B305C4034405C402C60BDE8704009F0A8BC93
S214033B400122417803788A4030214B4342F2100128
S214033B5003F1A04303F570335A50704730B5002283
S214033B60044600F0FC05A31803F00303581921FAD2
S214033B7000F3DB0704D50132042AF4D14FF0FF30FB
S214033B8030BD00207047002070470020704700209B
S214033B90704701207047012070470F207047E6F7F3
S214033BA0B3BE002307B5CDE90033012369464FF0C2
S214033BB0FF308DF8023004F0DDFB03B05DF804FB44
S214033BC00020704710B508B9212010BD0029FBD08E
S214033BD0036813F0704205D1C3F30E030B607BB189
S214033BE00020F2E703F05044B4F1004F05D0B2F1E1
S214033BF0304F02D0B2F1404FE6D103F07F03EDE73A
S214033C004368002BE0D00B60EAE737B50C46054661
S214033C1010B9212003B030BD0029FAD0002301A932
S214033C200193FFF7CFFF0028F3D12968019A11F01B
S214033C30704102F1030222F0030201D12260E9E798
S214033C40AD68B1F1004FC5F38033C5F3403504D1F9
S214033C5003EB450353432360DCE7B1F1204F01D167
S214033C602B44F7E7B1F1304FFAD0B1F1404FF7D01C
S214033C70CFE737B50C460546002800F088800029B4
S214033C8000F0858000230B60036803F070430B602D
S214033C90C26822B1032A7AD143F080630B60AB6813
S214033CA09A014AD403F08073EA680AB9002B6ED1EE
S214033CB0226822F0407213432360EA68032A05D180
S214033CC02A69F62A63D962F317432360AB681B0499
S214033CD042BF236843F400432360EB68032B1FBFF4
S214033CE023682A6862F30E0323602B68AA68002BF6
S214033CF02BDB12F4C84F4AD12B6803F0704303F151
S214033D000043B3F1804F05D2530542BF236843F403
S214033D10806323600023284601A90193FFF752FF1F
S214033D20002834D12B6813F070421FD12368019A00
S214033D3062F30E03236003B030BD03F04073B3F1A8
S214033D40407F18BF4FF00073AEE7500402F40051F3
S214033D5005D4E1B1236843F400532360CCE723681A
S214033D6043F4804323600029C6D0F3E703F05043AF
S214033D70B3F1004F05D0B2F1304F02D0B2F1404F4D
S214033D8005D1019B5A1E236862F30603D2E721205E
S214033D90D1E738B131B101234B604FF00053002017
S214033DA08B6070472120704737B50C46054608B927
S214033DB0212017E00029FBD001234B60C368ABB971
S214033DC001A90193FFF721FF0028F1D1019B6A693E
S214033DD09A4209D32A69002AEAD0226043F00053A4
S214033DE00020A36003B030BD1D20FBE7032BDFD10B
S214033DF00023F5E7436813B9416070475B685A6868
S214033E00012AFBD159607047FFF7DABE08B5FFF702
S214033E10D7FE002814BF6FF09200002008BD13469B
S214033E20428870B50732072A0C464FEAD20101D002
S214033E30A14222D146680588202218460021E5F7CC
S214033E407DFD360A0346DEB9BCB141F20102954256
S214033E5005D0B5F5885F02D0B5F5905F02D1002096
S214033E605C6070BDB5F5105F0DD1182C03D0202C07
S214033E7001D0102C01D11C60F1E76FF08600F0E74B
S214033E806FF08B00EDE76FF08500EAE7F0B51C46B0
S214033E90436806461B0A0F46154689B035D12246A7
S214033EA02946FFF7BCFF68B9EB1C23F00303C4E9FC
S214033EB00307636145B9202200212046E5F73EFD4E
S214033EC06FF0860009B0F0BD014620226846E5F78C
S214033ED035FD29466A463046FFF7A1FFDDE9006552
S214033EE0DDE9062302990028E5D12768B742E2D127
S214033EF06668AE42DFD1A5688D42DCD1A1699142E6
S214033F00D9D1E2699A42DDD0D5E76FF08B00D9E7C5
S214033F10D5F728BFD6F738B870470020704700207B
S214033F207047C3681944836853F8210030F8023B8E
S214033F3013607047012310B580F888300378044671
S214033F4053B100F05BFA21462046D6F70DF920461A
S214033F50BDE8104000F047BA10BD38B50D4604461C
S214033F60D6F7EAF86B682046C4F8B032A96800F0C2
S214033F7098F94FF0FF332046C4F8B432FFF7CDFF6D
S214033F8038BDD0F8B43210B50133044601D0002052
S214033F9010BD00F0C1FAC4F8B4020130F7D194F8AA
S214033FA0B80280F00100F3E708B5D6F701F908BDBB
S214033FB00A7801382D2A0ABF012200228918D6F76B
S214033FC053B907281BD8DFE800F0060A0D101315AF
S214033FD004170120704700220820D6F745B90022AF
S214033FE01020FAE700222020F7E70820FFF7E0BFBB
S214033FF01020FBE72020F9E70846D6F797B90020FC
S21403400070472DE9F74307280C46DDE90A76904604
S2140340101D4608D8013806280AD8DFE800F01D2711
S214034020303A44574A00212850D003B0BDE8F08305
S214034030002220461146E5F74DFC3368C0B205EB77
S21403404083013A6845F82300013348F822103360A9
S2140340503B6801333B60E8E7002220461146E5F75C
S21403406039FC336880B205EB8301EAE70022204679
S2140340701146E5F72FFC336805EB8301E1E70022E1
S21403408020461146E5F716FF336840B205EB830179
S214034090D7E7002220461146E5F70CFF336800B247
S2140340A005EB8301CDE7002220461146E5F702FF24
S2140340B0E1E7002389461E461D468DF8063019F8AB
S2140340C0013F7D2B06D125702D0A65703B6848F8A5
S2140340D02340BDE7202BF2D006F00102013612B9C9
S2140340E08DF80430EBE71022002101A88DF8053087
S2140340F0E5F7E0FE631901359870ADB2DFE72DE909
S214034100F04F9B46002385B08B45814688469246F2
S214034110CDE902336DDC1E461A4619F80340212CFE
S2140341200AD81F2C05D8103C072C98BF46F001066A
S21403413000E001220133F0E7FF2CFBD15B4432B1F0
S214034140013B434551DD2B2005B0BDE8F08F4EB152
S214034150013B4345F7DC164635463746454504DB03
S2140341600020F1E79845F7D0EDE75D453BDB19F80E
S2140341700730202B18D109EB07035B78FF2BE2D11E
S214034180CEB920465AF82510FFF71BFF98B303ABAA
S214034190019302AB00932046DDE90E235AF825105F
S2140341A0FFF72FFF0135D9E7212B0ED109EB0703C4
S2140341B05B78FF2BC7D1029B5AF825200E99012660
S2140341C041F8232001330293ECE7A3F11004072CF4
S2140341D002D91C460137D3E709EB07035B78FF2BAD
S2140341E0B1D1E4B2CCE70624CAE700252F462E4613
S2140341F0B4E72120A8E72620A6E72DE9F04F0746D7
S2140342000E4615469846044685B0DDF84490DDE92B
S2140342100FAB206808B3DAF80020D8F800108A42FB
S2140342201BDA0E9B53F82210D2F732FD48BBDAF89E
S21403423000200132CAF800206268117BFE291BD1D8
S2140342400E9B1068012100932A464346CDE902B926
S214034250CDF804A0FFF7D1FF04462B7843B999F8AD
S21403426000302BB97EB101233C4689F800302B7011
S214034270204605B0BDE8F08F01238BF800302B7085
S214034280EBE70C34C5E73446F2E710B5044623687B
S21403429003B910BD237A13B92046D6F77DF80C343C
S2140342A0F5E710B541B10A7932B901249C300C7197
S2140342B0FEF7B8FE204610BD0020FCE72DE9F041CE
S2140342C0BAB005460AAA084603A900F062F90446EE
S2140342D0B0B90DF10A0301930DF10B038DF80A0033
S2140342E000930AAA284604AB03A9D6F7FDF99DF85E
S2140342F00A20B2B158B19DF80B302BB1D6F74CF863
S21403430020463AB0BDE8F081FFF7BFFFF8E7D5F8DF
S2140343109C50002DF4D0A86808B1FFF7B6FF2D68AF
S214034320F7E710B346681AAB06F10C070DF1A808B9
S21403433001933846049B0399CDF800800AAAFFF739
S214034340DEFE04460028DBD1039B05A8CDE906382C
S214034350049B0595CDE90837D7F780FC05A8336895
S214034360984705A800F03EFDCAE72D24C8E710B518
S2140343700446AC30E5F75EF904F1AB031A180020E7
S214034380934200D110BD13F8011F0029FAD00A2961
S21403439008BF0130F4E770B50023012400F1AC0632
S2140343A0D0F8AC52AC420FD3AC30B3F5007F10D389
S2140343B0012070BD0D6801350D6015680135156067
S2140343C0F55C01330A2D02D0B3F5007FF2D3013436
S2140343D0E6E7C15C0A29EBD00029E9D0116801336E
S2140343E001311160E1E710B50021D0F88C200446B6
S2140343F0E5F7A4FA0023C4E9243310BD73B50446D5
S21403440000F1AC0580212046FEF721FE4FF4007133
S21403441006462846FEF71BFE0136C0F500708642A8
S21403442020461FD8E5F706F906462846E5F702F9BB
S21403443001362946421CA819E5F72AF92046E5F76E
S214034440F9F8214602462846E5F716FC2046E5F726
S214034450F1F80A23204480F8AC300023C4F8AC32C9
S21403446002B070BDFFF783FF0023C4F8AC02CDE9AA
S214034470003338B194F8AC3023B16946204601AA1C
S214034480FFF789FF0022009B234483F8AC20B9E79B
S2140344904B1C73B5044619D1D0F8AC3213B1013BAB
S2140344A0C4F8AC3200252046E5F7C4F8A84217D86E
S2140344B02046FFF798FFD4F8AC322BB10023CDE9A2
S2140344C0003394F8AC30B3B902B070BD0129FBD108
S2140344D0FFF74DFFD4F8AC328342F5D20133DFE762
S2140344E0082000F028F8202000F025F8082000F027
S2140344F022F80135D7E76946204601AAFFF74BFFA6
S214034500009D04F1AC06019BAB42DDD9715D2046EC
S214034510D6F70AFA0135F6E707B500200DF10701CD
S21403452000F0E7F820B99DF8070003B05DF804FB38
S2140345304FF0FF30F9E710B5C1B20446002000F093
S214034540C8F800280CBF20464FF0FF3010BD0FB44C
S21403455007B504AA52F8041B00200192D6F780FB85
S214034560002003B05DF804EB04B0704710B54C1C94
S2140345700B460119045D222C03D07B2C01D05C2C46
S21403458005D1D21A1844E5F783F8012010BD0020A0
S214034590FCE72DE9F047054691468846E5F74AF8D5
S2140345A02A4606461346197801322029FAD0C9F856
S2140345B000305C1B01236FF0404AC8F80030A64267
S2140345C001D8002014E02F5D29197B2F12D0222F4B
S2140345D02ED1D8F80030621C53442A4449F82320CD
S2140345E0012C09D911F8013C13F0DF0F04D0212068
S2140345F0BDE8F0877D27F3E701342B5DBB4209D185
S2140346002B195B7813F0DF03F1D1222F00D12B5542
S2140346100134D4E75C2B07D1324621462846FFF700
S214034620A5FF0028E3D0013E0134A642E5D8DEE725
S2140346305C2F08D1324621462846FFF797FF00280D
S214034640D5D0013EE4E7202FE2D10022631CB3421B
S2140346502A55DDD2EA18EB5C202BD9D0D8F80030E7
S2140346600F2B05DC49F823200133C8F80030CFE7C9
S2140346701E20BDE700F000B800207047D2F7F6BA58
S21403468070B50C46154610B9D6F7DEFA38B143684E
S2140346902BB12A462146BDE8704000681847232000
S2140346A070BDF7B50D4616461C4638B9D6F7CCFA94
S2140346B004B901AC20B9232003B0F0BD03B901ACA3
S2140346C0C768002FF7D02346324629460068B84706
S2140346D0F2E707B501228DF807100DF10701FFF782
S2140346E0CFFF03B05DF804FB0B4601461846FFF701
S2140346F0F0BF00230122FFF7D4BF08B508F0C5FFBB
S214034700FA23B0FBF3F080B208BD0420704740F2F2
S2140347100160D6F78FBB70470120704700207047B3
S21403472049BA89B280EA0103C3F30312534018035C
S21403473080B258405B0103F4FF535840704708B5F6
S214034740D6F746FF58B1A0F15903042B06D8042B1D
S21403475004D8DFE803F00404040304005C2008BD67
S214034760D7F78EB87047F8B50C468D180735524202
S2140347701540A5F108070646384600F0DEF9A1887D
S214034780381B628801EBE00189B2A2EBE00225F850
S214034790041C25F8062CA288C310AAB1A4EBC202F7
S2140347A0B2F802C0D18003EB0C015180E28892B1CB
S2140347B0D31A9BB204EBC20425F8023CA380B36869
S2140347C00344B3603846F8BD15F8082C42F00202DD
S2140347D005F8082CEAE725F8022CF0E72DE9F04F58
S2140347E04FF0000887B09946531C109B05461746A2
S2140347F014BF14460824CDF81480002B00F0C480A0
S214034800C3F80080002900F0C18042688A4240F263
S214034810BD80073121F0070608F04CFE05AACDE956
S214034820008282463A464B463146284600F089F9CE
S214034830059F834607B130B9504608F036FE192067
S21403484007B0BDE8F08FB7F8028029694FEAC802BF
S214034850C0EBC8080139B8F1270F296179D9B9F136
S214034860000F50D1864206F1080847D02246394643
S2140348702846FFF778FF04460590A044404600F01C
S2140348805CF9059906F10F004A88C308A2EBD0022B
S214034890A8F80220CA88A8F80430002A30D0D31A11
S2140348A09BB201EBC202A8F8063093808B88F60809
S2140348B0A380B8F804303A46E380414600232846EE
S2140348C0668000F0A5F9AB680833AB60237843F045
S2140348D0010323702B6901332B616288AB68504652
S2140348E003EBC203EA68AB60934288BFEB6008F051
S2140348F0DCFD109B083400201C60A1E73C46BCE7A7
S214034900A8F80620D2E707EB08042046039200F037
S21403491014F90BF10703DB080599638008F1070315
S214034920DB08A380CB8893B1DB00039AD81D821AD9
S2140349305A44C2F3CF020B44E2809A80A38808F15C
S214034940FF384FEAD808A1F80280CB80BBE7E380A4
S214034950F4E7B9F1010F1BD107F10803B3FBF4F237
S21403496004FB1233B3B1224639462846FFF7FBFE53
S214034970044623783A4643F0010323702146012375
S214034980284600F045F9A8E7222059E7212057E7F3
S2140349908642E8D13C46ECE707B500224FF0FF31EC
S2140349A001AB0192D6F7CAFB019803B05DF804FB8E
S2140349B02DE9F74F04460D46002900F0AB80D0E9F9
S2140349C0056808F077FD15F8082C35F8067CD3073C
S2140349D0019000D537B9019808F067FD012003B0B0
S2140349E0BDE8F08FA368D4F810A035F8049CA3EBB9
S2140349F0C70E0AF10103A5F1080C791CC4F808E0F8
S214034A002361B9F1000F7BD0ACEBC90393F800B078
S214034A1002F002021BF0010F67D1002A66D1B3F839
S214034A200290DA88A2EB0902012A69D1B91CAEF119
S214034A3008024944C4F810A0A26035F802ECBEF19F
S214034A40000F61D0D4E900200CEBCE0A02EB00097C
S214034A50CA4559D21CF83EC052461CF0010C15D16B
S214034A60AEEB0707012F11D1BAF80270AAF802C0FD
S214034A7001373944BAF80670002F43D00AEBC70251
S214034A802769013F2761A768083FA76015F8087CD8
S214034A90013927F0010705F8087C002725F8067C6E
S214034AA05980197867F3000119707AB3C3F10701C7
S214034AB01144C1F3CF01D98091804EB3B34227D3BB
S214034AC07288002A08BF1E46B8F1000F06D0434579
S214034AD004D8B8F80220002A18BF43460198C4E950
S214034AE0056308F0E2FC002079E74AB115F8082CC4
S214034AF0494422F0020205F8082C00229A809CE71B
S214034B0063469AE73A46BBE70022BFE7DA80D4E774
S214034B101E46D9E7222062E710B50446D6F726FBE1
S214034B202146BDE81040FFF743BFFFF7F5BF084631
S214034B30FFF732BF0846FFF7F8BF00230360436062
S214034B407047F0B5D0E90554561C08BF0822002B61
S214034B504FF0000008BF2C46069F3860002C38D064
S214034B609DF814606588F60006EBC505C2F1000CD7
S214034B702078C00708D523BBE08898B104EBC004AF
S214034B80658806EBC505F3E78D42F4D35BB904F1FC
S214034B900800B0FBF2FE02FB1E00C0B10844A842A8
S214034BA0EAD83C60F0BD082A11D06088013004EBD7
S214034BB0C000A0EB010E0EEA0C0EA0EB0E00854221
S214034BC0EFD2A0880028EDD0A4EBC004D8E70846AF
S214034BD0E7E72046E6E703460069C0B10AB951B9DC
S214034BE01A6810460378DB0711D531B9C3885BB161
S214034BF000EBC300F6E79A69F3E7012904D183883B
S214034C0023B1A0EBC300EDE70020704718467047BA
S214034C102DE9F041D0E90554074688461646ABB160
S214034C20954200D00ABB424600213846FFF7D3FF21
S214034C30B442054600D02EB9424601213846FFF756
S214034C40CAFF0446C7E90554BDE8F081954208D07B
S214034C508D4228BF0D46B44205D0444538BF44466E
S214034C60F0E70D46F7E74446ECE79442EAD1E3E77C
S214034C7070B500261C46C3E90001C3E90266C3E912
S214034C8005001E611A775E62FFF757FF2369013935
S214034C90C908013341802361A36830460833A36003
S214034CA0E3680833E36070BD002307B568460093E6
S214034CB08DF80430D4F7E4FB03B05DF804FB10B5BD
S214034CC008F0EBFB044606F04DFD2046BDE8104019
S214034CD008F0DEBB70474FF4C870D6F7A7BAD6F70E
S214034CE059BB00F01CB87047704708B503F08BF942
S214034CF003F093F903F09AF903F0A9F9BDE8084025
S214034D0003F0B8B9704708B503F078F903F077F9FC
S214034D1003F076F903F076F9FFF7F4FF08BD08B55C
S214034D2003F0A9F903F0A8F903F0A8F9BDE80840D1
S214034D3003F0ABB97047012070472DE9F34112F039
S214034D4001050446884622D110F0030525D12F46D7
S214034D505208BA4209D1D4F733FC0026B74204EB13
S214034D60860008D1D4F738FC11E054F82730013315
S214034D700CD10137EDE7042258F826300DEB02017B
S214034D80019308F0ADFE30B1D4F726FC3D25284646
S214034D9002B0BDE8F0810136E0E70125F7E770478A
S214034DA0B0F1006F0FD300F07843B3F1006F0CD06F
S214034DB000F06040B0F1404F09D0B0F1604F14BF2F
S214034DC0042003207047002070470120704702200C
S214034DD07047002070471AB111B180B2D6F750BDA4
S214034DE02120704701F0A6BEDFF718BAFFF78FBC85
S214034DF0D0E9023253F8223000211878DEF700BFDC
S214034E00704702F0E5B901F027BEC3688268013B2C
S214034E10DBB252F823305B78652B02D10020E1F732
S214034E2027B96E2B01D10120F9E7662B01D10220A9
S214034E30F5E7704710B5D0E90232044653F822303E
S214034E40187802F0AFFAE368A268013352F8233009
S214034E50BDE81040187802F0A3BA10B50446C0B2F5
S214034E60D7F7C6FE200ABDE81040D7F7C1BED0E983
S214034E70023253F822301878D7F7C2BF02F042BA8C
S214034E80DFF7EABD08B501F008FFBDE80840E0F724
S214034E90DDBFD0E9023253F82230186801F0FBBEBA
S214034EA00020E1F7D9B80120E1F7D6B80221D7F7F9
S214034EB03DBF0321D7F73ABF0521D7F737BF08B55C
S214034EC001460C20D7F70EFFBDE80840D7F79CBE77
S214034ED008B501460020D7F705FFBDE80840D7F719
S214034EE093BE07B5C2688368043253F822300121A3
S214034EF01B880DF10602ADF806300023D8F79AFC9E
S214034F0003B05DF804FB08B508F0D3FBBDE8084022
S214034F10EDF7BEBB10B51446D8F7ACFF2146BDE887
S214034F20104008F0C1B808B5D8F7A4FFBDE808409C
S214034F30002108F0B9B808B5D8F79CFFBDE80840CB
S214034F40ECF7BCBE7047704708B508F0B2FBFFF736
S214034F50FAFF03F0F4F8BDE80840D8F7D9BF704766
S214034F60012070470120704708B5D9F76DF800286F
S214034F700CBF0420012008BD70472DE9F341044609
S214034F800D4616461F46DDF8208008F02DFC3B46EE
S214034F90324629462046CDF8008003F0D1F83B463A
S214034FA0324629462046CDF80080FFF7E5FF02B0DB
S214034FB0BDE8F04101F0BEBD2DE9FF4704460D46AE
S214034FC016461F46BDF830809DF83490DDF838A0AD
S214034FD008F00AFC3B46324629462046CDE9019AAC
S214034FE0CDF8008001F075F804B0BDE8F04701F095
S214034FF0A1BDF8B504460D4616461F4608F0F4FB59
S2140350003B46324629462046DEF72EFB044601F091
S21403501091FD2046F8BD70472DE9F34104460D4641
S21403502016461F46BDF8208008F0DEFB3B46324698
S21403503029462046CDF8008003F085F833464246DD
S214035040294620460097FFF7E6FF02B0BDE8F04189
S21403505001F070BD704708B508F0C6FB03F074F89E
S214035060FFF7F8FFBDE8084001F064BD0120704774
S2140350702DE9F74304460D4616461F469DF828902D
S21403508008F0B2FB3B46324629462046CDF8009050
S214035090FFF7ECFF80463B46324629462046CDF8CE
S2140350A0009003F052F801F045FD404603B0BDE81A
S2140350B0F083012070472DE9F74304460D46164654
S2140350C01F469DF8289008F08FFB3B46324629463C
S2140350D02046CDF80090FFF7ECFF80463B4632466D
S2140350E029462046CDF8009003F030F801F022FD63
S2140350F0404603B0BDE8F083F8B504460D461646B1
S2140351001F4608F071FB3B4632462946204603F00D
S2140351101EF8BDE8F84001F00DBD00207047F8B555
S21403512004460D46164608F05FFB324629462046DF
S214035130FFF7F3FF074632462946204603F008F8F2
S21403514001F0F8FC3846F8BD38B504460D4608F0BD
S2140351504BFB2946204602F0FCFFBDE8384001F031
S214035160E9BC704710B5044608F03EFB204602F043
S214035170F1FF2046FFF7F5FFBDE8104001F0DABC6B
S214035180704738B504460D4608F02EFB29462046E0
S21403519002F0EFFF29462046FFF7F2FFBDE838404E
S2140351A001F0C8BC704770B504460D46164608F0B5
S2140351B01BFB32462946204602F0DDFF32462946CF
S2140351C02046FFF7EFFFBDE8704001F0B3BC704721
S2140351D038B504460D4608F007FB2946204602F07C
S2140351E0CCFF29462046FFF7F2FFBDE8384001F022
S2140351F0A1BC70472DE9F34104460D4616461F46EB
S2140352009DF8208008F0F0FA3B46324629462046B1
S214035210CDF8008002F0B3FF3B46324629462046CF
S214035220CDF80080FFF7E5FF02B0BDE8F04101F0DE
S21403523081BC704738B5054608F0D6FA284600F014
S21403524015FF04460146284601F0C0FF01F072FC34
S214035250204638BD38B504460D4602F091FF294670
S2140352602046FFF7E6FF38BD704738B5054608F019
S214035270BBFA2846DEF77EFF04460146284601F0C1
S214035280A3FF01F057FC204638BD38B504460D464B
S21403529002F077FF29462046FFF7E6FF38BD704742
S2140352A010B5044608F0A0FA204602F06BFF20462D
S2140352B0FFF7F5FFBDE8104001F03CBC704738B57A
S2140352C004460D4608F090FA2946204602F05BFF96
S2140352D029462046FFF7F2FFBDE8384001F02ABC16
S2140352E0704770B504460D46164608F07DFA3246FA
S2140352F02946204602F048FF324629462046FFF755
S214035300EFFFBDE8704001F015BC704738B50446A2
S2140353100D4608F069FA2946204602F036FF29466C
S2140353202046FFF7F2FFBDE8384001F003BC7047A4
S21403533038B504460D4608F057FA2946204602F0CB
S21403534025FF29462046FFF7F2FFBDE8384001F067
S214035350F1BB704710B5044608F046FA204602F043
S21403536016FF2046FFF7F5FFBDE8104001F0E2BB4D
S214035370704710B5044608F037FA204602F008FFD7
S2140353802046FFF7F5FFBDE8104001F0D3BB70479A
S214035390704770B504460D46164608F025FA3246A1
S2140353A02946204602F0F7FE324629462046FFF7F6
S2140353B0EFFFBDE8704001F0BDBB704710B5044673
S2140353C008F012FA204602F0E7FE2046FFF7F5FF44
S2140353D0BDE8104001F0AEBB704738B504460D4635
S2140353E008F002FA2946204602F0D7FE2946204650
S2140353F0FFF7F2FFBDE8384001F09CBB7047F8B5F5
S21403540004460D4616461F4608F0EEF93B4632465E
S2140354102946204602F0C3FE3B463246294620462E
S214035420FFF7ECFFBDE8F84001F084BB704770B5AA
S21403543004460D46164608F0D7F932462946204656
S21403544002F0AEFE324629462046FFF7EFFFBDE8E0
S214035450704001F06FBB70472DE9F34104460D46DB
S21403546016461F46DDF8208008F0BEF93B46324656
S21403547029462046CDF8008002F093FE3B4632468E
S21403548029462046CDF80080FFF7E5FF02B0BDE8C9
S214035490F04101F04FBB0E2070470E20704738B521
S2140354A0044608F0A1F92046FFF7F7FF0546204615
S2140354B002F078FE2046FFF7EEFF01F03BFB28469E
S2140354C038BD704710B5044608F08EF9204602F042
S2140354D06AFE2046FFF7F5FFBDE8104001F02ABB41
S2140354E0002070470020704738B5044608F07CF962
S2140354F02046FFF7F7FF0546204602F055FE2046F6
S214035500FFF7EEFF01F016FB284638BD704708B5D7
S21403551008F06AF902F049FEFFF7F8FFBDE8084015
S21403552001F008BB002070477047704708B5D8F7EE
S2140355305DFE00280CBF0420012008BD70470B68E1
S21403554010B5DA7B2AB9DC7C1CB9D8F773FE204683
S21403555010BD8120FCE708B5D8F784FEBDE80840F7
S214035560D8F78EBE7047D8F77DBED8F789BE082811
S21403557008D84FF48B73C34013F0010F0CBF2120E0
S21403558000207047212070470121D8F75FBF022112
S214035590D8F75CBF0421D8F759BF0821D8F756BF00
S2140355A01021D8F753BF01207047D0E9023253F8D1
S2140355B022301878D9F7F4B8086810B5C37B2BB92E
S2140355C0C47C1CB9D9F71CF9204610BD8120FCE722
S2140355D0D0E9023253F822301878D9F753B9704716
S2140355E030B50546044615F8100B85B00295656977
S2140355F01D44CDE900250B46A21D618801F046FE39
S21403560005B030BD704710B492F80A4192F80531E0
S21403561003EB04230B8100235DF8044B1A4601F0C9
S21403562033BE1FB50446084671B12178FF290BD057
S214035630238B029363690193237C00936288A31DE3
S214035640DEF7B4FDFF23237004B010BD0868C37BE8
S21403565073B9C37C032B0BD8DFE803F002080406F8
S214035660D9F708BCD9F738BCD9F768BCD9F716BC44
S214035670812070477047704700207047137810B535
S214035680032B0CD15479CBB29C4208D19379B3EB5C
S214035690112F04D153781B1A5842584110BD0020CD
S2140356A0FCE77FB505460E4600246946E0B201F0E6
S2140356B093FD28B96A4631462846FFF7DFFF18B937
S2140356C00134202CF1D1002004B070BDFFF7E9BFF0
S2140356D00868C37B9BB9C37C052B10D8DFE803F0AF
S2140356E0030D070B0905D9F7C9BCD9F703BFD9F7CB
S2140356F05FBDD9F7AFBED9F72DBED9F701BD81205F
S21403570070470020704730B5102587B001AA0021E6
S2140357100195FEF706FC04462A46002102A8E4F794
S2140357200DF92A46214602A8E3F7B2FF012102A893
S214035730DAF7BEF807B030BDDAF74CB87047FFF7B4
S214035740FDBF0B68DA7B5AB9DB7C012B04D0022B36
S21403575004D02BB9DAF7BEBCDAF7C8BCDAF7D2BC8A
S21403576081207047002307B5012101A80193D1F7D3
S214035770D5F808B9D0F70EFF012003B05DF804FB97
S21403578008B502F07EFA052803D0003818BF0120BA
S21403579008BD0220FCE77047D0E9023253F82230F6
S2140357A01878003818BF0120DCF714B8DCF718B8EF
S2140357B000207047002070477047FF207047FF2087
S2140357C070470020704700207047002070477047DE
S2140357D00620704708B50868DBF796FF6FF0FF00F2
S2140357E008BD70B50D46044600212846164601F04E
S2140357F086F9324620800221284601F080F9324697
S21403580060800421284601F077F90023A360E36053
S2140358106060082070BD034641B181424FF06400CA
S21403582005D94343B3FBF1F0C0B27047084670474F
S214035830DBF7E4BFDCF7F4BCDCF7FEBDB0F5807F36
S21403584005D0A0F500735842584140017047082020
S214035850704730B599B00D4669461446DCF750FDDF
S21403586030B915B1BDF802302B600CB10D9B236027
S21403587019B030BD2DE9F04F89B00F46914604A903
S21403588005AA80461E46FFF7E4FF044630BB308079
S2140358900DF10C0ADDE904B39B451FD206225946D7
S2140358A04046CDF800A006ABDCF746FDD0B9039B17
S2140358B0062B17D13588DDF81A304D450DD2BDF8C5
S2140358C0182027F83520358807EBC50253605B445C
S2140358D00135063335800493DCE7F8D9204609B052
S2140358E0BDE8F08F0124F9E72DE9F0418EB00E46AE
S2140358F0174601A9002204469846FFF7AAFF70B987
S214035900062220460DF1020302A9FFF7B3FF30B9C2
S2140359100546BDF80210019CEBB28B4201D3012071
S2140359200CE00EAA02EBC30353F82C2C33F8303CDE
S2140359300634B34205D13C60C8F800200EB0BDE87B
S214035940F08101351444E7E770B50024012602F020
S21403595072F9E5B2C26806FA05F59542234604F1E4
S2140359600104F4D3D8B270BD70B586B0DCF718FB6B
S21403597000F11006E1F7D8FD00240546142201A91C
S214035980301902F05FF91CB99DF80430FF2B16D0CE
S214035990002303F118026A4412F8142CFF2A06D1D6
S2140359A01C44601E90FBF5F080B206B070BD2B441D
S2140359B0DBB2132BEDD91434B4F5826FDED14FF07E
S2140359C0FF30F2E7DCF7EEB907B504220DEB020170
S2140359D002F038F9019803B05DF804FB37B50546C5
S2140359E008460C46FFF7F0FFA84206D004222046DE
S2140359F00DEB02010195E1F7E9FD03B030BD70B58B
S214035A00054604680E46DCF71FFA2B6804F54B249C
S214035A10834204F5416408D232681A44824207D9A5
S214035A20C31A012033602C6070BD03F5E0231C1AF3
S214035A300020F8E72DE9F04FB3F5803F82460E4687
S214035A401F4685B003D3002005B0BDE8F08F01A93B
S214035A5002A8CDE90132FFF7D2FF4FF000088146D6
S214035A604FF4E02BDDE90145A2B2BAF1000F0AD0EC
S214035A7028460E9902F0E6F80028E4D1B9F1000FA3
S214035A802CD10120E0E731462846E1F79FFD0028A8
S214035A90D9D1B9F1000FF4D0B8F1000F12D1E1F764
S214035AA043FD2544B5FBF0F303FB105050B1E1F77B
S214035AB03BFD03A902462846CDF80C80E1F786FD98
S214035AC00028C0D1CDF808B0264408F101033C1BDA
S214035AD0022B4FF001080194C4D1D2E70E9BCDF8F8
S214035AE008B023440E93F0E707B50B460092002157
S214035AF002460120FFF79EFF03B05DF804FB08B5DE
S214035B000121DCF719F9BDE80840E1F70DBF4FF4B2
S214035B10B72070474FF0FF3070474FF4E0207047D0
S214035B204FF44C207047DCF77BBB08B5FFF7E7FF65
S214035B30002008BD08B513460A4601461846DCF79A
S214035B40CBF980F00100C0B208BD00207047704753
S214035B5008B1DCF787BC704730B4DDE902451DB1F8
S214035B60029430BC00F0A8B930BC70471F2804D894
S214035B70142200F5A030D5F74BBF70471F2804D872
S214035B80142200F5A030D5F76FBF7047152808B567
S214035B9005D1FFF7DCFFBDE80840DCF7A3BD08BD71
S214035BA07FB51422002101A8E3F7C8FE20231422A0
S214035BB001A94FF4A03001F030FC07B05DF804FBF8
S214035BC00020704713B500230C461A460146CDE95C
S214035BD00033E0B2DDF73CFB02B010BD13B5002383
S214035BE01446019001220093E0B2DDF731FB02B0C8
S214035BF010BDD0E9023253F822301868DDF7A0BC96
S214035C00194491420ADC4218002003B9704712F87F
S214035C10011D013B01EB0020DBB2F6E700207047D5
S214035C202DE9F04F07460E4614464FF0000A85B09E
S214035C300093009B1A785FFA8AF39A4203D80020EF
S214035C4005B0BDE8F08F009A07EB040802EB4303A8
S214035C5093F8019093F802B019F0400309F03F055A
S214035C6004D06319B34217DC2B4634E0042D07D85F
S214035C7065B1AB1E022B0BD8DFE803F01F374600D7
S214035C803E2D4DD03F2D5FD03D2D61D00320D7E76D
S214035C90B4424FF00105E7D319F0800F65D00E9B91
S214035CA02A4603EB0B000021E3F748FE34460023A5
S214035CB023449CB20AF1010ABBE7A31CB342EBDC04
S214035CC00223324621463846FFF79AFF0223ADF8F1
S214035CD00A000DF10A0801930E9B2A4603EB0B00FC
S214035CE04146E3F7C9FF019BE2E7E31CB3423ADC14
S214035CF00323324621463846FFF782FF0425032353
S214035D0003900DF10C08E6E7231DB342C4DC04231D
S214035D10324621463846FFF773FF04230390F0E725
S214035D20731E9C421FDA0223324621463846FFF78B
S214035D3067FF4FF6FF7380B298420EBF022302300E
S214035D4083B21A1996420EDB0E9A42F80B80AFE71F
S214035D50B44208D298F80030FF2B0CBF012301335E
S214035D60E218B242F0DD042596E7022068E710B594
S214035D70144686B01A4618810A9B0291CDE903435E
S214035D8001230193099B014600930320BDF82030AD
S214035D90DDF7FAFC06B010BD1FB500240294079C7D
S214035DA00194BDF818400094FFF7E1FF04B010BD5E
S214035DB02DE9F0410E461746054686B098B391B3D3
S214035DC08AB34FF0000802A95FFA88F001F004FADC
S214035DD0044640B99DF80830032B08D008F10108A3
S214035DE0B8F1200FEFD1204606B0BDE8F0819DF84C
S214035DF009202B799A42F1D1BDF80A206B889A4282
S214035E00ECD19DF80C30BDF80D006B7128812B4644
S214035E1022464FF6FF71CDE90067FFF7BDFF002866
S214035E20DCD00446DFE72124DDE710B586B00A9C04
S214035E3004949DF824400394BDF820400294012462
S214035E40CDE9003413460A4601460620DDF79CFCDE
S214035E5006B010BD1FB50446084619460023009435
S214035E60CDE90123079BBDF81820FFF7DEFF04B03A
S214035E7010BDF0B5022805460E4614461F468BB0E5
S214035E800AD106A9F0B201F0A7F998B99DF819301E
S214035E9023719DF81C306371119B224604930023E3
S214035EA0CDE902330193109B3146009328463B46C7
S214035EB0DDF76AFC0BB0F0BD13B500240194049C17
S214035EC00094FFF7D6FF02B010BD2DE9F045064655
S214035ED0884614469A46002701258BB006A9F8B2D1
S214035EE001F07AF920BB9DF81830012B19D19DF8E3
S214035EF0192033799A4214D1BDF81A2073889A422E
S214035F000FD19DF81C3032467371B9B2CDE9030A3E
S214035F10CDE90100434602200094DDF735FC054633
S214035F2010B90137202FD9D128460BB0BDE8F0852C
S214035F300546F9E70023FFF7C8BF10B50446DEF7AA
S214035F4061F90021631E04F10F0213F8010FFF2805
S214035F5008BF19709342F8D10023237410BD0020A4
S214035F6070477047212070472120704721207047D3
S214035F701FB50B466A460146184601F023F96A46E2
S214035F800823002032F8021B013B13F0FF0380EACC
S214035F900100F7D1012838BF012080B205B05DF8B3
S214035FA004FB2DE9F04F87B0DDE9109B05468846D4
S214035FB0484619461F461446BDF848609DF84CA04F
S214035FC0FFF7D6FF042D0346ABF800001AD8022DC0
S214035FD01DD9042D07D04FF2F222A188914222D177
S214035FE0E28891071FD5E17A0022CDE901372046E2
S214035FF03346CDE90392CDF800A001F038F907B097
S214036000BDE8F08F6A1F012A11D92120F7E7002285
S2140360104146CDE9119228462246109707B0BDE8BF
S214036020F04F01F033B94FF6FF760C21DCE7052D70
S2140360300ED10023E17A0022CDE90137CDE90392A0
S2140360400091234652464146304601F003F9D6E70F
S2140360504FF2F222A188914204D1E288920701D539
S214036060E17AE8E74FF6FF760C21E4E7F0B585B072
S2140360700546DDF79BFC48B16B88B3F5006F05D189
S214036080681D05B0BDE8F04000F0D1BC284600F01E
S214036090E7FC0446C8B9E7B26946384601F09CF8FF
S2140360A078B99DF8006066B92946384601F098F835
S2140360B020B140F60443984207D08C26304605B0FC
S2140360C0F0BD0134202CE6D1F7E78D26F6E7DDF7A1
S2140360D051BE2DE9FF4704460D46014618461746AE
S2140360E01E46BDF830809DF83490DDF838A0D8F70A
S2140360F005FDD0B92146284601F018F933463A463D
S21403610029462046CDE9019ACDF80080DDF7D4FE76
S21403611033463A4629462046CDE90D9ACDF83080D7
S21403612004B0BDE8F04702F00DB804B0BDE8F08750
S214036130DDF7D0BFDDF788BFDDF7ACBF10B504468B
S21403614001F000F9082201462046BDE81040E3F7B7
S2140361509FBA01F0F9B8002101F0F6B801F008B9CA
S2140361600020704720207047EBF752BAEBF79CBA33
S214036170EDF73EBF7047DEF7F9B870B506460C4636
S214036180154600F04CF850B13CB135B1204600F04E
S214036190BCFC013080B2A84200D9002070BD304656
S2140361A000F043F840B1002CF7D0012DF5D9204676
S2140361B000F0B0FC0230EDE73046DEF737F8EAE7EA
S2140361C0F8B5BDF8185010B3967855B9D478A6F13B
S2140361D04107012F07D8621ED2B200F0B5FD00209A
S2140361E0F8BD2C46F3E7433E012E04D8A21E92B216
S2140361F000F0C2FDF3E7D27813B90DB1AA4206D870
S21403620011B9E3F79BFBEAE7E3F742FAE7E78920EE
S214036210E6E7413803288CBF002001207047413849
S21403622001288CBF002001207047433801288CBF0B
S2140362300020012070470020704700207047028826
S2140362404B8893420BD1007B0A7910400AD0B3F5F2
S2140362507C4F06D30889B0FA80F0400970470020C7
S2140362607047012070470988D388994208D103886C
S214036270B3F57C4F06D21089B0FA80F04009704718
S21403628000207047012070472DE9F0471546044665
S214036290B8B149B1EAB100264FF0140AB04690F8F7
S2140362A00490F3B2994501D800240AE027680AFB54
S2140362B006773846FFF7C3FF013628B13C46A5F8F4
S2140362C000802046BDE8F0877B8943441FFA83F8A5
S2140362D0E7E71446F5E72DE9F84F0F46164604465A
S2140362E0D0B159B132B34FF000084FF00C0BC14692
S2140362F0B0F808A01FFA88F39A4501D800240BE0EB
S21403630065683A460BFB085520462946FFF7ABFF60
S21403631028B12C46A6F800902046BDE8F88F2B79C6
S21403632008F1010813F0300F02BFEB784B441FFA55
S21403633083F9DFE71446EFE7F0B587B00E46144659
S2140363401F4604AA05AB03A90546DEF745F808B3BE
S2140363500EB1049B3360FCB1049E00223388698827
S214036360287800F043FBC8B1327912F010030AD044
S214036370F3783246CDE90043002369882878FCF792
S214036380E8FC07B0F0BD3246204605990097FFF7B4
S21403639017FFF6E78620F4E72046F2E77E20F0E7CD
S2140363A01FB51C460023ADF80A20BDF818208DF84B
S2140363B00400ADF80610ADF80C2069461A4601A88D
S2140363C000938DF80840FFF7B7FF009804B010BDA0
S2140363D070B586B00D4605AB04AA03A90446DDF7DF
S2140363E0FBFFE0B1049E002233886188207800F02A
S2140363F0FFFAB0B1337913F0100308D000950023E9
S214036400324661882078CFF793FB06B070BD0093C1
S2140364103246012329460598FFF7D2FEF5E7862084
S214036420F3E77E20F1E7F0B5054600244FF0140E9F
S21403643090F804C0E0B2844501D8002011E00EFBBA
S21403644004F62F68B819BE5BB14210D12AB1802A70
S21403645008D190F90C70002F09DAB6F57C4F00D3FB
S2140364602BB9F0BD402A02D1077B7F06F5D4013451
S214036470E0E70121DDF7ECBE08B513460022DEF7A0
S21403648015F8003818BF012008BD08B5134640228A
S214036490DEF70CF8003818BF012008BD08B5134610
S2140364A08022DEF703F8003818BF012008BD08B5C0
S2140364B040220023DDF7FAFF003818BF012008BD8D
S2140364C008B580220023DDF7F1FF003818BF01204E
S2140364D008BD0023DDF7EABF0021DEF757B810B585
S2140364E004460121DEF752F82046BDE8104001F0CD
S2140364F05DBE7047F8B516461F469DF81820BDF8D2
S2140365001C300546DDF7D2FF78B10421DEF7B8F874
S214036510044650B1284600F019FB3A463146284651
S214036520A047BDE8F84000F005BBF8BD2DE9F74FDE
S2140365301E46DDE90C9B074688461446BDF83830F0
S2140365402AB3B9F1000F22D00EB392F804A099F83B
S2140365500020504612F0080F0CBF802240226188AC
S214036560DDF7A4FF98B10821DEF78AF8054670B177
S214036570504600F0EBFA3346224641463846CDE90C
S214036580009BA84703B0BDE8F04F00F0D3BA03B0B2
S214036590BDE8F08FF8B5BDF8187016461A463B46A8
S2140365A00446DDF783FFE0B177B90221DEF768F82A
S2140365B00546B0B1204600F0C9FA31462046A84742
S2140365C0BDE8F84000F0B6BA1021DEF759F80546E4
S2140365D038B1204600F0BAFA3A4631462046A84774
S2140365E0EEE7F8BD73B5BDF8184016461A462346BF
S2140365F00546DDF75BFFB8B1C4B92021DEF740F8E6
S214036600044670B1284600F0A1FA099B3146009370
S21403661028469DF820309DF81C20A047044600F02D
S21403662089FA204602B070BD8624FAE70024F8E70C
S2140366302DE9F04186680446007800F087FA0025C5
S21403664014273279EBB29A4203D8BDE8F04100F042
S21403665071BA7B4332682078D15A02EB030800F004
S214036660C9F901214046DEF70BF8034608B1207846
S21403667098470135E5E74FF6FF70704701207047EE
S2140366802DE9F04F1C4689B09DF84C30BDF8488084
S21403669001939DF85030924602932246434607469E
S2140366A00D46DDF703FF8DF814700646ADF8165059
S2140366B08DF81840ADF81AA0ADF81C8018B9012063
S2140366C009B0BDE8F08F05A9FFF7B9FD0028F6D09D
S2140366D000252F46A8462C4634E00C231FFA85F9DE
S2140366E003FB09F932887368B2F57C4F03EB090B99
S2140366F01AD333F8090050452ED3019BA3422FD952
S21403670000F0C0F99BF80200DEF7E8FB029B43B1FA
S2140367109BF8043013F0010F0CBF05200720DEF7AB
S214036720DDFB0134A4B21BE033F809205946ADF86B
S2140367301A20304605AA0393FFF795FD039B00280E
S214036740D7D101353289ABB29A42C6D804EB0800DA
S214036750C31B58425841B3E708F101081FFA88F8EB
S2140367600137BFB2EDE710B5012488B006949DF853
S2140367703C4005949DF8384004949DF834400394B7
S2140367809DF8304002940B9C0194BDF82840009479
S214036790DEF73CF808B010BD2DE9F04786B0BDF82B
S2140367A03880DDF83C909DF840A0CDF80080CDE918
S2140367B0019A04460D4616461F4600F015F9B8B171
S2140367C0431EDBB2012B10D800230122811E484250
S2140367D04841CDE90432CDE902A03B46324629467C
S2140367E02046CDE90089FFF7BEFF06B0BDE8F08777
S2140367F00120FAE730B50024012587B0CDE904452A
S21403680003959DF82C5002950A9DCDE90045FFF7A8
S214036810AAFF07B030BD30B50024012587B0CDE907
S214036820044503959DF828500094CDE9013540238F
S214036830FFF799FF07B030BD10B5012486B0CDE948
S2140368400444002403949DF828400294099C019470
S214036850BDF820400094FFF786FF06B010BD1FB5B5
S214036860089C03949DF81C400294069C0194002403
S2140368700094DEF7C7F804B010BD704702292DE96F
S214036880F84F0746884604D84FF0000A5046BDE83E
S214036890F88F0C9D1BBB01240270DFF7D3FB4FF070
S2140368A000099DF82830385504F1020A01343B5597
S2140368B00B9A5FFA89F3D45C002CE7D0732C18D8B4
S2140368C02E464C2C56F804BB46D0532C1DD0622CB7
S2140368D04DD1AC8805F10806002213461EE00429B4
S2140368E0D2D942F0040243701B0A03240270837059
S2140368F0D3E7A4F17503032BC6D8763C2E1D022CD2
S21403690052D8DFE804F0565A58006B6805F10806BB
S2140369109CB2DBB2B3F1FF0218BF01220AEB0401FB
S21403692011448845B0DB50461146002949D102EB95
S2140369300A031FFA83FA5CB1BBF1000FA4D0224608
S21403694007EB0A005946E3F797F954441FFA84FA0B
S214036950354609F10109ABE74FF6FF726B6805F19F
S21403696008069CB29442234629D00222D6E76C2C12
S21403697005D1584600F0CEF8841CA4B2ACE7732CBD
S21403698004D1584600F0C1F8441CF6E7A4F13003DE
S214036990DAB2092A01D89CB29EE7A4F14103062B7A
S2140369A03FF672AF373CE8E7012200242B68A34684
S2140369B0B4E70222F9E70322F7E70422F5E7002209
S2140369C0ACE700F1010C01393B54C9B21B0A1FFAAC
S2140369D08CF0AAE70020DEF709BA0022DEF726BA13
S2140369E00023DEF739BA704701207047012070474D
S2140369F00120704770470020704700207047002032
S214036A00704700207047002070470020704770478B
S214036A100E20704700207047002070470020704704
S214036A20002070477047FF2070470E207047842071
S214036A30704770477047002070470020704700205B
S214036A4070470020704700207047002070470020E2
S214036A5070470020704770470E207047002070472D
S214036A600020704770470020704770477047704794
S214036A7070470E207047704700207047812070478C
S214036A807047704738B50546C0B2DEF727FA0446A6
S214036A90280ADEF723FA14B1002808BF002420468C
S214036AA038BDF8B50546C0B2DEF718FA0446C5F396
S214036AB00720DEF713FA0746C5F30740DEF70EFA9C
S214036AC00646280EDEF70AFA24B12FB136B100289F
S214036AD008BF00242046F8BD3C46FBE73446F9E7EA
S214036AE010B4CC18944203DC5DF8044BFFF788B867
S214036AF000205DF8044B70470423FFF7F1BF08B589
S214036B000223FFF7EDFF80B208BD0078FF2808BF19
S214036B100020704708B502220021FFF7F0FF4FF66A
S214036B20FF73984208BF002008BD003818BF012035
S214036B30400070470020704708B5FFF79AFCFF280F
S214036B404FF0FF3018BF0020C0B208BD08B5FFF7EE
S214036B50F3FFFF280CBF2120002008BDF8B506462A
S214036B600C4615461F4600F011F810B12544AC42FA
S214036B7000D1F8BD3946304614F8012BDEF79CFAEF
S214036B80F5E7014600220220DEF72ABA0120704705
S214036B9037B50546DCF7D6FD044601950CB98120CA
S214036BA01CE0237823B12046DCF7D4FD0446F5E742
S214036BB02B6862685B889A42F5D1A368EA7B99B230
S214036BC072B12A8A9142EED16A7DB2EB134FEAD1B3
S214036BD00020E36801A998478128E4D003B030BDBC
S214036BE04FF6FF72EEE72DE9F84304460F4690464C
S214036BF099460BB3012A1FD80C20E3F771F9064612
S214036C0010B91920BDE8F8831020E3F769F918B91D
S214036C103046E3F76DF9F4E70123002547EA084712
S214036C2070600570C0F80C9044608760338030460F
S214036C30DCF780FD2846E5E72120E3E738B5044680
S214036C40436808460D469847B4F90830002B02DB24
S214036C502B78042B06D1002320466360BDE838401A
S214036C60DEF7CCBD38BD30B54FF48A5587B0ADF8E6
S214036C7016200DF116041A46029543B1002301228D
S214036C80CDE90033234600F01BFA07B030BD01946C
S214036C9001240094F7E7FFF7EBBEFFF7BBBE002027
S214036CA0704708B500F012FB20B900F059FB08B98D
S214036CB0DBF7E4FEFFF7CFFEBDE80840FFF7DBBED9
S214036CC00020DFF701BA0021DFF79EBA0022DFF7C4
S214036CD05DBA1FB5D2880B4612F0200F4FF6FD7132
S214036CE014BF49245224ADF80610510544BF083C8E
S214036CF0E4B2110544BF083CE4B2120444BF023CAC
S214036D00E4B2032805D8DFE800F0020F161CADF83E
S214036D100630BDF80600FFF786FEFF281CBF241AC0
S214036D20E4B2204604B010BD02AA0DF10601D8B2A3
S214036D3000F08AFAEDE7D8B200F050FAADF8060094
S214036D40E7E7013CE4B2E4E7F8B5064617460D4626
S214036D5081B10C78FF2C0BD00846FFF7D6FEB8425D
S214036D6028BF3846C4B22246691C701CE2F790FC62
S214036D703470F8BD0C46FBE770B5044615460E4660
S214036D8011B94170017070BD0B78FF2B05D14B789C
S214036D90FF2B02D103704370F5E73046FFF7BAFEC8
S214036DA0A84228BF284685B22A46B11CA01CE2F793
S214036DB06FFC25702D0A6570E5E7F0B523B9013A37
S214036DC0531C2FD1002020E0042AFBD800231C46A6
S214036DD0551E6E1C1AD1042A10D00121D200501E53
S214036DE001FA00F020421EBF914049420C4318426C
S214036DF01EBF4FF0FF3101FA02F213439C421EDC22
S214036E00B4BF4FF0FF30002040B2F0BD40B1465D46
S214036E10EF00BE4034434E5D013DBE403343D8E7EA
S214036E200646F5E78C5C38B90346A34202F1FF3207
S214036E30C6D24FF0FF30E8E7835CA342F5D90120C2
S214036E40E3E7283807288CBF0020012070471D2859
S214036E5010D004D840B11C2804D0552070471E38E3
S214036E600128FAD81A2901E00B390F298CBF5520BF
S214036E70002070470829F9E7002000217047F7B57E
S214036E809DF820400546082C104619469DF82460B8
S214036E9036D8002213462C44AC4208D106F0FD0433
S214036EA0382C0ED10096FFF7E7FF03B0F0BD14F8B9
S214036EB0017D1B0243EA12631202BA1843F1000370
S214036EC0EAE7392E10D107EE100A07EE902AB4EE41
S214036ED0E77AF1EE10FACCBF77EE677A77EEC77AE9
S214036EE0002117EE900AE0E7824273EB010403D217
S214036EF0801A61EB0301D8E7101A63EB0101D4E7AC
S214036F0000200146D1E738B5C368144619448368A0
S214036F1053F821501AB12846E2F78CFB2070284616
S214036F2038BD2DE9F3411D4617460DF107029DF8BE
S214036F302040FFF7E8FF9DF807608046AE4228BF73
S214036F402E460CB1AD1BECB2224600213846E2F7C2
S214036F50F5FC324641463819E2F79AFB304602B052
S214036F60BDE8F0812DE9F3411D46174601AA9DF8B9
S214036F702040FCF7D6FF019E8046B5423CBF2E4616
S214036F80019504B1AC1B224600213846E2F7D6FC35
S214036F90324641463819E2F77BFBF0B202B0BDE851
S214036FA0F08173B50024154601AA1E460194FCF72A
S214036FB0B8FF019B072B0AD92146CCB216B1C4F100
S214036FC00704E4B2425C013108292A55F5D1D8B248
S214036FD002B070BD1FB5030A8DF80E30032300936D
S214036FE003AB8DF80D0000F0BCF805B05DF804FBAC
S214036FF01FB58DF80F100421030A8DF80E3000918B
S21403700003AB8DF80D0000F0ACF805B05DF804FB9B
S214037010F0B589B016689DF83C50CDF809608DF838
S21403702011305668BDF83830012D109FBDF8444026
S214037030CDF80D60ADF812308DF8145014D0032D32
S21403704019D13B68CDF815307B68CDF819309DF81B
S21403705048308DF81D3016230093BDF84C2002AB44
S21403706000F07FF809B0F0BD8DF81540240A0F2311
S2140370708DF81640F0E70120F4E71FB504460846EE
S21403708011461A4602238DF80D100093214603ABD2
S21403709000F067F804B010BD10B514461A460B6826
S2140370A086B0CDF80D304B683421CDF811300A2365
S2140370B0009303AB8DF8154000F053F806B010BDEF
S2140370C02DE9F0410546B6B00F4616461C469DF818
S2140370D0F080DFF7B3FA2B0A03A98DF80C008DF8BE
S2140370E00E30084623468DF80F703F0A8DF8116060
S2140370F072008DF80D508DF8107004EB4606B342FF
S21403710001F102011FD1D2B2931DDBB23D99D833F0
S2140371106B44073203F8CC8C4FEA4806D3B201EB34
S214037120480850FA82F2414502F1020211D1334473
S214037130009006212846BDF8F820DBB2DFF788FA70
S21403714036B0BDE8F08133F8024B0C71240A4C715B
S214037150D5E731F8024B02F8024C240A02F8014C38
S214037160E1E72DE9F0411C4605460E4617469DF815
S2140371701880DFF763FA207043463A4631462846BE
S2140371800694BDE8F041DFF763BA00207047704706
S214037190D3F7A8BF08B5E9F739FD002840F6124033
S2140371A018BF002008BD7047704770477047704788
S2140371B0704770470020704770477047002070473D
S2140371C07047704702F066BFFEF75FB8FEF742B837
S2140371D003F0D7BAF5F778BD03F0C4BAF5F732BDB6
S2140371E0F5F79ABDF5F754BDFEF721B9FEF707B9D3
S2140371F010B49DF8044001945DF8044BFDF7FABF04
S214037200FEF74EB8FEF75BB8F1F71CBCF1F720BCEF
S214037210EEF78CBFEEF790BFEAF714BEFEF79AB808
S214037220FEF75FB8FDF7A9BEFEF782B8FEF76EB8A5
S21403723030B4BDF808409DF80C50CDE9024530BC8B
S214037240FDF7BABEFDF758BFF5F7D8BEDFF750BA5D
S214037250F5F79EBF70B49DF80C40BDF810509DF82E
S21403726014600394CDE9045670BCF2F705BC70B401
S2140372709DF80C40BDF810509DF814600394CDE9BA
S214037280045670BCF2F738BCF2F722BD10B49DF872
S214037290044001945DF8044BF2F772BC10B49DF8F9
S2140372A0044001945DF8044B01F0BABF01F0BABF85
S2140372B0FDF767BFFDF777BFFEF704B9FDF788BF95
S2140372C0EDF746BAEEF79EB9EEF770B9ECF76ABE7D
S2140372D002F051BBEDF722BC02F0A7BBEDF7AEBD43
S2140372E0EDF712B9EEF794B9EEF710B9EEF72CB93D
S2140372F0EBF7D4BCFEF7B0B8FEF74BB8FEF75EB8B4
S214037300FEF76BB800F036BC00F02FBCF4F796BC63
S214037310F2F7E2B9F4F770BCF4F796BDF2F7ACB93E
S214037320EAF77CBDF3F736BEFFF732BFFBF754B977
S214037330FEF7EDB8FDF716BFFEF71BB801F020BD4C
S214037340DFF734B9EBF792BAEAF73CBE01F0DCBFDD
S21403735001F0B3BFEAF78ABEEBF7D8B9EBF702BA88
S214037360EAF7F8BDDFF73EB9DFF750B9DFF728B91C
S214037370EAF798BDDFF72EB9F6F79EBD01F09BBF7F
S21403738001F062BFEAF794BDEBF75ABAEAF7EABD33
S21403739010B4BDF8044001945DF8044BFDF73CBE01
S2140373A0DFF7D0B9DFF7C2B9F6F726BBF6F75EBD4F
S2140373B003F0FABA03F000BBF6F796BBF6F776BD12
S2140373C000F06DB900F0ABB900F0D3B900F0B9BA6C
S2140373D000F029BB00F092BADFF7CCBE00F0F0B99C
S2140373E000F01DBA00F033B810B51C4601F0ECFDF2
S2140373F006F035FA0023000A237000F0020010BDE1
S214037400002208B50B461146FFF7EEFFC0F3400017
S21403741080F0010000F0010008BD002070477047AF
S214037420B1FA81F0400970470120704770477047F2
S2140374300020704770470020704770470E20704743
S21403744001207047704701207047012070471422BF
S2140374500021E2F773BA704770B505460C468AB04A
S214037460252200210DF10300E2F768FA6B68CDF8D8
S2140374701D30AB68CDF82130234601AC03F110066E
S214037480224618685968083303C2B3421446F7D134
S21403749001236A7B8DF8023012F0040F0CBF4FF401
S2140374A080734FF4A073110748BF43F48063ADF8AD
S2140374B00030930748BFBDF80030684644BF43F02A
S2140374C00803ADF80030F1F7DFFD0AB070BD30B544
S2140374D0427B0D46D10704468BB007D5407801A9F9
S2140374E0F1F73CFED8B12D200BB030BD9307FAD58B
S2140374F0C2F3800310074FEA8313ADF8023044BF8C
S21403750043F48063ADF80230BDF80220201D0AB1B3
S2140375100DF1020201A902F0DAFD0028E3D001AB67
S21403752003CB9DF81430A1602373BDF81030606060
S214037530590642BF627B42F0040262735A0542BF99
S214037540627B42F0080262731B0742BF637B43F011
S214037550020363732B4606AC224603CA59600AA984
S2140375608A421860144603F10803F5D10020BBE7EE
S214037570F0B504460D4693B0252200210DF12300F5
S214037580E2F7DCF96368261DCDF83D30A3680DF1FC
S214037590240CCDF841302B4605F1100762461868D7
S2140375A05968083303C2BB429446F7D105238DF8C6
S2140375B02230637B61785B0103F40073FF29ADF827
S2140375C0203018D1002301A91A46304600F0D6F918
S2140375D09DF80510FF290DD1002301A91A46184668
S2140375E000F0CCF99DF80510FF2903D11C26304680
S2140375F013B0F0BD6170002008AA00F0B4FA064686
S2140376000028F4D1607801A900F03EFA2B4603ADBA
S2140376102A4618685968083303C2BB421546F7D191
S214037620637B6078DB0648BF9DF81C3001A944BF26
S21403763063F07F038DF81C3000F03DFAD7E710B5F2
S21403764004468AB02422002101A8E2F777F9637B77
S214037650590744BF4022ADF810201A0742BFBDF8B1
S214037660102042F48062ADF81020DB070FD5607857
S21403767001A9F1F773FD10B12D200AB010BD01ABBF
S21403768003CB637B606043F00203A160637304A9CA
S214037690201D02F01EFD0028EED00020EDE71FB5EA
S2140376A0694600F066F8002818BF2D2005B05DF87F
S2140376B004FB73B50D4614460646DFF783F96B885D
S2140376C01A071AD522463146102002F0E3FC20465C
S2140376D0DFF778F96B88D90717D5002322460121EF
S2140376E00DF107008DF80730DFF740FC6B88002BA1
S2140376F00CBF2120002002B070BDDE06EAD522466C
S2140377000821281DDFF732FCE1E79A0701D502239B
S214037710E4E75B07EAD50323E0E70F2070471FB5CE
S2140377200C46694600F025F8102221466846E2F723
S21403773057F9B0FA80F0400904B010BDB8B1B1B142
S2140377404388A3B90378013B082B10D8DFE803F07E
S2140377500507090B0F0F0F0F0D00DFF709BBDFF748
S21403776063BBFFF779BEFFF703BFDFF7EFBC21204C
S214037770704738B50D4609B300B30378013B082BB1
S2140377801AD8DFE803F0050D101319191919160096
S214037790DFF726FB0446284602F099FE204638BD4E
S2140377A0DFF762FBF6E7FFF792FEF3E7DFF792FBFE
S2140377B0F0E7DFF7D5FCEDE72124ECE72124EDE73E
S2140377C070B586B0064601A80C461546FFF73FFE81
S2140377D004238DF804301CB12068616802AB03C330
S2140377E0294601A88DF80560FFF7A8FF06B070BD0F
S2140377F070B586B0044601A80D461646FFF727FE69
S2140378000323206861688DF8043002AB8DF811609D
S21403781003C3294601A8FFF791FF06B070BD0022F7
S214037820FFF7E6BF30B585B00D4669460446FFF759
S214037830A0FF20B92A4621466846FFF73AFF05B05F
S21403784030BD30B5437B044613F001020D468BB0C2
S21403785007D0407801A9F1F781FC70B12D200BB059
S21403786030BD9B07FAD5ADF8022001A90DF102023F
S214037870043002F02CFC0028F0D000210E22A81CB5
S214037880E2F75CF8BDF810302B80039BAB60BDF8C5
S2140378901230AB819DF81430237301AB03CB6060C9
S2140378A0A1600020DBE770B5437B0446DB070E468A
S2140378B08AB003D42D2528460AB070BD69464078A1
S2140378C000F04DF905460028F4D1DDF81D300E22F0
S2140378D06360DDF821300146A360637BB01C43F090
S2140378E002036373E2F72AF8BDF80030069A43F002
S2140378F004033380059BB2607360DCE70B4610B568
S2140379000446102200211846E2F718F82278032AC4
S21403791009D0042A0DD0022A11D101462046BDE81B
S2140379201040DFF783BC01462046BDE81040FFF752
S21403793088BF01462046BDE81040FFF7B4BF2620A7
S21403794010BDF8B5074608460C4616461D46FFF713
S2140379507EFD04232370637B314643F001032046F8
S21403796067706373FFF705FF08B12D20F8BD29463E
S2140379702046FFF7C3FF0028F8D0F6E7F8B505461C
S21403798008460C461F461646FFF761FD0423237080
S21403799025B108222946E018E1F77AFE637B43F017
S2140379A0020363734EB932460121284600F0E4F819
S2140379B0FF28607007D12D20F8BD31462046FFF71B
S2140379C0D8FE0028F7D1637B43F0010363730DB938
S2140379D00020F1E7002FFBD039462046FFF78EFF45
S2140379E0F6E7F8B50C460746084616461D46FFF763
S2140379F02EFD03232046394600F8043B0822E1F710
S214037A0047FE637B314643F0020320466373FFF76A
S214037A10B0FE08B12D20F8BD29462046FFF76EFFBD
S214037A200028F8D0F6E7F8B5074608460C4616468B
S214037A301D46FFF70CFD03232370637B314643F09B
S214037A400103204667706373FFF793FE08B12D208A
S214037A50F8BD29462046FFF751FF0028F8D0F6E781
S214037A6018B18022012100F087B8FF207047002359
S214037A7007B51A4619460093F3F7C0F8B0FA80F034
S214037A80400903B05DF804FB0B4610B51922044603
S214037A90FF211846E1F752FF7E2C01468CBF04F502
S214037AA0C43004F583304FF01902BDE8104088BF98
S214037AB0AD30D3F7ADBF7E2888BF00F5C4304FF096
S214037AC0190294BF00F58330AD30D3F7CDBF30B580
S214037AD089B00D46FFF7C4FFFF2804460DD001A961
S214037AE0FFF7D2FF2868696801AB03C3204601A9E4
S214037AF0FFF7E1FF002009B030BD2D20FBE77047FC
S214037B0070470020704770470F20704770479DF8F6
S214037B10000070470F2070470F2070470020704703
S214037B200F207047002070470020704784B08DE810
S214037B300F00002004B0704700207047704770475E
S214037B40002070477047002070477047002070473A
S214037B5001207047704700207047012070470E20B1
S214037B607047FF2070470E2070470E207047002096
S214037B70704770470E207047FF2070477047704766
S214037B800020704770477047704700207047704763
S214037B9000207047002070470020704770477047EA
S214037BA000207047704700207047002070477047DA
S214037BB00020704710B50024E3B210B9C3F10303E5
S214037BC0DBB20134042CCA544FEA1222F4D110BD9E
S214037BD010B50B784C788A78C97828B910462246AF
S214037BE0044608461946034642EA012043EA0423AC
S214037BF043EA004010BD7047DFF7CABB08B5CEF7AF
S214037C00CBFD002814BF8620002008BD08B5CEF79C
S214037C1093FF003818BF012008BD08B5CEF74CFF08
S214037C20003818BF012008BD08B5CEF7D1FF0038CD
S214037C3018BF012008BD08B5DFF78AFCBDE8084079
S214037C40DFF738BC70B504460D461646DFF780FCF2
S214037C500420DFF721FC324629462046FFF7DDFFE6
S214037C6004460220DFF718FC204670BD08B5DFF790
S214037C706FFCBDE80840CEF703BFDFF797BFDFF71B
S214037C8077BF08B5DFF774FF20B1BDE808400020D2
S214037C90E0F7ACB8112008BD10B5044608B1E0F70C
S214037CA087F92046BDE81040FCF73FBF10B50446F1
S214037CB0006A10B1616AFFF7EFFF0020C4E908000D
S214037CC010BD38B50446FFF7F1FF237E012B0FD016
S214037CD0023B012B0FD8E369012B14BF6FF0960507
S214037CE00025282200212046E1F728FE284638BD35
S214037CF0E369002BF1E76FF09605F2E718220021FF
S214037D00E1F71CBE70472DE9F84F9846DDE90B49AD
S214037D100D9B15469A0706460F4623D02A460A9B0E
S214037D2003EB040A1444A24220D10D9B9B0705D5FE
S214037D30A2EB050AD14505EB0A0420D82046BDE888
S214037D40F88F434639462020B0470AF1010ACA4550
S214037D500AEB0B02F5D3A9EB04024C4588BF0022BD
S214037D602A44DCE7A246A5EB040BF0E702F1010B7D
S214037D70434639461AF8010DB0475A46D3E74346F9
S214037D80224639462020B0470AF1010AD2E72DE9F8
S214037D90F047DDE90D7616F0020F9DF82880DDE941
S214037DA00854DDE90BCE1FD106F001094FB1B9F136
S214037DB0000F06D0B8F1000F02D116F00C0F00D05A
S214037DC0013F4FF0300A02E005F804A00134A6454F
S214037DD001D9202CF8D1B9F1000F05D04FF03009A6
S214037DE0BC4201D2202C2DD116F0100F1FD016F452
S214037DF0806F2CD15CB3744501D0BC4227D1B4F15B
S214037E00010E23D0BCF1100F46D1023C16F0200F12
S214037E1028D1202C28D04FF0780C05F804C0013464
S214037E20202C21D04FF0300C05F804C00134202C50
S214037E301AD0B8F1000F23D04FF02D0C05F804C06C
S214037E40013412E005F804900134C9E77446BCF126
S214037E50100FDBD0BCF1020FE2D1202C04D04FF080
S214037E60620CDAE7202C08D12024CDE90A76CDE986
S214037E700854BDE8F047FFF746BF4FF0580CCCE771
S214037E8016F0040F02D04FF02B0CD7E716F0080FAE
S214037E90EBD04FF0200CD1E7BCF1020F7446C1D1F2
S214037EA0DDE72DE9F04391B0189D1A9E1D9F0DB98D
S214037EB027F010077C0500D515B317F0200F14BF65
S214037EC04FF0410E4FF0610EAC4600250DF1200831
S214037ED0AEF10A0EBCFBF6F906FB19C95FFA89F484
S214037EE0B9F1090F94BF30347444E4B2B44508F8CA
S214037EF0014B05F10105BCFBF6F401D3202D10D18F
S214037F001C9C069705941B9CCDE903649DF864406E
S214037F10CDE9015408AC0094FFF739FF11B0BDE872
S214037F20F083A446D6E72DE9F04F95B0269ECDE91B
S214037F300A23DDE91E74DDE9229B57EA040308BF22
S214037F4026F010067205CDE9080102D557EA0403A8
S214037F5037D016F0200F14BF4123612300250DF1FF
S214037F60300AA3F10A0821464A465B463846E1F73B
S214037F70D3F8D2B2092A94BF303242444F45D2B224
S214037F8074EB0B0405F101050AF8012B01D3202D30
S214037F9014D1259B06960593249BDDE90801CDE9BC
S214037FA003939DF88030CDE901530CAB0093DDE9D4
S214037FB00A23FFF7ECFE15B0BDE8F08F07460C4624
S214037FC0D1E70025E5E708B100F014B8704710B113
S214037FD0D1E900311847704738B5441E14F8015FDD
S214037FE025B90A2000F006F8284638BD284600F0D2
S214037FF001F8F3E701460020FCF76BBB70477047B8
S214038000E9F720BB704708B5FCF734FBCEF7C4FB93
S214038010BDE80840D0F7BABC704708B5CEF704FFF2
S214038020FBF746F8BDE80840DFF792BA08B5FBF75A
S214038030EBFEDFF7F1FFFBF7C3FDE0F787FBE0F7A7
S21403804073FBE0F7F5FABDE80840D3F7BBBC08B509
S214038050D1F7F4FCFBF7A3FDD1F7FCFCFBF7A1FD7E
S214038060D5F7B2FED5F75AFFD6F762F8BDE8084053
S214038070D5F780BF70477047E0F700BB08B5FCF73D
S21403808042FFBDE80840FCF75FBF704707B5002214
S2140380900346114601200092D5F70CF803B05DF8AD
S2140380A004FB07B500920B46027D81898068FDF7C5
S2140380B0B7FD003818BF0120C00103B05DF804FB0C
S2140380C008B50020FDF74DFF0020DDF74DFC00202E
S2140380D0D6F7C8FB0020D6F7ADFE0020D7F7D0FBB7
S2140380E00020D9F7B7FE0020DAF756FB0020DBF7AF
S2140380F03DF9BDE808400020DBF728BA08B50120A3
S214038100FDF729FABDE808400120D6F793BE08B567
S2140381100220DBF7FFFF0220DBF732FA0220DDF74F
S2140381202FFF0220FFF7ABFD0220FDF7FCFC022029
S214038130DAF732FBBDE808400220DBF72BBD7047B9
S214038140FDF7C5BF70477047704770477047704765
S2140381507047704710B50446DBF736FC2046D7F762
S2140381608FFE2046D8F7D0FD2046BDE81040FDF729
S2140381700DBDFDF727BDFDF731BDDBF701B9704730
S214038180704770477047704770477047704770472F
S214038190704705F028BB70477047DBF78BB970470D
S2140381A07047704770477047704770477047FEF7D1
S2140381B046BCFEF74ABC704700207047FEF747BC34
S2140381C0FEF751BC7047431E012B03D9031F5842C9
S2140381D0584170470120704700F021BC4FF4D0721D
S2140381E00021E1F7ABBB70B50446E3F7FFFB05469A
S2140381F0A8B9A169F1B1238AD3B1204604F11002CC
S214038200E3F7A2FA38BBE16919B3638AA3B1204640
S21403821004F1120200F0CAFA78B1054603E000231F
S214038220A3612361E361002328466361236270BD73
S214038230A061E8E72082E6E7E361216A0029F2D03D
S214038240A28A002AEFD02046E38ABDE8704000F0F9
S2140382506FBA6182F1E76582E561DEE711B9D0F8AE
S214038260DC1021B1CB6813B18B68D88970474FF601
S214038270FF707047E2F79EBC10B50C461146E2F756
S214038280BFFCE3F7EDFE012801D1002010BD002C52
S214038290F7D10520FAE700F0CFB900F0E3B970B5DF
S2140382A000232425D0F8DC00C4689C4201D1212099
S2140382B070BD826805FB0322D6898E4202D8128AD5
S2140382C08A4201D20133F0E70020F1E7F8B506460B
S2140382D00D46E1F70BFFD8B94FF6FF734FF0240CAA
S2140382E0EF68C1B28F4208D81C4621463046E2F7F3
S2140382F0B3F800F09AFB2046F8BDAA680CFB0122EF
S214038300D4899C4202D2002CEFD023460130E8E702
S2140383100024F0E7C08D70470A7838B50546104646
S214038320FFF751FF60B14C782046FFF74CFF38B19A
S2140383302243530704D42846BDE83840E2F7ACBED0
S214038340212038BD10B504460878FFF73CFF58B126
S2140383504A781046FFF737FF30B1042A04D0204688
S214038360BDE81040E2F7B6BE212010BD00F0E8B825
S214038370E3F718BA084600F008BBE2F757BD38B56E
S21403838004460D4600F08EF850B129462046E2F723
S21403839063F830B929462046BDE83840E2F70EBDFB
S2140383A00E2038BD70B516460C4605F076F83146F5
S2140383B005462046E5F7F0FE0446284605F068F82D
S2140383C0204670BD00F032B970B5044600200E4654
S2140383D000F027FBD4F8F0503DB100233146204689
S2140383E0AC46BDE870401A4660472B46012231462C
S2140383F02046E2F77BFF284670BD38B5044648881A
S2140384000D4600F00EFBD4F8F0302BB92946204673
S214038410BDE83840E2F778BE022038BD00F003BB63
S21403842000F03CB9E2F798BBE4F790BE70B5BDF830
S2140384301060054606B16BB1334428469BB200F084
S21403844077F9044620B91EB13146284600F0ABF949
S214038450204670BD2124FBE7E4F7FEB9C0F8EC1014
S21403846000207047E3F78AB800F05EB910B4BDF891
S214038470044001945DF8044B00F09FB80B4610B51A
S21403848014461846A1689288E1F7F6FBE1680346AE
S21403849031B1A0886288121A92B21844E1F7ECFB55
S2140384A0002010BD0346408A18B1188A003818BF4A
S2140384B0012070470846E4F755BF00F0ECBA00F019
S2140384C0EABAE5F761B9084708B5E2F78DFBC0B22B
S2140384D008BD022A01D800F0E2B921207047022A1B
S2140384E001D800F0EDB921207047022A01D800F028
S2140384F0F9B921207047E3F7A1BE0846E3F7BCBEEF
S21403850000F018BA00207047002070477047D0F874
S214038510943003F06003402B0DD0602B03D0203B38
S21403852058425841704749B10B68012B06D9486930
S21403853040F00100704740F201107047002070477A
S214038540F7B504461046D4E954C7DDE908268CEA95
S214038550020587EA06010540194085EA0C057940BD
S214038560C4E95451002523F4004106EA010320F030
S214038570010043F40073024043F00203CDE90055C3
S214038580E6F7D4FC94F824309A0713D5D4F854317C
S2140385909B050FD54FF48811204600F058FB94F83E
S2140385A02430024665F3410384F8243020460B4604
S2140385B0E2F7EEFA002003B0F0BDF0B587B01C4634
S2140385C01746BDF830601AB90024204607B0F0BD40
S2140385D0002BF9D00029F7D001AAE4F73DF90028CB
S2140385E0F2D0BDF80630A2199A42BDF80850C4BFAF
S2140385F09B1B9CB2B54212D90399AD1BADB2314455
S214038600A5420391ADF808500DD22A463846E1F745
S21403861033FB0499621B7819E1F72EFBD5E704991F
S214038620761B3144049122463846F5E70846E5F7BB
S21403863053BD0220E5F79EB808B5D0F8E4304BB139
S2140386401A68022A06D993F825204AB1186AB0FB9D
S214038650F2F008BD4FF446624C210020E1F75EFFBE
S2140386600020F6E7D0F8E42008B57AB11368022BA9
S2140386700CD9536A13F47F4FC3F3072106D0126A4B
S214038680DBB253438B42B3FBF1F006D2002040F635
S2140386907F424C21E1F742FF002008BD0346D0F895
S2140386A030010860B3F8343100208B80704790F8AF
S2140386B030310C2B14BF90F82B00FF20704738B5D1
S2140386C00C464FF400610546E7F7D4FC70B17CB165
S2140386D095F81E3173B94FF480724FF480712846B3
S2140386E0E7F7B4FC003818BF012038BD2202F4E7D0
S2140386F02246F2E70020F8E74FF48071E7F7BABCAA
S21403870008B54A024FF40071E7F7A0FC002008BD45
S21403871008B58A024FF48061E7F798FC002008BD8D
S2140387204FF40071E7F7A6BC062300208B71704751
S214038730B2F5805FF8B50F460646154619462ED89D
S2140387409A422CD33F2A26D9B2FA82F40122C4F1E4
S2140387501F03DBB29A4092B2AA422CBFC4F119049B
S214038760C4F11A04E2B20124931DDBB29C40A4B206
S214038770AC4212D096F8F5309BB9012096F8243017
S21403878060F3C71386F824303846E3F779FE0020F3
S2140387903762B582F8BD0022ECE70020EEE7212021
S2140387A0F8E70E20F6E70846E3F78ABE70B50546F7
S2140387B00E46144602B313883F2B1DD9B3FA83F330
S2140387C0C3F11901C9B2062901D8192B12D00629FB
S2140387D028BF062101238A1DD2B293403046238048
S2140387E0E3F776FE23882846EE616B82E3F7FAFE0C
S2140387F0002070BD0021EDE72120FAE710B51446EE
S21403880008460121E5F73EFB2046BDE8104001215E
S214038810E5F738BBF8B504460E46174604F03DFEAA
S2140388203A46054631462046E5F7EAFD044628461D
S21403883004F02EFE2046F8BD022070470320704742
S214038840E4F790BF10B50023E3F710FA044608B91F
S214038850E6F78AFD204610BD704770B505460E46FE
S214038860144600F0E3F831462846FFF72FFD00F0E4
S214038870DDF8230704D50B2C9CBF24F00804A4B210
S21403888021462846E2F7B6F900224FF4003128467F
S214038890E7F7DCFB002070BD8021E7F7EBBB7FB575
S2140388A0531C05AAADF81410029202210022DBB273
S2140388B0CDE900211146E7F7E7FB07B05DF804FBB7
S2140388C07FB5531C05AAADF81410029204210222A8
S2140388D0DBB2CDE9002100220121E7F7D5FB07B083
S2140388E05DF804FB1FB5531C029100220821CDE955
S2140388F000210122DBB21146E7F7C6FB05B05DF89F
S21403890004FB07B591F82830009391F82B3091F8C3
S214038910292091F82A10E3F757FC03B05DF804FB0F
S21403892010B50446E2F760F901462046BDE810405C
S214038930E2F760B9002914BF21200020704738B53C
S214038940054610460C46E3F7C5FCD5B1D5F8E0302E
S214038950BBB15B69ABB1421ED2B2FD2A13D90A681A
S214038960013204BF6FF001020A600A68FF281A602A
S21403897007D16268013202D16FF001026260626859
S2140389805A60002038BD0128F2E738B50546E5F7FA
S2140389905FFD04460021A878E3F704FD204638BDB2
S2140389A02DE9F74F01251C469DF830300646019306
S2140389B00368174603F0070306339D4005F1FF38A7
S2140389C00B46A1B1416804EA080BA5EB0B0A41F07C
S2140389D00059524509EB0B0114D952461846E1F7E4
S2140389E04BF949467A1B5A445044E1F745F9019B33
S2140389F02BB13C4448EA050804EA0804F46003B0D3
S214038A00BDE8F08F1846F0E737B500251446009505
S214038A10FFF7C6FF204603B030BDE3F7D7BA002002
S214038A20704700207047002070477047704730B586
S214038A3049000446056812B102291FD90339C90340
S214038A4095B9E1B1B1FA81F3C3F12003C3F10F0085
S214038A50012838BF012003F01F03D940A94201D9DA
S214038A6001384908216030BDB5FA85F339B1B1FA4A
S214038A7081F29B1A002BE9DC0F20EFE700210F2081
S214038A80F0E7012805D9023818BF4FF0FF30C0B20F
S214038A9070470120704708B5E4F7BEFFBDE80840FD
S214038AA0E4F7E2BF38B50446FFF7F5FF0546FFF7E0
S214038AB0F2FF431BA342FAD338BD38B50D4604462E
S214038AC0E4F7AAFF35B1844200D90139204601F004
S214038AD0030138BD844238BF0131F7E708B50121E9
S214038AE0FFF7EBFFBDE80840E4F7BEBF0B0C23F42B
S214038AF08053B3F5284FF7B50D468FB2064699B2A5
S214038B0016D04AF60103994214D04AF60203994254
S214038B1012D0B1F5204F14BF04240324D6F8E03056
S214038B200BB1196851B9D6F8DC3093B928680EE052
S214038B300024F3E70124F1E70224EFE7234668461F
S214038B403A46E4F7EDFFDDE90003002BEBD103B073
S214038B50F0BD19680029E9D0234668463A46E4F78B
S214038B60DFFFDDE90003002BE0D1F0E702F070BD84
S214038B700204C0F3891307D56FEA83536FEA93534E
S214038B8013F5007F18B206D0A3F1C8006FF4FF7385
S214038B909842B8BF184670474FF0384359699A69E8
S214038BA003F500530A405A6170470E207047E6F7F4
S214038BB0CFBDE6F7CDBDE6F7CBBDE6F7C9BD08B535
S214038BC00846E7F7EBF908BDE6F7C2BD0220704793
S214038BD0022070470020704701207047002070472E
S214038BE00E20704700207047E3F73ABA084611464E
S214038BF00122FFF741BB70B505460C4611461A46DF
S214038C00E7F77EFA06682B462046B446BDE8704072
S214038C10604710B5E7F774FABDE810408368184755
S214038C20FFF710BEE3F744B9FFF7A9BBE2F74EBE62
S214038C3070B504460D4616464FF4881100F01CF82E
S214038C40324629462046BDE87040E3F763BB38B595
S214038C5005460C4604F021FCD5F890301C40D5F8A8
S214038C608C302343C5F88C3004F012FC211E18BF49
S214038C7001210020490238BD38B504460D4604F0EC
S214038C800CFCD4F890301D40D4F88C3023EA05054C
S214038C90C4F88C5004F0FCFB284638BD38B50446AF
S214038CA00D464FF48811FFF7E7FF29462046BDE837
S214038CB03840E3F757BB73B50D7806460C4635B315
S214038CC004238DF804302379304601A98DF8053046
S214038CD0FFF738FB0546B8B92278A37952BB8DF85F
S214038CE00430E379304601A98DF80530FFF714FB0D
S214038CF0054648B923783BB161883046E2F704FC61
S214038D0001213046FFF7DBFC284602B070BD29463A
S214038D10FFF7D5FC29463046FFF7F2FC29463046D6
S214038D20FFF7F6FC2378002BCAD123798DF804309D
S214038D306379C9E702228DF80420D3E7FFF7E0BC86
S214038D40FFF7EEBC0020704710B50446E7F772FA4B
S214038D5021460020E8F7D0F8BDE81040002000F0D8
S214038D603EB970470120704708B5E8F7F3FE80F078
S214038D700100C0B208BD4FF0FF30FFF79EBB70473F
S214038D800020704710B50C4604F0A2F8048010BD0E
S214038D9038B50C46154604F09BF803881DB11C43F2
S214038DA0A1B2018038BD23EA040189B2F9E708B508
S214038DB004F08EF8008808BD08B504F089F8C0787A
S214038DC008BD08B504F084F8008800F00C0008BD60
S214038DD008B504F07DF8008800F00C00031F584225
S214038DE0584108BD38B5054604F072F804462846CF
S214038DF0FFF7EEFF30B904F1100004F030FD00F485
S214038E00406038BD4FF40060FBE738B5054604F014
S214038E105FF804462846FFF7DBFF014648B91034DF
S214038E202046042203F094FF2044BDE8384004F0B3
S214038E3016BDA08838BD10B50C4604F049F88480EA
S214038E4010BD38B5054604F043F804462846FFF738
S214038E50BFFF014608B1201D38BD1034042220464A
S214038E6003F076FF2044F7E738B5054604F030F8FC
S214038E7004462846FFF7ACFF30B904F1100004F0AF
S214038E80EEFC00F4404038BD4FF40060FBE738B515
S214038E90054604F01DF804462846FFF799FF0146E9
S214038EA048B910342046062203F052FF2044BDE89A
S214038EB0384004F0D4BCA08838BD38B5054604F065
S214038EC007F804462846FFF783FF014608B1201D2E
S214038ED038BD10340622204603F03AFF2044F7E755
S214038EE008B503F0F5FF007A08BD08B503F0F0FFF8
S214038EF090F9090008BD08B503F0EAFF807A08BDBB
S214038F0008B503F0E5FFC06808BD10B50C4603F0CE
S214038F10DFFF047210BD10B50C4603F0D9FF447290
S214038F2010BD10B50C4603F0D3FFC46010BD2DE989
S214038F30F8430F468046002107F11000164699466F
S214038F4004F03AF80446D0B103F0C2FF05462046C3
S214038F5003F0DAFF002102462846E0F7EFFC002381
S214038F602046AB7049F00401FFF70CFFA5F8048018
S214038F702EB13A46314605F11000E0F77DFE204655
S214038F80BDE8F883F8B505460F461020002104F027
S214038F9013F80446B0B103F09BFF0646204603F0E1
S214038FA0B3FF002102463046E0F7C8FC00233946EB
S214038FB02046B370FFF7E6FE25B12A460121204678
S214038FC003F0D2FF2046F8BD08B503F081FF10304A
S214038FD008BD08B503F098FF1038C0B208BD0020DE
S214038FE0E7F7B2BE08B5E8F70DF9002008BD4088DC
S214038FF0C0F30C000330800840000430704770B59F
S2140390000E4605461146304603F0D6FF044635B1F4
S21403901028B103F05DFF32462946E0F739FB2046C8
S21403902070BD0088B0FA80F04009704738B50588EF
S2140390300022044604F07EFC05B1258038BDF8B551
S21403904007460D4600880021164603F079FFB04216
S214039050044605D129463846BDE8F840FFF7E6BF83
S2140390600021204603F06CFFB04205D020460021C5
S21403907003F066FF0446F3E72A462046002103F082
S21403908073FF32462846BDE8F840002103F06CBF64
S21403909038B5044638B1002104F046FC00230146E7
S2140390A05D1C09B998B238BD204604F061FC2B4616
S2140390B00146F5E7F8B5058807467DB1CCB22146EB
S2140390C0284603F03DFF8542064609D100233B8030
S2140390D000222146304603F047FF35462846F8BDB2
S2140390E0214603F02DFF21460246284603F03CFFA7
S2140390F0EEE72DE9F04707888246884614465FB3B5
S214039100384603F001FF3D460646E4B221462846AC
S21403911003F016FF4045814616D1214603F010FFA3
S21403912021460246284603F01FFF474504D145451E
S21403913008BF0025AAF8005000222146404603F047
S21403914013FF3046BDE8F0878742FAD003F0DCFE13
S21403915030444D4686B2D9E73E46F2E70022012365
S214039160C0E900237047F8B504460127002604F03B
S214039170A1F923683BB904F098F900226368012B30
S2140391800ED16360F8BD1D691F61266004F08DF97A
S214039190012DF2D02B462D691E61012DFAD1E6E78B
S2140391A019691A610B46EAE7036823B94068012880
S2140391B003D0E8F76FBD002070474FF0FF307047CD
S2140391C0F8B5054604F061FA012306460027A860B1
S2140391D02B7304F06FF92B6802467BB11C69216977
S2140391E0A1420CBF2F6019612761104604F05DF998
S2140391F0012C08D0204663689847EAE76C68012C80
S21403920004D104F052F900232B73F8BD6169711A77
S214039210B1F1004FF5D8216969602361E5E770472E
S214039220022070470220704700207047014488429E
S21403923001D10120704710F8013B9342F7D000207C
S21403924070470821FDF7A6BF70B50146064692B0E3
S2140392500020E7F71BFA044670B9FDF796FF0546AC
S21403926001466A462046E7F765FD6A4629462046D4
S2140392708DF80260E8F714F8204612B070BD00B50A
S21403928093B0FDF782FF6A4601460020E7F752FDDA
S2140392909DF9020013B05DF804FB00B593B0FDF72B
S2140392A074FF6A4601460020E7F744FD9DF8000078
S2140392B013B05DF804FBE7F701BD012070477FB5E7
S2140392C04FF6FF7101AAE8F7C1FF20B1BDF80C0005
S2140392D007B05DF804FB4FF6FF70F9E708B504F036
S2140392E086FB003818BF012008BD08B51046EAF70C
S2140392F081F8BDE80840EAF73BB970477047704706
S2140393007047704770477047002100B593B06A46B0
S2140393100846E7F70FFDBDF8060013B05DF804FB3B
S214039320002110B592B004466A460846E7F702FDE8
S21403933000216A460846ADF80640E7F7B1FF12B0CB
S21403934010BD002100B593B06A460846E7F7F2FC65
S214039350BDF8040013B05DF804FB002110B592B00D
S21403936004466A460846E7F7E5FC00216A460846CF
S214039370ADF80440E7F794FF12B010BD704773B51D
S2140393800646E9F789FA04463046ECF707FA22461A
S214039390034600213046F8F721F80546D0B1FFF71B
S2140393A013FE0446284603F093FD0023E21D121A1B
S2140393B0294608200093D2B2FBF77DFE0138C0B2DF
S2140393C0012807D801222946304602B0BDE870407E
S2140393D0E9F798BA02B070BD134610B50A460021E5
S2140393E00446F7F7D5FF014628B12046BDE81040EE
S2140393F00222E9F787BA012010BD07B5009313468A
S2140394000A460021F7F73EFF28B1002103B05DF8B6
S21403941004EBF5F7E9BC012003B05DF804FB2DE986
S214039420F04F87B00C4691460746FFF7CAFC054641
S214039430661C304604F013FA042D40F0908038463C
S214039440FFF7C2FD0378092203F00303012B14BFC1
S2140394500223032301212046039303F079FC092208
S21403946000210546204603F073FC21788DF817008B
S21403947001390022204689B2FFF7C1FD04EB090833
S2140394808346F0B14FF0010A2A460146CDF800A004
S21403949003980DF11703FBF70EFE0228054626D1A7
S2140394A0584603F031FD00222070C0B2431E0092DE
S2140394B09BB252465946304604F0D3FA23785344B7
S2140394C023703846FFF773FC020424D498F801305F
S2140394D021789B071FD50139A1EB09013A4640467F
S2140394E0C9B2EDF777FF23781844207013E020B94C
S2140394F02070284607B0BDE8F08F032809D1404600
S21403950004F0ADF920F4007189B2404604F0A9F9DD
S214039510D7E70428D5D10125002220462178FFF776
S2140395206EFD07460028E4D04FF000080146434688
S21403953001224046CDF80080FBF7BDFD022819D175
S214039540384603F0E1FCC2B2013A207093B23946C2
S21403955001223046CDF8008004F083FAC9E780F094
S214039560800520F0800081B23046C5F3C01504F0B4
S21403957078F9D1E70028BCD12070BAE708B50020F7
S214039580FFF7F2FB80F00100C0B208BD0A4608B53B
S21403959001460020E9F7B6F9B0FA80F0400908BDA5
S2140395A00020E7F7B1BF00210846E7F755BC0020C7
S2140395B0FFF7D8BB70B5044604F051F90422002126
S2140395C00646204603F0C4FB204404F048F9032271
S2140395D005460021204603F0BBFB204404F03FF978
S2140395E04FF6FF730540ADB29D4214D1F30712D573
S2140395F006220021204603F0ABFB204404F02FF99B
S2140396000446E9F7F1F9844214BF02240624E9F775
S214039610E5F9204070BD2046FBF766FFC400E4B2C0
S214039620F5E708B5FFF7C6FF003818BF012008BDE9
S2140396300120704710B50446FEF7B5FA08B9FEF7E1
S214039640B4FA03050FD40C231B2B01D1002009E029
S21403965020FA03F1C90703F1010206D5DBB2E31AC8
S2140396605842584110BD0B23F9E71346ECE710B5F3
S2140396700C46098819B90846F7F76AFE20800120C8
S21403968010BD08B510461A4600F0B8FABDE8084003
S21403969004F081B870B504460D46164692B06A4685
S2140396A0E7F748FB6A46294620468DF81F60E7F72A
S2140396B0F7FD12B070BD10B50C46E9F771FD2046F4
S2140396C0BDE81040E9F782BC0129F8B505460C460B
S2140396D01DD003291ED0052920D0072922D0002615
S2140396E0002400270120E7F769FA304485421DDA93
S2140396F00320E7F763FA2044854219DA0520E7F7E3
S2140397005DFA38448542B4BF07200520F8BD6FF0E4
S2140397100406E5E76FF004040526E2E700266FF08B
S2140397200407DFE7002405272646DBE70120EDE7ED
S2140397300320EBE738B5054600242046E7F73EFA54
S2140397400134A842E4B202D9062CF6D107242046F7
S21403975038BD38B14379490023F00C0301F00C01FE
S2140397600B434371704710B5044678B1417940887E
S214039770490801F006010131000AFFF7A5FF02467A
S21403978001462046FFF7E5FF104610BD0722FBE71C
S21403979038B50D46E9F7F2FC044608B9002038BD93
S2140397A0FFF7E1FF002DFAD1237913F00703F5D075
S2140397B0984238BF1846C0B2F1E7037923F007038F
S2140397C0194301717047037903F00F0343EA01134A
S2140397D0037170470022EAF775B80021012208B525
S2140397E0EAF770F8401A18BF012008BD38B51546C9
S2140397F0FFF7F0FF0446284604F00FF984B1FF286C
S21403980004D0626822FA00F3DB0701D5012038BDD5
S2140398100123834013436360E3780133E370F5E782
S2140398202046F4E7EAF7B8BA10B503F051FB00F1A7
S2140398301004204604F013F820F4007189B2204681
S214039840BDE8104004F00DB82DE9FF41154601911F
S21403985001218DF80D301B0A8DF80E309DF82C3043
S2140398608DF80C008DF80F3028460423009103AAC8
S2140398709DF828809DF830709DF8346001F0D8FC80
S214039880044670B12946FFF7D6FAB8F1000F02D1A5
S2140398902046FFF7C9FF2FB146B931462046F5F7F4
S2140398A0A3FA0024204604B0BDE8F0810022204637
S2140398B01146EAF7F7F9F4E74FF47A70EAF74CBB88
S2140398C0F0B5064687B010461C460F461546FFF70A
S2140398D07BFB9DF83030184443789CB161780122B5
S2140398E011F0020F0CBF032100210020CDE9014235
S2140398F0CDE903100722394630460095EAF7C8FB40
S21403990007B0F0BD22462146EFE708B5E8F7D6F9DB
S214039910BDE808400020EAF7F7BD00B58BB06846FF
S214039920EAF7F6FA009BBDF8060004A90693EAF7E1
S21403993095FA0BB05DF804FB1FB504466846EAF7D4
S214039940E7FA02AB03CB2060616004B010BD1FB51D
S214039950062304468DF80C30EAF766FF00238DF8DD
S2140399600D00CDE9003301210223204603AA01F0AE
S2140399705FFC04B010BD70B50C4605460120EBF73E
S21403998047FE237B4BB1FFF7BFFC014623462A461F
S214039990BDE870400120EBF7F5B94FF6FE71F5E729
S2140399A0F8B50E460746FFF70FFB054603F057FFCD
S2140399B000F44040B0F5404F14BF0022062202F1E7
S2140399C00A03EB5C0B325C0004F00E045B081444E1
S2140399D003F0380338461C44FFF7FBFA844208D2E8
S2140399E0001BC2B20F2A28BF0F2230462919E0F700
S2140399F043F92046F8BD40F62740ECF73BBD13B5C8
S214039A00F5F794FC6946044600F0E1FF58B1FFF70A
S214039A107BFC40B1E8F746FA28B1002302226946E8
S214039A202046F3F743F802B010BDFF224FF6FF714E
S214039A30ECF76CBF07B500210DF10700EDF7F4F85E
S214039A409DF8070003B05DF804FB13B5044601A9AF
S214039A500020EDF7E9F8019A01462046EDF7FAF8FB
S214039A60204602B010BDF0B50F46002187B004466D
S214039A7008461646EDF7D8F8012305460DF10A0009
S214039A808DF808408DF80930FFF756FF092C1DD1D5
S214039A9031460DF1120003F0E4FE05AB002102AAE5
S214039AA09B1A2846CDE90011DBB2642101F0C0FB06
S214039AB00546E0B1092C15D1EDF716F9044688B131
S214039AC02846EDF725F9204607B0F0BD31460DF1DF
S214039AD013008DF812704FF6FF7503F0C2FE0DF1FA
S214039AE01503DBE7284600F02EF80446EBE70446AA
S214039AF0E9E77FB50D461646ADF80E0003F004FA07
S214039B00841BE4B2BDF80E20631B9BB210462946A5
S214039B100093731901F0C0FA21460DF10E0001F00F
S214039B2093FA04B070BD38B504460D4603F092FFB1
S214039B3040B1AC4206D0204603F0EAFBBDE838400D
S214039B4000F0DBBF38BD10B50446FFF73DFA023020
S214039B5003F085FE4FF6F7739842204603D9BDE817
S214039B601040EDF757BAEDF7A1FAB0FA80F04009C6
S214039B7010BD0022EDF772B970B50546FFF724FA5B
S214039B800646284601F078FB01462846F8F792F881
S214039B9004462846FFF739F94FF6F773984208D874
S214039BA0337803F00303012B05D1A31E5842584113
S214039BB070BD0120FCE70020FAE741F2033330B51D
S214039BC085B00D46ADF808300446FFF79DFB8DF8CB
S214039BD00A00FFF799FB0021000A8DF80B00052306
S214039BE02046CDE9001102AA8DF80C5001F020FBA7
S214039BF010B12146FFF7BDFF05B030BD2DE9F0419A
S214039C00044617460D46E1B13F294FF0000600D142
S214039C1035462046FFF7D5F8082814D101212046FB
S214039C2003F08EF9064603F06FF90446304603F058
S214039C304FF93B4601462A46E0B2BDE8F041FDF740
S214039C405BBB0126E5E72046FFF7BBF8024630B9C3
S214039C50BDE8F0414FF6FF71012003F0C7BD204673
S214039C60FFF7C0F8B0F5006F0ED12046FFF7CDF82A
S214039C704FF6FF739842014617D0002D0CBF032002
S214039C800520002203F0B2FD29462046EAF7C2F873
S214039C9068B929462046EEF79DFE40B93246294666
S214039CA02046BDE8F041EDF7BDBC0120E9E7BDE87D
S214039CB0F08137B54FF6F675FDF76AFA431E9BB289
S214039CC0AB420446F8D8E9F759FA0028F4D16946B6
S214039CD02046E8F747FD0028EED0204600F0DCFFDC
S214039CE00028E9D12046FFF778FD0028E4D1204676
S214039CF0EEF7E4FE0028DFD1204603F0ABFE002893
S214039D00DAD12046FDF75AFA0028D5D1204603B00B
S214039D1030BD73B504460E46EEF7D0FE054688B949
S214039D202046EEF725FF21462B460D224FF6FD7003
S214039D30009500F056F83146204602B0BDE8704064
S214039D40EEF7D8BE02B070BD37B5054614460C29EB
S214039D5014D8DFE801F02C132C1313130713131373
S214039D60132424006946E8F7FDFC18B90121684668
S214039D70F3F77EFA41202946F8F742FCD4B1204691
S214039D80FFF722F9023003F06AFD4FF6F7739842A5
S214039D9010D9204603B0BDE83040EDF753BB40F67C
S214039DA0144040F613430B2908BF1846E3E7F6F7BB
S214039DB049FEE3E703B030BD1FB50346084603215B
S214039DC08DF80D308DF80C1001230021ADF80E2010
S214039DD0CDE9003103AA042301F02AFA05B05DF8A1
S214039DE004FB2DE9F34106460F4614461D469DF82F
S214039DF02080FFF789FAB04207D100222146384671
S214039E0002B0BDE8F041FFF79FBF3A463146204611
S214039E10FFF7D2FFADF8060060B10D2C05D1002286
S214039E204FF6FF71282003F0E1FC35B9BDF80600B4
S214039E30FFF789FE02B0BDE8F081012342462946BA
S214039E400DF10600E7F78EFEBDF80630002BEDD1C8
S214039E50F0E7F7B50C460546FFF7B6F8611C06466D
S214039E602846F7F727FFA11C0746284601F027F9DF
S214039E70014604463846FDF7D7F90D2F34D1204660
S214039E80EEF71CFE78B1301D03F0E9FC04462846C5
S214039E90F679FEF7FCFF31460246204603B0BDE8DE
S214039EA0F040FFF7A3BCB01C03F0D9FC4FF6F773E2
S214039EB0984202D92846EDF7C5FA2046EEF758FE33
S214039EC0FFF722FAA04205D1002003B0BDE8F04018
S214039ED0EEF792BE6B46B068F16803C36946204648
S214039EE0EEF708FE03B0F0BD2A463946204603B017
S214039EF0BDE8F040FFF728BF14220021DFF71EBDA0
S214039F002DE9F04F11F00F0704460E4615468FB0A5
S214039F105CD10120DDF7FEF809A8FDF798FA0923BE
S214039F2009A88DF82430FDF796FA09A8DDF7C4F8DA
S214039F3001A909A8FDF71DFC26F00F08A84404F1A3
S214039F40100904F10F0A454511D1236901A93344C9
S214039F50236109A8FDF7F2FB0020DDF7DBF8B6F175
S214039F60005F28BF272738460FB0BDE8F08F05AA45
S214039F70234696469446186859680833ACE80300A7
S214039F804B456246F6D12B46224605F1100B53F895
S214039F90041B5B4542F8041BF9D1714609A8FDF77B
S214039FA0CDFB09A8DDF788F8224621460120DDF718
S214039FB06DF8013D631E13F8012F15F8011F534575
S214039FC082EA01021A70F6D15D46BCE70227CAE7A9
S214039FD0F0B5174685B005460C46102200216846A4
S214039FE0DFF7ACFCBFB3C4B30F2C04F00F0608D9DD
S214039FF024F00F043A4621462846FFF781FF40BB6C
S21403A0002744324639466846DFF736FE80222F69F4
S21403A01006F1100337446B44B7F5005F03F8102CC2
S21403A0202F61C6F110061AD3062E1FDDFB001A0E8B
S21403A0308DF80A201A0C5BBA8DF80B20ADF80C309D
S21403A0406A4610212846FFF75BFF00202B69103B6A
S21403A0502B6105B0F0BD3E46D8E72646D6E7022E6E
S21403A06004DDFB005BBAADF80E30E9E76A46102163
S21403A0702846FFF745FF2B691022A3F110040021A1
S21403A08068462C61DFF75AFCB7F5005F4FEAC40356
S21403A090CDD2E7E770B50E46054686B001A814464E
S21403A0A0FFF72AFF3246294601A8FFF791FF22460B
S21403A0B0054601AB05AE1C4603CCB44210605160A6
S21403A0C0234602F10802F6D1284606B070BDEEF725
S21403A0D031BE0A460021EEF72DBEF0B58BB00C4616
S21403A0E001A9EEF727FE054680B325220021E01CD2
S21403A0F0DFF724FC0123A3700E23BDF81070238022
S21403A100FA0510D523464FF4877206AE23F8042BC0
S21403A1100DF1280C324603CA62451860596016468C
S21403A12003F10803F6D13B0605D5238843F08003E5
S21403A1302380069B636001AB03CB039BC4F81D001F
S21403A140C4F82110A361F0F701F9606128460BB04B
S21403A150F0BD30B505460C4687B001A8FDF777F984
S21403A1602868696802AB03C39DF8113043F0020206
S21403A1708DF8112074B12288510644BF43F00603BC
S21403A1808DF81130530542BF9DF8113043F0080394
S21403A1908DF8113001A8FDF752FAB0FA80F04009A5
S21403A1A007B030BD70B58AB00D46002201A904463B
S21403A1B0EEF7C0FD88B1204604A9FFF7CAFF60B1D9
S21403A1C0BDF81060FFF7A0F838B9720601D573051D
S21403A1D003D529462046FDF793F80AB070BD2DE94E
S21403A1E0F3410F460546164602F08EFE4FF0000872
S21403A1F0C41BE4B2294623463A463046CDF80080CF
S21403A20003F02FFC0121284602F09AFE88B10121B3
S21403A210284602F095FE074602F076FE0546C3B2D0
S21403A220424630193946CDF8008003F01AFC25441F
S21403A230ECB2204602B0BDE8F0812DE9F04F85B0C0
S21403A2400C46054691461F464FF0010ADDF8388056
S21403A2509DF83CB002F058FE22463B462946064689
S21403A260CDF800A0484603F0FCFB5146284602F012
S21403A27067FE3C4418B35146284602F061FEF6B228
S21403A280B442814610DAE7B2F31BDBB240462246FD
S21403A2902946CDF800A003935F4403F0E2FB039B3B
S21403A2A0BF1B984407F0FF0B012300220E93494679
S21403A2B05B46404605B0BDE8F04F03F0D2BB5B46B5
S21403A2C022462946CDF838A0F3E72DE9F0410026CB
S21403A2D086B0074608460C4615469846CDE90266FC
S21403A2E004968DF8146002F00FFE411BCBB20D2BC3
S21403A2F028BF0D232A462146009602A803F0B1FB89
S21403A300424602A93846EEF78FFF06462946204600
S21403A3109DF80820F7F7E2FC304606B0BDE8F0816A
S21403A3202DE9F04F0E46CBB00121054617461C46D5
S21403A33002F006FE23463A462946814606A8FFF75C
S21403A340C4FF0DF1280A00EB070B52463146284698
S21403A3505FFA8BFBFFF743FFB34503D200204BB0F6
S21403A360BDE8F08FABEB06085FFA88F808F1040344
S21403A3709842F3DB331F18440423C4B20193A31B90
S21403A380DBB20093524643460021CDF808A006A848
S21403A390DCF730FE0028E1D1A4EB0B040AEB08033C
S21403A3A0E4B2524628463146009301944346FFF7EB
S21403A3B044FF39462846F7F77DFC394600F0F80295
S21403A3C02846F7F78BFC0121284602F0B9FD002842
S21403A3D018BF4D462846ADF8165002F095FD011FEE
S21403A3E0C9B20DF1160000F02FFE0120B7E72DE9E4
S21403A3F0D841064600F040FF411C044689B2304669
S21403A40000F00DFF98B394B321463046F7F752FC9D
S21403A41000F00C03042B074629D000F00308B8F11C
S21403A420020F00D11BBB384600F0AFFF3B060444C7
S21403A430A4B216D5611C304689B200F0F0FEB0B166
S21403A44021463046F7F736FCB8F1010F014600F017
S21403A45003030CD0032B0AD0384600F0A5FF0319DC
S21403A4609CB221463046BDE8D84100F0D8BE002055
S21403A470BDE8D881F8B5064600F0C0FE054604469A
S21403A4803046FEF7A1FD43785B0718D5AC1CA4B293
S21403A4902146304600F0C3FEB8B129463046F7F7EA
S21403A4A009FC0746691C304689B2F7F703FC1FB15F
S21403A4B0874201D8FF2808D104EB4704A4B22146FB
S21403A4C03046BDE8F84000F0AABE0020F8BD13B53C
S21403A4D0044601A8EFF700F9BDF80430DA0710D4F4
S21403A4E09B0707D410220021204602B0BDE8104087
S21403A4F0DFF724BA224621461020FFF7CBFD0028BB
S21403A500F0D102B010BD024608B5EFF70DF95105BC
S21403A51044BF0838C0B2130544BF0838C0B208BDEC
S21403A520F0B5D30705460C468BB04AD5008800F035
S21403A530A3FE00230646029314B9CDE9034403ACF5
S21403A540002208212046FEF771FEA8B12888FEF7F0
S21403A5503BFD023003F083F921460746E8F702F98C
S21403A56050B1002240231146384600F01DFA40F64B
S21403A570094528460BB0F0BD31462888F7F79AFB05
S21403A58010F0030F0CBF01260026EEF717FC46EA71
S21403A5904000C0B200900021204602AB05AAF0F7A7
S21403A5A02DFB0546EEF70AFC0028E2D0002DE0D08E
S21403A5B000212046009602AB05AAF0F71FFB0546CE
S21403A5C0D7E740F60A45D4E700231A46F0F770BAF1
S21403A5D030B58BB005AD04462846FCF738FF02239A
S21403A5E0284601A98DF81430FDF7C3F8234601AABF
S21403A5F0144603CCAC4218605960224603F10803A4
S21403A600F6D10BB030BD08B50023024619461846EE
S21403A610F0F74EFA012008BD37B504466846F0F752
S21403A620BFFA054648B1082221466846DFF7D8F93F
S21403A630B0FA80F0400903B030BDFF22082120465F
S21403A640FEF7F4FD034628B106212846FFF7BCFFB4
S21403A6500120F0E722460146F0F72AFAF8E707B5A5
S21403A6606846F0F79DFA10B16846FDF700FA00F069
S21403A670010003B05DF804FB0120F0F7CBBF704781
S21403A68037B504460846FEF7DCFB0546FEF73CFEF8
S21403A69000230146009322462B460120F6F7F6FADE
S21403A6A003B030BD30B50124054689B003A8FCF7D6
S21403A6B0CEFE01A88DF80C40DCF75CFD9DF8062065
S21403A6C09DF80730AA4209D0AB4209D103A88DF8FA
S21403A6D00D40DCF7F1FC012009B030BD0024F5E79E
S21403A6E00020F9E700221021FEF7A0BD7FB50D4636
S21403A6F000F582300D22694600F58070D1F788F99F
S21403A7006B462A4602AE1C4603CCB4421060516028
S21403A710234602F10802F6D12068106023791371EC
S21403A72000236B7304B070BDF0B585B06A4605466A
S21403A7300B46164601F1080714461868596808338D
S21403A74003C4BB422246F7D118680D2220601B794A
S21403A75005F582303146237100F58070D1F784F910
S21403A76005B0F0BD38B504460D46DBF7C7FFA0427B
S21403A77005D920462946FFF7B9FF002038BD282013
S21403A780FCE730B5002485B08DF80040DBF7B6FF54
S21403A790E5B2A84204D8F2F7CFFB002005B030BDDF
S21403A7A069462846FFF7C0FF0134EFE738B504468D
S21403A7B0002002F07DFDFF2805460FD002F000FEC4
S21403A7C010F0010009D0284602F0FAFD400840EADE
S21403A7D0C17080F0010000F0010038BD04F00100F4
S21403A7E0FBE70146F8B506460020F2F7DFFAFF2836
S21403A7F001D00120F8BDDBF771FF00240546871C56
S21403A800DBF770FFE3B2984201D80020F2E735F891
S21403A8102430B34203D117F82430002BE9D1013496
S21403A820EEE738B50D460121044602F089FB30B148
S21403A8300121204602F084FB2880012038BD2046F3
S21403A8402C8000F00EFE0130C0B2F7E72DE9F0478A
S21403A85088B00746894610460DF10A011D46904604
S21403A860FFF7DFFF4FF0000ABDF80A6004463046E4
S21403A870CDE905AACDF81BA002F046FB031BDBB20D
S21403A8800B2B28BF0B2322463146CDF800A005A884
S21403A89003F0E7F848F21F039D4243D00BD885F434
S21403A8A00043012B15D923464246494628460097BE
S21403A8B0FDF730F933E048F23A039D42F3D1FEF751
S21403A8C023FDB8422BD02246414605A8FDF757F98B
S21403A8D025E09DF8143013BBBDF81D40DDF81500C8
S21403A8E0DDF8191003AB03C3204603A9DCF728F9E8
S21403A8F00122204603A9EEF7B3F9A74206460ED077
S21403A900012103A8F2F7B4FC48F201039D4206D1E5
S21403A9102EB9334632463946204600F046FE08B086
S21403A920BDE8F0879DF81450002DF8D12F469DF80A
S21403A93015800234EAB24245F1D2D200D2B22244A2
S21403A9400823314692B2009703A8CDE9037703F0B4
S21403A95088F803A8F4F71AFD02F0DAFC00F0CDF845
S21403A9600135E7E708B5E7F7A9F9BDE80840F2F7C8
S21403A970BDBE10B50024418084800480C28003815C
S21403A98010BD13B5BDF81040CDE900340023F3F72E
S21403A99015F802B010BD13B5BDF810400190009431
S21403A9A0F3F70CF802B010BD07B500930123FFF7C9
S21403A9B0F2FF03B05DF804FB0123F3F7A5B801210A
S21403A9C0F4F712BA01464FF6FF70F4F735B910B52F
S21403A9D00C4602F09DFCFF2808D0F4F7BFFC20B11C
S21403A9E00368236043680120636010BD0020FCE712
S21403A9F010B50446FEF7F6F9B0F5006F204605D10C
S21403AA00FEF703FABDE8104002F082BCFEF719FA1F
S21403AA10BDE8104003F01AB808B502F079FCFF2829
S21403AA200CD002F0CDFC10F0010309D0400840EA38
S21403AA30C17080F0010000F0010008BD0020FCE7B3
S21403AA401846FAE71FB500F582300B2201A900F578
S21403AA50C070D0F7DDFF9DF80E0005B05DF804FB6F
S21403AA6030B589B001F0010503A90446F5F798F857
S21403AA709DB190B9204602F0A3FC10F0010109D065
S21403AA80204602F09DFC430843EAC17383F00103AA
S21403AA9003F0010103A8F2F7EBFB2046F6F718F8DC
S21403AAA09DF81430294600932046BDF8162003ABC4
S21403AAB0FCF79EFB09B030BD7FB50C460546F4F7A0
S21403AAC035FCA04217D04FF6F7739C4213D805F512
S21403AAD0823606F5C0760B2201A93046D0F798FFDA
S21403AAE001A90B223046ADF80C40D0F7BDFF214636
S21403AAF02846F4F76DFC04B070BD10B50446DBF7CA
S21403AB0003FEA0420FD92046F4F710FC4FF6FF735E
S21403AB10984208D020460021FFF7A2FF2046BDE852
S21403AB201040F5F797B810BD10B50446FEF7ECFBDA
S21403AB300023024619462046BDE81040F5F7E4B95F
S21403AB402DE9F04114460F4605469846FEF73CFAB3
S21403AB500646043002F083FE20802846FEF797F967
S21403AB606080B379791CE372C9B22846F7F7A2F876
S21403AB70B91CA072C9B22846F7F79CF8FE1C2072CF
S21403AB80F6B2B8F1000F18D03146284600F097FA0F
S21403AB900537FEB23146A080284600F090FAB11C75
S21403ABA0E080C9B22846F7F785F86072217AA08854
S21403ABB00122BDE8F041F5F7C7BE2088EAE72DE994
S21403ABC0F04186B090461E4604460D46FEF79CFBB3
S21403ABD04FF6F7739845074632D80523A0428DF8FB
S21403ABE00C304FF0010214BF012300234FF0000185
S21403ABF018BF8DF80D30CDE9002114BFADF80E0057
S21403AC008DF80D30284614BF0423022303AA00F050
S21403AC100FFB0546A0B1A7421AD0FEF7D5F90746A3
S21403AC2021460430803E02F01CFE2046FE7104A935
S21403AC30FFF7CDFE40B9204604A9E7F7A7FA18B9EF
S21403AC40002006B0BDE8F081284604A900F07EFB8C
S21403AC5041462846FEF78DFFF3E7037923F0030307
S21403AC60194301F03F010171704707B50DF1070164
S21403AC70F5F710FD03B05DF804FB08B5FFF7F5FF25
S21403AC8018B1BDE80840F5F755BD08BD00224FF6DC
S21403AC90FF701146F5F758BE10B50446FFF7E5FFFB
S21403ACA0024638B901462046F5F74EFE003818BF6F
S21403ACB0012010BD0120FCE7F8B5174604460E46F2
S21403ACC0FFF7D3FF0546386068B1037903F0030343
S21403ACD0337023B93A68137903F03F0313713B6863
S21403ACE05C882046F8BD01462046FEF751FD074620
S21403ACF028B1E8F751FC874201D83570F1E73146B1
S21403AD002046FCF701FF0028EBD003234FF6FF7421
S21403AD103370E6E707B501AA0DF10301FFF7CCFF91
S21403AD209DF8033053B9019828B1037913F0300F17
S21403AD3014BF0120002003B05DF804FB0020FAE7EF
S21403AD402DE9FF410646104688461546F4F71EFBD6
S21403AD500746FEF7D9FA044648BB4FF6FF739E42F2
S21403AD6025D09F4206D00146384604B0BDE8F041E0
S21403AD70EBF7DCBE07238DF804302B680246CDF8CC
S21403AD8005306B68092101A8CDF80930FEF737F9BD
S21403AD90024618B9192004B0BDE8F08101234146E4
S21403ADA03046F1F72DF90028F4D02046F3E70220C9
S21403ADB0F1E72DE9F04390460F4606464FF00109AA
S21403ADC091B00BA803ADFCF742FB07AC29460BA8D2
S21403ADD0ADF82C90FCF7CDFC95E80F0084E80F0047
S21403ADE04B46002239463046CDE90048F1F724FAAF
S21403ADF011B0BDE8F0832DE9F04F002785B08146FA
S21403AE000C467E2039469846BDF83CB09DF844A0D3
S21403AE10BDF84C500192ADF80E7002F0CDF8064620
S21403AE20002800F0AA8002F053F839467E22DEF7A7
S21403AE3085FD304602F04CF80090304602F048F8A4
S21403AE40B9F1FF0F0CBF274644F003073B0A14F47F
S21403AE504062077043705FD14FF00808C31C184662
S21403AE6042460199DEF714FC034604F44044434487
S21403AE7084B1790606D419464FEA1B2201F802BBB1
S21403AE805A700B46B4F5004F56D0A4F540425442D0
S21403AE905441E400224618460E99DEF7F9FB009A61
S21403AEA003462044A0EB02085FFA88F89DB14FF4EE
S21403AEB07C521A53841C284602F00AF88346284616
S21403AEC002F022F8C5B22A4659462046DEF7D4FEDB
S21403AED060190235EDB2B9F1FF0F2FD05246109923
S21403AEE000F8019BDEF7C8FE08F101015AFA81F16A
S21403AEF029443046E6F7CCFD0C210022FF0007F07C
S21403AF00800710463943FEF73DF8ADF80E00E8B962
S21403AF10002005B0BDE8F08FB2F5006F80F803801F
S21403AF204FEA182880F8048000F1050314BF4FF099
S21403AF3008084FF0020892E70224ABE708EB0A0181
S21403AF4029443046E6F7A4FD0821D6E7304601F04B
S21403AF50BFFF0446304601F0D7FF012302462146D1
S21403AF600DF10E00E6F7FEFD0028D1D10121BDF854
S21403AF704820BDF80E0001F0F7FFBDF80E00C8E745
S21403AF8010B50C46098821B90846F6F7E1F9208082
S21403AF9008B1012010BD0220FCE72DE9F0478046EA
S21403AFA00F460646002402F1FF39BC4202D219F8C6
S21403AFB0015F25B9A6EB080080B2BDE8F0879A4684
S21403AFC0A5F13102012A5AF8041B10D83246322D55
S21403AFD002F8011B06D10134A4B2A74232D30912E8
S21403AFE0B21C7170013453461646A4B2DDE7342D05
S21403AFF00CD10334BC42DDDA0B0A317073700B0CD0
S21403B000090EB370321DF170A4B2EBE7A5F133025B
S21403B010062A0DD8303DADB22B19BB42CADA2A46F2
S21403B0203046013CDEF734FB15FA84F47219EBE77D
S21403B030A5F14102062A01D8373DECE79D8803F1C6
S21403B040080AE9E71646B5E770B5054600880C46D4
S21403B05001F05AFFA04228880AD201F055FF0023C8
S21403B060221A19462846BDE8704092B2E6F77ABD22
S21403B0702146E6F70DFD002070BD38B5054601F004
S21403B08027FF0446284601F03FFF002201462046DC
S21403B090BDE83840FDF7B3BFF8B516460C461D4667
S21403B0A0BDF8187001F014FF0444304601F010FF99
S21403B0B03A4641192046BDE8F840DEF7E9BA70B5CE
S21403B0C00C46013189B20646F6F7F4FD21460546DD
S21403B0D03046F6F7EFFD00EB052080B270BD1FB5D6
S21403B0E00123ADF80C2000930A460223014603A869
S21403B0F002F0B7FC05B05DF804FB0FB437B5069D48
S21403B1000021A8B201F058FF044601F0E1FE2CB17D
S21403B110002207AB0193D1B28D4205D8204603B077
S21403B120BDE8304004B0704753F8041B8154013225
S21403B130F1E773B504460D4640200021164601F09C
S21403B1403BFFADF8060001F0C3FEBDF8063013B9A9
S21403B150002002B070BD402133462A462044FFF744
S21403B1601CFF211889B20DF10600FFF76DFF0028BA
S21403B170EED1BDF80600ECE70EB403B503AA52F809
S21403B180041B0192FFF7D5FF02B05DF804EB03B092
S21403B19070472DE9F7430F4601218146164601F015
S21403B1A0CFFE054658B1FFF768FF308088B92846BA
S21403B1B001F0AAFE68B1192003B0BDE8F083484643
S21403B1C001F0A2FEFF2FA0EB0704E4B214D014B9DB
S21403B1D034800020F0E72A4621462846FDF70FFF75
S21403B1E080460028E7D03B464A4629460094FFF7A8
S21403B1F053FFA6F80080ECE70120DDE708B5FDF76E
S21403B200E3FE437803F001001A074CBF1030083002
S21403B210DB0644BF0830C0B21030C0B208BD10B55C
S21403B2200C4601F071FEA04234BF0020012010BD81
S21403B2307FB514460091024641F2092141F60920E2
S21403B2409DF820601D46002E18BF0146099B00206E
S21403B250F6F758FDADF80E0010B9002004B070BD27
S21403B26001232A4621460DF10E00E6F77BFC002853
S21403B270F3D1BDF80E00F1E738B50546FFF7BEFF7C
S21403B2800446284601F040FE631C9BB283420FD857
S21403B2902846FDF799FE43785B0707D521462846DF
S21403B2A0F6F708FD013004EB4004E4B2204638BD4F
S21403B2B00024FBE71FB5ADF80E0001F025FE04469B
S21403B2C0BDF80E00FFF7D8FF00F10E03DBB2BDF8A2
S21403B2D00E200146E01A80B200901046FFF7DCFE0F
S21403B2E0A4F10E0189B20DF10E00FFF7ADFE04B016
S21403B2F010BD4278034612F0080006D0D20702D4E7
S21403B30003F10800704703F10900704737B5054697
S21403B3100C46FDF759FE437813F0100212D09CB189
S21403B32003F001021B074FF0000329460093204653
S21403B3304FF0080354BF1832203202F092FB01206C
S21403B34003B030BD1046FBE72046F9E773B5054664
S21403B3500C46FDF739FE437813F0100211D094B172
S21403B360012603F001021B0729464FF00803204677
S21403B37054BF18322032009602F073FB304602B0F8
S21403B38070BD1046FBE72046F9E700F00303012BE8
S21403B39008D0C30606D400F00C000C2814BF0820FF
S21403B3A00920704702207047034611F0030005D0BA
S21403B3B003F00303022B14BF022003207047F8B5E3
S21403B3C00C46064601F0A0FD631C834202D9002505
S21403B3D02846F8BD21463046F6F76CFC0746FFF7CD
S21403B3E0D4FF3B060546F3D50444304601F08CFDF6
S21403B3F0A4B2631C9BB28342E9D821463046F6F7D3
S21403B40059FC01463846FFF7CFFF2844C5B2DFE7AD
S21403B41070B506460D46FFF7D2FF044610B9002462
S21403B420204670BD29463046F6F744FC8206F7D51B
S21403B430304601F069FD2544ADB26B1C9BB28342D6
S21403B440EDD829463046F6F735FC00F01803082BEE
S21403B45014BF05340634E4B2830644BF0834E4B2AA
S21403B460DEE738B50546FFF707FF044608B90020B0
S21403B47038BD01462846FFF7CBFF0028F7D0204407
S21403B480C0B2F5E72DE9F04387B005460C46FDF755
S21403B4909BFD804602F0E3F907462846FFF7ECFEDD
S21403B4A0064601462846FFF78AFF00220346009217
S21403B4B02946324602A802F0D4FA9DF8086006F040
S21403B4C00C030C2B06F003090BD0B9F1010F59D06E
S21403B4D0F10657D49DF809300DF10A050020637173
S21403B4E007E0FF230DF10900637102F0B8F90DF1CF
S21403B4F00B05208198F80130DA0704D508F102001D
S21403B50002F0ADF92081B9F1010F5FFA89F83DD059
S21403B510F3063BD4284602F0A2F96080A81C02F08A
S21403B5209EF9053515F8013C208023712B78B0066B
S21403B530A37206F0400348BF43F02003390627D51D
S21403B54043F40073F80448BF43F48063390548BFE7
S21403B55043F400633206E38011D56A7812F00302DF
S21403B5600DD06FEA43436FEA5343A978B8F1020F4D
S21403B570E3800B4611D1EB7841EA0321218107B022
S21403B580BDE8F083FF230DF10905A7E7FF23CCE70A
S21403B5907A0648BF43F48073D4E7012A04BF0B023C
S21403B5A09BB22381EBE7F7F789B80BB1F7F7F2B84D
S21403B5B00AB9F7F76BB9FF21F7F794B8431C08BF2E
S21403B5C00020DFF7F1BB0000034B5868C0F3080008
S21403B5D0003818BF0120704700ED00E0014B1868E3
S21403B5E0704700BF945F0020084B1B6F03F00703F0
S21403B5F0022B04D0032B05D0012B05D0FEE7044B0A
S21403B60018687047034BFBE70348704700800050F9
S21403B610945F00209C5F0020002D310108B5FFF7E2
S21403B620E3FF054B1B6FC3F301330133B0FBF3F0AA
S21403B630024B186008BD00BF00800050905F0020DA
S21403B6400048704700B4C40400487047002D310119
S21403B650014B1868704700BF9C5F0020174A936829
S21403B660C3F304430C2B0AD8DFE803F00B090909DC
S21403B6700909072119091B1D1F00114870470020DF
S21403B6807047936803F04073B3F1807F11D0B3F132
S21403B690007F10D0002B0B4818BF002070470A48C5
S21403B6A070470A4870470A4870470A4870470A486E
S21403B6B070470A4870470A48704700BF0040015A5F
S21403B6C0405DC60000093D00C0EA210180BA8C0136
S21403B6D00048E801005A62020024F40080841E0039
S21403B6E040420F00014B1868704700BF985F002068
S21403B6F007B500F067FC6A4600F0C2FC18B14721A4
S21403B700034801F0C9FFDDE9000103B05DF804FB5F
S21403B71088E003000229F8B596BF104B00245C5C52
S21403B720012805460E4608D0022809D008B944F079
S21403B73002040B4B1F6837B9F8BD44F00804F8E75A
S21403B74044F02004F5E77B681A68144203D03146B8
S21403B75028465B6898473F68EDE700BF2A750400F4
S21403B7605835002038B5104D2B78ABB10F4C2378E5
S21403B7701BB100F031FA00232370002001F09FFF75
S21403B7800B4C50B100F07AFA0023012120782B707D
S21403B790FFF7C0FF0123237038BD0122054B1A7043
S21403B7A02278054B1A70F7E7185600201656002025
S21403B7B01D560020195600201A5600200E490B78F5
S21403B7C0FF2B01D198B170470BB990B97047002889
S21403B7D014BF0122FF2213440B7060B1074B1B7882
S21403B7E0012B08D9064B1B782BB9FFF7BBBF1A46AC
S21403B7F0F1E70122EFE770471C5600201D56002094
S21403B8001956002010B501F048FE064B04461B7877
S21403B8101BB1BDE8104001F03BBEFFF7A3FF204677
S21403B820F7E700BF1556002002282DE9F04147D060
S21403B83029480378FF2B41D1002941D11A461344E6
S21403B840DBB2037000293BD0244E3278012A37D965
S21403B850002B3ED001F021FE214F04463B780BB36C
S21403B860204D2B781BB901222A701F4A1370DFF86C
S21403B8707C8098F8003023B100F0AEF9002388F8F6
S21403B8800030204601F004FE012001F018FF01F00D
S21403B89004FE2B7804461BB100F0F0F900232B704E
S21403B8A000233B70204601F0F3FD01243078A042CC
S21403B8B006D02146FFF72EFF347001E013B931B9E5
S21403B8C0BDE8F081002914BF0122FF22B7E7012259
S21403B8D0B5E70224EAE700BF1C5600201D560020E9
S21403B8E0185600201556002019560020165600201C
S21403B8F02DE9F04385B0EFF3108572B6AFF3008001
S21403B90001F0B7FF002800F09280624E624F337852
S21403B91023B10020FFF752FF00233370387878B93D
S21403B92003A900F01FFB044650B95C4B039A1B683F
S21403B9309A4200F284800120FFF740FF0123337010
S21403B9403B78002B40F09980554B1B78002B00F07A
S21403B95091804FF00208534CDFF8689120784045F9
S21403B96007D099F8003013B94146FFF7D3FE84F8A1
S21403B9700080B8F1020F0FD1DFF8248198F8003069
S21403B98053B9494B1B7823B900F020F90122474BE2
S21403B9901A70012388F80030207800F0F7F899F839
S21403B9A0003013B1424B1B782370AFF30080284658
S21403B9B001F080FEEFF3108572B63E4B1A7852B153
S21403B9C000221A703A4B20781B78984203D1012143
S21403B9D02170FFF79FFE384800F084FA01F058FF05
S21403B9E08046002893D12E4F3B789BB189F8000000
S21403B9F0DFF8B89099F800301BB100F0EDF889F83D
S21403BA000080002001F05BFE002839D000F036F9F4
S21403BA1000233B70337823B10020FFF7CFFE0023CB
S21403BA20337000212078FFF775FE00232370AFF3F1
S21403BA300080284605B0BDE8F04301F03BBE1F4B2F
S21403BA40D3F8008000F048F9039B80449845BFF480
S21403BA5072AF00F03BF98200039942F0020292B201
S21403BA60CDE900422346164AA1EB0801124801F02D
S21403BA7028FE65E700F09CF86BE74FF001086AE7DD
S21403BA80012000F083F8284601F014FEEFF310853A
S21403BA9072B6B6E7175600201C5600206035002005
S21403BAA0185600201D5600201B5600201656002050
S21403BAB01A56002013560020643500205C350020FB
S21403BAC005B803001956002010B501F0E6FC002265
S21403BAD0054B1C781A7001F0DBFC00F005FBE4B2A2
S21403BAE02043C0B210BD00BF1456002038B501F085
S21403BAF0D4FC094B05461B78012B04D801F0C8FC7F
S21403BB000024204638BD054B1C6800F0E5F80444C5
S21403BB10284601F0BDFCF4E71D5600205C350020E6
S21403BB201549164A0B6F10B503F007031360144A42
S21403BB30144C9269032B02F00200C2F340022270F7
S21403BB4017D0D1F8203103F00703022B11D0D1F818
S21403BB50803203F001030C4A137048B143B9064B15
S21403BB60D3F8003103F00303591E4B424B411370C5
S21403BB7010BD0123EFE700BF00800050C035002052
S21403BB8000C001502256002023560020012805D06D
S21403BB900238012808D80020CDF752BC034A13699F
S21403BBA023F00403136130BF704700BF00ED00E0CD
S21403BBB0044B054AD3F8203103F007031360F7F765
S21403BBC091BF00BF00800050C83500200122014B02
S21403BBD01A70704721560020F8B51F4B1B78002BB0
S21403BBE039D01E4C2378B3B91D4B9A6DD10302D5B9
S21403BBF0DA6D92072FD49B6DDB072CD401F0A7FDDB
S21403BC00184B194A1860136F23F0070343F0030316
S21403BC101367FFF703FD01F09AFD124B134D1B68E4
S21403BC20134EC01A2B78134F56F8232046F82300DA
S21403BC30111A3A681048521A0A213A600932B2FBBE
S21403BC40F1F20133DBB20260B3FBF1F201FB123314
S21403BC502B7000232370F8BD2356002020560020A7
S21403BC6000C00050B8350020008000501F5600204A
S21403BC70903500208C3500208835002008B5F7F76E
S21403BC8032FF0D4A0D49136F096823F007030B4370
S21403BC9013670B49D2F82031096823F007030B43D7
S21403BCA0C2F82031074B1B7813B10122064B9A6268
S21403BCB0BDE80840FFF7B2BC00800050C035002046
S21403BCC0C83500202356002000E00050014B1878AA
S21403BCD0704700BF23560020054B187818B1054B54
S21403BCE0186800EBD000044B1B681844704700BF6D
S21403BCF02356002088350020BC35002008B50D4BA0
S21403BD001A7892B100221A700B4A136F23F00703B6
S21403BD1043F001031367D2F8203123F0070343F0FF
S21403BD200403C2F82031FFF779FC0122034B5A675C
S21403BD3008BD00BF215600200080005000E00050E0
S21403BD400D490B68A0B10022A3B1834203D18368D7
S21403BD5022B90B6003E01A469B68F5E79360836895
S21403BD600BB9002070475A6941690A445A61F8E7DB
S21403BD702220704702207047D435002010B501F00A
S21403BD8002FD0A4C0A4B19682368C31A09B92060D6
S21403BD9010BD002BFBD04A699A423ABF9B1A002279
S21403BDA0D21A4A6128BF00238968EFE7D0350020FE
S21403BDB0D435002038B5154D2B682BB35B69A3B17A
S21403BDC0134A022014681C4400F086FA204600F04A
S21403BDD045FA00230F492A680B7022B1D0888007E2
S21403BDE00AD501230B70002038BD022000F074FA38
S21403BDF0022000F093FAECE79268002AF3D0506929
S21403BE000344012BEAD9EEE72220EDE7D4350020E0
S21403BE10D035002025560020C38870B504460D464D
S21403BE203BB9FFF763FE8542064602D2F8F747FFA3
S21403BE3035460E4A6561136883B91460A3600CE047
S21403BE402D1A986819466561034618B15869A842C1
S21403BE50F6D929B18C60A36023B970BD0021F5E73C
S21403BE601460A3605A69521B5A61F6E7D435002062
S21403BE7070B50D469DF81410164601710499BDF869
S21403BE801820016000210446C0E903368160C280A1
S21403BE9006BB01F078FC2844A0613DB9E368656100
S21403BEA013B1204621689847C6B1354601F0F5FA26
S21403BEB00646FFF763FF29462046FFF7ADFF084B0C
S21403BEC01B689C4201D1FFF775FF3046BDE8704002
S21403BED001F0DEBA01F057FC3044DDE770BD00BF69
S21403BEE0D4350020F8B50546D0B101F0D6FA06469B
S21403BEF0FFF744FF0B4B28461F68FFF721FF044656
S21403BF0020B1304601F0C4FA2046F8BDAF42F8D15E
S21403BF10FFF750FF2228F4D1022000F0E9F9F0E7FA
S21403BF202224F1E7D435002038B50C460546A8B1DF
S21403BF30A1B100230B7001F0BDFA0121084B1B6869
S21403BF4033B901F0B2FA002038BDAB4204D12170F8
S21403BF502278002AF9D0F4E79B68F1E72220F3E77A
S21403BF60D4350020F8B506460F4601F0A3FA00259F
S21403BF700446124B1B6823B9204601F096FA1B2091
S21403BF8011E05A691544DA88B2420DD101F0FBFB81
S21403BF900B4E3368C01AA8420AD3002320463B60E0
S21403BFA001F083FA0020F8BDFF2EEFD09B68E2E78E
S21403BFB001F0E9FB33682B441B1AEFE7D435002066
S21403BFC0D035002070B501F075FA064601F0DBFBAC
S21403BFD0084B044601201D6801F0C5FB18B101F0AB
S21403BFE0D2FB04460135304601F05FFA2046294667
S21403BFF070BD00BFDC350020014B1868704700BFDA
S21403C000D83500200B4B70B51B68044683420D469B
S21403C0100ED340F2E7300021074B4FF47A721E68C6
S21403C0200023E4FB0601DDF777F82860002070BDE7
S21403C0302120FCE7CC350020D83500200F4B10B567
S21403C0401A689AB14FF47A71531E1342A0FB01018A
S21403C0500ED1B2FA82F2C2F11F04531CD243E0405F
S21403C06001FA03F3184321FA02F20243104610BD05
S21403C0700023DDF751F80246F8E700BFD835002065
S21403C08038B5164B14468342154B8B4123D3154BB9
S21403C0901A6802B34FF47A75A0FB050305FB01315A
S21403C0A0531E134211D1B2FA82F3C3F11F055A1C71
S21403C0B0DB4301FA02F2E84021FA03F31043184384
S21403C0C0E940C4E90001002038BD0023DDF724F869
S21403C0D0C4E90001F7E72120F6E700BFEFA7C64B48
S21403C0E037894100D835002010B501F0E3F9034B3A
S21403C0F01C7801F0DAF9E4B2204610BD245600207D
S21403C10008B5084B1B7803F0FF004BB101F01FFB8B
S21403C110054B1B689B69C01A02288CBF00200120B0
S21403C12008BD00BF25560020D4350020C2072DE9E0
S21403C130F843044607D5464A136801331360FFF7EE
S21403C1401DFEFFF737FEA3077FD501F0B3F94FF0C7
S21403C150000805464646FFF711FE3E4F3C680CB105
S21403C1606369A3B100223C4B012E1A7003D118F069
S21403C170020F18BF1E70FFF71DFE222802D10220F1
S21403C18000F0B6F82846BDE8F84301F08EB923461A
S21403C1905A693AB91A792179914288BF1C469B6835
S21403C1A0002BF5D1284601F080F92569002D38D0FB
S21403C1B001F0E9FAA269A0EB02084FEAE873A84582
S21403C1C073F100032EDB23691344A3610123226961
S21403C1D0CAB1C3B9A38BB5EB080533B1E28B1344DD
S21403C1E09BB2B3F57A7F28D2E38301F063F98046E6
S21403C1F029462046FFF710FEA369226940461344EA
S21403C200A36101F052F9E36813B120462168984709
S21403C210B4F8068001F04EF901360546FFF7AEFD89
S21403C2209CE7A84601F046F981462046FFF788FDBD
S21403C230484601F03AF90023C9E7A3F57A73E38386
S21403C240A369013D013BA361CFE7BDE8F88300BFC7
S21403C250DC350020D43500202456002010B50446D3
S21403C26001F01BF94FF0B042936A1907FCD4136A26
S21403C270116C5269120704D4CA1A032A01D89942C8
S21403C2800ED1E21A022A98BFDC1CB4F1FF3F38BF76
S21403C290013C4FF0B04308221C6403F580539A61B7
S21403C2A001F0F6F8054A13783BB14FF0B041CB6B7B
S21403C2B043F00203CB630023137010BD8A6400208F
S21403C2C007B5044B01A9187901F08DF9019803B05D
S21403C2D05DF804FB6C73040000F001038207034A55
S21403C2E048BF43F008039361704700BF001000582F
S21403C2F0820700F001030AD50121064A43F008032A
S21403C30011704FF0B041CA6B22F00302CA63024AAF
S21403C310936170478A64002000200058830742BF59
S21403C3200822014B5A6170470010005873B502ABE0
S21403C330164603E90600044600F052FF054620466B
S21403C34000F05EFF9DF800208DB1202C33780ED8C8
S21403C350012B2ED84FF6FF752D4803EB43132344CA
S21403C36030F81310A94202D0013120F81310294BDC
S21403C370294E33F8141036F81400814232D34FF6A0
S21403C380FF75A9424FF0010502D0013123F81410BE
S21403C39004F0FD01092927D1998AB68A0A44B242D4
S21403C3A0B4BF9A829E8233F81430834227D202B0F7
S21403C3B070BD022BDBD14FF6FF704FF6FF75144BA3
S21403C3C033F81410814218BF013104F1210018BF5D
S21403C3D023F8141033F81010A9421CBF013123F8B8
S21403C3E01010C4E70025D0E71D2CDCD1598F8E181A
S21403C3F0864203DA01390A445A87D4E75887002D60
S21403C400D5D1204602B0BDE8704001F0D7B900BFD1
S21403C4104050002018510020C450002038B50D4667
S21403C420044601F047F8064A13889BB22DB123430E
S21403C4301380BDE8384001F038B823EA0403F7E771
S21403C440065500200022034B01214FF480701A701A
S21403C450FFF7E4BFA05B002008B5054B1868FCF7A0
S21403C460C3FB00F00300C31E5842584108BD00BF7B
S21403C470384D002038B5044601F041FA0C4B05460A
S21403C4801978187981420FD0631E082B0CD8DFE881
S21403C49003F0050D0B0D0B0D0D0D0D0000220146CF
S21403C4A0044B1868FCF79EFB284638BD0022F7E7C6
S21403C4B0B8640020384D002038B54FF0FF300C46E6
S21403C4C0FFF77CF80A4B05461868FFF777F8641BF6
S21403C4D0241A20B210F1630F06DB10F1240F05DADD
S21403C4E064308000C0B238BD0020FCE7FF20FAE7C6
S21403C4F0384D002008B5134B1B78062B04D040F6A6
S21403C5002101114801F0C8F8104B1B881B0704D4FF
S21403C51040F622010C4801F0BFF80D4B2A2019788B
S21403C520FFF7A8FF00210820FFF778FF0222094B38
S21403C5301A70094B1868E3F72DFEBDE8084001F0B2
S21403C5402AB900BFA05B0020FA6F0400065500203E
S21403C5509D5B0020ED640020384D002010B50E4C86
S21403C560236823B940F6A3410C4801F095F82068E8
S21403C570013001F074F900F0070003280AD124689B
S21403C58009220121204600F0E3FB205C031F5842EA
S21403C590584110BD0020FCE7284D0020FA6F040028
S21403C5A038B50C4640B100210420FFF737FF01F0F1
S21403C5B0F2F8012C1DD038BD244B1B889B07F6D5FB
S21403C5C00129234A2FD1117869B30139C9B21170F1
S21403C5D011B92020FFF722FF00210220FFF71EFFDC
S21403C5E004221C4B00211C481A7000F05DFD01F06C
S21403C5F0D2F81A4C2068013001F031F900F440609B
S21403C600B0F5006F1FD1246801210422204600F0F4
S21403C6109FFB204401F023F90146BDE83840002281
S21403C620202001F0E3B800210D4D02201170FFF722
S21403C630F5FE2B78FF2B04D040F29961094801F0F0
S21403C6402BF82C70B3E74FF6FF71E6E7065500208C
S21403C6509F5B0020A05B0020FC610020284D00208B
S21403C660EE640020FA6F040038B5134C05462388A1
S21403C670580709D5FFF7F0FE01460720FFF7FAFE35
S21403C680FF210120FFF78CFF238899070BD50B4B5F
S21403C690284619788A1F51425141FFF7EBFE0121C4
S21403C6A00020FFF77DFF23881B0703D5BDE838402E
S21403C6B0FFF720BF38BD00BF06550020A05B002053
S21403C6C0F7B5124CD4E9006586EA020C85EA03073F
S21403C6D00CEA000C0F405CEA070E15D086EA0C063F
S21403C6E07D40C4E90065CDE900230B4608490246B0
S21403C6F00868FBF73BFE38B14FF4FD71054803B0FD
S21403C700BDE8F04000F0C8BF03B0F0BD50160020EF
S21403C710384D0020FA6F040008B50A4B1B88DB0669
S21403C72004D440F64701084800F0B6FF0021102065
S21403C730FFF774FE002000F06BFBBDE8084001F035
S21403C7402AB800BF06550020FA6F04002DE9F04F03
S21403C7505706804614461D4691B005D5FFF77CFE66
S21403C76001460120FFF786FEEE0403D500212D20A7
S21403C770FFF780FEA00224D54046FCF7E1FA014607
S21403C780F8B94020FFF74AFE40460AA9FBF7B5FE74
S21403C790B8B99DF83030022B40F0D980BDF8280098
S21403C7A000F0B6FDFF2808D14046FBF7A4FE40B9CB
S21403C7B001214020FFF732FE03E000F0C3FD00280E
S21403C7C0F2D1A10305D5FFF747FE01460320FFF785
S21403C7D051FEE20104F0807640F1C080854B1B8851
S21403C7E09B072DD5844E3068FBF71CFE40BB834B5E
S21403C7F0834F18703B78FF2B04D040F25761814873
S21403C80000F04AFF4FF0000900210220FFF706FE62
S21403C81087F800907C4F3B78062B07D10121082030
S21403C820FFF7FCFD49462820FFF724FE3B78052B3F
S21403C83006D100212B20FFF71DFE3068E3F7AAFC84
S21403C84000F0A9FF220717D56B4F0321386805AA06
S21403C850FBF702FE064620B940F2C961694800F0BC
S21403C8601BFF9DF81430072B00F0D080FFF7F4FD74
S21403C87001460420FFF7FEFDE10505D5FFF7ECFDB5
S21403C88001460420FFF7F6FD14F4863F05D0FFF7B4
S21403C890E3FD01460220FFF7EDFDA20113D5FFF7E6
S21403C8A0DBFD01460820FFF7E5FD00210420FFF726
S21403C8B0B5FD554B1B78012B03D14F4B1868E3F797
S21403C8C069FC00F068FF14F0084F09D0FFF7C4FDB9
S21403C8D001460720FFF7CEFDFF210120FFF760FE8C
S21403C8E0A30009D5FFF7B8FD01460620FFF7C2FDF2
S21403C8F0FF210120FFF754FEA70705D53D4B1B88F4
S21403C9001E0701D5FFF7F6FD6C0603D500210A20A6
S21403C910FFF7B0FD280602D50120FCF722FAE90549
S21403C92040F1858140460AAA05A9FCF759F99DF806
S21403C9301430222B00F06D8100F28281152B40F219
S21403C9406A8140F60A112F4800F0A6FE6FE1032B1A
S21403C9507FF437AF0AA801F06DF830E705F0020759
S21403C96056EA07030DD0284B26201978A1F1060EA8
S21403C970DEF1000141EB0E01FFF77CFD012130469D
S21403C98011E004F0805656EA07030FD01E4B26200C
S21403C9901978A1F1060CDCF1000141EB0C01FFF75D
S21403C9A069FD02213846FFF7FBFD4BE704F088419B
S21403C9B051EA060309D0144B272019788F1F7942B2
S21403C9C07941FFF757FD0221D9E705F008030B432A
S21403C9D002D02320FFF74EFD680703D5002124204D
S21403C9E0FFF748FDE9077FF52DAF00212520FFF768
S21403C9F041FD27E706550020384D00209F5B0020A9
S21403CA00EE640020FA6F0400A05B0020314638680D
S21403CA100AAAFBF727FD20B14FF4DA619E4800F01F
S21403CA203BFEBDF81630386802330AA9ADF82C3041
S21403CA30FBF71AFD20B140F2DF61974800F02CFEA9
S21403CA400023009331460423386804AAFBF70EFD3F
S21403CA50042804D040F2E4618F4800F01DFEDFF89E
S21403CA60589299F80030C3BB0DF1110000F0F7FEA1
S21403CA7000F00700022830D1FFF7EEFC014609203C
S21403CA80FFF7F8FC854B1B78062B23D1844B9DF8C8
S21403CA9013201B789A421DD19DF8353023B940F2F6
S21403CAA0FA617D4800F0F8FD0DF1110000F0D7FEA5
S21403CAB0C0F3001631462920FFF7DCFC00210820CE
S21403CAC0FFF7ACFC774B1E70FFF748FD10B93868CC
S21403CAD0E3F760FB00F05FFECEE6BDF8160001212B
S21403CAE0083080B200F068FA039030B9FFF7B4FC60
S21403CAF001460420FFF7BEFCECE700F0E9F905AABF
S21403CB00014606463868FBF7B9FC99F800A0BAF167
S21403CB10000F22D106F1010B584600F0A0FE830653
S21403CB205AD53868FCF70CF90746FFF795FC053726
S21403CB300146F8B2FFF79EFC584600F090FE00F060
S21403CB4007000328584F2DD001210420FFF766FC69
S21403CB504FF0FF30FBF7B1FC386000225349BDF8B5
S21403CB6016300978F718F1549DF83630BB709DF8E7
S21403CB703730FB700A9B190E3971190C7971FB71EA
S21403CB80190A99F80030B97123B9737892B343F050
S21403CB9020037370002000F069F97870039800F0A2
S21403CBA071FA97E701210922304600F0D1F8305C8C
S21403CBB001210428C9D1FFF731FC4FF0FF30FBF702
S21403CBC07CFC3B4B38601B885806C6D55146402034
S21403CBD0FFF724FC0122C1E7FFF73EFC01460920CC
S21403CBE0FFF748FC2D4B1B78012BB6D13868E3F7CB
S21403CBF0D1FAB2E723F02003CBE701227E33DBB280
S21403CC0002FA03F313F00A1F31D113F0011F3FF4A6
S21403CC1098AE27202CE0012202FA03F3254A1A4095
S21403CC202ABB13F0041FF4D1DA077FF58AAEAB05EF
S21403CC302FD50121802011B0BDE8F04FFFF7EEBBE2
S21403CC40652B1AD8622B12D8452B0CD8422B0ED83C
S21403CC50352B06D8322B0AD8252B08D9322BD8D019
S21403CC606FE6422BFBE7552B05D8522BF7D9262028
S21403CC70FFF7FAFCDBE7622BF1E7952B3FF661AE95
S21403CC80812BBAD8722BC4D0733B022B3FF659AE16
S21403CC90EDE711B0BDE8F08FFA6F0400A05B00204B
S21403CCA09C5B0020ED640020244D0020EF640020F0
S21403CCB0065500203A003800A35B0020024B187884
S21403CCC0B0FA80F040097047A05B002008B5064B19
S21403CCD04FF0FF311868FBF7A9FF0028B8BF0330F1
S21403CCE040F3870008BD00BF384D002008B5074B4A
S21403CCF01868FBF7D0FA30B1054BB3FBF0F083B2FC
S21403CD000BB1184608BD0120FCE700BF384D0020D4
S21403CD1040420F0038B510200C460121FFF77EFB7A
S21403CD20064B1D68FFF7E2FF012200FB04F1044BEC
S21403CD302846FBF760FF002038BD00BF384D0020B3
S21403CD4019C70300014800F0A7BC00BF1470040015
S21403CD50032A70B5144602D82C4B985C70BD81F03C
S21403CD60010519B90D2A07D1FF20F7E70D2A03D1CC
S21403CD7000780538C0B2F1E7084400F070FDC5F14D
S21403CD80040110F440660246C9B209D1042C0846D1
S21403CD90E4D0052C16D112F0400F18BF0846DDE785
S21403CDA0C5F10603042CD8B2D8D0B6F5006F03D16C
S21403CDB0C5F10805E8B2ECE7B6F5406FE9D1C5F171
S21403CDC00E05F7E712F4404107D1062CC6D0072C10
S21403CDD0C4D0082C13D10130CCE755065CBF831CA6
S21403CDE0D8B2062CBAD0B1F5004F02D1831CD8B204
S21403CDF0EDE7B1F5404FEAD100F10803F7E7130773
S21403CE0044BF0530C0B20C2CA8D9ADE704BA040061
S21403CE10AC2370B5094C054603FB00435E6D26B98B
S21403CE2040F2FD31064800F037FCAC2303FB054413
S21403CE30002363653346BDE8704018473C4D002029
S21403CE405170040010B40C461146AC22064B02FB8C
S21403CE500033586D20B95C655DF8044BFFF75ABF85
S21403CE6002205DF8044B70473C4D0020AC22034B78
S21403CE7002FB003393F8A800704700BF3C4D002028
S21403CE8028B1034B1B68C01A4010013080B27047AC
S21403CE90FC4D002030B1044B00F100401B68013804
S21403CEA003EB4000704700BFFC4D0020064B1B6899
S21403CEB0834206D8054B1B68834294BF002001209B
S21403CEC070470020704700BFFC4D0020F84D00203F
S21403CED010B5044608B9002010BD00F01EFD20B9A9
S21403CEE040F2CD41074800F0D7FB2046FFF7D2FFBC
S21403CEF00028F0D00388DB0B14BFD0F80A000830F4
S21403CF00EAE700BF2870040010B508B9002010BD7A
S21403CF10FFF7C0FF044600F0F7FC20B94FF49D610D
S21403CF20064800F0B9FB002CF0D02388DB0B0ABFC1
S21403CF3060882089C0F30C00E9E700BF287004006E
S21403CF4038B5FFF7A7FF0D46044650B100F0DCFCEA
S21403CF5020B940F24151034800F09EFB023534F8F5
S21403CF60150038BD2870040070B5FFF793FF0C4614
S21403CF7016460546B0B100F0C7FC20B940F24D5145
S21403CF800C4800F089FB3046FFF784FF00F0BCFC3A
S21403CF9020B940F24E51074800F07EFB023425F8D4
S21403CFA0146070BD40F25251BDE87040014800F075
S21403CFB073BB00BF287004002DE9F8430746884674
S21403CFC000F00FFC20B940F28E512A4800F064FBB3
S21403CFD0FC1CA408284B64000434B7F5005F1E68E5
S21403CFE0A4B204D340F29551224800F055FB00F05A
S21403CFF061FA224981460B687BB9214B1D68761B73
S21403D000C6F34F06B44227D90025484600F04DFA2A
S21403D0102846BDE8F843FFF733BFB8F1000F11D039
S21403D020174A15685A1BC2F34F029442ECD81448A9
S21403D030620005EB44040460B8F1000F0FD11344FB
S21403D0400B600CE0F61AC6F34F0676B940F2A6510B
S21403D050084800F021FBD7E705EB44041C600023D7
S21403D0606F80AB80EB802B80CFE7B442CCD8044AEA
S21403D0701568DCE728700400004E0020E84D002009
S21403D080F84D002038B5054600F014FA0446294644
S21403D0900448002200F04EFC2046BDE8384000F06D
S21403D0A004BA00BF0C55002082684B4B2DE9F041B3
S21403D0B09A4204460E46056815D121B140F2131173
S21403D0C0464800F0E9FA00F0F5F923691BB92B6826
S21403D0D02BB924612C60BDE8F04100F0E6B91A696B
S21403D0E022611C61F6E700F0D0FA8046FEF76CFA80
S21403D0F020B14FF49571394800F0CEFA6FF0004333
S21403D1009E4221694BD22B7B08EB0602002B4DD0A7
S21403D110AB6893424AD1531C002949D061699942AE
S21403D12042D01EB9521AB2F1004F3DD9636123694A
S21403D1306E689C4203D19D21284800F0ADFA2F4625
S21403D1400023B4420BD0002B41D172696169891A5E
S21403D150B1F1004F32D83269374694422CD1226956
S21403D160BD420CBF6A603A617BB92669B44203D1FB
S21403D170B8211A4800F090FA3B46012E05D06269A2
S21403D1807169521AB2F1004F23D99D420BBF6B68E7
S21403D1901A69236122610CBF6C601C6104E043447E
S21403D1A031B162699342C1D1BDE8F0811346B3E75A
S21403D1B06A6822616C60B9E71646C6E7A8EB020206
S21403D1C0B2F1004FC7D93B4637463669B9E71F4623
S21403D1D0F9E733463669D0E7891C02003C70040041
S21403D1E00823064A12F8011B814205D0013B13F0BF
S21403D1F0FF03F7D11846704701207047B5BA0400FD
S21403D2000823064A12F8011B814205D0013B13F09E
S21403D210FF03F7D11846704701207047ADBA0400E4
S21403D22010B5082207490446DCF7DAFBB0FA80F0AB
S21403D2304FF6FF732289400940009A4208BF40F028
S21403D240010010BDC6BA040030B504460D4685B0CD
S21403D25002B9084A1068516801AB03C301AB03CB9C
S21403D26020602046ADF80C501B886160238105B012
S21403D27030BD00BF85FB0300002270B50A4B1C7847
S21403D2800A4BD5B2AC4202D800200C7008E01E88C8
S21403D2900132864205D30D701B881B1A584258412B
S21403D2A070BD1233EDE700BF1D5B0020C4520020A3
S21403D2B0F8B5154B04461D680E46E5B1134B1F78AB
S21403D2C0874218D900EB400305EBC30526B92B6943
S21403D2D0DA0712D42046F8BD08223146281DDCF7AB
S21403D2E07FFB50B92B69DB07F4D40134E4B2A742C1
S21403D2F005F11805F0D1FF24ECE70134E4B2A742A8
S21403D30005F11805E2D1F6E7644E00200D6500200E
S21403D3100A4B01461B6830B52BB1094A1478002224
S21403D320D0B2844201D8FF2030BD5D888D4202D141
S21403D3301D69ED07F8D401321833F1E7644E002077
S21403D3400D6500200F4A03461068D0B10E4A1278C6
S21403D3509A4215D919B203EB430300EBC3000369E2
S21403D36013F001000DD0094A126832F8112002F4B6
S21403D370E2622AB913F00C0F14BF01200020704795
S21403D38001207047644E00200D650020604E00208B
S21403D390094B1B686BB1094A1278824209D900EB24
S21403D3A04000C20003EBC0000169C90701D5985CC1
S21403D3B07047FF20704700BF644E00200D650020B5
S21403D3C00C4A0346106890B10B4A12789A420DD95C
S21403D3D003EB430300EBC300D0E9043213F0010070
S21403D3E04FF0000104D0184611467047002001464E
S21403D3F0704700BF644E00200D65002010B5164B25
S21403D400187860B1154C2368CBB14FF470720020C6
S21403D4101349FFF717FD2368013B236010BDFFF791
S21403D42055FC1049104A91F90040136884420B4C8E
S21403D43003F1010313602368B8BF087053B90B48A0
S21403D44000F0A0FA0028E9D1BDE8104001460748DD
S21403D450FFF72ABE0822DAE7FF5B0020804E002093
S21403D460FDD30300FA5B0020784E002008640020FA
S21403D470054B1B682BB9054B1868003818BF0120ED
S21403D48070470120704700BF704E00206C4E00208E
S21403D49010B962B6BFF36F8F7047EFF3108072B6A2
S21403D4A07047302383F31188704780F31188BFF3E6
S21403D4B06F8F7047EFF31180302383F31188704723
S21403D4C0002070474FF4004070474FF47A7070475F
S21403D4D00122417803788A4030214B4341F2100100
S21403D4E003F1A04303F570335A507047B0F5802F0D
S21403D4F024D010D8B0F5003F22D006D828B3B0F514
S21403D500803F14BF012048207047B0F5403F14BF4A
S21403D51001202C207047B0F5302F13D008D8B0F573
S21403D520E02F11D0B0F5202F14BF01201020704734
S21403D530B0F57F0F14BF0120062070474B207047BD
S21403D5402A207047112070472120704708B570B114
S21403D55000F022F84FF098435A6CD202FCD5586D6F
S21403D56010F4702004D0BDE80840FFF7BFBF2120A9
S21403D57008BD08B528B128220021DCF7DFF9002012
S21403D58008BD2120FCE7036A042B9FBF00EB830240
S21403D5900133D16003627047036A052B14D84FF03A
S21403D5A09842116CC902FCD504339B0013650168CD
S21403D5B0103B11604168116050F8081F11604FF06E
S21403D5C098420344984200D1704750F8041F1160F4
S21403D5D0F8E7836813B9816070475B685A68012A65
S21403D5E0FBD15960704709B100F005B82220704797
S21403D5F0012100F043B870B506460D46FFF75AFF03
S21403D60004461D2E37D8DFE806F00F18361C1E20FA
S21403D6103622243636362628362A2C2E303636360A
S21403D6203634363636363632FDF7DEFF00262860C9
S21403D6302046FFF73AFF304670BD0120CBF79AFC31
S21403D640F4E70320FAE70420F8E70C20F6E70220C5
S21403D650F4E70620F2E70720F0E70820EEE70520C8
S21403D660ECE70920EAE70A20E8E70D20E6E71020C2
S21403D670E4E70B20E2E700202126D8E700207047E6
S21403D68008B5FEF735F880B208BD08B5FEF730F8E2
S21403D69008BD704742DE704738B504460D4600F0B5
S21403D6A008F8FFF7FEFE29462046BDE83840FFF798
S21403D6B0F1BF704710B962B6BFF36F8F7047012092
S21403D6C070472DE9FF410E46174698460546A0B11A
S21403D6D00024C461FEF706FCBDF82C3028460293EE
S21403D6E09DF828302246CDE9008331463B46FEF7B7
S21403D6F0BFFB204604B0BDE8F0812220FAE72DE9FF
S21403D700F0419846002386B00E46174605468DF828
S21403D7101730C0B1C3610DF11701FEF705FC9DF884
S21403D720174094B9BDF83430284602939DF830303C
S21403D7302246CDE9008331463B46FEF799FB204659
S21403D74006B0BDE8F0812220FAE70320F8E738B5F3
S21403D750FFF7B0FE054600F016F804462846FFF726
S21403D760A4FE204638BD4FF0B04301285B6904D0C1
S21403D770022805D1C3F3C000704703F001007047C9
S21403D7800020704770474FF0B0439A6A1207FCD4E4
S21403D790186A7047704708B5FFF7FCFF00F01DF8DE
S21403D7A008BD10B5FFF779FE012104460846FEF7CB
S21403D7B03BF82046BDE81040FFF76ABE10B50446A6
S21403D7C000F012F82046FAF7E4FC2046F7F7DFFDF0
S21403D7D0BDE81040F9F7AEB9704708B5FFF7FCFF90
S21403D7E008BD0120704770470020704730B589B0E8
S21403D7F00446ADF806108DF81020FFF7F1FC054639
S21403D8002046FFF7FDFC03469DB1BDF80600ABB905
S21403D81000F0BDF8FF2808BF00200DF10F038DF8B8
S21403D8200F001A46204604990593FEF77FFD09B0BC
S21403D83030BD0028F5D00DF10603F2E700F0A7F897
S21403D840FF280ABF0023034618468DF80F30BDF89D
S21403D85006308DF81800ADF81A3006ABE1E70088FD
S21403D86070470170090A4170704701207047012014
S21403D870704710B5DAF7FCFE0446D0F7E5FB044024
S21403D880D0F7B4FCE4B20440FFF7EFFF204010BD2E
S21403D89038B5FEF719F90446F6F737FF042824D0FF
S21403D8A0022808BF44F001040025E4B2F7F73EFE61
S21403D8B004281CD0022808BF44F00104E4B2F7F79A
S21403D8C053FB042815D0022808BF44F00104E4B231
S21403D8D0FFF7CDFF04280ED0022808BF44F001044A
S21403D8E085F0010504EA050038BD0125DEE70125BC
S21403D8F0E5E70125ECE70020F6E7FF20704708B5CB
S21403D900FFF7FBFF002008BD08B520B1FFF7CEFAEE
S21403D91000F0010008BD0120FAE708B5FFF7BAFAE0
S21403D920BDE80840FFF7F0BF008810B1C9B2FFF7A3
S21403D93007BB70472DE9F041B0F8008006460C4659
S21403D940D5B2B8F1000F11D029464046FFF7F8FAD2
S21403D9502246074629464046FFF706FB3A4629462F
S21403D9602046FFF701FB3480BDE8F0810F46F5E75C
S21403D97003461B8808468B4202D00021FFF7E0BA15
S21403D980002070470069003818BF01207047002048
S21403D9907047F8B506460D46FFF742FC03280446D3
S21403D9A021D02846FFF73CFC032807461BD010F07F
S21403D9B0020318D1A0070DD5F90716D401233C435B
S21403D9C0E20704D431892A89914218BF002303F061
S21403D9D00100F8BD082229463046DCF701F8B0FA04
S21403D9E080F35B09EBE70020F3E71846F1E770B531
S21403D9F00D4600210646FFF797FF044630B1FFF7B2
S21403DA0067FA01462846FFF7C4FF08B1204670BDF3
S21403DA1021463046FFF7ACFFEFE707B50DF10701E8
S21403DA20FFF72AFC20B19DF8070003B05DF804FB5E
S21403DA30FF20FAE708B500F009F8FF2804D0FFF73F
S21403DA40BFFCC0F3C00008BD0120FCE70146002070
S21403DA50FFF72EBC08B5FFF75BFCFF3818BF0120A5
S21403DA6008BD2DE9F84307460846154688461C4672
S21403DA709DF82090FFF72CFA4619A4B19EB14046B4
S21403DA80FFF742FA254485420FDC2246B9F1000F20
S21403DA9006D131463846DBF7FBFD0020BDE8F883A8
S21403DAA039463046F7E72120F8E71D20F6E7000061
S21403DAB0000000000000000000000000000000005E
S21403DAC0F8B500BFF8BC08BC9E467047F8B500BF63
S21403DAD0F8BC08BC9E4670475FF800F0315D002036
S21403DAE05FF800F0CD5D0020427574746F6E20768B
S21403DAF0616C7565206368616E67656420746F206A
S21403DB0025640D0A0050726573732064657465633B
S21403DB107465640D0A004D756C74692070726573C4
S21403DB20732064657465637465643A2025640D0A1E
S21403DB300052656C6561736520646574656374651E
S21403DB40640D0A004C6F6E672070726573732064F1
S21403DB50657465637465640D0A0072656C61795F4C
S21403DB60636C6561725F68616E646C6572202564C0
S21403DB700D0A0072656C61795F73746172745F6C11
S21403DB8061746368696E675F70756C73653A20616C
S21403DB906E6F746865722070756C73652069732088
S21403DBA06163746976650D0A0072656C61795F73EB
S21403DBB0746172745F68616E646C65720D0A0072DC
S21403DBC0656C61795F6F6E0D0A0072656C61795FD3
S21403DBD06F66660D0A0072656C61795F746F6767BE
S21403DBE06C650D0A0057726974696E6720636F6E01
S21403DBF066696720746F206E763A2025730D0A00D7
S21403DC0053697A653A2025640D0A004661696C6596
S21403DC106420746F207772697465204445564943BF
S21403DC20455F434F4E4649475F4441544120746F16
S21403DC30204E562C207374617475733A2025642E17
S21403DC40202862797465733A202564290D0A0073C7
S21403DC50756363657373210D0A004661696C6564B9
S21403DC6020746F2072656164204E565F4954454D9B
S21403DC705F4445564943455F434F4E4649472C202C
S21403DC807573696E672064656661756C7420636F6F
S21403DC906E66696720696E73746561642C2073749D
S21403DCA0617475733A2025642E202862797465732F
S21403DCB03A202564290D0A005573696E6720636F41
S21403DCC06E6669673A20256420636861727320660E
S21403DCD0726F6D0D0A25730D0A006D726475756299
S21403DCE06F643B4D6F65732D342D67616E673B53D1
S21403DCF04130753B5241343B4941363B53413375C2
S21403DD003B5243303B4941353B534230753B5243CC
S21403DD10313B4943323B534231753B5244313B49D5
S21403DD2044303B4D3B004E6574776F726B207374C3
S21403DD3061747573206368616E67656420746F2011
S21403DD4025640D0A004D616E7566616374757265B0
S21403DD507220746F6F206269670D0A004D6F6465E9
S21403DD606C20746F6F206269670D0A00496E6974D0
S21403DD7069616C697A696E67205A696762656520AE
S21403DD80776974682025642073776974636865739C
S21403DD9020616E642025642072656C6179730D0AB8
S21403DDA000436F6E666967207061727365642073E3
S21403DDB075636365737366756C6C790D0A007265BB
S21403DDC061642076657273696F6E20666F726D206C
S21403DDD06E6577206C6F636174696F6E0D0A00461B
S21403DDE061696C656420746F207772697465206C52
S21403DDF06173745365656E56657273696F6E2074CE
S21403DE006F204E562C2073743A2025640D0A004F5B
S21403DE106C642076657273696F6E3A2025640D0A0A
S21403DE200043757272656E742076657273696F6EE1
S21403DE303A2025640D0A00524553455420414C4C64
S21403DE40210D0A002F7A622F747579612D7A69671E
S21403DE506265652D7377697463682F73696C616295
S21403DE60735F746F6F6C732F73696D706C6963691E
S21403DE7074795F73646B2F2E2E2F2E2E2F7372637F
S21403DE802F73696C6162732F68616C2F7A6967629E
S21403DE9065652E63004174747269627574652063E8
S21403DEA068616E6765642C2065703A2025642C20B3
S21403DEB0636C75737465723A2025642C20617474E0
S21403DEC0723A2025640D0A00556E6B6E6F776E20CE
S21403DED0636F6D6D616E643A2025640D0A00496EAA
S21403DEE06465782061742077726974652061747440
S21403DEF0723A2025640D0A004E6F207377697463A7
S21403DF006820636F6E66696720696E204E562C2004
S21403DF107573696E672064656661756C74730D0A44
S21403DF2000496E76616C69642072656C61795F691D
S21403DF306E64657820256420696E204E562C207208
S21403DF406573657474696E6720746F2064656661B3
S21403DF50756C740D0A003E2000556E6B6E6F776EFF
S21403DF60206572726F7200496E70757420627566F2
S21403DF706665722069732046554C4C004D6178697E
S21403DF806D756D206E756D626572206F66206172A9
S21403DF9067756D656E74732065786365656465641F
S21403DFA00054686520617267756D656E74206973C9
S21403DFB0206E6F7420666F726D617474656420637F
S21403DFC06F72726563746C7900496E636F72726503
S21403DFD0637420617267756D656E742074797065FD
S21403DFE000496E636F7272656374206E756D626549
S21403DFF072206F6620617267756D656E7473004E6E
S21403E0006F20636F6D6D616E6420666F756E64005E
S21403E01075696E7438002A00756E6B6E6F776E00C6
S21403E02077696C6463617264006865786F70740006
S21403E030737472696E676F70740075696E743332C9
S21403E0406F70740075696E7431366F70740075691D
S21403E0506E74386F70740068657800737472696ED6
S21403E060670075696E7431360075696E74333200F5
S21403E0702E2E2E200068656C70000A25730A257301
S21403E08025730025732008002F7A622F7475796133
S21403E0902D7A69676265652D7377697463682F7374
S21403E0A0696C6162735F746F6F6C732F73696D70E5
S21403E0B06C69636974795F73646B2F706C617466E3
S21403E0C06F726D2F736572766963652F6C65676112
S21403E0D063795F68616C2F7372632F626173652D5A
S21403E0E07265706C6163656D656E742E63002F7A5E
S21403E0F0622F747579612D7A69676265652D73770A
S21403E100697463682F73696C6162735F746F6F6C95
S21403E110732F73696D706C69636974795F73646B6D
S21403E1202F706C6174666F726D2F73657276696398
S21403E130652F746F6B656E5F6D616E616765722FB9
S21403E1406C65676163792F7372632F736C5F746F8B
S21403E1506B656E5F6D616E616765722E63002F7A05
S21403E160622F747579612D7A69676265652D737799
S21403E170697463682F73696C6162735F746F6F6C25
S21403E180732F73696D706C69636974795F73646BFD
S21403E1902F706C6174666F726D2F73657276696328
S21403E1A0652F746F6B656E5F6D616E616765722F49
S21403E1B06C65676163792F7372632F736C5F746F1B
S21403E1C06B656E5F6D616E75666163747572696E9D
S21403E1D0672E630043757272656E7420436F6E66B6
S21403E1E069673A20253078005365742043434120FD
S21403E1F06D6F646520746F2025643A20253078009F
S21403E200656E61626C65640064697361626C656403
S21403E210006F757428636C69656E742900696E20D7
S21403E2202873657276657229004D464720537472CB
S21403E230696E673A202573004170704275696C6495
S21403E2406572204D464720436F64653A2030782533
S21403E250303458006E6F6465205B004164646974F3
S21403E260696F6E616C20696E74657266616365734F
S21403E27000202025643A200070616765205B2564D2
S21403E2805D206368616E205B25645D207077722075
S21403E2905B25645D006E6F74206163746976650048
S21403E2A06572726F72203078253038580070616E50
S21403E2B04944205B3078253034585D206E6F6465A2
S21403E2C04944205B3078253034585D2000787061EF
S21403E2D06E205B307800706172656E744944205B13
S21403E2E03078253034585D20706172656E745273D1
S21403E2F07369205B25645D006E6F64655479706591
S21403E300205B005365637572697479206C65766566
S21403E3106C205B253032585D006E6574776F726BC8
S21403E320207374617465205B253032585D2000428B
S21403E33075666665722062797465733A2025642073
S21403E3402F20256400457020636E743A20256400F0
S21403E3506570202564205B656E64706F696E74203B
S21403E36025732C206465766963652025735D20001C
S21403E3706E776B205B25645D2070726F66696C65D3
S21403E380205B3078253034585D20646576496420F8
S21403E3905B3078253034585D20766572205B3078A4
S21403E3A0253032585D0020202020257320636C75AD
S21403E3B0737465723A2030782530345820004E77CF
S21403E3C06B20636E743A202564006E776B20256499
S21403E3D0205B25735D005072696D61727920287029
S21403E3E0726F290020206E6F646554797065205B18
S21403E3F03078253032585D00202073656375726966
S21403E400747950726F66696C65205B30782530329C
S21403E410585D0045502025643A2025732000457238
S21403E420726F723A2020556E6B6E6F776E20656E34
S21403E43064706F696E742E00456E61626C6520654C
S21403E44076656E7420646562756720696E666F20F4
S21403E450696E20436F726520434C4920636F6D706D
S21403E4606F6E656E74006F6E6C7920636F6F726487
S21403E470696E61746F72732063616E20666F726D6E
S21403E4800A006A6F696E203078253038580A006CA7
S21403E49065617665002573203078253032580A008A
S21403E4A072656A6F696E4469666644657669636514
S21403E4B054797065006578742E2050414E20494487
S21403E4C03A20004E574B206F70656E3A2025752014
S21403E4D0736563004E574B20636C6F736564006609
S21403E4E0696E64206A6F696E61626C653A20307883
S21403E4F0253032580066696E6420756E75736564E0
S21403E5003A20307825303258004368616E67696E6A
S21403E5106720746F206368616E6E656C2025643AAD
S21403E5202030782530325800696E76616C69642035
S21403E5306E6574776F726B20696E646578005368D6
S21403E5406F72742049443A203078253034582C2092
S21403E55045554936343A20002C2050616E204944F4
S21403E5603A203078253034580053746172746564E9
S21403E570206D756C74692D70687920696E74657288
S21403E58066616365004661696C656420746F202567
S21403E5907320257320307825303258005465726D09
S21403E5A0696E61746564202573203078253032588F
S21403E5B0004B65657020616C6976652073757070B5
S21403E5C06F727420656E61626C65642E00666169A5
S21403E5D06C656420746F20736574206B65657020AA
S21403E5E0616C697665206D6F64652E007375636371
S21403E5F065737366756C6C792073657420746865CF
S21403E600206368696C642074696D656F7574206F28
S21403E6107074696F6E206D61736B2E006661696C32
S21403E620656420746F20736574207468652063685E
S21403E630696C642074696D656F7574206F70746996
S21403E6406F6E206D61736B2E00646973636F7665FE
S21403E6507200536572766963652025737920646F4B
S21403E6606E652E004D61746368202573792066728B
S21403E6706F6D203078253034582C20657020256443
S21403E680004E574B20416464726573732072657342
S21403E690706F6E73653A20307825303458004945DC
S21403E6A04545204164647265737320726573706FA9
S21403E6B06E73653A2000232020747970652020202D
S21403E6C06E776B20206C6F6320202072656D202090
S21403E6D020636C75732020206E6F64652020206590
S21403E6E075690020202564202020203078253034CA
S21403E6F05820203078253034582020307825303480
S21403E70058203078253034582000736C5F7A696758
S21403E7106265655F6765745F62696E64696E6720CC
S21403E7204572726F723A203078253038580A0025C1
S21403E73064206F662025642062696E64696E677361
S21403E740207573656400656E61626C656420707223
S21403E750696E740064697361626C656420707269C3
S21403E7606E7400616464206C696E6B206B6579005F
S21403E7704552523A2043616C63756C61746564203C
S21403E78043524320646F6573206E6F74206D61740B
S21403E7906368004552523A20496E7374616C6C206C
S21403E7A0436F6465206D75737420626520382C2072
S21403E7B031302C2031342C206F722031382062798E
S21403E7C074657320696E206C656E677468004552C5
S21403E7D0523A204145532D4D4D4F206861736820B2
S21403E7E06661696C65643A20307825303258005388
S21403E7F06574206A6F696E696E67206C696E6B203C
S21403E8006B6579007365742062696E642025643ACB
S21403E8102030782530327800454D50545900554EF7
S21403E820494341004D324F4E45004D554C54490027
S21403E8303F2020202000496E6465782049454545E1
S21403E84020416464726573732020202020202020DA
S21403E850204E574B496E6465782020496E20464308
S21403E860202020202054544C28732920466C6167AE
S21403E870202020204B65792020202000256420209E
S21403E8802020200020202564202020202020200077
S21403E8902020253038582020002030782530345862
S21403E8A0202000496E64657820494545452041642B
S21403E8B06472657373202020202020202020496E58
S21403E8C0204643202020202054797065202041755F
S21403E8D0746820204B6579002D20202020200025F9
S21403E8E06320202020202563202020202000696527
S21403E8F073005741524E494E473A202052454144F1
S21403E900494E47204F46204B45592056414C5545C6
S21403E910532044495341424C4544204259204D46D6
S21403E9204720544F4B454E004E574B204B657900BE
S21403E9302573206F75742046433A202530385800D7
S21403E940257320736571206E756D3A2030782530F7
S21403E9503258002573206F75742046433A202530BD
S21403E96038780054432025732000257320546162B1
S21403E9706C650025642F256420656E747269657363
S21403E98020757365642E005472616E7369656E74C8
S21403E990204B657900256420656E747225732063A9
S21403E9A06F6E73756D696E67202564207061636B87
S21403E9B065742062756666657225732E0057494C2A
S21403E9C04C0057494C4C204E4F5400547275737488
S21403E9D02043656E74657220257320616C6C6F77B7
S21403E9E02074727573742063656E74657220726525
S21403E9F06A6F696E73207573696E672077656C6CD2
S21403EA002D6B6E6F776E206B65792E0053657420C1
S21403EA1074696D656F757420666F722054727573B2
S21403EA20742043656E7465722072656A6F696E73CF
S21403EA30207573696E672077656C6C2D6B6E6F77C8
S21403EA406E206C696E6B206B657920746F2025646D
S21403EA50207365636F6E64732E004552524F523AAD
S21403EA6020002573737461636B206D757374206265
S21403EA706520646F776E2E0052656164696E672049
S21403EA80416C6C6F7765640048617368696E6720D4
S21403EA906F6E6C7900736C5F7A69676265655F6B2E
S21403EAA065795F73657474696E67735F743A203053
S21403EAB078253034580020205065726D6973736969
S21403EAC06F6E733A202573004572726F723A204652
S21403EAD061696C656420746F2067657420636F6E6C
S21403EAE06669672C207374617475733A20307825D1
S21403EAF0303858004661696C65643A2030782530B2
S21403EB003858004D73673A20636C75732030782548
S21403EB103034582C20636D64203078253032582CDE
S21403EB20206C656E202564006275666665723A2001
S21403EB3000454D4245525F002573534543555249A0
S21403EB4054595F4C4556454C3A20253032580025DB
S21403EB50736572617365206B65792025643A20308E
S21403EB60782530385800636D64206E6F74206275A4
S21403EB70696C740073726320657020253032782CBC
S21403EB8020636C757320253034780073656E646972
S21403EB906E6720746F206D756C746963617374207F
S21403EBA062696E640025733A2065703A2025642CEA
S21403EBB020636C3A203078253034582C20617474E6
S21403EBC0723A20307825303458002C207376723A07
S21403EBD02025630025733A20726561643A203078F5
S21403EBE025303278002C207376723A2025632C2049
S21403EBF064747970653A2030782530325800417253
S21403EC0067756D656E7420617420696E6465783A05
S21403EC10202564206973206F7574206F66207261E7
S21403EC206E676500436F6D6D616E6420616C72651F
S21403EC30616479206275696C742E202043616E6E60
S21403EC406F7420736574204D46472073706563693F
S21403EC5066696320636F646520666F7220636F6DF9
S21403EC606D616E642E004D464720436F64652053E6
S21403EC70657420666F72206E65787420636F6D6DA1
S21403EC80616E643A20307825303458005573652019
S21403EC904E6578742053657175656E63652053659C
S21403ECA07420666F72206E65787420636F6D6D6175
S21403ECB06E643A20307825303258004469736162B6
S21403ECC06C652044656661756C7420526573706F5D
S21403ECD06E73652053657420666F72206E65787454
S21403ECE020636F6D6D616E643A203078253032583C
S21403ECF0004552523A2072656164696E67206174FA
S21403ED0074726962757465202530327800455252F4
S21403ED103A206174747269627574652073697A65E2
S21403ED2020256420746F6F206C6172676520666FA0
S21403ED307220627566666572004572726F723A205B
S21403ED40617474726962757465204944203078254D
S21403ED50303458207265706F727461626C6520631C
S21403ED6068616E67652069732073697A6520256418
S21403ED70422C206275742025644220656E74657289
S21403ED8065640A006E6F20636D64004572726F726D
S21403ED903A20434C492053656E64206661696C656E
S21403EDA0642C207374617475733A20307825303878
S21403EDB058004572726F723A202045554936342002
S21403EDC0617267756D656E7420697320656D707406
S21403EDD07920616E64206C6F6F6B7570206279208A
S21403EDE06E6F6465204944206661696C65642E0015
S21403EDF047726F757000556E696361737400556E64
S21403EE0062696E6420257320257330782530325866
S21403EE1000526571756573743A20005A444F207327
S21403EE20696D706C65206465736320726571202557
S21403EE30303278005A444F206E6F646520646573E1
S21403EE4063207265712025303278005A444F206D56
S21403EE50617463682064657363207265712025306E
S21403EE603258005573696E67206D79206C6F636145
S21403EE706C20455549363420666F7220646573747A
S21403EE8020455549363420696E2062696E64696E82
S21403EE9067005A444F2062696E64207265712025AC
S21403EEA030327800636C7573746572206C696D69B3
S21403EEB074207265616368656400696E76616C6967
S21403EEC06420706167653A202564206F722063684A
S21403EED0616E6E656C3A202564004368616E6765F3
S21403EEE0206368616E6E656C207374617475733A23
S21403EEF020307825303278006475726174696F6EDD
S21403EF00206D75737420626520696E2072616E676A
S21403EF10652030202D203500636F756E74206D7567
S21403EF20737420626520696E2072616E6765203196
S21403EF30202D2038007363616E20737461747573BB
S21403EF4020307825303258006E6574776F726B20E8
S21403EF507570646174652073657420737461747569
S21403EF607320307825303258004163746976652003
S21403EF70455020726571756573742073746174757A
S21403EF80733A20307825303258004C51492054616A
S21403EF90626C6520726571756573743A20307825E6
S21403EFA03032580042696E64696E67205461626C41
S21403EFB06520726571756573743A20307825303232
S21403EFC058004C65617665202573307825303258B5
S21403EFD000506F7765722044657363726970746F4F
S21403EFE072202573307825303258005573696E6762
S21403EFF0206D79206C6F63616C204555493634204B
S21403F000666F7220646573742045554936342069EB
S21403F0106E20756E62696E64696E6700526F7574F2
S21403F02065205461626C652025733078253032582C
S21403F030002F7A622F747579612D7A696762656528
S21403F0402D7377697463682F73696C6162735F7479
S21403F0506F6F6C732F73696D706C69636974795F16
S21403F06073646B2F70726F746F636F6C2F7A69673C
S21403F0706265652F6170702F6672616D65776F725A
S21403F0806B2F636F6D6D6F6E2F736C5F7A6967623C
S21403F09065655F73797374656D5F636F6D6D6F6EB2
S21403F0A02E6300457874656E6465642052657365E7
S21403F0B07420696E666F3A203078253034582028DD
S21403F0C0257329002F7A622F747579612D7A696703
S21403F0D06265652D7377697463682F73696C616203
S21403F0E0735F746F6F6C732F73696D706C6963698C
S21403F0F074795F73646B2F70726F746F636F6C2FAA
S21403F1007A69676265652F6170702F6672616D65D7
S21403F110776F726B2F636F6D6D6F6E2F7A69676291
S21403F12065655F6170705F6672616D65776F726B40
S21403F1305F736C6565702E63005374617920617725
S21403F140616B65207768656E206E6F74206A6F69E1
S21403F1506E65643A20257300466F72636564207398
S21403F160746179206177616B653A20202020202026
S21403F17020202020257300466F7263696E67206423
S21403F180657669636520746F20737461792061778F
S21403F190616B6500416C6C6F77696E67206465769A
S21403F1A069636520746F20676F20746F20736C65C6
S21403F1B06570002F7A622F747579612D7A6967629C
S21403F1C065652D7377697463682F73696C61627301
S21403F1D05F746F6F6C732F73696D706C696369749A
S21403F1E0795F73646B2F70726F746F636F6C2F7AB3
S21403F1F069676265652F6170702F6672616D6577EA
S21403F2006F726B2F636F6D6D6F6E2F7A69676265B2
S21403F210655F737461636B5F736C6565702E630003
S21403F22052583A205265736574546F466163746F1F
S21403F230727944656661756C747343616C6C626164
S21403F240636B00657A737020636F756E7465727393
S21403F250206661696C656420257500657A73702085
S21403F2605265736574205468726573686F6C6420A6
S21403F2706572726F7220257500657A737020536508
S21403F28074205468726573686F6C64206572726F5D
S21403F29072202575002575292025733A20257500CB
S21403F2A053657474696E67205468726573686F6C0F
S21403F2B06420636F6D6D616E64003F3F3F004D6178
S21403F2C063205278204263617374004D6163205457
S21403F2D078204263617374004D6163205278205531
S21403F2E063617374004D61632054782055636173C2
S21403F2F074004D6163205478205563617374205203
S21403F30065747279004D6163205478205563617388
S21403F31074204661696C0041505320527820426342
S21403F32061737400415053205478204263617374B0
S21403F3300041505320527820556361737400415046
S21403F3405320547820556361737420537563636543
S21403F35073730041505320547820556361737420AF
S21403F3605265747279004150532054782055636176
S21403F3707374204661696C00526F75746520446926
S21403F380736320496E69746961746564004E6569C8
S21403F3906768626F72204164646564004E656967DE
S21403F3A068626F722052656D6F766564004E65699C
S21403F3B06768626F72205374616C65004A6F696E8A
S21403F3C020496E6469636174696F6E004368696C93
S21403F3D064204D6F76656400415348204F7665720E
S21403F3E0666C6F7700415348204672616D65204511
S21403F3F072726F7200415348204F76657272756E53
S21403F400204572726F72004E574B2046432046616A
S21403F410696C757265004150532046432046616906
S21403F4206C7572650041534820584F66660041501C
S21403F4305320556E617574686F72697A6564204BE4
S21403F4406579004E574B2044656372797074204685
S21403F45061696C757265730041505320446563722D
S21403F460797074204661696C7572657300506163C8
S21403F4706B65742042756666657220416C6C6F63BB
S21403F480617465204661696C757265730052656CBC
S21403F49061796564205563617374005068792074DC
S21403F4A06F204D4143207175657565206C696D69E4
S21403F4B0742072656163686564005061636B65748C
S21403F4C02056616C69646174652064726F70206392
S21403F4D06F756E74004E574B207265747279206F89
S21403F4E0766572666C6F7700434341204661696CAC
S21403F4F0757265730042726F61646361737420741E
S21403F50061626C652066756C6C00505441204C6FCC
S21403F510205072692052657100505441204869207A
S21403F5205072692052657100505441204C6F205030
S21403F53072692044656E69656400505441204869C9
S21403F540205072692044656E6965640050544120FA
S21403F5504C6F2050726920547820416272740050B8
S21403F56054412048692050726920547820416272C1
S21403F57074004164647265737320436F6E666C69CE
S21403F58063742053656E740043534C205278207383
S21403F59063686564756C65206661696C6564000DF7
S21403F5A0004465627567207072696E742067726FB7
S21403F5B075702025730A0057726F6E67207061722C
S21403F5C0616D657465720A0046696E6420616E64D7
S21403F5D02042696E6420496E69746961746F723A79
S21403F5E020436F6D706C6574653A20307825303231
S21403F5F058005374617274207461726765740046B0
S21403F600696E6420616E642042696E642054617280
S21403F6106765740025733A2025733A2030782530C1
S21403F620325800467261676D656E746174696F6EF9
S21403F6302052582077696E646F772073697A652045
S21403F64073657420746F202564002F7A622F747597
S21403F65079612D7A69676265652D73776974636866
S21403F6602F73696C6162735F746F6F6C732F73694A
S21403F6706D706C69636974795F73646B2F70726FF6
S21403F680746F636F6C2F7A69676265652F6170703C
S21403F6902F6672616D65776F726B2F706C75676915
S21403F6A06E2F667261676D656E746174696F6E2F17
S21403F6B0667261676D656E746174696F6E2E630042
S21403F6C052583A2041646447726F7570526573707E
S21403F6D06F6E7365203078253032582C20307825AD
S21403F6E03034580052583A205669657747726F751A
S21403F6F070526573706F6E7365203078253032589C
S21403F7002C203078253034582C20220052583A20AA
S21403F71047657447726F75704D656D626572736881
S21403F7206970526573706F6E73652030782530325A
S21403F730582C203078253032582C00205B30782522
S21403F7403034585D0052583A2052656D6F766547DF
S21403F750726F7570526573706F6E7365203078259F
S21403F7603032582C203078253034580065705B25AD
S21403F7703032585D2069645B253034585D00436C35
S21403F780656172696E6720616C6C2067726F757055
S21403F790732E004552523A204661696C65642074A4
S21403F7A06F206372656174652062696E64696E6753
S21403F7B0202830782530325829004552523A2042C4
S21403F7C0696E64696E67207461626C652069732074
S21403F7D066756C6C004552523A2077726974696E8E
S21403F7E067206E616D6520737570706F7274202567
S21403F7F03032580052583A2041646447726F75702D
S21403F800203078253034582C202200757600525844
S21403F8103A205669657747726F75702030782530C1
S21403F82034580075767300766965775F67726F750F
S21403F830700047726F7570733A206661696C656411
S21403F84020746F2073656E64202573207265737051
S21403F8506F6E73653A2030782530325800676574CA
S21403F8605F67726F75705F6D656D626572736869E9
S21403F8707020726573706F6E73650064656661757C
S21403F8806C745F726573706F6E73650052583A20BE
S21403F89047657447726F75704D656D626572736800
S21403F8A06970203078253032582C00757562004711
S21403F8B0726F7570733A206661696C656420746F45
S21403F8C02073656E642025733A20307825303258CD
S21403F8D00052583A2052656D6F766547726F7570A1
S21403F8E020307825303458004552523A2046616914
S21403F8F06C656420746F2064656C6574652062694A
S21403F9006E64696E67202830782530325829007275
S21403F910656D6F76655F67726F75700052583A2033
S21403F92052656D6F7665416C6C47726F75707300C8
S21403F93052583A2041646447726F75704966496449
S21403F940656E74696679696E672030782530345839
S21403F9502C2022004368616E6E656C206E6F7420E7
S21403F96076616C69643A20256400616464005072B1
S21403F970696D617279002573206D61736B206E6FFC
S21403F9807720307825303858005365636F6E64618E
S21403F9907279004D61736B206E6F742076616C69AB
S21403F9A0643A202564007072696D6172790073652C
S21403F9B0636F6E646172790025733A205365742011
S21403F9C02573206D61736B20746F20307825303873
S21403F9D058005374617475730025733A2025733A7F
S21403F9E0004368616E6E656C206D61736B3A002030
S21403F9F020202028312920307825303858205B00F5
S21403FA002020202028322920307825303858205BC3
S21403FA100053746174653A203078253032582028B4
S21403FA202573290043757272656E74206368616E70
S21403FA306E656C3A20256400546F74616C206265B1
S21403FA4061636F6E733A202564004A6F696E2061A6
S21403FA507474656D7074733A202564004E6574770C
S21403FA606F726B2073746174653A20307825303278
S21403FA70580053746F700025732053746F702E20D4
S21403FA8020436C65616E696E672075702E00427246
S21403FA906F616463617374696E67207065726D6904
S21403FAA074206A6F696E0054727573742063656E92
S21403FAB0746572206C696E6B206B65792075706453
S21403FAC0617465207374617475730025733A2057E7
S21403FAD041524E494E473A20736C5F7A69676265B6
S21403FAE0655F7365745F696E697469616C5F73657E
S21403FAF06375726974795F7374617465206661698E
S21403FB006C65642E20436F6E74696E75696E67202C
S21403FB10776974686F757420696E7374616C6C2092
S21403FB20636F64652E004572726F723A20696E7356
S21403FB3074616C6C20636F646520736574757020E4
S21403FB406661696C65642E20497320616E20696E58
S21403FB507374616C6C20636F646520666C61736894
S21403FB606564206F6E746F207468652064657669BB
S21403FB7063653F00D0D1D2D3D4D5D6D7D8D9DADB74
S21403FB80DCDDDEDF00FFFFFFFFFFFFFFFF005A693C
S21403FB9067426565416C6C69616E63653039002543
S21403FBA0733A2069737375696E67207363616E2099
S21403FBB06F6E202573206368616E6E656C732028F4
S21403FBC06D61736B203078253038582900257320F3
S21403FBD0697320616C726561647920696E20707246
S21403FBE06F6772657373005374617274004578614E
S21403FBF06D696E696E6720626561636F6E206F6EF6
S21403FC00206368616E6E656C20256420776974686E
S21403FC102070616E4964203078253034580054686B
S21403FC20697320626561636F6E206973206E6F74FB
S21403FC302070617274206F66207468652063757225
S21403FC4072656E74206368616E6E656C206D617399
S21403FC506B2028307825303858292E204765747451
S21403FC60696E67206E65787420626561636F6E20C7
S21403FC7077686F7365206368616E6E656C20626972
S21403FC80746D61736B206973207365742E004572FF
S21403FC90726F723A20257320636F756C64206E6FE3
S21403FCA07420617474656D7074206A6F696E3A208F
S21403FCB0307825303258004E6F20626561636F6E70
S21403FCC073206C656674206F6E2063757272656E42
S21403FCD074206D61736B2E204D6F76696E6720748A
S21403FCE06F206E65787420737461746500257320C5
S21403FCF06A6F696E696E6720307825303458206FD6
S21403FD006E206368616E6E656C2025640025732023
S21403FD1053746174653A202573004572726F723AA4
S21403FD2020257320636F756C64206E6F7420736573
S21403FD307475702073656375726974793A203078C8
S21403FD4025303258004572726F723A205363616EE3
S21403FD5020636F6D706C6574652068616E646C6596
S21403FD60722072657475726E656420307825303241
S21403FD7058002573207363616E20636F6D706C6526
S21403FD8074652E20426561636F6E732068656172C9
S21403FD90643A20256400257320737461636B2073B3
S21403FDA074617475732030782530325800257320BB
S21403FDB06E6574776F726B206A6F696E65642E006A
S21403FDC0257320747279696E67206E657874206E69
S21403FDD06574776F726B2E004E6F6E6500536361AA
S21403FDE06E205072696D617279204368616E6E652C
S21403FDF06C7320616E642075736520436F6E66694D
S21403FE006775726564204B6579005363616E205095
S21403FE1072696D617279204368616E6E656C7320DA
S21403FE20616E642075736520496E7374616C6C2013
S21403FE30436F6465005363616E205072696D61722F
S21403FE4079204368616E6E656C7320616E6420551D
S21403FE5073652043656E7472616C697A6564204BC2
S21403FE606579005363616E205072696D6172792003
S21403FE704368616E6E656C7320616E6420557365AE
S21403FE80204469737472696275746564204B65797E
S21403FE90005363616E205365636F6E6461727920ED
S21403FEA04368616E6E656C7320616E64207573655E
S21403FEB020436F6E66696775726564204B657900CB
S21403FEC05363616E205365636F6E6461727920437A
S21403FED068616E6E656C7320616E64207573652051
S21403FEE0496E7374616C6C20436F64650053636181
S21403FEF06E205365636F6E64617279204368616E2A
S21403FF006E656C7320616E64205573652043656E61
S21403FF107472616C697A6564204B6579005363611A
S21403FF206E205365636F6E64617279204368616EF9
S21403FF306E656C7320616E64205573652044697327
S21403FF407472696275746564204B657900536361E6
S21403FF506E205072696D617279204368616E6E65BA
S21403FF606C7320616E642055736520416C6C204B66
S21403FF706579732028696E7374616C6C20636F6493
S21403FF80652C2063656E7472616C697A65642C20D7
S21403FF906469737472696275746564290053636176
S21403FFA06E205365636F6E64617279204368616E79
S21403FFB06E656C7320616E642055736520416C6CAE
S21403FFC0204B6579732028696E7374616C6C2063AB
S21403FFD06F64652C2063656E7472616C697A656400
S21403FFE02C20646973747269627574656429004FA2
S21403FFF06E2F4F6666207365742076616C75653A5E
S21404000020253032582025303258004552523A20A6
S21404001072656164696E67206F6E2F6F6666202551
S214040020303258004F6E2F6F666620616C726561C1
S21404003064792073657420746F206E65772076610A
S2140400406C756500546F67676C65206F6E2F6F66FE
S214040050662066726F6D202530325820746F202516
S214040060303258004552523A2077726974696E6786
S214040070206F6E2F6F6666202530325800496E73E7
S21404008074616C6C656420547970652028426173D1
S21404009065293A2020307825303258004361706153
S2140400A062696C69746965733A20202020202020D8
S2140400B02020202030782530345800426F6F746C2E
S2140400C06F616465722056657273696F6E3A20209C
S2140400D020202030782530345800536563757265C7
S2140400E020426F6F746C6F61646572204B65793A59
S2140400F020202020202000426F6F746C6F6164699A
S2140401006E67206661696C65642100446F776E6C67
S2140401106F6164206661696C65642E0044656C6575
S21404012074696E67206661696C656420646F776EB7
S2140401306C6F61642C207374617475733A20307824
S2140401402530325800496D61676520646F657320F9
S2140401506E6F7420636F6E7461696E20616E2055D5
S21404016070677261646520496D61676520546167D4
S2140401702028307825303458292E20536B69707027
S214040180696E6720757067726164652E00457865D0
S214040190637574696E6720626F6F746C6F61642038
S2140401A063616C6C6261636B2E0053746172746974
S2140401B06E672045424C2076657269666963617491
S2140401C0696F6E0045424C206661696C65642076F2
S2140401D06572696669636174696F6E2E0045424C88
S2140401E020706173736564207665726966696361FD
S2140401F074696F6E2E002573696E67204F54412014
S214040200636C69656E74207374617465206D6163D4
S21404021068696E650073746F7070004572726F72F1
S2140402203A204E6F20696D61676520617420696E9F
S214040230646578202564004E6F7420737570706F43
S214040240727465642E00436C69656E7420696D6112
S214040250676520717565727920696E666F004D61F9
S2140402606E75662049443A20202020202020202035
S21404027030782530345800496D61676520547970AC
S214040280652049443A202020203078253034580010
S21404029043757272656E742056657273696F6E3A32
S2140402A020203078253038580048617264776172AF
S2140402B0652056657273696F6E3A20004E41005190
S2140402C0756572792044656C6179206D733A2020D7
S2140402D020202020202020202020256C6400536528
S2140402E07276657220446973636F7665727920440A
S2140402F0656C6179206D733A20256C6400446F77D1
S2140403006E6C6F61642044656C6179206D733A206D
S2140403102020202020202020256C640052756E208A
S214040320557067726164652044656C6179206D73ED
S2140403303A202020202020256C64005665726966C9
S214040340792044656C6179206D733A202020202042
S214040350202020202020256C6400446F776E6C6F6C
S2140403606164204572726F72205468726573686F98
S2140403706C643A20202564005570677261646520B9
S21404038057616974205468726573686F6C643A20A8
S2140403902020202564004F544120446F776E6772F6
S2140403A0616465733A2044697361626C6564004FE6
S2140403B0544120446F776E6772616465733A2045D2
S2140403C06E61626C656400426F6F746C6F6164206A
S2140403D073746174653A20257300496E76616C699E
S2140403E064204550202564207768656E20747279F1
S2140403F0696E6720746F2073656E64204F544120C5
S2140404006D6573736167652E0053656E64696E6708
S214040410205570677261646520456E64207265714C
S214040420756573742E004572726F723A20204661A9
S214040430696C656420746F2073656E64204F544144
S21404044020636F6D6D616E64203078253032582CD1
S214040450207374617475733A2030782530325800EE
S21404046053657276657220756E6B6E6F776E2C2090
S21404047066616C6C696E67206261636B20746F20C2
S214040480646973636F766572792E004D6178696D61
S214040490756D207175657279206572726F7273203E
S2140404A068697420282564292C2073746172746921
S2140404B06E672073656172636820666F72206E656E
S2140404C077204F5441207365727665722E0A004178
S2140404D070706C79696E6720757067726164650008
S2140404E025733A20696E76616C6964206F6666735C
S2140404F065742063757272656E7454696D65283010
S214040500782530385829203E2075706772616465F6
S21404051054696D652830782530385829004F544181
S21404052020436C75737465723A207761697420662B
S2140405306F72202564207300525865642074696DB8
S214040540654F75742030782530385820732C204D2C
S21404055041582074696D654F75742030782530389D
S214040560582073004D6178696D756D2075706772DB
S214040570616465207265717565737473206D61645A
S21404058065202825642920776974686F757420723D
S2140405906573706F6E73652066726F6D2073657217
S2140405A07665722E00557067726164696E672061A5
S2140405B06E79776179004F5441205365727669638A
S2140405C06520646973636F766572792070726576E8
S2140405D0656E746564202D20616E6F746865722084
S2140405E0697320616C726561647920696E2070722B
S2140405F06F6772657373004661696C656420746F17
S21404060020696E69746961746520736572766963BE
S2140406106520646973636F766572792E004F544162
S214040620205365727669636520446973636F7665E3
S214040630727920696E2070726F67726573730043F7
S2140406406C69656E7420766572696669636174693F
S2140406506F6E206661696C65642E005369676E610F
S2140406607475726500437573746F6D00706173738F
S2140406706564004641494C4544004E6F20736967E3
S2140406806E617475726520766572696669636174F5
S214040690696F6E20737570706F72742C206173733B
S2140406A0756D696E6720696D616765206973206F73
S2140406B06B61792E002573207665726966696361BD
S2140406C074696F6E2025733A2030782530325800CE
S2140406D04D6178696D756D206E756D626572206FFB
S2140406E06620646F776E6C6F6164206572726F72D9
S2140406F07320726561636820282564292C20616252
S2140407006F7274696E672E004F544120436C757384
S2140407107465723A2073657474696E67204945453A
S214040720452061646472657373206F66204F54417C
S21404073020636C7573746572005061727469616CC1
S2140407402066696C6520646F776E6C6F61642066E2
S2140407506F756E642C20636F6E74696E75696E6750
S2140407602066726F6D206F66667365742030782518
S21404077030385800466F756E642066756C6C792048
S214040780646F776E6C6F616465642066696C65205F
S214040790696E2073746F726167652028766572735C
S2140407A0696F6E20307825303858292E00466F75CC
S2140407B06E642066696C6520696E2073746F72615E
S2140407C06765207769746820646966666572656E15
S2140407D0742076657273696F6E20283078253038F9
S2140407E05829207468616E2063757272656E742071
S2140407F076657273696F6E202830782530385829EC
S2140408000046696C6520696E2073746F7261676553
S2140408102069732073616D6520617320637572723D
S214040820656E742072756E6E696E67207665727377
S214040830696F6E202830782530385829004E6F208E
S214040840696D61676520666F756E6420696E2073D6
S214040850746F726167652E004F544120536572763B
S21404086069636520446973636F7665727920756E73
S214040870626C6F636B65640049676E6F72696E675E
S214040880207365727665722066726F6D206C6F6F6A
S214040890706261636B206164647265737300496798
S2140408A06E6F72696E6720307825303458204F5446
S2140408B0412073657276657220696E207365617275
S2140408C06368206F662054430053657474696E67CA
S2140408D0204F54412053657276657220746F203021
S2140408E078253034580044656C6179696E67202534
S2140408F064207365636F6E6473206265666F7265E9
S214040900207374617274696E67204F544120636C5F
S21404091069656E740054696D656F757420776169D6
S21404092074696E6720666F72206D657373616765A0
S2140409302E00426164204F544120636F6D6D616EDA
S214040940643A20307825303258004F544120636F83
S2140409506D6D616E642030782530325820746F6F68
S2140409602073686F727420286C656E202564203CA2
S214040970206D696E20256429004F544120636F6DF5
S2140409806D616E642066726F6D20756E7265636F3E
S214040990676E697A6564207365727665722030784E
S2140409A0253034582E20204D79204F54412073652D
S2140409B0727665723A2030782530345800496D6175
S2140409C06765204E6F7469667900476F7420756E8C
S2140409D065787065637465642025732E20205374CF
S2140409E061727420646973636F766572792E00642D
S2140409F0656661756C74004F54413A206661696C93
S214040A00656420746F2073656E6420257320726598
S214040A1073706F6E73653A2030782530325800490B
S214040A206D616765206E6F7469667900476F742020
S214040A30756E65787065637465642025732E202052
S214040A4049676E6F7265642E004F54413A204465C0
S214040A506661756C7420726573706F6E736520665C
S214040A606F7220496D616765206E6F746966792CB4
S214040A7020737461747573203078253032580049B9
S214040A806D616765206E6F7469667920636F6D6D3E
S214040A90616E6400257320756E69636173742C201F
S214040AA07175657279696E6700496E76616C696402
S214040AB0002573202573207061796C6F616420743F
S214040AC079706520307825303258002573202573D8
S214040AD03A206F7574206F662072616E6765206AAF
S214040AE069747465722025640025732025733A2082
S214040AF07061796C6F6164206C656E6774682064DD
S214040B006F65736E2774206D6174636820747970E2
S214040B10652030782530325820282564203C20254E
S214040B2064290025732025732064756520746F205E
S214040B306E6F6E2D6D61746368696E67206D616E8D
S214040B407566616374757265722049440025732066
S214040B5025732064756520746F206E6F6E2D6D612D
S214040B60746368696E6720696D616765207479705F
S214040B706520494400257320257320647565207418
S214040B806F206D61746368696E67206669726D773D
S214040B906172652076657273696F6E002573202511
S214040BA0732C2052782764204A697474657220284E
S214040BB0307825303258292C205069636B656420C0
S214040BC04A697474657220283078253032582900B2
S214040BD05175657279206E65787420696D616765F4
S214040BE020726573706F6E7365002573207265746A
S214040BF075726E6564203078253032582E20204E6B
S214040C006F206E657720696D61676520746F206458
S214040C106F776E6C6F61642E00257320746F6F207F
S214040C2073686F727420282564203C20256429008C
S214040C3025733A204E657720696D61676520697370
S214040C4020617661696C61626C6520666F722064EF
S214040C506F776E6C6F61642E002573206973206E47
S214040C606F74207573696E67206D7920696D61678E
S214040C706520696E666F2E004552524F523A204EDA
S214040C8065787420496D61676520697320746F6F99
S214040C902062696720746F2073746F726520283031
S214040CA07825303858203E203078253038582900AA
S214040CB025732072657475726E65642073616D6544
S214040CC02046696C6556657273696F6E2061732081
S214040CD063757272656E746C7920696E7374616C78
S214040CE06C65642E004F544120446F776E677261C2
S214040CF06465732044697361626C65643A2046696E
S214040D006C6556657273696F6E20626568696E6499
S214040D102063757272656E7420696E7374616C6C90
S214040D206174696F6E005374617274696E672064CF
S214040D306F776E6C6F61642C2056657273696F6E84
S214040D4020307825303858004572726F723A204643
S214040D5061696C656420746F2064656C65746520D5
S214040D60696D6167652E004572726F723A2046613E
S214040D70696C656420746F206572617365206F6C9E
S214040D80642074656D7020646174612E00496D6121
S214040D90676520626C6F636B20726573706F6E7329
S214040DA065004F54413A20496D616765426C6F6334
S214040DB06B5265706F6E736520636F6E7461696ED7
S214040DC07320696E76616C6964206F7220696E6345
S214040DD06F6D706C65746520646174610055706431
S214040DE06174696E67204D696E20426C6F636B2078
S214040DF05265717565737420506572696F642074EA
S214040E006F202564206D7300446F776E6C6F616489
S214040E102064656C617920627920736572766572E8
S214040E20202564206D7300446F776E6C6F616420B8
S214040E3061626F7274656420627920736572766588
S214040E40722E0053657276657220646F65736E2722
S214040E507420737570706F72742070616765207289
S214040E606571756573742C206F6E6C792075736963
S214040E706E6720626C6F636B207265717565737440
S214040E802E005365727665722072657475726E658F
S214040E90642027756E737570706F72746564206352
S214040EA06C757374657220636F6D6D616E64272E46
S214040EB000556E6B6E6F776E2025732073746174A5
S214040EC0757320636F6465203078253032580025AA
S214040ED0732068617320646174612073697A652085
S214040EE02825642920736D616C6C657220746861B2
S214040EF06E2061637475616C207061636B65742029
S214040F0073697A6520282564292E00257320657266
S214040F10726F723A204578706563746564206F66F4
S214040F2066736574203078253038582C20627574C2
S214040F3020676F74203078253038582E2020496773
S214040F406E6F72696E6700257320696E666F206423
S214040F506964206E6F74206D61746368206D7920F7
S214040F60657870656374656420696E666F2E2020EC
S214040F7044726F7070696E672E004661696C6564B2
S214040F8020746F20777269746520746F2073746F91
S214040F9072616765206465766963652100446F77CE
S214040FA06E6C6F6164005570677261646520656E6F
S214040FB06420726573706F6E736500536572766530
S214040FC0722061626F727465642075706772616402
S214040FD0652C207374617475733A2030782530322A
S214040FE058004572726F723A202573206861642037
S214040FF0696E76616C69642025733A200066696CB4
S214041000652076657273696F6E00416464696E6705
S214041010202564206D732E2064656C617920666FCC
S2140410207220696D6D656469617465207570677298
S2140410306164652E00436F756E74646F776E2074FA
S2140410406F20757067726164653A202564206D733D
S214041050002053746174653A2020202573002057BD
S214041060616974696E6720666F7220726573706F4B
S2140410706E73653A20257300204E65787420457695
S214041080656E742054696D65723A202564206D730C
S214041090002043757272656E7420446F776E6C6FB1
S2140410A06164204F66667365743A2030782530385C
S2140410B058202825642525290025733A2066616969
S2140410C06C65642070617273696E67204F544120AA
S2140410D0636D6420307825303258004F54412044E4
S2140410E0656661756C7420726573706F6E736520C7
S2140410F0746F20636F6D6D616E6420494420307890
S214041100253032582C20737461747573203078251A
S21404111030325800496D61676520626C6F636B20DE
S214041120726571756573742074657374206F6E6C64
S2140411307920776F726B73207768656E207374619D
S214041140746520697320424F4F544C4F41445F539B
S214041150544154455F4E4F4E450052616E646F6D68
S2140411602044656C6179206265666F7265207374CD
S21404117061727400446973636F766572696E672082
S2140411804F54412053657276657200476574204F4C
S21404119054412053657276657220455549004F6266
S2140411A07461696E206C696E6B206B65790051758D
S2140411B0657279696E67204E65787420496D61673B
S2140411C06500446F776E6C6F6164696E6720496D65
S2140411D061676500566572696679696E6720496D50
S2140411E06167650057616974696E6720666F72206F
S2140411F055706772616465206D6573736167650019
S214041200436F756E74646F776E20746F20557067C5
S214041210726164650057616974696E6720746F2033
S2140412207570677261646520766961206F75742DC8
S2140412306F662D62616E64206D656368616E6973A6
S2140412406D0025733A202564252520636F6D706C28
S21404125065746500496D6167652025640020204536
S21404126052524F523A20436F756C64206E6F74204E
S2140412706765742066756C6C2068656164657221A8
S2140412800020204865616465722056657273696F34
S2140412906E3A203078253034580020204865616442
S2140412A06572204C656E6774683A20202564206257
S2140412B0797465730020204669656C6420436F6EFC
S2140412C074726F6C3A202030782530345800202011
S2140412D04D616E75662049443A2020202020202047
S2140412E0307825303458002020496D6167652054D5
S2140412F07970653A20202020203078253034580034
S214041300202056657273696F6E3A202020202020B4
S21404131020203078253038580020205A69676265C6
S214041320652056657273696F6E3A203078253034BE
S2140413305800202048656164657220537472696E93
S214041340673A20202573002020496D616765205385
S214041350697A653A2020202020256C6420627974FE
S214041360657300202053656375726974792043722F
S21404137065643A2020307825303258002020557095
S214041380677261646520446573743A2020200020E7
S214041390204D696E2E204857205665723A2020202C
S2140413A0203078253034580020204D61782E20488F
S2140413B057205665723A202020203078253034583D
S2140413C0002020546F74616C20546167733A2025A2
S2140413D06400202020205461673A20307825303479
S2140413E058002020202020204C656E6774683A2020
S2140413F0256C64004572726F723A20436F756C6494
S214041400206E6F74206F627461696E207461672049
S214041410696E666F2066726F6D20696D6167652EF2
S214041420000A256420696D6167657320696E204F24
S21404143054412073746F726167652E00496D61674D
S214041440652064656C65746525732E004572726F3D
S214041450723A2020436F756C64206E6F7420726538
S214041460616420626C6F636B3A20307825303258A2
S2140414702E0A005374617274696E67206572617314
S214041480652066726F6D206F6666736574203078AB
S2140414902530385820746F2030782530385800436B
S2140414A06F756C64206E6F7420737461727420455B
S2140414B0524153452120283078253032582900459A
S2140414C04550524F4D20457261736520636F6D70B1
S2140414D06C657465002F7A622F747579612D7A694C
S2140414E0676265652D7377697463682F73696C61C9
S2140414F062735F746F6F6C732F73696D706C69635E
S2140415006974795F73646B2F70726F746F636F6C3A
S2140415102F7A69676265652F6170702F6672616DD8
S21404152065776F726B2F706C7567696E2F6F746159
S2140415302D73746F726167652D73696D706C652D9C
S214041540656570726F6D2F6F74612D73746F726141
S21404155067652D656570726F6D2D706167652D65A5
S214041560726173652E63002F7A622F747579612D0C
S2140415707A69676265652D7377697463682F736922
S2140415806C6162735F746F6F6C732F73696D706CCC
S21404159069636974795F73646B2F70726F746F63B9
S2140415A06F6C2F7A69676265652F6170702F66723B
S2140415B0616D65776F726B2F706C7567696E2F6FD0
S2140415C074612D73746F726167652D73696D706CC9
S2140415D0652D656570726F6D2F6F74612D73746FF2
S2140415E0726167652D656570726F6D2E6300537446
S2140415F06F72616765204472697665723A202020AE
S214041600202020202020202020204F5441205369D1
S2140416106D706C652053746F726167652045455024
S214041620524F4D20506C7567696E00526561642098
S2140416304D6F6469667920577269746520537570B6
S214041640706F72743A20206E6F00534F4320426FBF
S2140416506F746C6F6164696E6720537570706F7217
S214041660743A2020202079657300426F6F746C6F83
S214041670616465722053746F726167652053757078
S214041680706F72743A20446F206E6F7420757365A1
S21404169020736C6F74730043757272656E742044A5
S2140416A06F776E6C6F6164204F66667365743A205C
S2140416B02020203078253038580045424C2053747A
S2140416C0617274204F66667365743A202020202069
S2140416D020202020202030782530385800454550DA
S2140416E0524F4D2053746172743A202020202020DB
S2140416F02020202020202020203078253038580034
S214041700454550524F4D20456E643A2020202020F7
S2140417102020202020202020202020203078253043
S214041720385800496D61676520496E666F205374AA
S2140417306172743A2020202020202020202020308F
S21404174078253038580053617665205261746520D8
S21404175028627974657329202020202020202020E8
S2140417602020307825303858004F6666736574201C
S2140417706F6620646F776E6C6F6164206F66667345
S2140417806574202020307825303858004F666673FC
S2140417906574206F662045424C206F6666736574D8
S2140417A03A20202020202020307825303858004F3A
S2140417B06666736574206F6620696D61676520735D
S2140417C0746172743A202020202020307825303826
S2140417D05800736C5F7A69676265655F61665F6F00
S2140417E074615F73746F726167655F64726976654E
S2140417F0725F726561645F63622829206661696C42
S21404180065642100426164206D61676963206E75BA
S2140418106D62657220696E2066696C653A20307860
S214041820253032582030782530325820307825300C
S214041830325820307825303258004261642076656C
S2140418407273696F6E20696E2066696C65203078E5
S21404185025303458004572726F723A20726561649E
S214041860416E6456616C696461746553746F726525
S21404187064496D61676528292074726965642074FB
S2140418806F2072656164206D6F7265206461746197
S214041890207468616E20697420636F756C642068B8
S2140418A06F6C642E00736C5F7A69676265655F614E
S2140418B0665F6F74615F73746F726167655F64728D
S2140418C0697665725F726561645F63622829204683
S2140418D041494C454421004C617374206F6666731D
S2140418E0657420646F776E6C6F616465643A20304B
S2140418F078253038580053746F72616765204D6FD1
S21404190064756C653A204F54412053696D706C655C
S2140419102053746F7261676520506C7567696E003A
S214041920496D616765732053746F7265643A20204D
S2140419302564206F6620310A00253032583A006547
S21404194070202530325820636C7573202530345847
S21404195020617474722025303458207376722025E2
S2140419606300206D6667202530325800207265704B
S2140419706F7274206D696E2025303458206D61783E
S2140419802025303458207270742D63686720253003
S21404199038580020726563656976652066726F6DD7
S2140419A0202530345820657020253032582074693C
S2140419B06D656F757420253034580072656D6F76CA
S2140419C06500636C656172696E67206C6173742070
S2140419D07265706F72742074696D65206F6620611D
S2140419E06C6C2061747472696275746573007465D6
S2140419F07374696E672074696D696E67206F6620FC
S214041A00766172696F7573207265706F7274696E31
S214041A1067206F7065726174696F6E73002D2D2D6B
S214041A202D2D2D2D2D2D2D2D2D2D2D2D2D2D2D2DDD
S214041A302D2D2D2D2D2D2D2D2D2D2D2D2D2D2D2DCD
S214041A402D2D2D2D2D2D2D2D2D2D2D2D002D2D74A3
S214041A5061626C65207265616473202D2066756C06
S214041A606C207461626C652D2D00726573756C74E0
S214041A70203D202564206D73002D2D696E69742029
S214041A802F207363686564756C65207469636B2DB9
S214041A902D2D002D2D6C6F616420636F6E66696753
S214041AA075726174696F6E2064656661756C7473B3
S214041AB02D2D002F7A622F747579612D7A696762ED
S214041AC065652D7377697463682F73696C616273D7
S214041AD05F746F6F6C732F73696D706C6963697470
S214041AE0795F73646B2F70726F746F636F6C2F7A89
S214041AF069676265652F6170702F6672616D6577C0
S214041B006F726B2F706C7567696E2F7265706F726B
S214041B1074696E672F7265706F7274696E672E6370
S214041B2000524541445F5250545F43464700726535
S214041B3061645F7265706F7274696E675F636F6EFF
S214041B4066696775726174696F6E005265706F724C
S214041B5074696E673A206661696C656420746F20E8
S214041B6073656E6420257320726573706F6E73657B
S214041B703A20307825303258004552523A20726561
S214041B806164696E6720636C75737465722030785F
S214041B902530345820617474726962757465203017
S214041BA078253034583A203078253032580045525B
S214041BB0523A207265706F7274696E67206F662081
S214041BC04C4F4E4720737472696E6720617474724A
S214041BD069627574652074797065206E6F742073FD
S214041BE07570706F727465643A20636C757374658F
S214041BF072203078253034582061747472696275A6
S214041C00746520307825303458005265706F7274CD
S214041C10696E6720456E7472792046756C6C202D4B
S214041C20206372656174696E67206E6577207265DD
S214041C30706F7274004346475F52505400202D2044
S214041C40646972656374696F6E3A253032582C2065
S214041C50617474723A2530345800202020747970E8
S214041C60653A253032582C206D696E3A2530345842
S214041C702C206D61783A2530345800202020636883
S214041C80616E67653A0020202074696D656F75740F
S214041C903A2530345800636F6E6669677572655FFF
S214041CA07265706F7274696E67002054434C4B20E3
S214041CB075706461746520616C726561647920690D
S214041CC06E2070726F6772657373004D616E756116
S214041CD06C2054434C4B20757064617465206661B7
S214041CE0696C65642E2573005374617274696E673B
S214041CF020757064617465207472757374206365EE
S214041D006E746572206C696E6B206B6579207072D8
S214041D106F63657373005570646174652054432063
S214041D204C696E6B204B657900204E6577206B6599
S214041D30792065737461626C69736865643A00201F
S214041D404572726F723A00506172746E65723A2010
S214041D50005A434C20676C6F62616C20636C757329
S214041D6074657220636F6D6D616E6473006469726E
S214041D70656374696F6E00646973632D636F6D2D9C
S214041D8067656E00646973632D636F6D2D7265639A
S214041D90006578706563742D7265706F72742D6655
S214041DA0726F6D2D6D6500757772697465006E7758
S214041DB072697465007265706F72742D7265616401
S214041DC00073656E642D6D652D612D7265706F727E
S214041DD0740043726561746573206120676C6F627A
S214041DE0616C20646973636F76657220636F6D6DD2
S214041DF0616E6420666F7220746865206173736F09
S214041E006369617465642076616C7565732E00631E
S214041E106C757374657249641F6174747269627553
S214041E20746549641F6D61784E756D626572546F92
S214041E305265706F72741F00437265617465732017
S214041E406120676C6F62616C2073656E64206D65DB
S214041E502061207265706F727420636F6D6D616EA1
S214041E606420666F7220746865206173736F63699B
S214041E70617465642076616C7565732E00636C7599
S214041E807374657249641F617474726962757465EB
S214041E9049641F64617461547970651F6D696E527C
S214041EA065706F727454696D651F6D6178526570E4
S214041EB06F727454696D651F7265706F72746162B7
S214041EC06C654368616E67651F004372656174657F
S214041ED073206120676C6F62616C20726561642098
S214041EE07265706F7274696E6720636F6D6D616E74
S214041EF06420666F7220746865206173736F63690B
S214041F006174656420636C75737465722C206174E7
S214041F107472696275746520616E64207365727686
S214041F2065722F636C69656E742064697265637488
S214041F30696F6E2E00636C757374657249641F61F5
S214041F40747472696275746549641F646972656342
S214041F5074696F6E1F00476C6F62616C20726570E7
S214041F606F7274696E6720636F6D6D616E64006571
S214041F706E64706F696E741F636C757374657249F2
S214041F80641F61747472696275746549641F6D6157
S214041F90736B1F0043726561746573206120676C00
S214041FA06F62616C207265616420636F6D6D616E33
S214041FB064206D65737361676520746F2072656154
S214041FC0642066726F6D2074686520636C75737424
S214041FD0657220616E6420617474726962757465DA
S214041FE0207370656369666965642E00636C757337
S214041FF074657249641F61747472696275746549A4
S214042000641F0043726561746573206120676C6F9A
S21404201062616C20777269746520636F6D6D616EA2
S21404202064206D65737361676520746F20777269C9
S214042030746520746F2074686520636C75737465AA
S2140420407220616E642061747472696275746520AE
S21404205073706563696669656400636C757374653B
S2140420607249641F61747472696275746549641F89
S214042070747970651F646174611F004372656174CE
S214042080652061206578706563742D7265706F7263
S214042090742D66726F6D2D6D65206D657373616743
S2140420A0652077697468206173736F63696174650A
S2140420B0642076616C7565732E00636C7573746545
S2140420C07249641F61747472696275746549641F29
S2140420D074696D656F75741F00437265617465205D
S2140420E06120446973636F76657220436F6D6D611A
S2140420F06E64732047656E65726174656420636FF1
S2140421006D6D616E642077697468206173736F63A4
S21404211069617465642076616C7565732E00636C02
S214042120757374657249641F7374617274436F6D5A
S2140421306D616E6449641F6D6178436F6D6D616E89
S2140421406449641F00536574732074686520646969
S21404215072656374696F6E20666F7220676C6F6257
S214042160616C20636F6D6D616E64732C2065697499
S21404217068657220636C69656E7420746F2073657D
S21404218072766572206F722073657276657220743B
S2140421906F20636C69656E742E00536574732061DA
S2140421A020666C616720736F20746861742074689D
S2140421B065206170706C69636174696F6E20667205
S2140421C0616D65776F726B2057494C4C204E4F54A7
S2140421D020726573706F6E6420746F207468652057
S2140421E06E657874205A434C206D65737361676519
S2140421F0207468617420636F6D657320696E206F48
S21404220076657220746865206169722E0053657461
S21404221073206120666C616720736F207468617434
S21404222020746865206170706C69636174696F6E90
S214042230206672616D65776F726B2057494C4C202F
S214042240726573706F6E6420746F20746865206E98
S214042250657874205A434C206D65737361676520F6
S2140422607468617420636F6D657320696E206F7681
S214042270657220746865206169722E0053657473F4
S214042280207468652044697361626C6520446566E1
S21404229061756C7420526573706F6E736520467238
S2140422A0616D6520436F6E74726F6C206269742072
S2140422B0746F2075736520666F7220746865206E6F
S2140422C065787420636F6D6D616E64206966207432
S2140422D0686520636F6D6D616E64206973206E6F30
S2140422E07420616C7265616479206275696C742E01
S2140422F00064697361626C6544656661756C7452EA
S2140423006573706F6E73651F00536574732074680D
S2140423106520666C616720746F2075736520746829
S2140423206520696E6372656D656E74656420736599
S2140423307175656E6365206E756D62657220667272
S2140423406F6D20746865206672616D65776F726B59
S21404235020666F7220746865206E657874207261DA
S2140423607720636F6D6D616E642E007573654E65C0
S214042370787453657175656E63651F00436C6920D8
S214042380636F6D6D616E6420746F2063616C6C2086
S214042390736C5F7A69676265655F61665F736574AF
S2140423A05F74696D652066756E6374696F6E20640C
S2140423B06F63756D656E74656420696E2061662E44
S2140423C0680075746354696D651F005365747320E3
S2140423D07468652074776F2062797465206D616E09
S2140423E07566616374757265722073706563696679
S2140423F06963206964656E74696669657220746FC2
S2140424002075736520666F7220746865206E657823
S2140424107420636F6D6D616E6420696620746865F0
S21404242020636F6D6D616E64206973206E6F742017
S214042430616C7265616479206275696C742E006DD6
S2140424406667537065636966696349641F005472FE
S2140424507573742043656E746572204A6F696E20C6
S21404246048616E646C65723A207374617475732087
S2140424703D2025732C206465636973696F6E203D67
S214042480202573202825303258292C2073686F7233
S2140424907469642030782530345800554E7365636B
S2140424A075726564206A6F696E0064657669636533
S2140424B0206C65667400554E73656375726564209A
S2140424C072656A6F696E0075736520707265636FF6
S2140424D06E66696775726564206B65790073656EF0
S2140424E064206B657920696E2074686520636C656A
S2140424F061720064656E79206A6F696E006E6F2083
S214042500616374696F6E00616C6C6F772072656AC4
S2140425106F696E73206F6E6C79006E6F7420005353
S2140425204C5F5354415455535F4E4554574F524B8A
S2140425305F555020307825303458005472757374C3
S2140425402043656E74657220455549206861732082
S21404255025736368616E6765642E00534C5F53543D
S214042560415455535F4E4554574F524B5F444F5753
S2140425704E00534C5F5354415455535F4E4F545F73
S2140425804A4F494E454400534C5F535441545553A7
S2140425905F5A49474245455F4E4554574F524B5F35
S2140425A04F50454E45443A202564207365630053D6
S2140425B04C5F5354415455535F5A49474245455F0F
S2140425C04E4554574F524B5F434C4F53454400259A
S2140425D0733A20257300646973747269627574654E
S2140425E0640063656E7472616C697A656400466F34
S2140425F0726D002573696E67206F6E2063682025F0
S214042600642C2070616E496420307825303458007C
S2140426104572726F723A2044657669636520646F0A
S2140426206573206E6F7420737570706F72742025D6
S21404263073206E6574776F726B20666F726D61744B
S214042640696F6E004A6F696E00496E76616C6964E4
S2140426502053656375726974792050726F66696C6D
S214042660653A2030782530325800704A6F696E20FB
S214042670666F72202564207365633A2030782530AF
S2140426803258004C696D6974696E672064757261AE
S21404269074696F6E206F66207065726D6974206A47
S2140426A06F696E2066726F6D20666F7265766572EE
S2140426B020283235352920746F203235340052589C
S2140426C03A205A444F2C20636F6D6D616E6420303F
S2140426D078253034582C207374617475733A20301E
S2140426E078253032580053696D706C650052583A3C
S2140426F020257320446573632052657370004D6112
S214042700746368002C204D6174636865733A2025F1
S214042710640044657669636520416E6E6F756E630A
S214042720653A203078253034580052583A204945C6
S2140427304545204164647265737320526573706FF7
S2140427406E73650052583A20416374697665204575
S2140427505020526573706F6E73652C20436F756ED0
S214042760743A202564004E6F6465002C204D617415
S214042770636865733A203078253034580073746182
S214042780636B207665722E205B25642E25642E25C9
S2140427906400202573206275696C642025645D00DE
S2140427A05A444F00534500484100436C75737465A2
S2140427B07200476C6F62616C002573747820307801
S2140427C0253038582C200050726F66696C653A20A4
S2140427D025732028307825303458292C20436C75EE
S2140427E0737465723A203078253034582C2025646A
S2140427F02062797465732C00205A434C202573207C
S214042800436D642049443A202564005072652D5275
S214042810656C6561736500416C70686120310041C8
S2140428206C706861203200416C706861203300422D
S214042830657461203100426574612032004265741B
S21404284061203300474100526573657420696E66E3
S2140428506F3A2030782530325820282573290064B2
S214042860656C6574652062696E64696E673A2025D6
S214042870303258202530325800010203040506077A
S21404288008090A0B0C000101010101010101010103
S2140428900101005752495445204552523A2000251A
S2140428A0736570202530325820636C75732025308C
S2140428B0345820617474722025303458206E6F7436
S2140428C020737570706F72746564002573696E7614
S2140428D0616C696420646174612074797065002594
S2140428E07361747472206E6F742077726974616297
S2140428F06C650057524954453A206E6F20777269CA
S21404290074652C206A757374206120746573740072
S214042910524541443A206174747269627574652044
S21404292073697A6520746F6F206C617267652066C0
S2140429306F722063616C6C657200636C6E740073F6
S21404294072767200525700524F00202052414D209A
S214042950200020746F6B656E200065787465726E57
S2140429602000454E44504F494E54202530325800DE
S214042970636C7573202F2073696465202F2061743F
S2140429807472202F206D666720202F747970652856
S2140429906C656E292F207277202F2073746F7261F6
S2140429A06765202F2064617461202872617729008E
S2140429B025303458202F202573202F2025303458D6
S2140429C0202F2000202F2025303258202825303272
S2140429D05829202F202573202F202573202F2000F0
S2140429E0556E737570706F72746564004F54412031
S2140429F0524541443A2065703A253032582063697E
S214042A00643A253034582061747469643A25303445
S214042A1058206D736B3A25303258206D66636F64A8
S214042A20653A2530345800524541443A20636C7563
S214042A307320253034582C20617474722025303469
S214042A4058206661696C656420253032580052450A
S214042A5041443A20636C757320253034582C206129
S214042A6074747220253034582C20646174614C656B
S214042A706E3A20253032582C204F4B0028256329E7
S214042A8025303258253032582530325825303258C1
S214042A9025303258253032582530325825303258B1
S214042AA00064697361626C65002573642C2064722B
S214042AB06F7070696E6720657020307825303258E4
S214042AC020636C75732030782530345820636D6429
S214042AD0203078253032580047656E65726174651B
S214042AE06400526563656976656400446973636F60
S214042AF076657220436F6D6D616E647320726573C4
S214042B00706F6E73652028636F6D706C6574653ABC
S214042B10202563292C202573204944733A2000304D
S214042B20782530325820005F4558540052454144B9
S214042B305F415454520057524954453A20636C75C9
S214042B40732025303458206174747220253034582C
S214042B5020004641494C20253032580057524954EB
S214042B60453A20746F6F2073686F7274004449533B
S214042B70435F4154545200257325733A20636C75A1
S214042B807320253034580053766320446973633ABF
S214042B902000257357616974696E67202564207365
S214042BA0656320666F7220646973636F76657279F5
S214042BB020746F20636F6D706C6574650053746168
S214042BC0746520636F72726573706F6E64696E6786
S214042BD020746F207468652074686520726571754A
S214042BE0657374206E6F7420666F756E640A0025B4
S214042BF073636F6D706C6574652E0A002573536578
S214042C00727669636520446973636F7665727920AA
S214042C105374617465206C696D69747320726561A0
S214042C20636865640A002573496C6C6567616C208B
S214042C3062726F6164636173742061646472657345
S214042C40732C2072656D617070696E6720746F20D6
S214042C5076616C6964206F6E652E00257346616923
S214042C606C656420746F2073656E64206D61746394
S214042C706820646973636F766572793A20307825C4
S214042C803032580025735374617274696E67206419
S214042C906973636F7665727920666F7220636C75EC
S214042CA07374657220307825303458002573466175
S214042CB0696C656420746F2073656E642073696D37
S214042CC0706C652064657363726970746F722072C9
S214042CD06571756573743A2030782530325800254E
S214042CE0734661696C656420746F2073656E642036
S214042CF04945454520616464726573732072657145
S214042D00756573743A20307825303258002573463A
S214042D1061696C656420746F2073656E64204E5719
S214042D204B20616464726573732072657175657394
S214042D30743A20307825303258004572726F723AF1
S214042D40202573206261642073696D706C6520644D
S214042D50657363726970746F72206C656E677468ED
S214042D602E0025734D65737361676520746F6F203D
S214042D7073686F72740025734D657373616765209D
S214042D80746F6F2073686F727420666F72206E752E
S214042D906D2E20656E64706F696E74730025734DB6
S214042DA061746368257320666F756E642066726F3F
S214042DB06D203078253034582E004572726F723A82
S214042DC020257320696E76616C6964206C656E6775
S214042DD074682028256420213D2025642920666FF8
S214042DE0722041637469766520456E64706F696EFF
S214042DF07420726573706F6E7365002573676F74E5
S214042E002061637469766520455020726573706F1F
S214042E106E7365005554432074696D653A202564C5
S214042E202F25642F25642025643A25643A256420DA
S214042E302825303858290028556E6B6E6F776E201B
S214042E40636C75732E205B3078253034585D29000A
S214042E500D0A54253038583A005258206C656E20B6
S214042E6025642C20657020253032582C20636C7520
S214042E7073203078253034582000206D6667496406
S214042E8020253034580020464320253032582073FD
S214042E906571202530325820636D64202530325801
S214042EA0207061796C6F61645B00426173696300D2
S214042EB02573525820706B7420746F6F2073686F7C
S214042EC072743A202564203C2025640025735258E9
S214042ED020706B74206D616C666F726D65643A2049
S214042EE02564203C20256400202048617665205215
S214042EF06F7574657220537570706F72740020203D
S214042F00456E6420446576696365204F6E6C79006F
S214042F102020456E61626C656400202044697361FC
S214042F20626C6564004572726F72207265747269B1
S214042F306576696E6720696E666F20666F72206CB0
S214042F4069627261727920494420256400257320E1
S214042F506C69627261727925732070726573656E2E
S214042F6074005A69676265652050726F0042696E24
S214042F7064696E6700536563757269747920436F7C
S214042F807265005365637572697479204C696E6B5B
S214042F90204B6579730043424B45203136334B3121
S214042FA00043424B4520445341205369676E004515
S214042FB043430043424B45204453412056657269BF
S214042FC06679005061636B65742056616C69646150
S214042FD07465005A4C4C0043424B45203238334B00
S214042FE03100454343203238334B310043424B458E
S214042FF020636F7265004E4350004D756C746920F3
S2140430006E6574776F726B00456E68616E63656497
S21404301020426561636F6E205265710043424B45E2
S214043020203238334B31204453412056657269664A
S21404303079004D756C74692D50414E002F7A622FBD
S214043040747579612D7A69676265652D737769741D
S21404305063682F73696C6162735F746F6F6C732F30
S21404306073696D706C69636974795F73646B2F70D0
S214043070726F746F636F6C2F7A69676265652F73FE
S2140430807461636B2F636F6E6669672F736C5F7A08
S21404309069676265655F636F6E666967757261749A
S2140430A0696F6E2E63002F7A622F747579612D7A9C
S2140430B069676265652D7377697463682F73696CD5
S2140430C06162735F746F6F6C732F73696D706C6974
S2140430D0636974795F73646B2F70726F746F636F58
S2140430E06C2F7A69676265652F737461636B2F66EC
S2140430F072616D65776F726B2F6165732D656362A0
S2140431002E63002F7A622F747579612D7A6967624F
S21404311065652D7377697463682F73696C61627370
S2140431205F746F6F6C732F73696D706C6963697409
S214043130795F73646B2F70726F746F636F6C2F7A22
S21404314069676265652F737461636B2F7365637556
S214043150726974792F7A69676265652D736563751C
S214043160726974792D6D616E616765722D6E6F2D4F
S2140431707661756C742E63004572726F723A202005
S2140431804661696C656420746F20726561642066AC
S214043190726F6D20454550524F4D20617420307833
S2140431A02534582C207374617475733A2025640092
S2140431B0454550524F4D20496E697469616C697A71
S2140431C065643A20256300454550524F4D204275AC
S2140431D073793A202563005061727469616C2057D4
S2140431E06F72642053746F7261676520436F756EE7
S2140431F0743A20256400416464726573733A20301F
S214043200782534582C205061727469616C20576F8D
S21404321072643A203078255800636F6E6669726D62
S214043220656400617373756D6564000A45455052A4
S2140432304F4D20496E666F004E6F7420617661694B
S2140432406C61626C6520286F6C64657220626F6FB7
S214043250746C6F61646572290050617274204465F1
S214043260736372697074696F6E3A20202020202080
S214043270202020202573004361706162696C6974A4
S2140432806965733A2020202020202020202020203A
S21404329020203078253258005061676520457261D9
S2140432A073652074696D65202873293A20202020D0
S2140432B02020256400506172742045726173652075
S2140432C074696D65202873293A2020202020202543
S2140432D06400506172742045726173652074696D70
S2140432E06520286D73293A2020202020202564009C
S2140432F0506167652073697A6520286279746573FE
S214043300293A202020202020202020256C005061EF
S21404331072742073697A6520286279746573293A11
S214043320202020202020202020256C00576F726447
S2140433302073697A6520286279746573293A202097
S21404334020202020202020256420282570290045C0
S2140433504550524F4D20696E69743A20307825588E
S214043360002F7A622F747579612D7A6967626565B4
S2140433702D7377697463682F73696C6162735F7405
S2140433806F6F6C732F73696D706C69636974795FA2
S21404339073646B2F7574696C2F706C7567696E2F08
S2140433A0706C7567696E2D636F6D6D6F6E2F6565D6
S2140433B070726F6D2F656570726F6D2E6300556E3B
S2140433C061626C6520746F20626F6F7420696D6132
S2140433D0676520617420736C6F7420256C640A0022
S2140433E0536C6F74204D616E616765722066616907
S2140433F06C656420746F20657261736520736C6FEE
S214043400740A004D61782072656164206C696D6988
S214043410742073657420746F202564206279746543
S214043420730A004164647265737320202020202090
S21404343020202020446174610A00307825346C789A
S21404344020202020202020307825780A0046616934
S2140434506C656420746F20726561642066726F6D9B
S21404346020666C6173680A00536C6F7420256C6464
S2140434700A20204164647265737320202020203A59
S21404348020307825346C580A20204C656E677468A2
S2140434902020202020203A20307825346C582028FC
S2140434A0256C64206279746573290A002020547997
S2140434B0706520202020202020203A20004E6F20F7
S2140434C047424C2070726573656E740A005A6967C9
S2140434D04265650A005468726561640A00436F6E4B
S2140434E06E6563740A00426C7565746F6F74680A5F
S2140434F000426C7565746F6F7468206170706C69D7
S214043500636174696F6E0A004D43550A004F746810
S214043510657220283078256C58290A0020205665C4
S2140435207273696F6E20202020203A203078256C34
S214043530580A0020204361706162696C6974696589
S214043540733A20307825346C580A00202050726F65
S2140435506475637420494420203A20003078255846
S2140435602000536C6F74204D616E616765723A205B
S2140435706661696C656420746F20696E697469613C
S2140435806C697A6520626F6F746C6F616465722013
S214043590286572726F72203078253478290A0056AE
S2140435A0657273696F6E20202020203A2025640AF5
S2140435B0005061727420202020202020203A2025EC
S2140435C0730A004361706162696C69746965733A71
S2140435D020307825780A00506172742073697A6501
S2140435E02020203A20256420420A00506167652086
S2140435F073697A652020203A20256420420A005701
S2140436006F72642073697A652020203A202564202E
S214043610420A00536C6F7473202020202020203A26
S2140436202025640A004661696C656420746F207204
S2140436306561642066726F6D2073746F726167656E
S21404364020666C61736820286572726F7220256428
S214043650290A00496E76616C696420736C6F742065
S214043660256420286D617820736C6F742025642986
S2140436700A004661696C656420746F20676574206F
S214043680696E666F20666F7220736C6F7420256493
S2140436900A00536C6F74204D616E616765723A2040
S2140436A0736C6F74207772697465206661696C75D3
S2140436B072652E2041646472657373206F66667348
S2140436C065742028256429202B2077726974652068
S2140436D06C656E67746820282564292067726561A6
S2140436E0746572207468616E20746F74616C2073E4
S2140436F06C6F74206C656E67746820282564290ACC
S21404370000536C6F74204D616E616765722077613B
S214043710726E696E673A20736C6F74202564206C31
S214043720656E6774682028256429206E6F7420618E
S2140437306C69676E656420746F20706167652073BA
S214043740697A6520282564292E2054686520656ECC
S2140437507469726520736C6F742077696C6C206E64
S2140437606F74206265206572617365642E0A005367
S2140437706C6F74204D616E616765723A206661698C
S2140437806C656420746F20657261736520256420FF
S214043790627974657320696E20736C6F7420256477
S2140437A020617420616464726573732030782534F4
S2140437B07820286572726F722030782578290A007E
S2140437C0457261736564202564206279746573208C
S2140437D0696E20736C6F742025640A004661696CF8
S2140437E0656420746F2073657420736C6F74207422
S2140437F06F20626F6F7420286572726F7220307843
S214043800253478290A004661696C656420746F2043
S214043810736574206C697374206F6620736C6F74A0
S2140438207320746F20626F6F7420286572726F72D3
S214043830203078253478290A004661696C6564204E
S214043840746F20676574206E6577206C69737420C6
S2140438506F6620736C6F747320746F20626F6F745E
S21404386020286572726F72203078253478290A0011
S214043870426567696E6E696E6720696D616765206B
S214043880766572696669636174696F6E2E2E2E00A2
S2140438902E6661696C65642120284572726F7220F9
S2140438A03078253478290A002E7061737365642194
S2140438B020426F6F74696E6720736C6F7420256482
S2140438C00A00666E692B00666E69006E616E00669D
S2140438D06E692D006C696273006273656E640072B3
S2140438E065736574007261770073656E645F6D75E9
S2140438F06C7469636173740073656E642D757369A3
S2140439006E672D6D756C7469636173742D62696E70
S21404391064696E670074696D6573796E63006765C4
S214043920742D7074692D726164696F2D636F6E6691
S214043930696700636F6E6669672D6363612D6D6FDB
S2140439406465006576656E74730073656375726985
S2140439507479007A69676265655F7072696E74006F
S214043960706C7567696E006E6574006B65797300BC
S2140439706F7074696F6E00706C7567006368616E53
S21404398067656B6579006368616E67656B007A646A
S2140439906F007072696E742072656C617465642061
S2140439A0636F6D6D616E64732E0061747472005A79
S2140439B0646F2072656C6174656420636F6D6D61FD
S2140439C06E64732E00726F75746500706F7765721F
S2140439D0006D676D742D6C7169006D676D742D6272
S2140439E0696E64006E6F64650073696D706C650063
S2140439F069656565006E776B00756E62696E640056
S214043A006E776B2D757064006F75742D636C2D6CFA
S214043A1069737400696E2D636C2D6C697374005A37
S214043A20646F20696E2D636C2D6C697374207265E7
S214043A306C6174656420636F6D6D616E64732E00D3
S214043A405A646F206F75742D636C2D6C69737420C3
S214043A5072656C6174656420636F6D6D616E64730A
S214043A602E005A646F206E776B2D75706420726515
S214043A706C6174656420636F6D6D616E64732E0093
S214043A807363616E2D6368616E2D6D61736B007375
S214043A9063616E006368616E5067006368616E0000
S214043AA05A646F20756E62696E642072656C617408
S214043AB0656420636F6D6D616E64732E00756E6948
S214043AC063617374006368616E67656B6579207201
S214043AD0656C6174656420636F6D6D616E64732ECE
S214043AE0006C696E6B004F7074696F6E2072656C43
S214043AF06174656420636F6D6D616E64732E00720D
S214043B0065676973746572006469736300696E73CC
S214043B1074616C6C2D636F64650062696E64696EB3
S214043B20672D7461626C65007072696E742D7278AC
S214043B302D6D7367730061707372657472790041DA
S214043B40505320726574727920666C616720666FC4
S214043B5072636520636F6D6D616E647300456E619C
S214043B60626C65732F44697361626C65732070724E
S214043B70696E74696E67206F66205278206D65736F
S214043B8073616765732E00656E61626C65004269D9
S214043B906E64696E67207461626C652072656C6120
S214043BA074656420636F6D6D616E64732E00536577
S214043BB0637572697479206B6579732072656C61BC
S214043BC074656420636F6D6D616E64732E00646546
S214043BD06C657465004E6574776F726B2072656CE5
S214043BE06174656420636F6D6D616E64732E006628
S214043BF06F726D0072656A6F696E2D646966662DF4
S214043C006465766963652D7479706500657874708B
S214043C10616E69640069736F70656E0062726F61CD
S214043C20642D706A6F696E006368616E67652D63E4
S214043C3068616E6E656C00696E6974006368616EB7
S214043C4067652D6B6565702D616C6976652D6D6F86
S214043C5064650074696D656F75742D6F7074696F33
S214043C606E2D6D61736B006D756C74692D7068795B
S214043C702D7374617274006D756C74692D70687937
S214043C802D73746F700066696E64006E6574776F6A
S214043C90726B2066696E6420636F6D6D616E64730B
S214043CA02E006A6F696E61626C6500756E75736569
S214043CB06400736C6F742D6D616E6167657200636A
S214043CC06F756E746572730066696E642D616E64DA
S214043CD02D62696E6400667261676D656E746174E8
S214043CE0696F6E0067726F7570732D736572766593
S214043CF072006E6574776F726B2D73746565726986
S214043D006E67006F74612D626F6F746C6F61640010
S214043D106F74612D636C69656E74006F74612D73C6
S214043D20746F726167652D636F6D6D6F6E006F746F
S214043D30612D73746F726167652D656570726F6D42
S214043D400069646C652D736C6565700075706461DC
S214043D5074652D74632D6C696E6B2D6B65790075B7
S214043D6070646174652D74632D6C696E6B2D6B6560
S214043D70792072656C6174656420636F6D6D616E25
S214043D8064730074696D6572006E6F7700436F6DBF
S214043D906D616E647320746F20636F6E74726F6CE3
S214043DA02069646C696E672F736C656570696E67ED
S214043DB0206F6620746865206465766963650066AE
S214043DC06F7263652D6177616B65006177616B6502
S214043DD02D7768656E2D6E6F742D6A6F696E6564D7
S214043DE0007265706F7274696E672072656C6174B8
S214043DF0656420636F6D6D616E64732E00636C651D
S214043E0061722D6C6173742D7265706F72742D748B
S214043E10696D6500746573742D74696D696E6700E9
S214043E206F74612D73746F726167652D656570724A
S214043E306F6D2072656C6174656420636F6D6D616F
S214043E406E64732E0077697065006F74612D7374E9
S214043E506F726167652D636F6D6D6F6E2072656C32
S214043E606174656420636F6D6D616E647300707257
S214043E70696E74496D616765730072656C6F616421
S214043E800073746F726167652D696E666F00646196
S214043E9074612D7072696E74006F74612D636C6941
S214043EA0656E742072656C6174656420636F6D6DF5
S214043EB0616E64732E0076657269667900626C6F53
S214043EC0636B2D7465737400706167652D7265711C
S214043ED07565737400757067726164652D726571BB
S214043EE0756573740064697361626C652D646F77BD
S214043EF06E67726164657300656E61626C652D64DD
S214043F006F776E677261646573006F74612D626F9C
S214043F106F746C6F61642072656C61746564206391
S214043F206F6D6D616E6473006E6574776F726B2D62
S214043F307374656572696E672072656C6174656416
S214043F4020636F6D6D616E64732E007072652D63F1
S214043F506F6E666967757265642D6B65792D73651A
S214043F6074006D61736B2072656C617465642063A4
S214043F706F6D6D616E642E00737562747261637426
S214043F800067726F7570732D736572766572207232
S214043F90656C6174656420636F6D6D616E64732E09
S214043FA000667261676D656E746174696F6E207207
S214043FB0656C6174656420636F6D6D616E64732EE9
S214043FC0007365742D72782D77696E646F772D7320
S214043FD0697A65006172746966696369616C2D62E9
S214043FE06C6F636B2D64726F700046696E6420613B
S214043FF06E642062696E642072656C617465642008
S214044000636F6D6D616E64732E00696E69746961A9
S214044010746F7200656E61626C655F7479706500BA
S214044020737461636B00617070007A636C006C6516
S214044030676163795F61665F646562756700636F75
S214044040756E746572732072656C61746564206342
S2140440506F6D6D616E64732E007072696E742D637D
S2140440606F756E7465722D747970650073696D7002
S2140440706C652D7072696E74007072696E742D743E
S21404408068726573686F6C6473007365742D746806
S214044090726573686F6C640072657365742D7468FA
S2140440A0726573686F6C64730073656E642D7265F5
S2140440B071756573740073656375726974792072BB
S2140440C0656C6174656420636F6D6D616E64730006
S2140440D07365742D616C6C6F772D74727573742DA3
S2140440E063656E7465722D72656A6F696E2D75737D
S2140440F0696E672D77656C6C2D6B6E6F776E2D6BA6
S2140441006579007365742D616C6C6F772D747275A8
S21404411073742D63656E7465722D72656A6F696E4D
S2140441202D7573696E672D77656C6C2D6B6E6F7766
S2140441306E2D6B65792D74696D656F757400736586
S214044140742D6B65792D726571756573742D706F3A
S2140441506C696379006D66672D746F6B656E0061BC
S2140441607073005365637572697479206170732087
S21404417072656C6174656420636F6D6D616E6473E3
S2140441802E004765742F736574204D464720746F60
S2140441906B656E2E00656E64706F696E7420726552
S2140441A06C6174656420636F6D6D616E64732E005C
S2140441B0656570726F6D207574696C6974792072A8
S2140441C0656C6174656420636F6D6D616E64730005
S2140441D0536C6F74204D616E616765722072656CF6
S2140441E06174656420636F6D6D616E647300626FE5
S2140441F06F742D736C6F740065726173652D736CC8
S2140442006F74006578742D666C6173682D696E66CC
S2140442106F00736C6F74732D696E666F00507269ED
S2140442206E74732074696D652E005072696E7473B3
S214044230206174747269627574652E00436C6561DE
S214044240727320746865205A444F206C6973742016
S2140442506F6620636C69656E742028696E29206316
S2140442606C7573746572732E004164647320636C9A
S21404427075737465727320746F20746865206B6E32
S2140442806F776E20636C69656E742028696E2920CA
S214044290636C757374657273206F6E2074686973CB
S2140442A0206465766963652E00436C6561727320CD
S2140442B0746865205A444F206C697374206F6620B6
S2140442C0636C69656E7420286F75742920636C7539
S2140442D073746572732E004164647320636C757323
S2140442E07465727320746F20746865206B6E6F77C4
S2140442F06E20636C69656E7420286F75742920635C
S2140443006C757374657273206F6E2074686973209D
S2140443106465766963652E0053656E647320616E0A
S21404432020757064617465206368616E6E656C20C8
S214044330726571756573742E006368616E6E656C64
S2140443401F0053656E647320616E2075706461741B
S21404435065206368616E6E656C20706167652072A7
S21404436065712E2054686520737461636B207365D1
S2140443706E6473206E776B20656E68616E63656429
S214044380207570646174652072657120666F722092
S2140443906E6F6E2D7A65726F20706167652E00638E
S2140443A068616E6E656C1F706167651F005065728C
S2140443B0666F726D7320616E20656E657267792014
S2140443C07363616E2E007461726765744E6F646504
S2140443D049641F7363616E4475726174696F6E1FFE
S2140443E07363616E436F756E741F0042726F61640F
S2140443F0636173747320746865204944206F662073
S214044400746865206E6577206E6574776F726B20AE
S2140444106D616E6167657220616E642061637469A4
S2140444207665206368616E6E656C732E006E776BBE
S2140444304D676549641F6368616E6E656C4D617394
S2140444406B1F00506572666F726D7320616E206517
S2140444506E65726779207363616E206F6E2067697C
S21404446076656E206368616E6E656C206D61736B35
S2140444702E007461726765744E6F646549641F73B9
S21404448063616E4475726174696F6E1F7363616EE7
S214044490436F756E741F6368616E6E656C4D6173F1
S2140444A06B1F0053656E64732061206E6574776FAE
S2140444B0726B2061646472657373207265717565CE
S2140444C0737420666F722074686520676976656EFB
S2140444D0204945454520616464726573732E0069FE
S2140444E06565651F00526571756573747320616E2A
S2140444F02049454545206164647265737320626192
S214044500736564206F6E206120676976656E206E21
S2140445106F64652049442E006E6F646549641F000D
S21404452053656E647320612073696D706C652064D6
S214044530657363726970746F7220726571756573E2
S2140445407420666F72207468652073686F727420B6
S2140445506164647265737320616E6420656E647052
S2140445606F696E74207370656369666965642E008E
S214044570646573741F746172676574456E64706FE6
S214044580696E741F0053656E64732061206D6174D8
S214044590636844657363726970746F72735265718D
S2140445A07565737420746F20746865206769766512
S2140445B06E2064657374696E6174696F6E207769C2
S2140445C074682074686520676976656E2070726FFB
S2140445D066696C652E006E6F646549641F70726F41
S2140445E066696C651F0053656E64732061206E6F88
S2140445F064652064657363726970746F7220726593
S214044600717565737420746F206120676976656EB2
S21404461020746172676574206465766963652E002C
S2140446207461726765741F0053656E64732061203D
S2140446305A444F2042696E6420636F6D6D616E64E8
S21404464020746F20612064657669636520737065E5
S21404465063696669656420696E2074686520636FA3
S2140446606D6D616E6420617267756D656E74732E10
S2140446700044657374696E6174696F6E1F536F7559
S21404468072636520656E64706F696E741F4465732B
S21404469074696E6174696F6E20656E64706F696E9E
S2140446A0741F636C757374657249441F72656D6F0D
S2140446B0746545554936341F6465737445554936E3
S2140446C0341F0053656E647320616E2061637469E1
S2140446D0766520656E64706F696E74207265717598
S2140446E065737420746F20746865206465766963E6
S2140446F06520776974682074686520676976656ED6
S2140447002073686F72742049442E0053656E647378
S21404471020616E20756E62696E64207265717565BF
S214044720737420666F72206120756E69636173749A
S2140447302062696E64696E6720746F2074686520F1
S214044740746172676574206465766963652E0074A7
S21404475061726765741F736F75726365206575692A
S21404476036341F736F7572636520656E64706F6987
S2140447706E741F636C757374657249441F64657345
S21404478074696E6174696F6E45554936341F646585
S2140447907374696E6174696F6E20656E64706F6998
S2140447A06E741F0053656E647320616E20756E62AE
S2140447B0696E64207265717565737420666F722005
S2140447C061206D756C7469636173742062696E64CC
S2140447D0696E6720746F20746865207461726765FB
S2140447E074206465766963652E0074617267657407
S2140447F01F736F757263652065756936341F736F32
S2140448007572636520656E64706F696E741F636C81
S214044810757374657249441F67726F75704164647A
S214044820726573731F0053656E64732061205A4467
S2140448304F204D616E6167656D656E74204C6561D1
S214044840766520636F6D6D616E6420746F20746886
S2140448506520746172676574206465766963652E85
S214044860007461726765741F72656D6F7665436860
S214044870696C6472656E1F72656A6F696E1F005399
S214044880656E64732061205A444F204D474D542D65
S21404489042696E64202842696E64696E67205461BA
S2140448A0626C6529205265717565737420746F2077
S2140448B074686520746172676574206465766963DC
S2140448C0652E007461726765741F7374617274492F
S2140448D06E6465781F0053656E64732061205A44C5
S2140448E04F204D474D542D4C514920284C514920BA
S2140448F05461626C65292052657175657374207401
S2140449006F207468652074617267657420646576C8
S2140449106963652E0053656E64732061205A444FA4
S21404492020506F7765722044657363726970746F84
S21404493072205265717565737420746F207468658F
S21404494020746172676574206465766963652E00F9
S21404495053656E64732061205A444F20726F7574D9
S21404496065207265717565737420636F6D6D616E15
S2140449706420746F20746865207461726765742E91
S214044980007461726765741F696E6465781F0069D8
S2140449906E6465781F65756936341F696E73746155
S2140449A06C6C436F64651F00696E6465781F65757B
S2140449B06936341F6B65791F005443206C696E6B2F
S2140449C0206B6579207265717565737420706F6CE1
S2140449D06963791F417070206C696E6B206B657912
S2140449E0207265717565737420706F6C6963791FC6
S2140449F000426F6F6C3A20616C6C6F77207472752E
S214044A0073742063656E7465722072656A6F696E6E
S214044A10207573696E672077656C6C2D6B6E6F7787
S214044A206E206B65791F0070726F66696C654964E9
S214044A301F636C757374657249641F0074617267D2
S214044A40657449641F00456E61626C6573207072FC
S214044A50696E74696E67206F66205278206D657380
S214044A6073616765732E00536574732074686520DC
S214044A7062696E64696E67207461626C6500696E53
S214044A806465781F636C75737465721F6C6F6361FD
S214044A906C45701F72656D6F746545701F6575692A
S214044AA036341F00436C6561727320746865206237
S214044AB0696E64696E67207461626C652E0050725C
S214044AC0696E7473207468652062696E64696E67C3
S214044AD0207461626C6520746F2074686520636F4F
S214044AE06D6D616E64206C696E652E00436C656145
S214044AF0727320616C6C20736563757269747920B7
S214044B006B6579732E0044656C65746520746865FE
S214044B1020737065636966696564206C696E6B20D2
S214044B206B657920696E6465782E005072696E74C0
S214044B307320616C6C207365637572697479206B7D
S214044B406579732E005465726D696E6174657320A1
S214044B50746865206D756C74692D50485920696EAB
S214044B6074657266616365005573656420746F20AE
S214044B707374617274206D756C74692D5048592075
S214044B80696E74657266616365206F746865722009
S214044B907468616E206E617469766520616E642047
S214044BA0666F726D20746865206E6574776F726BBD
S214044BB02E2054686520737461636B207573657367
S214044BC02073616D652050616E4964206173206EA8
S214044BD0617469766520726164696F206E657477A6
S214044BE06F726B2E00706167651F6368616E6E6519
S214044BF06C1F706F7765721F6F7074696F6E734D7C
S214044C0061736B20284269742030203D20526F75F2
S214044C107465727320616C6C6F7765642C204269CE
S214044C20742031203D2042726F6164636173742086
S214044C30616C6C6F776564291F00417474656D70D0
S214044C40747320746F206368616E6765207468658A
S214044C50206368696C642074696D656F7574206F71
S214044C607074696F6E206D61736B20746F20666953
S214044C706C746572206F757420756E6465736972E2
S214044C8061626C652076616C7565732028652E6795
S214044C902E206E6F206D6F7265207468616E2033EF
S214044CA02064617973292E0074696D656F757420AC
S214044CB06F7074696F6E206D61736B1F0053776934
S214044CC07463686573206265747765656E206469CD
S214044CD066666572656E74206B65657020616C69C6
S214044CE07665206D6F64657320737570706F72746B
S214044CF06564206279206120726F757465722E0077
S214044D004B65657020616C697665206D6F64651F00
S214044D10005072696E7473207468652063757272CD
S214044D20656E74204E6F64652049442C20455549B1
S214044D3036342C20616E642050616E2049442E0067
S214044D40496E697469616C697A65732061206E6561
S214044D5074776F726B3B2074686973206973206183
S214044D60207465737420636F6D6D616E6420757353
S214044D70656420666F722074632D737761702D6F7F
S214044D8075742074657374696E672E005365747346
S214044D9020746865206E6574776F726B20696E6424
S214044DA06578207573656420627920616C6C206672
S214044DB0757475726520434C4920636F6D6D616E22
S214044DC064732E20204265666F726520657865637D
S214044DD07574696E67206120434C4920636F6D6D5E
S214044DE0616E642C20746865206672616D65776FE9
S214044DF0726B20737769746368657320746F2074AC
S214044E00686973206E6574776F726B2E2020416616
S214044E107465722074686520636F6D6D616E6420BE
S214044E2066696E6973686573206578656375746909
S214044E306E672C20746865206672616D65776F7284
S214044E406B207377697463686573206261636B2093
S214044E50746F207468652070726576696F75732048
S214044E606E6574776F726B2E202054686520434CF1
S214044E70492075736573207468652073616D6520B9
S214044E806E6574776F726B20696E64657820756ED4
S214044E9074696C207468652064657669636520723D
S214044EA06573657473206F72206974206973206358
S214044EB068616E676564207468726F7567682074CD
S214044EC068697320636F6D6D616E642E004174743F
S214044ED0656D70747320746F206368616E676520F7
S214044EE0646576696365206F76657220746F2061E9
S214044EF020646966666572656E74206368616E6EAA
S214044F00656C20676976656E20696E207468652016
S214044F106368616E6E656C20617267756D656E742C
S214044F202E00546865206368616E6E656C20746F2D
S214044F30206368616E676520746F1F0066696E641F
S214044F40556E7573656450616E49640066696E6477
S214044F504A6F696E61626C654E6574776F726B003A
S214044F605065726D697473206A6F696E696E672026
S214044F706F6E20746865206E6574776F726B20663A
S214044F806F72206120676976656E206E756D626546
S214044F9072206F66207365636F6E647320414E449F
S214044FA02062726F616463617374732061205A4473
S214044FB04F204D676D74205065726D6974204A6F7A
S214044FC0696E696E67207265717565737420746F97
S214044FD020616C6C20726F75746572732E004120AC
S214044FE073696E676C65206279746520696E64699E
S214044FF0636174696E6720686F77206C6F6E6720D4
S214045000746865206465766963652073686F756C7B
S214045010642068617665207065726D6974206A6FB5
S214045020696E696E67207475726E6564206F6E2093
S214045030666F722E20412076616C7565206F66203F
S21404504030786666207475726E73206F6E20706595
S214045050726D6974206A6F696E20696E646566692C
S2140450606E6974656C792E1F00436865636B7320E4
S2140450706E6574776F726B20706A6F696E207374D6
S214045080617475732E00577269746573207468654D
S21404509020657874656E6465642070616E2049448A
S2140450A020666F7220746865206465766963652E71
S2140450B00065787470616E69641F0052656A6F6972
S2140450C06E7320616E206578697374696E67206EEE
S2140450D06574776F726B20696E20612073656375E3
S2140450E07265206F7220696E736563757265206DD4
S2140450F0616E6E65722077697468206120646966E3
S214045100666572656E742064657669636520747975
S21404511070652E00426F6F6C65616E206E657477E5
S2140451206F726B206B657920617661696C61626968
S2140451306C6974791F4368616E6E656C206D61736B
S2140451406B1F416E20656E756D65726174696F6E56
S21404515020696E6469636174696E6720746865208B
S214045160646576696365207479706520746F20724F
S214045170656A6F696E2061732E5468652073746166
S214045180636B206F6E6C7920616363657074732043
S214045190534C5F5A49474245455F454E445F444534
S2140451A05649434520616E6420534C5F5A49474232
S2140451B045455F534C454550595F454E445F44450D
S2140451C0564943452E1F0052654A6F696E73206127
S2140451D0206E6574776F726B2E00426F6F6C65611C
S2140451E06E206E6574776F726B206B6579206176BE
S2140451F061696C6162696C6974791F4368616E6E7B
S214045200656C206D61736B1F004C65617665732059
S21404521061206E6574776F726B2E005475726E73B0
S214045220207065726D6974206A6F696E696E672096
S2140452306F6E20666F722074686520616D6F756E80
S21404524074206F662074696D6520696E6469636195
S2140452507465642E00412073696E676C65206279FC
S214045260746520696E6469636174696E6720686F2B
S21404527077206C6F6E672074686520646576696352
S214045280652073686F756C64206861766520706548
S214045290726D6974206A6F696E696E6720747572C0
S2140452A06E206F6E20666F722E20412076616C75BC
S2140452B065206F662030786666207475726E73207B
S2140452C07065726D6974206A6F696E20696E6465B4
S2140452D066696E6974656C792E1F004A6F696E7311
S2140452E02061206E6574776F726B206F6E2061206C
S2140452F0676976656E206368616E6E656C2C2077D0
S214045300697468206120676976656E205458205059
S2140453106F77657220616E642050414E2049442E9A
S21404532000546865206368616E6E656C206F6E203D
S214045330776869636820746F206A6F696E20746882
S21404534065206E6574776F726B1F4F6E652D62797C
S2140453507465207369676E65642076616C75652074
S214045360696E6469636174696E6720746865205445
S2140453705820506F7765722074686174207468656D
S21404538020726164696F2073686F756C642062654F
S2140453902073657420746F1F5468652050414E2036
S2140453A04944206F6E20776869636820746F206AAA
S2140453B06F696E20746865206E6574776F726B1FF4
S2140453C000466F726D732061206E6574776F726B22
S2140453D0206F6E206120676976656E206368616E53
S2140453E06E656C2C20776974682061206769766521
S2140453F06E20545820506F77657220616E6420507A
S214045400414E2049442E00546865206368616E6EE0
S214045410656C206F6E20776869636820746F2066F9
S2140454206F726D20746865206E6574776F726B1F7B
S2140454304F6E652D62797465207369676E656420A6
S21404544076616C756520696E6469636174696E67FC
S2140454502074686520545820506F776572207468ED
S21404546061742074686520726164696F2073686F64
S214045470756C642062652073657420746F1F5468AD
S214045480652050414E204944206F6E20776869633A
S2140454906820746F20666F726D20746865206E6570
S2140454A074776F726B1F005468697320696E697431
S2140454B0696174657320612054434C4B2075706495
S2140454C06174652070726F6365647572652E00532F
S2140454D07065636966792074686520616D6F756EA2
S2140454E074206F662074696D6520746F2077616917
S2140454F074206166746572206F6E652054434C4B4D
S21404550020757064617465206F7065726174696F6C
S2140455106E20636F6D706C65746573206265666F6C
S214045520726520626567696E6E696E672061206EBB
S21404553065772054434C4B20757064617465206F06
S2140455407065726174696F6E2E0054686520616DB3
S2140455506F756E74206F662074696D65206265745D
S2140455607765656E2073756273657175656E7420F4
S21404557074727573742063656E746572206C696EDC
S2140455806B206B6579207570646174657320696E31
S214045590206D696C6C697365636F6E64731F00536A
S2140455A06574206F7220636C656172207374617910
S2140455B0206177616B65207768656E206E6F742056
S2140455C06A6F696E656400536574206F7220636C3D
S2140455D065617220666F726365206177616B650032
S2140455E0446973706C61792074686520736C6565B2
S2140455F0702073746174757300464F52205445537B
S21404560054494E4720505552504F534553202D2051
S2140456106761746865722074696D696E67206D656C
S214045620747269637320666F72207265706F727429
S214045630696E67207461626C65206F706572617450
S214045640696F6E732E00436C6561727320746865AF
S214045650206C617374207265706F72742074696D47
S21404566065206F6620617474726962757465732E42
S21404567000416464732061206E657720656E7472E1
S2140456807920746F20746865207265706F72742058
S2140456907461626C652E00546865206C6F63616C7F
S2140456A020656E64706F696E742066726F6D207705
S2140456B068696368207468652061747472696275C9
S2140456C07465206973207265706F727465641F5404
S2140456D0686520636C757374657220776865726597
S2140456E020746865206174747269627574652069D3
S2140456F073206C6F63617465641F54686520494445
S214045700206F6620746865206174747269627574AB
S21404571065206265696E67207265706F7274656471
S2140457201F3020666F7220636C69656E742D736912
S21404573064652061747472696275746573206F722F
S214045740203120666F72207365727665722D7369D8
S214045750646520617474726962757465731F546835
S21404576065206D696E696D756D207265706F7274F3
S214045770696E6720696E74657276616C2C206D653F
S21404578061737572656420696E207365636F6E64F9
S214045790732E1F546865206D6178696D756D20726F
S2140457A065706F7274696E6720696E74657276616F
S2140457B06C2C206D6561737572656420696E207348
S2140457C065636F6E64732E1F546865206D696E6919
S2140457D06D756D206368616E676520746F207468EC
S2140457E06520617474726962757465207468617486
S2140457F02077696C6C20726573756C7420696E20F2
S21404580061207265706F7274206265696E672073BA
S214045810656E742E1F0052656D6F76657320616E1B
S21404582020656E7472792066726F6D2074686520C8
S2140458307265706F7274207461626C652E005468B1
S2140458406520696E646578206F66207468652072CA
S21404585065706F727420746F2062652072656D6F58
S2140458607665641F00436C6561727320616C6C20FE
S214045870656E74726965732066726F6D20746865F0
S214045880207265706F7274207461626C652E0050AD
S21404589072696E747320746865207265706F7274B2
S2140458A0207461626C652E00576970657320616CA4
S2140458B06C206461746120696E207468652073745A
S2140458C06F72616765206465766963652E00507241
S2140458D0696E74732061726269747261727920628F
S2140458E079746573206F6620746865204F54412070
S2140458F0696D616765206F6E206469736B2E005452
S214045900686520696E646578206F66207468652013
S214045910696D61676520746F207072696E742069A2
S214045920747320646174611F546865206F666673BF
S214045930657420696E746F20746865204F54412026
S214045940696D61676520746861742077696C6C2082
S2140459506265207072696E7465641F005072696EA9
S214045960747320696E666F726D6174696F6E206100
S214045970626F7574207468652073746F72616765EE
S214045980206465766963652E0052656C6F616420D9
S2140459907468652073746F726167652064657669E0
S2140459A063652E0044656C657465732074686520B1
S2140459B0696D61676520617420746865207370651D
S2140459C063696669656420696E6465782E00546848
S2140459D06520696E646578206174207768696368F9
S2140459E020746F20626567696E2064656C657469EF
S2140459F06E672074686520696D6167651F00507264
S214045A00696E74732074686520696D616765732EAA
S214045A1000456E61626C6573204F544120646F7755
S214045A206E6772616465732E0044697361626C65A7
S214045A3073204F544120646F776E67726164657398
S214045A402E0053656E647320616E20557067726114
S214045A506465456E645265717565737420746F2051
S214045A60616E204F5441207365727665722E004332
S214045A70616E206265207573656420746F20647996
S214045A806E616D6963616C6C79207475726E206FDB
S214045A9066662073656E64696E672070616765204C
S214045AA07265717565737473206F6E2074686520F3
S214045AB0636C69656E7420736964652C206966205E
S214045AC07468652073657276657220646F65736E9C
S214045AD0277420737570706F7274207468697320ED
S214045AE0666561747572652E00426F6F6C65616ED3
S214045AF02076616C7565207475726E696E67206FAA
S214045B006E20283129206F72206F6666202830297F
S214045B1020746865207061676520726571756573A9
S214045B207420666C61671F0053656E647320616E33
S214045B3020696D61676520626C6F636B20726571A6
S214045B407565737420666F7220612066696C6520C3
S214045B50746865207365727665722073686F756CF9
S214045B6064206E6F7420686176652E2020546573F9
S214045B7074206861726E657373206F6E6C7920286A
S214045B8074657374206361736520392E352E362050
S214045B902D204D697373696E672046696C6529000C
S214045BA05072696E747320696E666F726D61746983
S214045BB06F6E206F6E207468652063757272656EF2
S214045BC074207374617465206F6620746865204F52
S214045BD0544120636C69656E7420646F776E6C6FD5
S214045BE061642E0053746F707320746865204F547C
S214045BF041207374617465206D616368696E652EF7
S214045C000053746172747320746865204F54412085
S214045C10636C69656E74207374617465206D61636A
S214045C2068696E652E2054686520737461746520F7
S214045C306D616368696E6520646973636F76657207
S214045C407320746865204F544120736572766572BC
S214045C502C207175657269657320666F72206E6597
S214045C607720696D616765732C20646F776E6C6F3F
S214045C706164732074686520696D6167657320616B
S214045C806E6420776169747320666F722074686529
S214045C902073657276657220636F6D6D616E642025
S214045CA0746F20757067726164652E005072696E39
S214045CB0747320746865206D616E756661637475AF
S214045CC07265722049442C20496D616765205479B9
S214045CD070652049442C20616E6420566572736991
S214045CE06F6E20696E666F726D6174696F6E207474
S214045CF068617420617265207573656420776865D1
S214045D006E2061207175657279206E6578742069DD
S214045D106D6167652069732073656E7420746F20E7
S214045D20746865207365727665722062792074687B
S214045D306520636C69656E742E00506572666F72BA
S214045D406D73207369676E6174757265207665720B
S214045D50696669636174696F6E206F6E2074686526
S214045D6020696D61676520617420746865207370AE
S214045D706563696669656420696E6465782E005497
S214045D80686520696E646578206174207768696345
S214045D906820746F20626567696E2076657269662E
S214045DA069636174696F6E206F6620746865206924
S214045DB06D6167651F00426F6F746C6F616473205A
S214045DC074686520696D6167652061742074686510
S214045DD02073706563696669656420696E646578B6
S214045DE02062792063616C6C696E67207468652034
S214045DF04F544120626F6F746C6F61642063616CF2
S214045E006C6261636B2E0054686520696E64657805
S214045E1020617420776869636820746F2062656700
S214045E20696E20626F6F746C6F6164696E6720744C
S214045E30686520696D6167651F005072696E7473CA
S214045E4020696E666F2061626F75742074686520C1
S214045E50696E7374616C6C656420626F6F746C6FCA
S214045E60616465722E005375627472616374732084
S214045E7061206368616E6E656C2066726F6D206566
S214045E80697468657220746865207072696D6172E1
S214045E9079206F72207365636F6E64617279206314
S214045EA068616E6E656C206D61736B206F6620741E
S214045EB06865206E6574776F726B2D737465657292
S214045EC0696E6720636F6D706F6E656E742E005416
S214045ED06865206368616E6E656C206D61736B2007
S214045EE0746F2073756274726163742074686520BD
S214045EF06368616E6E656C2066726F6D1F546865AC
S214045F00206368616E6E656C20746F2073756274AE
S214045F107261637420746865206D61736B206672A9
S214045F206F6D1F00416464732061206368616E6E48
S214045F30656C20746F206569746865722074686582
S214045F40207072696D617279206F72207365636F59
S214045F506E64617279206368616E6E656C206D6133
S214045F60736B206F6620746865206E6574776F7235
S214045F706B2D7374656572696E6720636F6D706FE1
S214045F806E656E742E00546865206368616E6E6577
S214045F906C206D61736B20746F20616464206120D3
S214045FA06368616E6E656C20746F1F546865206349
S214045FB068616E6E656C20746F2061646420746F13
S214045FC020746865206D61736B1F005365747320BD
S214045FD065697468657220746865207072696D619D
S214045FE07279206F72207365636F6E6461727920B4
S214045FF06368616E6E656C206D61736B2E00546809
S21404600065206368616E6E656C206D61736B2074C9
S2140460106F2073756274726163742074686520639C
S21404602068616E6E656C2066726F6D1F54686520BD
S21404603076616C756520746F20736574207468656A
S214046040206368616E6E656C206D61736B20746F7F
S2140460502E1F005365747320746865207072652D56
S214046060636F6E66696775726564206B6579207305
S2140460706F207468617420746865206A6F696E693D
S2140460806E67206465766963652063616E20656E5D
S21404609074657220746865206E6574776F726B2EF3
S2140460A000536574732074686520707265636F6E40
S2140460B066696775726564206B65791F0053746F33
S2140460C0707320746865206E6574776F726B2073C6
S2140460D074656572696E672070726F636573732E7C
S2140460E00053746172747320746865206E657477E7
S2140460F06F726B207374656572696E672070726F59
S214046100636573732E0041206D61736B206F662088
S2140461106F7074696F6E7320666F7220696E64693F
S214046120636174696E67207370656369666963206A
S2140461306265686176696F722077697468696E2033
S214046140746865206E6574776F726B2D73746565FD
S21404615072696E672070726F636573732E1F0044D6
S2140461606973706C617973207468652063757272E4
S214046170656E7420737461747573206F662074681A
S21404618065206E6574776F726B20737465657269CB
S2140461906E672070726F636573732E00436C65615F
S2140461A07273207468652067726F757073207461EB
S2140461B0626C65206F6E20657665727920656E6404
S2140461C0706F696E74005072696E747320696E66BF
S2140461D06F726D6174696F6E2061626F757420747E
S2140461E0686520636F6E74656E7473206F662074C2
S2140461F068652067726F757073207461626C652EB3
S214046200004172746966696369616C6C79206472B2
S2140462106F70732074686520626C6F636B206E7594
S2140462206D62657220646566696E656420627920B5
S2140462307468652070617373656420617267756D38
S214046240656E74206F6E6C79206F6E63652C2061AA
S2140462506E64207468656E20616C6C6F7773206959
S214046260742075706F6E20612072657472792E00CA
S21404627054686520626C6F636B206E756D62657220
S21404628020746F206172746966696369616C6C79E5
S2140462902064726F7020746F20666F72636520616D
S2140462A0207265747279202D2073657420746F20B3
S2140462B03078464620746F2064697361626C651F8B
S2140462C00053657473207468652072656365697627
S2140462D0652077696E646F772073697A652E20204F
S2140462E0427920646566696E6974696F6E20696EAA
S2140462F02074686520536D61727420456E657267FC
S214046300792070726F66696C65206974206D757388
S214046310742062652073657420746F203120627562
S21404632074207468697320616C6C6F777320697469
S21404633020746F206265206368616E6765642E0052
S214046340546865206D6178206E756D626572206F85
S214046350662074686520626C6F636B732072656375
S2140463606569766564206265666F726520616E2075
S2140463704150532061636B2069732067656E6572B4
S214046380617465641F004D616B657320746869737E
S214046390206E6F6465207374617274206964656E20
S2140463A074696679696E672061732061207461720E
S2140463B067657420666F722062696E64696E672012
S2140463C07769746820616E20696E69746961746F98
S2140463D072206E6F64652E0054686520656E647066
S2140463E06F696E74206F6E20776869636820746FB7
S2140463F020626567696E207468652046696E646904
S2140464006E6720616E642042696E64696E672074EC
S21404641061726765742070726F636573731F004DD5
S214046420616B65732074686973206E6F646520738E
S214046430746172742074686520696E697469617425
S2140464406F722070617274206F66207468652066AF
S214046450696E64696E6720616E642062696E646941
S2140464606E672070726F636573732E0054686520C0
S214046470656E64706F696E74206F6E2077686963EA
S2140464806820746F20626567696E207468652046AC
S214046490696E64696E6720616E642042696E646921
S2140464A06E6720696E69746961746F722070726FAA
S2140464B0636573731F00456E61626C652F64697350
S2140464C061626C6520646562756720606C656761EF
S2140464D0637920617070206672616D65776F726B88
S2140464E020646562756760207072696E74207479C2
S2140464F070652E00456E61626C652F646973616217
S2140465006C651F00456E61626C652F646973616219
S2140465106C6520646562756720607A636C602070C1
S21404652072696E7420747970652E00456E61626CB3
S214046530652F64697361626C6520646562756720A3
S2140465406061707060207072696E74207479706512
S2140465502E00456E61626C652F64697361626C65BA
S2140465602064656275672060636F72656020707270
S214046570696E7420747970652E00456E61626C6570
S2140465802F64697361626C65206465627567206058
S214046590737461636B60207072696E7420747970B2
S2140465A0652E0053656E647320612072657175658F
S2140465B0737420666F72204F544120636F756E7437
S2140465C06572732E0052657365747320616C6C205B
S2140465D07468726573686F6C64732076616C756535
S2140465E07320746F203078464646462E00536574F2
S2140465F0732061207468726573686F6C64207661BA
S2140466006C756520666F72206120706172746963B0
S214046610756C61722074797065206F6620636F757F
S2140466206E7465722E0054797065206F6620636FF1
S214046630756E7465721F5468726573686F6C642037
S21404664056616C75651F005072696E7473207468A9
S21404665065207468726573686F6C6473206F662057
S214046660616C6C2074686520636F756E74657273F4
S2140466702E00436C6561727320616C6C20636F75C9
S2140466806E7465722076616C7565732E005072693F
S2140466906E747320616C6C20636F756E7465722003
S2140466A076616C7565732E005072696E747320740F
S2140466B068652076616C7565206F662074686973FA
S2140466C020706172746963756C617220636F756E95
S2140466D07465722E0054686520636F756E746572F7
S2140466E0207479706520746F207072696E741F0050
S2140466F05072696E747320616C6C20636F756E746F
S21404670065722076616C75657320616E6420636CB7
S21404671065617273207468656D2E00536574204D30
S214046720464720746F6B656E2C2043414E4E4F5483
S21404673020424520554E53455420425920434C4947
S2140467402E005072696E74204D464720746F6B6538
S2140467506E2E005072696E742061637469766520CB
S2140467606576656E74732E0044697361626C652089
S21404677074686520656E64706F696E7420666F72E7
S214046780205A434C206D657373616765732E00450C
S2140467906E64706F696E7420696E6465781F004558
S2140467A06E61626C65732074686520656E64706FD4
S2140467B0696E7420666F72205A434C206D6573733D
S2140467C0616765732E005072696E74207374617409
S2140467D07573206F6620656E64706F696E74732EB1
S2140467E00053686F777320746865207665727369E2
S2140467F06F6E206F662074686520736F66747761A9
S21404680072652E005365742074686520636F6E6627
S214046810696775726564203830322E31352E34201F
S214046820434341206D6F646520696E20746865205B
S214046830726164696F2E2053656520646F63756D9D
S214046840656E746174696F6E2072656761726469DF
S2140468506E67205241494C5F4945454538303231D0
S21404686035345F4363614D6F64655F742E00412069
S2140468705241494C5F494545453830323135345FDD
S2140468804363614D6F64655F742076616C75651F44
S2140468900052657475726E73205054492072616498
S2140468A0696F20636F6E66696720696E666F726DC6
S2140468B06174696F6E20746F2064657465726D69A7
S2140468C06E65207468652050485920747970652078
S2140468D06265696E6720757365642062792052412B
S2140468E0494C2E2072657475726E2076616C7565DF
S2140468F020697320656E756D205241494C5F494589
S21404690045453830323135345F50746952616469B4
S2140469106F436F6E6669675F7420652E672020522A
S21404692041494C5F494545453830323135345F502E
S21404693054495F524144494F5F434F4E4649475F6F
S21404694032503447485A203D203078303055205253
S21404695041494C5F494545453830323135345F50FE
S21404696054495F524144494F5F434F4E4649475F3F
S21404697032503447485A5F414E54444956203D20CD
S2140469803078303155205241494C5F4945454538A9
S21404699030323135345F5054495F524144494F5F79
S2140469A0434F4E4649475F32503447485A5F434F39
S2140469B04558203D203078303255205241494C5FAE
S2140469C0494545453830323135345F5054495F5275
S2140469D04144494F5F434F4E4649475F3250344720
S2140469E0485A5F414E544449565F434F4558203DEC
S2140469F02030783033550053656E647320612072FE
S214046A00656164206174747220666F7220746865B0
S214046A102074696D65206F662074686520646576E9
S214046A20696365207370656369666965642E2049C9
S214046A30742073657473206120666C616720736FBD
S214046A40207768656E20697420676574732074689F
S214046A506520726573706F6E736520697420777233
S214046A6069746573207468652074696D6520746F35
S214046A7020697473206F776E2074696D6520617465
S214046A8074722E0049641F737263456E64706F6976
S214046A906E741F64657374456E64706F696E741FDC
S214046AA0005768656E2073656E64696E672075733B
S214046AB0696E6720612062696E64696E672C207354
S214046AC0706563696669657320776865746865725E
S214046AD02061206D756C7469636173742062696EDD
S214046AE064696E672073686F756C642062652075D0
S214046AF07365642E007573654D756C746963617394
S214046B007442696E64696E671F0053656E64732011
S214046B1061207072652D6275666665726564206DA7
S214046B20756C746963617374206D657373616765EE
S214046B3020746F206120676976656E2067726F75B2
S214046B40702049442066726F6D20612067697665FF
S214046B506E20656E64706F696E742E0067726F7552
S214046B607049641F7372632D656E64706F696E740A
S214046B701F00437265617465732061206D657373CD
S214046B806167652062792073706563696679696EEA
S214046B906720746865207261772062797465732E45
S214046BA020557365207468652073656E6420636F72
S214046BB06D6D616E6420746F2073656E64207468F6
S214046BC065206D657373616765206F6E6365206904
S214046BD07420686173206265656E206372656174F3
S214046BE065642E2045783A207261772030783030FC
S214046BF03046207B30302030412030302031312068
S214046C0032322033332034342035357D2073656E9C
S214046C1064732061206D65737361676520746F20EB
S214046C20636C757374657220313520283078303083
S214046C30304629206F66206C656E6774682038209D
S214046C40776869636820696E636C7564657320741D
S214046C506865205A434C206865616465722E00435B
S214046C606C757374657249641F446174611F0052C5
S214046C70657365747320746865206E6F64652E0092
S214046C805772697465732061206D657373616765F7
S214046C902E00456E64706F696E741F436C75737452
S214046CA065722049441F4174747269627574652064
S214046CB049441F4D61736B1F44617461207479707D
S214046CC0651F4461746120627974651F00526561B2
S214046CD064732061206D6573736167652E00456E6D
S214046CE064706F696E741F436C75737465722049A3
S214046CF0441F4174747269627574652049441F3177
S214046D0020696620736572766572206469726563AD
S214046D1074696F6E2C203020696620636C69656E1A
S214046D207420646972656374696F6E1F0053656EC0
S214046D3064732061206D6573736167652E00446516
S214046D407374696E6174696F6E1F536F75726365D1
S214046D5020656E64706F696E741F44657374696E23
S214046D606174696F6E20656E64706F696E741F005F
S214046D70536F7572636520656E64706F696E741FF9
S214046D80004C69737473207768696368206F707445
S214046D90696F6E616C206C696272617269657320DA
S214046DA06F662074686520737461636B2061726516
S214046DB020696D706C656D656E746564206F6E20F9
S214046DC074686973206465766963652E0050726919
S214046DD06E747320696E666F726D6174696F6E206F
S214046DE061626F757420746865206E6574776F725F
S214046DF06B2073746174652C20636C757374657290
S214046E00732C20616E6420656E64706F696E747393
S214046E102E006F66667365741F005072696E747315
S214046E2020696E666F726D6174696F6E20666F722C
S214046E3020616C6C20617661696C61626C6520739C
S214046E406C6F74732E0052656164732072617720D0
S214046E50646174612066726F6D20666C617368206D
S214046E6073746F726167652E004164647265737330
S214046E7020746F20726561641F4E756D62657220A2
S214046E806F6620627974657320746F20726561641E
S214046E901F005072696E747320666C617368207389
S214046EA0746F7261676520696E666F726D6174696E
S214046EB06F6E2E0045726173657320746865207367
S214046EC0706563696669656420736C6F74204944F1
S214046ED02E0053746F7261676520736C6F74206E36
S214046EE0756D6265721F00426F6F747320746865F7
S214046EF020696D61676520696E207468652073700B
S214046F006563696669656420736C6F742049442EF2
S214046F1000434C4920696E7374616E63652065781E
S214046F20616D706C650064756D6D795F696E737400
S214046F30005A434C20636F6D6D616E64730062612A
S214046F4073696300676C6F62616C006D66672D63BE
S214046F506F6465007573652D6E6578742D73657141
S214046F6075656E636500782D64656661756C742D51
S214046F707265737000746573742D726573706F6ECA
S214046F8073652D6F6E00746573742D726573706F00
S214046F906E73652D6F6666005A434C206261736992
S214046FA06320636C757374657220636F6D6D616EB8
S214046FB06473007274666400436F6D6D616E642062
S214046FC0746861742072657365747320616C6C20D8
S214046FD06174747269627574652076616C75657324
S214046FE020746F20666163746F72792064656661CD
S214046FF0756C742E005241494C006C6F7765722D87
S2140470006D61632D7261696C2D3830322E31352EE8
S214047010342E63006C69627261696C2E6100756E51
S214047020636C61696D6564006275666665722D6D74
S214047030616E6167656D656E742E63006576656E58
S214047040742D71756575652E63007A69676265656A
S2140470502D75707065722D6D61632E63006E6569A3
S2140470606768626F722E63006173736F636961741D
S214047070696F6E2E63003138323173003134323228
S2140470803100313231003273003132323131320064
S2140470903132323131003238310038313100313852
S2140470A032313100313231313132313232323173B0
S2140470B00031323200313231313232310031313145
S2140470C0310032323800726F7574652D7461626CEB
S2140470D0652E63006D61632D6D756C74692D6E6528
S2140470E074776F726B2E63006C65676163792D70BD
S2140470F061636B65742D6275666665722E63000047
S2140471000102030D312E312E312D38393430383901
S2140471103100010001000203030003000000000028
S21404712013B779FAC925DDB7ADF3CFE0F1B614B8D5
S2140471300102000000000000FFFFFFFF0100000046
S2140471400100000000000000000000000000000035
S2140471500000000000000000000000000000000026
S2140471600000000000000000000000000000000016
S214047170033F1F00F1370300ED370300CB3703004E
S2140471809937030029380300FB3703009B370300B5
S2140471902C000000020202030000000001020000AE
S2140471A0000801B4487204000008015A047204007E
S2140471B000080040C0710400000000000000000049
S2140471C00000FCFEFFFF000000000000FFFF0000C0
S2140471D000000000FFFF000000000000FFFF0000AA
S2140471E00000000040001806F4D200002C00B00294
S2140471F03DBE00001700F2000C7C00000C004100AD
S2140472009E4200006400FCFEFFFF00000000000039
S214047210FFFF0000000000005A00F306A554FEFF1E
S2140472202100A301A1FEFFFF1100A6008327000092
S2140472300A006100DC26000006003B00F82000007F
S21404724003001500AD130000C800FCFEB4008B0854
S2140472507BC0FBFF4D00E402E756FFFF2C00A201B3
S21404726083EBFFFF1A000301B31A00001100A3000A
S214047270552900000A005E005A28000006003A005D
S214047280212200000400180073160000922804004F
S21404729059DF030059DF030059DF030059DF0300F9
S2140472A059DF030059DF030059DF030059DF0300E9
S2140472B059DF030059DF030059DF030059DF0300D9
S2140472C059DF030059DF030059DF030059DF0300C9
S2140472D059DF030059DF030059DF030059DF0300B9
S2140472E059DF030059DF030059DF030059DF0300A9
S2140472F059DF030059DF030059DF030067DF03008B
S21404730059DF03007CDF030059DF030059DF030065
S214047310A1DF030059DF030059DF030059DF030030
S21404732059DF0300C9DF030059DF030059DF0300F8
S21404733059DF030059DF0300E1DF030059DF0300D0
S214047340FFDF03000B0000000B000000020000003B
S2140473500000202000000000030000008C8C3C008D
S21404736000000000000000000000000000000058BC
S2140473701200000000000000FFFFFFFFFFFFFFFFFA
S214047380554E4B00474F200042544C00474F3200A6
S214047390474F3300474F3400474F3500474F3600BA
S2140473A0474F3700474F3800474F3900474F410093
S2140473B0474F4200474F4300474F4400474F45005E
S2140473C0474F46004A4D5000424452005550520022
S2140473D042544D004D534D0046544C00554E4B0000
S2140473E0474F200042544C004241440046544C004F
S2140473F0465243004F54410044534C00424150000F
S21404740055504700544D450046415500545A4600D1
S214047410554E4B0050494E00454D3400554E4B00DA
S21404742048562000554E4B00455850004C574D00CA
S214047430554E4B005242540044534C00454D3400C4
S214047440554E4B0041535400554E4B00564659007A
S214047450494E4800554E4B004C434B0058544C0084
S2140474604F424600554E4B00485244004D454D0091
S214047470425553005553470044424700444D41008B
S21404748056435400554E4B00555020005250200091
S21404749041503000415031004150200044502000FB
S2140474A0444543008073040084730400DC730400C2
S2140474B0107404001C740400247404003074040063
S2140474C04074040048740400547404006474040093
S2140474D084740400554E4B004649420042544C0006
S2140474E045585400505752005744470020535700FD
S2140474F0435253004653480042414400464C54000D
S21404750042524F0001040103030601050105010967
S2140475100600060B0000070B050B00000000000029
S214047520000000000400E40C0A000104100100003E
S2140475300005000200000300C0770400BC770400C6
S214047540A8770400A4770400A07704009C770400BE
S2140475508A7704007A77040060770400587704007A
S2140475604E7704004C770400347704003177040027
S214047570297704001877040008770400F6760400D8
S214047580DC760400D4760400C8760400C4760400CE
S214047590C0760400B2760400A77604008E76040053
S2140475A0757604001976040018760400087604003C
S2140475B0E0750400D5750400D4750400C075040095
S2140475C000000000000000000000000000000000B2
S2140475D0000000000F000000000000000000000093
S2140475E00000000000000000000000000000000092
S2140475F00000000000000000000000000000000082
S2140476000000000000000000010000000000000070
S21404761000000000000000000F0000000000000052
S2140476200000000000000000000000000000000051
S2140476300000000000000000000000000000000041
S2140476400000000000000000000000000000000031
S2140476500000000000000000000000000000000021
S2140476600000000000000000000000000000000011
S2140476700000000000000000000000000000000001
S21404768000000000000000000000000000000000F1
S21404769000000000000000000000000000000000E1
S2140476A000000000000000000000000000000000D1
S2140476B000000000000000000000000000000000C1
S2140476C00000000000000000FFFFFFFFFFFFFFFFB9
S2140476D0FFFF0000000000000000000000000000A3
S2140476E00000000000000000000000000000000091
S2140476F00000000000000000000000000000000081
S2140477000000000000000000000000000000000070
S2140477100000000000000000000000000000000060
S214047720000000000000000000FFFFFFFFFFFFFF57
S214047730FF9C0000FF0000000000000000000000A6
S2140477400000000000000000800000000000FFFFB2
S214047750FFFFFFFFFFFFFFFF00000000FFFF00002A
S2140477600000000000000000000000000000000010
S21404777000000000000000000000FFFFFF00000003
S21404778000000000000000000000000000000000F0
S21404779000000000000000000000000000000000E0
S2140477A000000000000000000000000000000000D0
S2140477B000000000000000000000000000000000C0
S2140477C0FC030101010101010101010101010101A3
S2140477D00100000000000001002006000000060171
S2140477E00100002002041104040211101A080A02FF
S2140477F01801081110111A080A04020D0B19195C55
S2140478000110280B01140000000000000000000016
S2140478100000000000010101010101000101010155
S2140478200101010000010101000100010100000046
S214047830000000000000000000000000000100003E
S21404784000000000000000000000000001FF01002E
S21404785023E1010075E4010063E2010063E5010031
S21404786062E1010079EB010064EE010024E101000D
S21404787025E1010026E1010027E1010028E10100DD
S21404788029E101002AE10100000001008000010056
S21404789000010100800101000002010080020100D5
S2140478A020E201000003010000050100800501003C
S2140478B0000601002C890100800601000007010073
S2140478C001E5010002E5010000080100800801004E
S2140478D00040010086321010FFFFFFFFFFFFFFFF8E
S2140478E018E803001EE8030024E803002AE803005F
S2140478F030E803005A6967426565416C6C69616EDD
S214047900636530394E574B205374656572696E67EC
S214047910000095969595950507090D000000000052
S2140479200001020304060000D8FD03005A110400F7
S214047930741104008B1104009E110400AE1104009F
S214047940C2110400D4110400E4110400001204005F
S214047950151204000208010D0D01010112010000B8
S214047960FFFFFFFFFFFFFFFF000000000000000016
S2140479700109050100020000000000031EF1EE0BE1
S21404798090790400511D040092280400FE000000B3
S2140479906D1D0400F07A040000000000771D04004A
S2140479A0E07A040000000000841D0400D07A04007D
S2140479B000000000911D0400C07A040000000000CE
S2140479C0AF1D0400AC7A040000000000A71D0400EC
S2140479D0987A040000000000AE1D0400847A0400B7
S2140479E000000000BC1D0400747A040000000000BF
S2140479F02E1C0400607A040000000000B51D04007C
S214047A00507A040000000000C11D04003C7A040003
S214047A100000000049E603002C7A04000000000081
S214047A20000000000000000000000000BF4E03003D
S214047A30D21D04000F1E0400010100FF99D50000AA
S214047A40381E04007D1E0400010100010107FF002A
S214047A5055D50000CA1E0400351F0400010100FFAE
S214047A6095D40000561F04006F1F04000001010097
S214047A70FF000000D14E0300941F0400EC1F040016
S214047A800101FF00B94E0300032004005A2004003D
S214047A9001010207FF000000B34E030003200400A8
S214047AA05A20040001010207FF000000AD4E030047
S214047AB0032004005A20040001010207FF0000000E
S214047AC049D400007B200400BA200400010101FF11
S214047AD0E9D30000D92004001E210400010000FFA1
S214047AE0A5D30000D92004001E210400010000FFD5
S214047AF02DD40000452104004B1F040000FF0000A5
S214047B00A74E03009A210400384C0400FF0000002E
S214047B10A14E03000D220400384C0400FF000000B0
S214047B2085D300007C220400F122040000FF00003C
S214047B305DD30000092304006B23040000FF00004B
S214047B40934E03007C230400C223040002FF0000BB
S214047B5025D30000CB2304003F24040001FF0000CB
S214047B60B82404009B240400AA240400B6240400B9
S214047B70C7240400DD240400F3240400FD240400C8
S214047B8007250400000000000B2804001100000074
S214047B9017280400120000001F2804001300000029
S214047BA027280400210000002F28040022000000DB
S214047BB036280400230000003D280400AA00000024
S214047BC044280400FF00000000000000FFFFFFFF41
S214047BD0FFFFFFFF00000000000000000000010897
S214047BE00109020A030B040C050D060E070F081004
S214047BF001180119021A031B041C051D061E071F83
S214047C00082001210222032304240525062607272B
S214047C1008280129022A032B042C052D062E072FDB
S214047C2008300131023203380239043A08E004E12C
S214047C3004E204E802E902EA04F008F11000000095
S214047C400000000002050000A87C040001000000FB
S214047C50BC7C040001000000D07C0400010000008D
S214047C60E47C040001000000F87C0400010000002D
S214047C700C7D040001000000207D040001000000CB
S214047C80347D040001000000487D0400010000006B
S214047C905C7D040001000000707D0400010000000B
S214047CA0847D04000100000000000000987D0400AC
S214047CB00300000040000000000000000000000078
S214047CC0987D04000300000040000000000000004F
S214047CD000000000987D040003000000400000003F
S214047CE00000000000000000987D0400030000006F
S214047CF0400000000000000000000000987D040022
S214047D000300000040000000000000000000000027
S214047D10987D0400030000004000000000000000FE
S214047D2000000000987D04000300000040000000EE
S214047D300000000000000000987D0400030000001E
S214047D40400000000000000000000000987D0400D1
S214047D5003000000400000000000000000000000D7
S214047D60987D0400030000004000000000000000AE
S214047D7000000000987D040003000000400000009E
S214047D800000000000000000987D040003000000CE
S214047D904000000000000000000020012000000059
S214047DA0080000000400422130000000E47D0400C6
S214047DB000FF420030000000000000000400410004
S214047DC035F00000060041003F570300190081000B
S214047DD0D90C010019008400591701000080000026
S214047DE00000000006435553544F4D0000000000A9
S214047DF0000000000000000000000000000000007A
S214047E000000000000000401040104010401040150
S214047E100401040104010401040104010401FFFF38
S214047E20FFFFFFFFFFFFFFFFFFFFFFFFFFFFFFFF59
S214047E30FFFFFFFFFFFF0001020304050607080912
S214047E400A0B1F1C1F1E1F1E1F1F1E1F1E1F07029E
S214047E501F012F0037013F005701DF02E700FF0232
S214047E600000000000000000000000000000000009
S214047E7000000000000000000000000000000000F9
S214047E8000000000AA2E0400FFFF0000000000000F
S214047E90622F04006D2F040092280400752F04003E
S214047EA0832F040092280400962F0400A12F0400B8
S214047EB0AF2F0400B32F0400C32F0400E0FE03001A
S214047EC0D32F0400D72F0400E22F0400EC2F040065
S214047ED0F62F0400FA2F0400083004001C300400B7
S214047EE032300400008000000000000000000000A3
S214047EF000000000FFFFFFFFFF000000000000007E
S214047F003D99010000000000000000000000F03F62
S214047F10000000000000244000000000000059405B
S214047F200000000000408F40000000000088C340AE
S214047F3000000000006AF8400000000080842E4123
S214047F4000000000D01263410000000084D797416F
S214047F500000000065CDCD41590204004895040098
S214047F6000000000D4380400389504000000000027
S214047F70D93804002895040000000000DA3804000C
S214047F801895040000000000BC1D040004950400BD
S214047F9000000000AF1D0400F09404000000000080
S214047FA0DF380400E094040000000000E538040014
S214047FB0D094040000000000E9380400C0940400D3
S214047FC000000000F8380400B0940400000000002C
S214047FD015390400A0940400000000001E390400B3
S214047FE090940400000000003339040080940400D8
S214047FF0000000000210040070940400000000005A
S2140480004339040030940400000000003A3D0400A4
S214048010BC8B040000000000932D04007C8B04003D
S214048020000000004A390400BC8A04000000000076
S21404803053390400C08904000000000060390400BD
S214048040B485040000000000003004008C840400A2
S21404805000000000673904008C840400010000005E
S2140480606B3904004C8404000000000070390400DE
S214048070108304000000000040E0030010830400A6
S2140480800100000060390400B4850400000000000C
S21404809077390400B4850400010000007C3904002C
S2140480A0DC8204000000000086390400DC82040040
S2140480B0010000008E3904000C810400000000005A
S2140480C04EE70300D8800400000000000000000013
S2140480D00000000000000000E8800400923904005C
S2140480E092280400FE000000AA390400648C0400F0
S2140480F0000000000F3E0400548C04000000000042
S2140481000000000000000000000000001C810400C5
S214048110AF39040092280400FE000000C5390400AC
S214048120E48D040000000000CB390400D48D040064
S21404813000000000D1390400C48D040000000000D3
S214048140DA390400B48D0400000000008FE4030054
S214048150A48D04000000000099E203006C8D040066
S21404816000000000A0EB0300588D0400000000008F
S214048170E4390400488D0400000000008DE7030085
S214048180388D040000000000E9390400288D04003E
S21404819000000000F0390400188D04000000000000
S2140481A0F5390400088D040000000000F9390400C5
S2140481B0A882040000000000003A04005082040074
S2140481C000000000083A04001C82040000000000BE
S2140481D0143A0400E88104000000000000000000D7
S2140481E00000000000000000F88104001F3A0400AC
S2140481F092280400FE0000006AF90300848C040040
S21404820000000000ED240400748C0400000000004C
S2140482100000000000000000000000002C820400A3
S214048220403A040092280400FE0000006AF90300A5
S214048230A48C040000000000ED240400948C0400C8
S2140482400000000000000000000000000000000025
S21404825060820400623A040092280400FE000000D3
S214048260803A0400F48C0400000000005E3F040022
S214048270E48C0400000000008F3A0400D48C040050
S21404828000000000943A0400C48C040000000000BF
S2140482909B3A0400B48C04000000000000000000B8
S2140482A00000000000000000B8820400A03A0400A9
S2140482B092280400FE00000016F90300908D0400C6
S2140482C000000000BD3A04007C8D0400000000009D
S2140482D0000000000000000000000000EC82040023
S2140482E0C53A040092280400FE000000E13A0400A7
S2140482F0248E04000000000000300400148E0400E5
S2140483000000000000000000000000000000000064
S21404831020830400E63A040092280400FE000000CD
S214048320FF3A0400D48E040000000000F8F50300B1
S214048330C48E040000000000083B0400B48E040051
S21404834000000000E13A0400048E0400000000006F
S2140483500D3B0400F48D0400000000001A3B0400EA
S2140483600C84040000000000283B0400D8830400AA
S21404837000000000363B0400988304000000000060
S2140483804A390400BC8A0400000000000000000013
S2140483900000000000000000A88304003F3B040027
S2140483A092280400FE000000836F0400A48E0400DC
S2140483B000000000946F0400948E04000000000087
S2140483C0EF090400848E0400000000000000000092
S2140483D00000000000000000E88304005D3B040089
S2140483E092280400FE000000873B0400F48E04007C
S2140483F000000000A12A0400E48E0400000000002F
S2140484000000000000000000000000001C840400BF
S2140484108E3B040092280400FE0000004EE7030092
S214048420288F040000000000ED240400188F0400C8
S214048430000000005E3F0400048F040000000000FB
S2140484400000000000000000000000005C8404003F
S214048450AE3B040092280400FE0000004EE7030032
S214048460588F040000000000CE3B0400488F040030
S21404847000000000ED240400388F04000000000013
S2140484800000000000000000000000009C840400BF
S214048490D53B040092280400FE000000EF3B0400D5
S2140484A08C90040000000000A52404007C900400C6
S2140484B000000000223C04006C9004000000000051
S2140484C08FE403005C90040000000000C024040055
S2140484D04C90040000000000F43B04003C900400B0
S2140484E0000000000C3C04002C9004000000000077
S2140484F0153C04001C900400000000001C3C040012
S2140485000C90040000000000283C0400DC8F0400EB
S214048510000000005E3F0400CC8F04000000000052
S214048520373C0400BC8F040000000000AE0A0400C0
S214048530AC8F0400000000003C3C04009C8F040048
S21404854000000000533C04008C8F04000000000070
S214048550673C0400788F040000000000773C0400A9
S214048560688F040000000000863C04008085040038
S21404857000000000000000000000000000000000F2
S214048580908504008B3C040092280400FE00000042
S214048590A23C0400FC8F040000000000AB3C040076
S2140485A0EC8F040000000000000000000000000043
S2140485B000000000C48504009228040092280400E9
S2140485C0FE000000B23C0400FC8B04000000000027
S2140485D0BF3C0400408A040000000000C83C0400BD
S2140485E08C89040000000000D63C0400588904006E
S2140485F000000000E43C040024890400000000009D
S214048600F23C04008C88040000000000033D0400D3
S2140486106488040000000000103D0400C4870400C1
S214048620000000001B3D04006C87040000000000EE
S2140486302E3D04004487040000000000A01C040033
S214048640E086040000000000413D0400A08604000B
S214048650000000004C3D04006C860400000000008E
S2140486600000000000000000000000007C860400FB
S2140486705F3D040092280400FE000000833D0400D1
S214048680AC90040000000000893D04009C900400A7
S21404869000000000000000000000000000000000D1
S2140486A0B08604008D3D040092280400FE000000FD
S2140486B0C4FA0300DC90040000000000BF3D040080
S2140486C0CC90040000000000CB3D0400BC900400E5
S2140486D00000000000000000000000000000000091
S2140486E0F0860400E13D040092280400FE00000029
S2140486F04EE703004091040000000000ED2404004F
S2140487003091040000000000BB190400209104000E
S214048710000000006AF903000C9104000000000049
S214048720FD3D0400FC90040000000000143E04001C
S214048730EC900400000000000000000000000000B0
S2140487400000000054870400203E04009228040021
S214048750FE000000453E04005091040000000000A6
S2140487600000000000000000000000007C870400F9
S2140487704A3E040092280400FE0000006E3E0400F8
S214048780A091040000000000CE3B04009091040079
S214048790000000007A3E04008091040000000000FF
S2140487A0813E040070910400000000008E3E040028
S2140487B060910400000000000000000000000000BB
S2140487C000000000D4870400993E040092280400A8
S2140487D0FE000000073D0400509204000000000064
S2140487E0B63E040040920400000000005902040053
S2140487F030920400000000006E1104002092040071
S21404880000000000813C04001092040000000000F8
S214048810C4FA03000092040000000000BD3E0400F9
S214048820F091040000000000C83E0400E09104003B
S21404883000000000D53E0400D091040000000000B3
S214048840E53E0400C091040000000000F83E040069
S214048850B0910400000000000000000000000000CA
S21404886000000000748804000A3F040092280400F4
S214048870FE0000005902040060920400000000009C
S2140488800000000000000000000000009C880400B7
S214048890283F040092280400FE000000C4FA0300E7
S2140488A0D0920400000000006E110400C092040080
S2140488B000000000813C0400B092040000000000A8
S2140488C04B3F0400A0920400000000008A3A040013
S2140488D0E48804000000000000000000000000001F
S2140488E000000000F4880400623F0400922804009C
S2140488F0FE0000005E3F04009092040000000000AA
S2140489006AF903008092040000000000783F040027
S2140489107092040000000000000000000000000048
S2140489200000000034890400813F040092280400FB
S214048930FE0000004EE70300F09204000000000072
S214048940ED240400E0920400000000000000000093
S214048950000000000000000068890400A13F040035
S21404896092280400FE000000C13F04001093040097
S21404897000000000D43F0400009304000000000040
S2140489800000000000000000000000009C890400B5
S214048990EA3F040092280400FE0000000A40040097
S2140489A03093040000000000F8F503002093040050
S2140489B000000000000000000000000000000000AE
S2140489C0D08904009228040092280400FE000000C7
S2140489D014400400E88904000000000000000000C1
S2140489E00000000000000000F8890400922804003B
S2140489F092280400FE000000204004008093040037
S214048A0000000000F12F0400709304000000000032
S214048A102640040060930400000000002A4004007E
S214048A2050930400000000002E400400409304000D
S214048A30000000000000000000000000000000002D
S214048A40508A04003E40040092280400FE00000001
S214048A504EE70300009404000000000059400400A0
S214048A60F0930400000000006C400400E09304004F
S214048A7000000000ED240400D09304000000000071
S214048A8079400400C0930400000000008A400400FB
S214048A90B09304000000000098400400A093040073
S214048AA000000000A94004009093040000000000A9
S214048AB0000000000000000000000000CC8A040053
S214048AC0B640040092280400FE000000D0400400D3
S214048AD0548E04000000000003410400448E040089
S214048AE0000000003E410400348E04000000000034
S214048AF055410400488B0400000000005F41040058
S214048B00148B0400000000000000000000000000B9
S214048B1000000000248B0400634104009228040033
S214048B20FE000000836F0400748E04000000000042
S214048B30946F0400648E040000000000000000002F
S214048B400000000000000000588B0400824104006E
S214048B5092280400FE00000010F60300209404008F
S214048B60000000005E3F04001094040000000000B3
S214048B700000000000000000000000008C8B0400D1
S214048B809541040092280400FE0000004EE703000E
S214048B906094040000000000873B04005094040026
S214048BA000000000A12A0400409404000000000015
S214048BB0000000000000000000000000CC8B040051
S214048BC0B041040092280400FE0000008E3E04001B
S214048BD07895040000000000C4FA030068950400B9
S214048BE0000000005902040058950400000000002C
S214048BF00000000000000000000000000C8C0400D0
S214048C00D041040092280400FE000000EE41040057
S214048C10C895040000000000F8410400B89504005C
S214048C200000000003420400A895040000000000B1
S214048C30BC1D0400989504000000000012420400C5
S214048C4088950400000000000000000000000000FA
S214048C5000000000854E03001D4204009228040014
S214048C60FF000000814E03002A42040092280400FC
S214048C70FF000000A1DA00003C4204009228040031
S214048C80FF00000039DA000069420400314A04009B
S214048C9001FF0000A1DA0000A942040092280400A3
S214048CA0FF00000039DA0000D7420400314A04000D
S214048CB001FF0000D5DA000018430400394304001D
S214048CC000FF0000D5DA0000424304009F4304007E
S214048CD00000FF0051DB0000AD430400C64304005F
S214048CE0010001FFC1DB0000EB4304002D44040037
S214048CF00102FF0051DB00004344040072440400F8
S214048D0001000102FF000000C9D80000A3440400CB
S214048D10DF44040007FF0000E9D80000E54404002F
S214048D201845040001FF0000FDD80000204504009B
S214048D30704504000100FF0059D900008545040071
S214048D40D64504000101FF002DD90000E6450400C5
S214048D502046040001FF0000ADD9000028460400A8
S214048D6071460400010000010707FF00F1DB000064
S214048D70C34604001845040001FF0000F1DC0000AF
S214048D800B4704004F470400010700010700FF00DB
S214048D90E34E0300A4470400EA4704000107000169
S214048DA001FF000079DC0000264804006148040046
S214048DB0010000FF49DC00007F480400C3480400AB
S214048DC00100FF0019DC0000D6480400C348040074
S214048DD00100FF00C1DC0000154904002046040021
S214048DE001FF000031DD0000504904008149040001
S214048DF00100FF0079C60000922804008F49040091
S214048E00000707FF1DC6000092280400A8490400B6
S214048E10000707FF09CB000092280400B4490400A9
S214048E2007FF000009CB000092280400B4490400A0
S214048E3007FF0000354E030092280400B9490400D9
S214048E400000FF00E5CA000092280400D0200400B9
S214048E5001FF0000ADCA000092280400F149040096
S214048E6000FF0000FDC500009228040092280400BC
S214048E70FF000000FDC500009228040092280400AC
S214048E80FF0000000B4E0300922804009228040002
S214048E90FF0000000B4E03009228040092280400F2
S214048EA0FF0000000B4E03009228040092280400E2
S214048EB0FF000000CDC5000092280400274A0400E5
S214048EC00101FF00B9C50000922804003C4A0400D2
S214048ED001FF0000074E03009228040092280400B5
S214048EE0FF00000081C50000653B040092280400D2
S214048EF0FF00000081C50000464A040092280400D2
S214048F00FF00000001C70000674A04007E4A040010
S214048F100001000007FF0000034E0300A44A0400FB
S214048F2092280400FF00000081C40000BE4A04002A
S214048F3092280400FF0000007D4E0300EC4A040063
S214048F4092280400FF0000006F4E0300064B040046
S214048F508849040000FF0000DDCD00002B4B040010
S214048F6092280400FF00000055C30000454B04008F
S214048F7092280400FF000000E9C20000684B0400C9
S214048F80E54B040000000310FF000000C5C300000A
S214048F903A4C0400A84C040001FF000099C30000EA
S214048FA0BD4C0400004D040000FF0000ADC20000EC
S214048FB0114D040092280400FF000000014E030037
S214048FC0404D040092280400FF00000089C20000FF
S214048FD08C4D04008849040000FF000055C20000C0
S214048FE0CD4E0400224F040000FF000039C20000EA
S214048FF03C4F040092280400FF0000001DC200003D
S2140490004C4F040092280400FF000000F14D0300BA
S214049010604F0400DE4F040000FF0000EDC10000B6
S2140490206950040092280400FF000000A9C1000053
S21404903086500400B150040007FF000069C1000018
S214049040BB50040014510400000500FF21C10000B9
S214049050C7510400DA5104000002FF00FDC00000FE
S2140490600952040092280400FF000000F14D03009A
S2140490701B5204005552040000FF000091C000007B
S214049080DB52040021530400000301FF81C00000EA
S214049090C153040007540400000301FFE133010038
S2140490A0A754040092280400FF000000F35B0300AA
S2140490B0CF5404004A55040002FF000015E10000E6
S2140490C09F550400384C040000FF0000E1E0000057
S2140490D0C7550400384C040000FF000091E000006F
S2140490E0E055040092280400FF0000000926010051
S2140490F0F955040092280400FF000000E125010051
S2140491004656040092280400FF0000006D25010066
S214049110715604009756040000010100010102FF85
S21404912045250100165804003E58040000FF0000C0
S214049130252501006558040092280400FF0000005D
S214049140792401008F58040092280400FF000000D0
S214049150C5590300A858040092280400FF00000024
S214049160ED1A0100CE580400FF5804000002FF0068
S214049170395803005C59040092280400FF000000DC
S214049180355803008959040092280400FF000000A3
S214049190A11A0100A4590400CE59040000FF0000DF
S2140491A079180100FE59040092280400FF0000000C
S2140491B031040100115A040092280400FF00000044
S2140491C019040100295A040092280400FF00000034
S2140491D0AD570300425A040092280400FF00000022
S2140491E0995703006F5A0400E95A040000FF000070
S2140491F091170100285B040092280400FF00000079
S2140492007D160100A05B040092280400FF00000005
S214049210D5020100E45B040092280400FF0000006D
S214049220B9020100015C040092280400FF0000005B
S21404923031030100AC5C040092280400FF00000027
S214049240250301003A5D04007F5D040000FF000072
S214049250F1020100B65D0400075E040000FF000092
S2140492601D0101003A5E040092280400FF0000007D
S214049270D9F50000665E0400CF5E04000000FF001F
S214049280D9F50000245F0400865F04000000FF0098
S2140492907DF60000CB5F0400FE5F04000002FF00C2
S2140492A00757030053600400A160040007FF000092
S2140492B0ADF70000BD60040092280400FF00000023
S2140492C0C1F50000E16004000661040000FF000030
S2140492D0D1F600005F61040092280400FF0000003D
S2140492E099EF00009C61040092280400FF0000002F
S2140492F065EF0000C661040092280400FF00000029
S214049300DF550300016204007062040000FF0000E1
S214049310D1E80000C16204004063040000FF0000BE
S214049320D155030086630400D863040000FF0000E0
S214049330AB5503001F6404006C64040000FF0000C7
S214049340A1550300B6640400F464040000FF0000A2
S2140493509B55030004650400F464040000FF000049
S214049360955503002B650400F464040000FF000018
S2140493708F55030052650400F464040000FF0000E7
S214049380895503007A650400F464040000FF0000B5
S21404939065550300A365040092280400FF0000003E
S2140493A06B550300C565040092280400FF00000006
S2140493B089E30000ED650400266604000001FF0052
S2140493C0B5E300004766040092280400FF0000008E
S2140493D0675503007266040092280400FF0000002C
S2140493E071E300008D66040092280400FF0000006C
S2140493F02DE30000A8660400D566040000FF000004
S21404940015E30000F066040092280400FF00000044
S2140494105DCB00001B67040092280400FF000000D8
S2140494205DCB00004267040092280400FF000000A1
S21404943071C000005367040092280400FF00000077
S2140494403DC00000686704008F67040000FF00004A
S2140494503DC000009F6704008F67040000FF000003
S214049460D5BF0000C667040092280400FF00000071
S214049470E94D0300E167040092280400FF000000A1
S21404948035BC0000046804006E68040000FF000099
S21404949015BC00009168040092280400FF00000038
S2140494A0D5D70000F7690400846A0400010000FFB1
S2140494B0B5D60000A16A0400F56A040000FF0000A7
S2140494C0E9D600000A6B04005C6B04000100FF0090
S2140494D055D60000726B04005F6C04000107FF00A1
S2140494E0ED4D03006F6C040092280400FF0000009A
S2140494F0B9CF0000806C0400926C040000010100E7
S2140495000007FF00B1CE0000CD6C0400DE6C040042
S21404951000010100FF000000E9D600002D6D0400E4
S2140495203E6D0400010000FF29CE00002D6D0400EE
S214049530706D040000FF000001650100816D0400E9
S21404954092280400FF00000069BC0000CD6D0400F2
S21404955092280400FF000000F97B03009228040010
S21404956092280400FF0000002173010092280400E2
S21404957092280400FF000000E5720100922804000F
S214049580126E040002FF0000897A01001A6E0400BD
S21404959092280400FF0000001D7A0100466E0400B5
S2140495A0696E04000200FF007B7C0300926E0400D8
S2140495B092280400FF000000F9790100B46E04004C
S2140495C0D26E040002FF0000D1790100E76E0400A9
S2140495D0D26E040002FF00000100000024450020B3
S2140495E00000000000000000FFFF00003F550300DD
S2140495F00000000003000000FFFF0100B95503004F
S2140496000000000004000000FFFF01004D560300A8
S2140496100000000004000000FFFF0000D156030015
S2140496200000000006000000FFFF00004357030090
S2140496300000000019000000FFFF0100D5570300DA
S2140496402A400400306100200000000000000000F2
S21404965000000000000000003E6F0400C4960400F2
S21404966000000000446F040080790400000000003D
S2140496704B6F0400507B0400000000000F3E040003
S214049680407B040000000000546F0400307B04009C
S21404969000000000666F0400207B04000000000049
S2140496A0756F0400107B040000000000866F040041
S2140496B0007B040000000000000000000000000022
S2140496C000000000D4960400986F0400922804005A
S2140496D0FE000000B36F0400EC96040000000000D7
S2140496E00000000000000000000000008D80030061
S2140496F0B86F040092280400FF03010001013F0430
S2140497000201003F040202003D040202003D04017F
S214049710020001020003010002023D0402010002ED
S2140497200202010002020000002020202020202047
S21404973020202828282828202020202020202020F8
S2140497402020202020202020208810101010101008
S2140497501010101010101010100404040404040454
S21404976004040410101010101010414141414141EE
S21404977001010101010101010101010101010101D0
S21404978001010101101010101010424242424242E0
S21404979002020202020202020202020202020202A0
S2140497A00202020210101010200000000000000048
S2140497B000000000000000000000000000000000A0
S2140497C00000000000000000000000000000000090
S2140497D00000000000000000000000000000000080
S2140497E00000000000000000000000000000000070
S2140497F00000000000000000000000000000000060
S214049800000000000000000000000000000000004F
S214049810000000000000000000000000000000003F
S214049820000000000000000000000000000000002F
S214049830A00100002814002000021000C0490020E7
S214049840C81500200000020800000000FFFFFFFF0C
S214049850FFFFFFFFFFFFFFFF000000000000000007
S21404986000000000000000000000000000000000EF
S214049870200000008DA60100100000006DA7010066
S21404988000000001000001010001010120C001B830
S2140498900000000000000000FFFFFFFFFFFFFFFFC7
S2140498A0FFFFFFFFFFFFFFFFFFFFFFFFFFFFFFFFBF
S2140498B0FFFFFFFFFFFFFFFF000102020303040593
S2140498C006080C0C0C00010203040707C8C8C8C825
S2140498D0C8C8C8C8C8C8C8C803040408080808080C
S2140498E000B801B802B800B0CCB40400B4B40400A4
S2140498F0030404080805000000000000000000003F
S2140499000000000000000000EA06000048704C0F4B
S21404991044700E0E30707E1302989A173870340F07
S21404992034705A0F307048102C7048102870D011BC
S2140499302470E81120703E0F1C70901218700C13DF
S21404994014703A0FB110086001D80A7104B87F7811
S214049950020C7E78641000C6881F00A01DB87078BC
S21404996003B018600F3027B30F330111C0480698B0
S2140499707C0229B0086001D8087109DD047109BBAE
S21404998011101660A048086004100112FF3221501E
S2140499900860D048086000880698381400C4441F3D
S2140499A000A000BA03DF107109DF067202983603BE
S2140499B01DB8507800A0441328144115811008607F
S2140499C002D8147110880698201900C014C000B874
S2140499D00698861B0091069892020160B83020D83B
S2140499E006711EBC637C784D5412F03240DE04725D
S2140499F0404804DB08720DDD0C72044BEF3014484B
S214049A000698F20400C4E04000544412086201328E
S214049A102140087C811140D91C72B1123032CF4AE1
S214049A20013AB1DA107208D8067104D80871804C6D
S214049A30237C5670684C441200C4A41E00A0441430
S214049A40413AF3240164415C412A047580B800C499
S214049A506040005481D8367140D90472237C084B88
S214049A600698F20404BA1CB9767900C1204001B8FD
S214049A7035797F216121007906B906A901D80671D6
S214049A8002981002804C307C0298640208D86A71EE
S214049A9000C1544000B8141110D95E71584C4412D9
S214049AA080BDA26DFF25784C4412FC22513A28143E
S214049AB0104C00C20CC101B82412281408622814E1
S214049AC00862281408622814304C304C00C11C402C
S214049AD000B814111814086100C5284001B85415BC
S214049AE0FF35047110491814B04C44120862013250
S214049AF0067102980401804C08D80C7107BA24D861
S214049B00047106BA187004D80C7101BA40D80E71E4
S214049B1002BA0A7005BA20D8047203BA204C44115B
S214049B20C04C18140861181491113831114291115F
S214049B30186110D90472EF3200C1084001B814113C
S214049B4010311E6111422814A111086118140698D8
S214049B506C1B181400C1084001B814111861FF31B9
S214049B60181400C1448001B814111814086118149C
S214049B703088024806989403009308DB047101F8C1
S214049B8000A027B00F3000A01088B111186180D94A
S214049B900A7100C1884000B80811009100A000C4F2
S214049BA0684000B8441000A000C08840005004116B
S214049BB08261041082601050F07200A05415504563
S214049BC01271069802050698920407B8707802B8CF
S214049BD041781EBA5B7A5C7A5D7A00C220C001B80E
S214049BE0241206982A1900C5481F00A054155114BB
S214049BF000C3FF010000313D09647F3406989C02CF
S214049C00015851280475015841280E7581110861C0
S214049C1002D90472FF0FCC7007B8727800F8EBBD57
S214049C2000C0441F00A00411113D10D91271FF3367
S214049C30186300C1781002B8381107B9747958103F
S214049C4000A0069892020D300472044809DC0472DF
S214049C50084800C11CC101B8141100C3D01E00A0DE
S214049C60911504351A7218131CBB08D804716C7B42
S214049C7004D804716A7B1DBB2F7C5B7B1670044B77
S214049C8018131CBB08D804716F7B04D804716D7B51
S214049C90217C0C30026006987E040698C40B00B83B
S214049CA0B111186140D906720298580401BC00C26A
S214049CB0084001B800DC0A7124150265604A0A707F
S214049CC02C4A241508654C4A043508D90471202406
S214049CD000C13C1F00A0141200DC327120D80671AB
S214049CE001B80C70F0DA0C720CDB087102B8069836
S214049CF08604482400C3384101B834138F7B0E71A0
S214049D0002B9911308DB047203B928707C49141154
S214049D101110FD300DDC1C7200C0A01E00A0041043
S214049D2080D8107100C0448001B80410E520047582
S214049D30804900C3884000B8FFB80120114108716B
S214049D40014118130824014200C1284000B8141128
S214049D5001411C655141911520351E65514118136A
S214049D602813481300C3844000B8341003D816716F
S214049D70073005DC1071B1108F780A7200C384C4F2
S214049D800350217B1DB8507800B800C13C1F00A0CA
S214049D9014121C602150F0300152281100A04024F7
S214049DA0076400C0FFFF0100013C17B00220015801
S214049DB04028067518AC01EC00A0208800C020C01E
S214049DC001B8041217B4211304123052F87119643E
S214049DD0402400C35C1F00A0341014110698F60D2E
S214049DE01961009211592129067600BB115906986B
S214049DF0D60D8762313B0472215A412A00A000C264
S214049E00686000B8B8B91F610D49181200A0308800
S214049E1001B9116100C30000C0FF3110312800BC35
S214049E20002D0C75115418AC01EC312DF470196426
S214049E3051134155312C009300A000C3C00FFEFF00
S214049E4050B2313A014250AA00A006983E07FFB02D
S214049E50867808715CB86B786E7800C2548001B856
S214049E6000C0D81F00A004100812B822217A237A52
S214049E7052B8417801B80C6021A809B819604CA8FA
S214049E8000C0FFD1C1FF4FB2013A00C0002E30001F
S214049E9001424FAA24B86E78ACB9FFB004D8047156
S214049EA04CB923A90698A80500C01390010006988B
S214049EB02E0500A00698020519B81460FFB28C623D
S214049EC00F32826A214006982E0549BC21B952B841
S214049ED049B207DE2A7105DE0871627C607C1D0CBF
S214049EE06179677864786B78627865786378607887
S214049EF0617C010C010C6878020C69786C78020CA1
S214049F0000C22C8001B8277A287A267A6A78050C4B
S214049F1041790A0CB11040D806710298BA06784AFC
S214049F202B7A327A584A247A00C400011100404A37
S214049F3000C0108400000812508800C58410010078
S214049F40FBAD10BD01BB8A6B21B9FAA9C44A18122D
S214049F50217A227A00C0341F00A00410FCA8826470
S214049F60411030300129F9A9F8ADFBB08260FBA896
S214049F700330A0652110044820EC237A0410037AE9
S214049F80184A2411DC4A015800292410047531505B
S214049F90F8B1115081632A71514031400812FCB166
S214049FA08461FCA90F310E7117B0112817B111592D
S214049FB01028FA76C44AF9B11812217A227AA070C7
S214049FC000950812F8A800C20C8001B8207A844ACA
S214049FD000B80812020CA44A087A020C21B8417888
S214049FE0784A0B7A127A00C2C81F00A0FFB008D8BD
S214049FF00472184A241000DC0A7140A804222410B3
S21404A00041A806989C0200C2481F00A024100151D3
S21404A01000C4FF01000041391150081200A0069840
S21404A0203E0700BC00C20C8001B8217A52B84978B9
S21404A030020C4878020C49B8417852AC21AC204A4C
S21404A040087A067A077A49AC00A059B840785AB11B
S21404A05001D9FC72427857B8407858B101D9FC72DD
S21404A060427800A000C20C8001B8217A227A21B876
S21404A070547852B8BC4A24119979127107B91561FB
S21404A0804CA9617800BB03BC0C64147009B919614F
S21404A0904CA9417801BB126300C4002E300000C0F6
S21404A0A0FFD1C1FF4FB1013941414FA9E44AC8B8B5
S21404A0B0081224AB4CB823A80698A80500C0049040
S21404A0C00100FFB186790471084806982E0500C081
S21404A0D08009004040A809B8FFB108D9047103B844
S21404A0E053A8B11004D80C7156BB607B57BA627A79
S21404A0F0607A02D80C7156BB607B59BA627A607A71
S21404A10004B86E783DB8607800C05638000000C1C8
S21404A110B08001B814119979087200C0D604000002
S21404A12000C124C000B814119F79047208484CA8D2
S21404A1302EB8FFB108D906714AA804704BA80FB808
S21404A14034A800C00C5E000046B2014246AA00C114
S21404A1502C4001B8141108610631087100B906983C
S21404A160501106983E14B11101D90E710698921B2F
S21404A17002D906720698A00C06983814511406984C
S21404A180920406982A110698641700A006984E179B
S21404A19001D80A711CB85B7807B8757800B84CA863
S21404A1A04AA84BA800C0F321FFFF46B1013946A9CF
S21404A1B004B86F7800A0FABC1964415C512C00C046
S21404A1C0581F00A00410012C0675069892040698E1
S21404A1D0780FB110186005D8327140BA06980E147C
S21404A1E004B86578911004D816711CB86E7800C04F
S21404A1F0684000B821780698781101400A721DB8A4
S21404A200427806984A1402985E0B1DB8717804B812
S21404A2106C7841B8427863784478FFB104D9067202
S21404A2200298CA0900C004900100FFB1867904713F
S21404A230084806982E0500C32C1F00A000C274C050
S21404A24000B82414481300BC48121C4B1C4A24149F
S21404A250481300BC4812084B584A2414481301BC3F
S21404A26048124ABA447A427A4BBA447A427AFFB0DF
S21404A27086780472617A4CBA647A657A3DBA607AF2
S21404A2804DB942B83FBB5B7966796179020C647953
S21404A290050C63796079050C627965795A7900C290
S21404A2A0340102B8241305B819603140081242B8C4
S21404A2B06A78020C4A78020C40BCFFB208DA0671CF
S21404A2C04ABA06704BBA627A657A677A667A6A79A7
S21404A2D0667B0298A40A00C32C1F00A000C274C0A8
S21404A2E000B8241448131C4B1C4A241448133FBCBF
S21404A2F048121C4A00BC4812084B444A241448130B
S21404A30001BC48124ABA647A627A4BBA647A627AB0
S21404A310FFB3867B0472617A4CBA647A657A3DBA76
S21404A320607A01D94E71647800C1708001B800C0AB
S21404A3308000080008110698860B42B861784DB96B
S21404A3407F797E796A7868786278020C7B790F0C5C
S21404A3507A79140C7479417860787579050CFFB2B3
S21404A36008DA06714AB804704BB8657801BC1664FE
S21404A370407002D93C710698860B42B84DB968788D
S21404A380407841787F797E797B790F0C7A79140C42
S21404A390FFB208DA087171794ABA067070794BBA56
S21404A3A07279657A6A78020C4A78050C01BC1664E0
S21404A3B0020C417940790C0C00C04C0102B84810DC
S21404A3C00698F20400C4784000B8007C00C0A01EC2
S21404A3D000A0041180D93271911104D92C727F2007
S21404A3E021200411FD310DDD207200C0448001B827
S21404A3F00411E521147600C0244001B804118A79BA
S21404A4000871207C104C207C2AB86278511400C055
S21404A410581F00A00410012C17B0011187680158BA
S21404A42041280E7605218769415C412D112D067061
S21404A4300698920442B84DBB7C7B6478020C29B81B
S21404A44068785114404406750698920442B84478D5
S21404A4502AB84278FFB101D90C7100C1548001B802
S21404A460CBB80811911004D8147100C0A01E00A027
S21404A470041080D8067107B8537800F807B800C1EE
S21404A480CC1E00A000C220C001B824122811777880
S21404A49000F8B1109478387106989C02E4B9115902
S21404A4A01128067600B80C70A0B911590129047554
S21404A4B0A0B8826000C3C01F00A03413012B341060
S21404A4C000C3FFFF00FF42B13139114042A800A08B
S21404A4D01DB09178FA7142B86478020C00BA29AAC1
S21404A4E000C4548001B842B84DB900C3C04001B896
S21404A4F03413977B047240EC020C44785C7953AABC
S21404A5000A0C281442B84DB9FFB301DB2671244C5B
S21404A51000C3FF0FFF013814547940784178557909
S21404A520020C5B795A79140C5F795E794A78427822
S21404A530347002DB1471527951795079020C5B79CC
S21404A5405A795F795E791E7004DB1A7100C4FF07BE
S21404A550000000C3342102B848133FBB467B020CFC
S21404A5605B795A793DBB407B4CBB447B457B00C33F
S21404A570301F00A03414403C207100C068C000B8EE
S21404A580481028131C4B1C48341448102813144B2A
S21404A59044483414481028134AAA4BAA04B86D78C1
S21404A5A01DB851785CB84B784E7800A000C074C0D3
S21404A5B000B80411108800B91810684804111088EF
S21404A5C001B90B6118102C4804111088008800C1CA
S21404A5D0231C000018104AB864784BB86478260C1C
S21404A5E028B000C1FFFF0FF0113871B90B6111409C
S21404A5F028A828B97379747900C21010303045AA97
S21404A60054790E0C00C0E84001B8041100C2303082
S21404A610101045AA0E0C0410008810880698620DC7
S21404A6200091009020888F618F600698620D0090DC
S21404A630886A21400112906A035800C13F3F000017
S21404A6401138FFBC022441281138014245AA28B912
S21404A65053794AB844784BB844780090009118105F
S21404A66000912C48181000916848181000A09168B2
S21404A670436091694361115B012B112841603128C5
S21404A680315B00BA302806763128204A41633028E8
S21404A69006763128104A4163302806763128084A5F
S21404A6A04163302806763128044A4163302806760A
S21404A6B03128024A416330280476014A00A0115921
S21404A6C010D906710860086008D90471086004D9B6
S21404A6D00471046002D90471026001D90471016036
S21404A6E000A000BA01D806710148112A1F61016052
S21404A6F001D8F6720138F67200A000C220C001B874
S21404A700241211592129127300210E7100C238C077
S21404A71001B824120121212900A002B020D8147106
S21404A72000C0B01E00A0041002B94579069876133E
S21404A730EA7003B09F78087200B806A800F8069876
S21404A7403E0700C5641F00A05088044D1CBC00C012
S21404A750B41E00A0811101D91E71407C009501151C
S21404A7600C4D5088044DFFBB1863315B04110698EA
S21404A770EE0D3129F8750698681A54150698921B3A
S21404A78001D908720698580706700698F4071CBB89
S21404A790547B06984E1701D8067202981A0FFFB912
S21404A7A001211038F67281129B7AF07100C244803F
S21404A7B001B8241400C0C01E00A004100113002019
S21404A7C0041040500C7200B90698280F18B90A7085
S21404A7D018B90698280F00B900B806981E0F704AD4
S21404A7E008B806981E0F00C2284000B814B8069889
S21404A7F01E0F00C2EC4001B80CB806981E0F2022AB
S21404A80010B806981E0F10883088069858070093CC
S21404A81000910698280F00C0C41E00A00412FFB9B9
S21404A820012121411810009500F831281128041040
S21404A830081200A004B831281128F8B1181000A096
S21404A840069880080E700698C40B0698800806982A
S21404A8507212069812079112211900C02C4001B8F2
S21404A8600A78097800F810B901BA0698041406980C
S21404A8702A110698641700C5641F00A081109D78ED
S21404A880FC7200F8911203321CB900C3A01E00A08B
S21404A890341300C4B04000541DB84278707903DE07
S21404A8A0067144783A707179A11020D8067102981E
S21404A8B0541080DB1C7102D8187205B80814A11055
S21404A8C010300248081400B80814911008600814E0
S21404A8D01DB86278A11000DC0676517900BA069895
S21404A8E04E1701D82272911120311D61911004D89F
S21404A8F00E7200C1501F00A0141101D90A712088DD
S21404A90006985011009200C1204000B801DB18716F
S21404A910084C03DE0471904C441400C3FF1F00006F
S21404A920413BFF233811944900C3384101B834131E
S21404A930086380DB0C7103BA186206983C10087032
S21404A940186206983C100C490879097914102140BD
S21404A950081100A000BD0698760210B903DC047145
S21404A96000B901BA0698041402D9067100404E7262
S21404A97003B118610F3106987811FFD82872811038
S21404A98008D8187106DD0A710698760203DC0C7284
S21404A9900698BC1106984A140C7006DD10710698C9
S21404A9A0C211487020B804A806DD10720698800804
S21404A9B00698120701F840B804A800F800C0A01EC4
S21404A9C000A00413086301DB2271911001111861C1
S21404A9D011381DB910D8087144790298541002DB56
S21404A9E0FA72A11328DBF47203BD06981E110698AA
S21404A9F080081DBA7F7A0698F20400C5681F00A076
S21404AA000698760200BA03DC1672044DA11002D82A
S21404AA1004711C4D00C10CC101B80698AE0454154F
S21404AA20212D06983E050298AA0891100155033573
S21404AA305150011900A000C14C1F00A0141001D8E9
S21404AA40427101480860FE200E75811020D80871F6
S21404AA5000C1501F00A0141101D9287100C02C4059
S21404AA6001B80412215108610F31186111522810DF
S21404AA7000C0084001B8041191122151203111522E
S21404AA80211900A0811380DB067201B800A000C360
S21404AA9014C001B8341006302E726C4B34121C4BA2
S21404AAA03410186002302072811080D8DE713410A1
S21404AAB0014A08620460803021508C480A717F2362
S21404AAC04D233410013000A000BD06981E111CB89A
S21404AAD047784578437802B8447800A006988008FA
S21404AAE00698BC1100C5741F00A0541506983E05B0
S21404AAF00298AA08B1138F7B0A7200C384C4035059
S21404AB00017B06983E1400C1384101B814118F79B0
S21404AB100E7100C1B84000B800BA06983C1050BA8E
S21404AB2006980E1406987811FFD84A71911004D826
S21404AB304872811008601CD8407220D938721112ED
S21404AB40FF322151347180218021111400C0D81E97
S21404AB5000A00413FFBA3151113A215111531DB903
S21404AB6038107B7940440E7200B900C2AC1E00A0B7
S21404AB701812067004B860780698381400F800B9FD
S21404AB8000C2A44000541812644A0AB918121CBA27
S21404AB90507A517A1DB942795F7900A006987602F8
S21404ABA007DC1072911000200A750698721202983B
S21404ABB0660F0698120701B9911004D8047100B9FB
S21404ABC010BA0698041400BA0040347100C0A01EDF
S21404ABD000A00411086101D9127104D9E27281102F
S21404ABE0086001D8DA711DB8647800C11CC101B8C8
S21404ABF00698AE0401B81160002A047600BA00C5AF
S21404AC00781F00A05415212D06987212069858072E
S21404AC1000C57C1F00A000F800BC811108D916727C
S21404AC2080D9207201B910BA0698041400400E7137
S21404AC3001BC10700698BC1106984A1420B804A8E3
S21404AC4000F80698721281110231127100B900C21E
S21404AC50144000541812244A02B918120698BC115B
S21404AC6000C5801F00A054150698F01A0298AA087A
S21404AC700411012114711CBA737A042004122811D9
S21404AC80042004110121F47200A00698F20401F8CD
S21404AC9006984E1701D81671FFB9012110380E72A6
S21404ACA081109B78087104B9677900F8911010D860
S21404ACB0287100C51CC101B854110698EE0D00C5D4
S21404ACC0C81E00A054155129EA7507B876781DB831
S21404ACD0447801B804A800F8B110186010D82E7192
S21404ACE000C05040005400C3084000B83114984CCB
S21404ACF044113411086101D9FA714412281008620B
S21404AD0028100862281008622810E8700298B0021A
S21404AD1006989202113804721E6202BB00C1D81E45
S21404AD2000A0141120390C72911210DA0672417BBD
S21404AD3000A006983E1400C2A01E00A0241220DA2A
S21404AD400472617B1CBA527A00A01CBA727A811211
S21404AD5004DAFC7200A01CB86B7800C0684000B827
S21404AD602F7800A006984E1701D83A7100C22C40DE
S21404AD7001B824100360911120310151383111506B
S21404AD801D6008121DB9457900C2448001B824121A
S21404AD9000C0C01E00A0041018200020041020507C
S21404ADA00471657910631EB9637900B902EC00CDAD
S21404ADB0114502EC00CC01DB087100BB0298D618E2
S21404ADC003B841110731FA211C760621911210DAD4
S21404ADD0087102DD10721E7020B80698B20D303865
S21404ADE0147208B806987E0400C02C4000B829786F
S21404ADF0207800F8056020D8067102980C1602EC3C
S21404AE0000CA05B823DA187104DBDA7120DAD671C1
S21404AE1010DAD2721EB8617800B801DA067202EC53
S21404AE2000C8911110D9267100C1B81E00A01411D3
S21404AE301150FF300C720761A110115002300A71D4
S21404AE4080DB0A720AB89E701DB97C79186091116D
S21404AE5011402111C031114001191EB8411108D901
S21404AE600471667820D904726578A11002D8067237
S21404AE70C0DA1E711EB8273123DD087210DB10728B
S21404AE80607825DD0A7121DD087208DB04716278BA
S21404AE9003B8411107310872A1152035AA7102DDE5
S21404AEA02072A11120D9A07102D91672CCDA987238
S21404AEB0411140D9927206B8054D5A720298AE14E2
S21404AEC021114049C0D94C71A03141154035026565
S21404AED051410461086308DA1E7204DA36721049B6
S21404AEE0A1150235067110DB0E7201340A7108DBF7
S21404AEF022711EB86778CC3211101A300ADC087238
S21404AF00CCDE0471FD3100C00D0F0C0D216001D89C
S21404AF105C7207B80298D81400BA411108D90C71AB
S21404AF2002EC00CA05B830DAEC720734F03103617B
S21404AF3001DA0471014900C0F300A3E3216001D8DB
S21404AF40D27100C09814406821604030014440DA51
S21404AF500471204C04320262204A111006301F602D
S21404AF60014218311D6111420298F614204A00C0AD
S21404AF70051708502160113001422088FFBB0DDA06
S21404AF80507100C1DE1B250180BC04DA107208DA99
S21404AF900A7200C120841000E024A0240863414300
S21404AFA0026401DA06711E49024B00C0201F00A08D
S21404AFB008633810BC2002DA127101B91159A113C2
S21404AFC080DB087100C100FCFF01181002986218AB
S21404AFD000C4A01E00A0441080D87C710092D0DA71
S21404AFE006710DDA0C711EBD437DEFBD0698140381
S21404AFF004620DDA8672A11105D95C7100C2404064
S21404B000005424121424281401D9067202D9327169
S21404B01040D91E7102EC00CA211018320471FA22BB
S21404B02020D804720822FE22087502EC00C8F870C4
S21404B03001D90E7102EC00C802D9067204DC18723B
S21404B04000C0A01E00A004101D6001D806711EB822
S21404B050647807B873780298D61800C0A01E00A0BB
S21404B060041080300A7100C0C41E00A0041000A0A2
S21404B07006984E1701D82E71911010D82872811098
S21404B080A0D8227203B084781C7200C12C4001B888
S21404B09014100DBA487A697A6B7A08111CB87B7852
S21404B0A007B8757800A0641000C6881F00A0C3B84F
S21404B0B006987C0200C4441F00A014BA281400B8E2
S21404B0C0011AB1108F780A7200C084C40350017844
S21404B0D091101030011905BA06980E1402D906719B
S21404B0E001B804A800C0A01E00A0041306986411AA
S21404B0F080DB0671029858141DBA7C7A01DB6A71EB
S21404B10000C2241F00A024111114FF3402EC00C84E
S21404B110FF24FA7608610698C20D046111380F30D0
S21404B12004611114011141100698C20D01D8087269
S21404B13003B80298D8140C4A01DB22712410112893
S21404B1401128041202300471106200C0FFFF0000D0
S21404B150213800C2204000B8FF20081241100860C1
S21404B1600698C20D01D87C7120BC1033767100BBE2
S21404B17000C1201F00A01415C021112C5112186202
S21404B1800F320E71408851140698FA184143009401
S21404B190511208651C620F320E7141115114069843
S21404B1A0FA181C6441430865513B00C1DC1E00A02C
S21404B1B01411111231100F30127100BA056101D842
S21404B1C00471114201600FD8F472311003601E300E
S21404B1D0047201B8003A087204B80298D8140298A7
S21404B1E0C41600C0384101B804118F7914717F2049
S21404B1F0692004110861303110DD06711DBA637AC6
S21404B2000698120300F830885088FF34087102EC60
S21404B210FF24F87002EC00CD1410595001440421A8
S21404B220FF22F2720F4C0095009300A000C1A81EE6
S21404B23000A0141100A030880698421B81110861F2
S21404B24002D906720298061A1CBB557B086120D9DF
S21404B25006710298F6190088A1101860069820193D
S21404B26008211415FC251EBB5C7B5D7B00C10840D1
S21404B27001B814110731FE21307608D82A7251130A
S21404B280FC23341304DB20711863FF33315B00C1E5
S21404B29010C000B81411086180490C71FF313029C0
S21404B2A054751EBB7B7B10707B7B7C7B00DD04713E
S21404B2B07D7B01BB3815EC25541300DF547104253F
S21404B2C005DF54715415211120880698EE0D00925E
S21404B2D051293E7500C1084001B8141102DB0C71F7
S21404B2E00731315B31292A760C7004DF087201615C
S21404B2F080D91E720698201900C010C000B806989F
S21404B300861B069820191411FFD9607202984C1AED
S21404B3100090009300A05415A111186110D9A672CC
S21404B320082508D8A071082510D89A7120882111FC
S21404B3300698EE0DFC255412112AF82554110C25F6
S21404B34020D80871F0255411102520290476215997
S21404B350181500920298B81907B97179811010D897
S21404B3600A711CB8447802B841781CB9747904B9D7
S21404B370677900F88110A0D808711CB9497900A033
S21404B380086002D8FA7106982019108806983E14A8
S21404B390106210DA087108211415F025541100C241
S21404B3A00020FEFF202912750698921B01D90A7206
S21404B3B0069880080698120700941CBB41100C20BF
S21404B3C00698641341110821141006986413312852
S21404B3D0441111120861FF31FF320122105210721B
S21404B3E01861181404244413042438140C701861C7
S21404B3F0214118140824081402983814404414717F
S21404B40000C1AC1E00A0141551131C630FDB0C7294
S21404B410196506980205411500A000C3784000B8D7
S21404B4203413807B06720698120706983E1408BBEF
S21404B43051140698B01A4415FC25541500C37840D8
S21404B44000B83413807B047100A002983E051CB932
S21404B45000C3A01E00A03413086308DB1A7181130E
S21404B460A0DB0671497910706979086302DB0872FB
S21404B47004B9677900F800A08111086102D9107137
S21404B4801CB97579069820191411FF3100A0FFB96C
S21404B49000A0041008211411F421081100A0811141
S21404B4A0106110310E710698201908211411F82124
S21404B4B0141100A00CB7040000000000E4B404005B
S21404B4C0010000000000000000F049020CB7040070
S21404B4D00000000008B504000100000000000000A1
S21404B4E000F049022CB504004063598F404B4C00D1
S21404B4F00B000B001A00FF7FC46100200000000050
S21404B500AEB90400000000001CB604004063598F66
S21404B510404B4C000B000B001A00FF7FC461002058
S21404B52000000000ACB9040000000000FC1F01038A
S21404B5300CB904001CC0011000F807001CC0013040
S21404B5401402080050C0010087413004244006015C
S21404B55007006200387000000000000000000003CE
S21404B5600068010F40B8244058400101FC006900FF
S21404B570804005012363E0119BC34A74F003000076
S21404B58003800000BE0A0000E04001013300000012
S21404B590F0400401590B0000640483078813C83A7A
S21404B5A090200A0028410101001E00003C410B01C6
S21404B5B000148C00141A21282E343B42495043555B
S21404B5C07698BA0C28690000010000000721286458
S21404B5D014171A002004C869A1203A093C42010144
S21404B5E029000000A080020170780300D5C0000086
S21404B5F0A8800111F0010000A88001310542CB01AA
S21404B600AC800111F0010000AC80013105228D00F0
S21404B610B080010100030002FFFFFFFFFC1F0103CF
S21404B6205CB904001CC0011000F807001CC00130FF
S21404B630F502080050C001008741300C2440060182
S21404B64007C05200000000000000000000000003D5
S21404B6500000000000000000584001016402FF00E2
S21404B660804005014B01A0089BC34A74F003000008
S21404B6700000000000000000E0400101330000006C
S21404B680F040040100000000640483078813C83AED
S21404B6909C200A0028410101031000003C410B01D4
S21404B6A00000000000000000000000000000000091
S21404B6B00000000000000000010000000000000080
S21404B6C00000000000000000000000003C420101F1
S21404B6D000000000A080020170780300D5C00000BE
S21404B6E0A8800111F0010000A88001310542CB01B9
S21404B6F0AC800111F0010000AC80013105228D0000
S21404B700B080010100030002FFFFFFFF0C400200AF
S21404B710018014007F40000020400200000000006A
S21404B7200000000030400700000000000000000099
S21404B7300000000000000000000000000000000000
S21404B740A007000050400100000000005C4002001A
S21404B7500000000000000000A840010007000000F0
S21404B760B440040000400000FF4C0000004100000C
S21404B770FF4D000008C001000000000020C00110BA
S21404B780FF00000020C001300043000024C0040075
S21404B790EC80B3034375A802000000002E020000EC
S21404B7A054C003000E2D09E654060708D1B602005D
S21404B7B064C008000430000040201006C8F2481890
S21404B7C01FE8F600BD4B721511A318051032547607
S21404B7D0980A000088C0010000000000080001016B
S21404B7E00407000018000101000000002000010109
S21404B7F0088400001C4002011000000020F9130415
S21404B8005C4005014108000001000000B007080084
S21404B810A70000000000000094400701010110305A
S21404B82050707F7F00000000000000000000000051
S21404B8300000000000000000E440010100000000D9
S21404B840EC4001017DA8D98B004102010061200073
S21404B850B75635120C410301F9541200203004295E
S21404B86088BB400024410101000000003041030170
S21404B8706406660C0C010000E853FA0068410301F4
S21404B880640483078813820000000000304203012A
S21404B890000000000000000E000000004442010109
S21404B8A0000000001080010103000000388002013F
S21404B8B0114910000100000088800101000000000A
S21404B8C09C800101EB400200B480010137000001B6
S21404B8D088000202000C00044C00000094000102E0
S21404B8E000040000D00002020E0000009002960839
S21404B8F0E40001023D094204F400010200000000D5
S21404B9001801010260005102FFFFFFFF1200000051
S21404B9106666660000000000C0B90400B0B9040002
S21404B92000000000001A9A00005A620280841E007A
S21404B9300420FE0011495002000000000000000030
S21404B940000000000000000000000000B1841E009B
S21404B95000000000000000000000000012000000CC
S21404B9606666660000000000C0B90400B0B90400B2
S21404B970000C0000001A9A00005A620280841E001E
S21404B98004200000114950020000000000000000DE
S21404B990000000000000000000000000B1841E004B
S21404B9A00000000000000000000000000504000085
S21404B9B0E1190000E119000000000000000000008A
S21404B9C0193F0106041001000001010600102700BB
S21404B9D0000900000000000000000000D1AF0100D4
S21404B9E081AF01008DAF01007DB0010033860300F6
S21404B9F0CD8B0300D18B0300D58B0300D98B0300BA
S21404BA00DD8B03000001030464EE01001000000057
S21404BA1024E101001A00000079EB01001100000087
S21404BA2075E401001100000063E511000400000045
S21404BA3023E111000400000025E1010008000000D5
S21404BA4026E101000A00000027E1010002000000D0
S21404BA500000000000000000C8BB0400B7BB0400E0
S21404BA6000000000C9BB0400EF7E040000000000D4
S21404BA70E97E0400EB7E040000000000ED7E040076
S21404BA8095BB0400DEBB0400F07E0400EA7E0400DE
S21404BA9000000000EE7E0400ACBA0400E77E04005A
S21404BAA0E87E0400EC7E0400E67E04000002030444
S21404BAB00508090A0B0001020304051D2000B40151
S21404BAC008020200AA00FFFFFFFFFFFFFFFFFFFFC1
S21404BAD0CDED0200050D0200713C0200F1200300CA
S21404BAE0813F0200FF9203000193030003930300C7
S21404BAF005930300B9B70200298D0200D1D40200D1
S21404BB008D1A0300912C0200FB920300B5910200EB
S21404BB10410B0300A51D0200FD920300AF7B03004A
S21404BB209D2402005750030000000000001300008C
S21404BB3000000000000000000000000001000000FB
S21404BB409D9502000200000075A403000300000097
S21404BB50F594020004000000EFA3030005000000B3
S21404BB609594020000000000000000000023001B63
S21404BB702200FF00000000000C0902020000000082
S21404BB801C1A0B0303FF06080402020204020A0B33
S21404BB90030302030480FF0204FF010101010800FD
S21404BBA0000000000000005A6967426565416C6C3D
S21404BBB069616E6365303980000018381030000003
S21404BBC0000000008F8E8C8081815A69674265650B
S21404BBD0416C6C69616E6365303906080C10800030
S20C04BBE0F490FB7F0100000055
S21004BBE8F4BB0400405E0020B70100001F
S21404BBF40000000000000000FFFF00000100000039
S21404BC040000000000000000000000000000000027
S21404BC140000000000000000000000000000000017
S21404BC240000000000000000000000000000000007
S21404BC3400000000000000000000000000000000F7
S21404BC4400000000000000000000000000000000E7
S21404BC5400000000000000000000000000000000D7
S21404BC6400000000000000000000000000000000C7
S21404BC7400000000000000000000000000000000B7
S21404BC8400000000000000000000000000000000A7
S21404BC940000000000000000000000000000000097
S21404BCA40000000000000000000000000000000087
S21404BCB40000000000000000000000000000000077
S21404BCC40000000000000000000000000000000067
S21404BCD40000000000000000000000000000000057
S21404BCE40000000000000000000000000001000046
S21404BCF40000F001080000000810002001002301E1
S21404BD0404000000101000200600300101000000AA
S21404BD1414100020B72D03000000000000000000EB
S21404BD240000000000000000000000000000000006
S21404BD34000000000000000000000000FFFFFFFFFA
S21404BD44C0EA2101C0EA21010080000000F0490293
S21404BD54A45F002000600B0000800000082E002072
S21404BD64C8000000FE000000000000007471040017
S21404BD7418100020FFFFFFFF2475040033000000A2
S21404BD8461DF00003300000029550300BAF2030003
S21404BD94BEF20300CBF20300D8F20300E5F203007C
S21404BDA4F2F2030005F3030017F3030024F303007D
S21404BDB431F303003EF3030053F3030066F3030076
S21404BDC478F303008DF303009CF30300ADF3030040
S21404BDD4BCF30300CCF30300D8F30300E5F3030039
S21404BDE4F5F3030007F4030016F4030025F4030034
S21404BDF42EF4030043F4030058F403006DF4030024
S21404BE048DF403009BF40300BAF40300D5F4030092
S21404BE14E8F40300F5F403000AF5030019F5030037
S21404BE2428F503003AF503004CF503005FF5030018
S21404BE3472F5030088F50300000000000F000000FC
S21404BE44FF000000000000000000000000000000E6
S21404BE5400000000000000000000000000000000D5
S21404BE640030E70400C81803D8FD0300DDFD030012
S21404BE740AFE030035FE030063FE030091FE03007E
S21404BE84C0FE0300EDFE03001DFF03004DFF030088
S21404BE949DFF0300FFFFFFFF005C2605F060002003
S21404BEA406000000E095040000000000E83D0020C1
S21404BEB40000000000000000587F04002445002011
S21404BEC414610020E4470020266F040006000000E6
S21404BED4000000000000000000000000409604007B
S21404BEE458960400316F040092280400FE000000F3
S21404BEF44461002000000000F44700205C48002051
S21404BF04C4480020000000000000000000000000F8
S21404BF140000000000000000000000000000000014
S21404BF240000000000000000000000000000000004
S21404BF3400000000000000000000000000000000F4
S21404BF44C58103002C980400FFFFFFFF0985030046
S21404BF5405850300FFFFFFFF0D850300FFFFFFFFBA
S21404BF64FDDA0100FFFFFFFFFFFFFFFFFFFFFFFFF8
S21404BF74FFFFFFFFFFFFFFFFFFFFFFFF00000000C0
S21404BF8420A10700000000004DC7030000000000C5
S21404BF940000000000000000000000000000000094
S21404BFA4000000000000000000000000044E002012
S21404BFB4F9020200891C0200922804000000000012
S21404BFC4000000000000000000000000044E0020F2
S21404BFD491090200000000009228040000000000FA
S21404BFE4000000000000000000000000044E0020D2
S21404BFF4D5130200891C02009228040000000000E5
S21404C0040000000000000000000000001E70040091
S21404C014044E00202D210200000000009228040093
S21404C0240000000000000000000000000000000003
S21404C034044E0020B13502000000000092280400DB
S21404C04400000000000000000000000000000000E3
S21404C054044E0020213B0200000000009228040045
S21404C06400000000000000000000000000000000C3
S21404C074044E00201D500200000000009228040014
S21404C08400000000000000000000000000000000A3
S21404C094B80B0000044E00208D550200000000007A
S21404C0A492280400000000000000000000000000C5
S21404C0B400000000044E0020ED60020000000000B2
S21404C0C492280400000000000000000000000000A5
S21404C0D400000000044E0020B162020000000000CC
S21404C0E49228040000000000000000000000000085
S21404C0F400000000044E0020F7990300000000002E
S21404C1049228040000000000000000000000000064
S21404C11400000000044E0020D9680200000000005D
S21404C1249228040000000000000000000000000044
S21404C13400000000044E0020496F020000000000C6
S21404C1449228040000000000000000000000000024
S21404C15400000000044E002079A60300000000003E
S21404C1649228040000000000000000000000000004
S21404C17400000000044E002081D4020000000000E9
S21404C18492280400000000000000000000000000E4
S21404C19400000000044E0020F1EC02000000000041
S21404C1A492280400000000000000000000000000C4
S21404C1B40000000081AF0300044E0020FD1A0300B3
S21404C1C4891C0200922804000000000000000000FD
S21404C1D40000000000000000044E0020C1210300FB
S21404C1E40000000092280400000000000000000084
S21404C1F40000000000000000FFFFCEFAEFBEFFFFC1
S21404C204FDFFFDFF2C01001E2C01400680001027B4
S21404C214FFFF04F8FFFF0C000000000000004000CD
S21404C224FDFF2C019C000000FFFFFDFFFFFFFFFF46
S21404C23460EA8000800010C1CDAB01FFFFFFFFFF62
S21404C244FFFFFFFFFFFFFFFFFFFFFFFFFFFFFFFFF1
S21404C254FFFFFFFFFFFFFFFFFFFFFF01FF05FFFFD9
S21404C264FF0101FFFF0201FFFF640250FF0F0102FA
S21404C27408031E0605021601010A0C05200705100C
S21404C28410010F080410010601010104FF03010153
S21404C294FF0C01FF405AB47F0150403000FFFFFFFB
S21404C2A40B03FF050B0101FF03010305020201FF53
S21404C2B4FFFFFFFFFFFFFF010102FFFFFF40FF0137
S21004C2C401000000B54C00008D4C00008A
S804006CF19E
