S01B00006275696C642F72656C656173652F7A69676265652E73333714
S21400400008100020016D000045B00000A530030038
S214004010A53003004DB0000055B00000A5300300E9
S214004020A5300300A5300300A5300300A53003002B
S21400403059B00000F8700400A5300300A530030056
S214004040A5300300A5300300A53003001968000062
S214004050A5300300A5300300A5300300A5300300FB
S214004060A5300300A53003005DB50000A5300300B1
S214004070A5300300A5300300A5300300A5300300DB
S214004080A5300300A5300300A5300300A5300300CB
S214004090A5300300A5300300A5300300A5300300BB
S2140040A0A5300300697000004D700000A5300300C5
S2140040B0A5300300A5300300A5300300FDFF010076
S2140040C0C38B0300BF8B030061F70100D98B03008D
S2140040D0C78B0300BDFF0100CB8B0300F1E301009B
S2140040E03D000200A5300300A5300300A530030004
S2140040F0A5300300A5300300A5300300A53003005B
S214004100A5300300A5300300A5300300A53003004A
S214004110A5300300A5300300A5300300A53003003A
S214004120A5300300A5300300A5300300A53003002A
S208004130A5300300AE
S214004134F0B5114A114C124E00F00105E3695F0711
S21400414413D40DB9334213D103EA00078F4207D1C3
S2140041540B4A1A40002A14BF6FF001000020F0BD7D
S214004164013AEBD16FF00200F9E74FF0FF30F6E7C3
S2140041746FF00100F3E700BF80969800000003503C
S214004184020001000B4B70B5D96911F480310DD1D2
S21400419401244FF48072084E084DF46020462C64C7
S2140041A41A61FFF7C5FF3464EC6070BD6FF0010060
S2140041B4FBE700BF0000035000100350002003502C
S2140041C438B541F6713301220C4C0021E569E363EE
S2140041D40B4B05F48035DA600223606121202361ED
S2140041E4FFF7A6FF10B92120FFF7A2FF0122054B17
S2140041F4DA600DB10023E36338BD00BF000003504E
S214004204001003500020035070B5134C6061E3693E
S2140042145B071ED40E4656F8043B8D18A361AE42C7
S2140042240BD10423002121202361FFF781FF58B915
S214004234BDE870402120FFF77BBF08210846FFF742
S21400424477FF10B10423236170BD56F8043BA361C5
S214004254E5E74FF0FF30F7E7000003502DE9F84399
S214004264174B1646DA69894602F4803841F67132ED
S214004274DA630122074603F58053124DDA6066B905
S21400428430460122104BDA60B8F1000F03D000224A
S214004294A3F50053DA63BDE8F88307F500542C4011
S2140042A4E41BB44228BF3446494622463846FFF744
S2140042B4ABFF0028E5D12744A144361BDFE700BF47
S2100042C40000035000E0FFFF0020035045
S2140042D02DE9F04F4FF0FD0BC9B09A460DF11B09C2
S2140042E09DF8503108AFCDF80C90CDF808B0019786
S2140042F0059303890446009383790E4690464188C9
S2140043008288407810F086FB054650B10090A3885E
S214004310002062883C4910F0BDFE284649B0BDE842
S214004320F08F99F8000031F088FF38B12846A3884E
S2140043306288364910F0AEFE8D25EEE75A463946BD
S21400434099F8000031F021FF8346002855D0529B93
S2140043501BB1BDF84C3198424FD8002399F8009015
S2140043600793A9F14102012A5FFA8BFC36D838463A
S2140043700CF1FF3C5FFA8CFE254ADFF89CC07345C3
S21400438025DB059B07A94FF0040C0A6043BB1823E6
S2140043909FED1B7B5E431F486246831908363044F8
S2140043A083ED027B15F070FCB8F1000F01D088F8A1
S2140043B00090BAF1000F01D0AAF800B0529B002B73
S2140043C0ABD05A463946184615F05EFCA5E710F8FD
S2140043D0011F013351400CFB01F2D0E7059B3BB1B6
S2140043E023464A466146384600960EF063FB94E73D
S2140043F0BCF1080FD8D83946C9E701258DE700BFBC
S2140044000000000000000000541B0400891B04008C
S214004410C59D1C8180100020930100010000000053
S2140044202DE9F04F93B0CDE90A32DDE91C630E9317
S21400443053EC102BCDE90801104619468DED060BFE
S2140044401E9D14F0F7FD80B1DDE906014FF0FF3246
S214004450C74B14F017FE40B9DDE906014FF0FF32F6
S2140044606FF4801314F0F0FD70B1DDE908019DEDE6
S214004470060B0E9B1E95CDE91C63DDE90A3213B0D0
S214004480BDE8F04F00F08CB90022DDE906010023FC
S21400449014F0DAFD002800F03781DDE906A303F109
S2140044A0004BCBF30A5015F48063A0F2FF3008BF30
S2140044B006260F9314F0ECFA9DA3D3E9002314F01C
S2140044C051FB9DA3D3E9002314F096F9CBF3130414
S2140044D0894644F07F5180460022A64B504641F460
S2140044E0401114F087F996A3D3E9002314F03AFBA1
S2140044F002460B464046494614F07EF914F0CCFDC1
S214004500044614F0C5FA90A3D3E9002380468946F2
S21400451014F028FB0022984B14F06EF914F0BCFD42
S2140045208BA3D3E9002307464946404614F01AFBFE
S21400453080463846894614F0ABFA87A3D3E90023B1
S21400454014F010FB02460B464046494614F052F95A
S21400455002460B46CDE90C2314F004FBDDE90C23E0
S214004560804689461046194614F046F90022CDE9E1
S2140045701001824B4046494614F01EFC0022804B38
S21400458014F03AF902460B464046494614F014FC2D
S21400459000227C4B14F030F902460B464046494652
S2140045A014F00AFCDDE90C238046894600204FF013
S2140045B0804114F01FF902460B464046494614F067
S2140045C01BF902460B46DDE9100114F0F5FB07F275
S2140045D0FF3700226C4B14F00FF900223B0514F055
S2140045E0C1FA52465B468046894614F04BFD0028C9
S2140045F040F08D80CDE90C8904F16303C62B8CBF97
S2140046000527042729051FD555A3D3E900235046BF
S214004610594614F02DFD002800F0838052A3D3E9FC
S21400462000235046594614F00FFD002879D0A642C4
S214004630D8BF00244FF00007C4BF341B04F1FF347A
S21400464026463C4645F480650E9B9F422CBF4FF0A5
S2140046500008A3EB070815F0020903D0002F18BFC7
S2140046604FF000083CB1DDE90C235046594614F0E3
S214004670A3FB82468B46DDE906010022002314F0E8
S214004680E3FC10B10BF100439B46DDE9080125F47D
S2140046900063CDE90183DDE90A324BEC10AB0096EE
S2140046A000F07EF802465FB3DDE9091315F0200F2F
S2140046B0089E00F101050CBF65204520B047DDE9E6
S2140046C008010523002205930A23002CCDE90232B7
S2140046D007F1FF374FEAD473B8BF64422A46019306
S2140046E004970A9B009433F0E4FB0246B9F1000FEE
S2140046F006D00B9BC41A0B9B1A190E9BA34245D8D7
S214004700104613B0BDE8F08FDDE906ABC9E600221F
S214004710404649461A4B14F04FFB013CCDE90C01CC
S2140047206AE7002E90D00F9B002B8DD0013E8BE7C2
S214004730FB799F501344D33FB3C8608B288AC63F8B
S21400474061436F63A787D23F71A379094F930A40ED
S2140047501655B5BBB16B0240EF39FAFE422EE63F66
S2140047602D431CEBE2361A3F0000000080842E41E9
S214004770FFFFEF7F0000F83F0000E03F00002C4006
S21400478000002440000018400000F03F2020DDE933
S2140047900913089DA8470134ADE700BF00000000DC
S2140047A02DE9F04F5BEC10AB97B0CDE90501DDE9E4
S2140047B02048CDE90723504652465B465946229F7D
S2140047C014F038FC70B90323CDE902870193A44B9B
S2140047D00093DDE90501DDE9072333F09CFA17B005
S2140047E0BDE8F08F4FF0FF326FF480135046594605
S2140047F014F02AFC28B10423CDE902870193994BD3
S214004800E6E74FF0FF3250465946974B14F03AFC15
S21400481050B178074CBF04220322CDE902874CBF73
S214004820924B934B0192D3E7504689A3D3E90023DA
S214004830594614F027FC38B987A3D3E9002350461D
S214004840594614F001FC68B1DDE90723DDE90501EE
S2140048504BEC10ABCDE92187209417B0BDE8F04FA4
S214004860FFF7DEBD002200235046594614F0ECFB4D
S214004870B8B15B4652460020002113F0BBFF01236F
S21400488082468B46099317F4806F08BF06243021B2
S21400489023460EAAA4F12009092B04D89946E41A47
S2140048A007E00990EFE7013B4B4502F8011BF3D107
S2140048B020245946504614F0EFFB6E4B054603EB9A
S2140048C0C90393ED007B8DED0A7B14F0E1F80246F8
S2140048D00B465046594613F08DFFDDE90A2314F0C7
S2140048E041F902460B46CDE90C2314F0FDFB0646C3
S2140048F014F0BEF802460B46DDE90C0113F07AFF11
S21400490002460B46CDE90C2300225B4B14F0BAFBA3
S214004910B8B10136304614F0ABF802460B46DDE976
S2140049200A0114F09BFB08B100260135B9F1000F0F
S21400493014D00A210EAB1A19202C40D13022A144E3
S21400494050E00022DDE90C014B4B14F07DFB002803
S214004950ECD10EB1F107E9D50136E7E7284614F0A9
S21400496097F802460B465046594613F043FF00227E
S214004970414B14F069FB10B9013525F001050A21F9
S2140049800EAB1A19202C0AD095FBF1F001FB10553E
S214004990303502F8015B013405460028F2D107F0F5
S2140049A00302012A38D1B8F1000F35D0099A12B99E
S2140049B017F00C0F01D008F1FF38302223E0B6FBC9
S2140049C0F1F001FB1063092E03F1300309F1FF3902
S2140049D004F1010402F8013BB0D90646ACE70EA983
S2140049E00A551C46202CCAD04C4504F10103F6D1CA
S2140049F004F158020DEB02042E2204F8202C1C466B
S214004A00BDE71A550134A04506D9202CF9D1CDE9C9
S214004A10028701940EABDBE6202CF8D0099B3BB155
S214004A202D2204F158036B4403F8202C0134EEE7E2
S214004A307A0704D504F158032B226B44F4E73B07AE
S214004A40E5D504F1580320226B44EDE7AFF3008070
S214004A500000000065CDCD410000000065CDCDC151
S214004A60A6380400AA380400FFFFEF7F9D38040034
S214004A70A2380400E07E04000000E03F00000000D2
S214004A8070B58EB02C22002103A814F05FFF6423BB
S214004A904FF002320893CDE905230B2301218DF850
S214004AA034305B4B8DF810101D880D4040F0A98007
S214004AB0084637F0BBFC0A22564B574C1A704FF488
S214004AC02873ADF812304FF0FF332360534B544930
S214004AD01B8820460B82534B534A1B68CD828B6142
S214004AE0524B0D621B884B82514B1B68CB611BF0EF
S214004AF01BFB20B14FF41B714E4838F0D5FD052145
S214004B00206833F0BFFB20B140F27D21494838F0E1
S214004B10CBFD206813F02AFE474B2068196833F057
S214004B2074FC0C2538F0EAF86843099038F0E6F88B
S214004B3068430DEB05010790206815F049FD20B18C
S214004B4040F295213B4838F0AFFD25681DF096FEF3
S214004B5000220146284633F0D0FC20B140F29721CF
S214004B60344838F0A1FD40F20353344D344E2B80C8
S214004B70052396F90000AB707F2801D11BF0CAFB15
S214004B803378EB7038F0BAF800EB80008000A8802D
S214004B9038F0B4F80023C0004FF0FF31E880AB6077
S214004BA04FF0FF3018A3D3E9002337F091FD2549D5
S214004BB0206833F05BFC206802A934F077F820B157
S214004BC04FF434711B4838F06FFD042220680DEB5B
S214004BD0020133F0EFFB042804D040F2D721154839
S214004BE038F062FD01A9012032F0FAFF06F06EFAF5
S214004BF001201CF021F82EF0CEFF1CF047F81BF029
S214004C0021FB0EB070BD00BF0A0020FF420300006B
S214004C1006550020A05B0020384D002012980400A6
S214004C20D86100201898040055C4030010980400AA
S214004C3014980400D56F0400C85F00202C4D002097
S214004C40E7640020C9C403000348044B834202D033
S214004C50034B03B1184770471C6500201C650020F5
S214004C6000000000064B0749C91A891048BF0131E9
S214004C70491003D0044B0BB101481847704700BFDA
S214004C801C6500201C6500200000000010B5064CC6
S214004C90237843B9FFF7D8FF044B13B10448AFF3AA
S214004CA000800123237010BD68160020000000005D
S214004CB0B8BB040008B5044B1BB104490448AFF365
S214004CC00080BDE80840CDE7000000006C1600201C
S214004CD0B8BB0400A3F5803A704700BF154B002B05
S214004CE008BF114B9D46FFF7F5FF00218B460F4688
S214004CF01148124A121A14F029FE0C4B002B00D051
S214004D0098470B4B002B00D098470020002104004A
S214004D100D000B4815F00EF914F0F0FD20002900E8
S214004D202EF03FF815F0F4F8000008000000000030
S214004D30000000000810002008100020045C00207E
S214004D40419F010038B500F017FF012805D000F09C
S214004D5013FF022801D000F027FF064D2B783BB941
S214004D6000F00AFF0128044602D12EF011F82C703C
S214004D7038BD00BFF255002070B50C46088800F01C
S214004D80E5FC94F844300546834214D004F11C0632
S214004D9030462DF099FF84F844502DF099FF3221CB
S214004DA0A06430462DF08BFF94F844100248BDE80E
S214004DB0704013F013BC70BDE8DA030010B504466B
S214004DC0008800F0C3FCA37884F84400834202BF46
S214004DD00123E3702371074B04F11C00C4E9073478
S214004DE000F0AAFD224620880349BDE8104000F0E6
S214004DF0BFBC00BFBB2A0300794D000070B5C37866
S214004E0004460D461646002B33D1C1B1204813F098
S214004E10E5FBE36CA6600BB1E06D9847E368F61A15
S214004E2063699E4222D2217E1A480131C9B2217698
S214004E3013F0D4FBA36D13B1217EE06D9847E570A7
S214004E402DF046FF15B3237903BB238AF3B1A2687E
S214004E50801A83421AD201230F48237113F0BEFB37
S214004E60236D9BB1E06DBDE87040184701232376A3
S214004E70E5E70029E3D1094813F0B0FB636DE6606F
S214004E802571002BDBD0E06D9847D8E770BD00BFDA
S214004E9005DB030016DB030044DB030031DB030005
S214004EA0F8B51E46838804460D4617460BB1868025
S214004EB0F8BD817800882DF021FE0123E370084BB1
S214004EC0E5802781A680C4E903340C34204600F030
S214004ED033FD29462046BDE8F8402DF0F0BE00BF61
S214004EE0072B0300816810B5B1FA81F10446490921
S214004EF000882DF07AFEA168A088B1FA81F14909F0
S214004F002DF073FE034B1A68A24204BF00221A60FB
S214004F1010BD00BF8416002010B5044601460448A4
S214004F2013F05CFB2046BDE81040FFF7DBBF00BF78
S214004F305ADB030070B50446D0E90030E2680F4E35
S214004F40002A18BF1846336804F1100513B10C4B3D
S214004F501B7863B1217A80B22DF047FE7D21094B84
S214004F60346023612846BDE870402DF0A8BE064890
S214004F7013F034FB054B32212361F3E7841600203F
S214004F80F3550020194F000073DB0300914F00001B
S214004F9010B50446034813F021FB2046BDE8104038
S214004FA0FFF7C8BFA9DB030010B50446E0B10F4801
S214004FB013F014FB0123E360636853B9217A208859
S214004FC02DF013FEA36B7BB1E06B0121BDE8104012
S214004FD018472046FFF786FF04F110002DF074FEF8
S214004FE02046FFF7A7FFEDE710BD00BFBFDB0300BD
S214004FF010B5044630B3144813F0F0FAA1682088C0
S214005000B1FA81F149092DF0F0FD0023E3606368F1
S2140050106BB9A1682088B1FA81F149092DF0E5FD48
S214005020A36B7BB1E06B0021BDE81040184720461B
S214005030FFF758FF04F110002DF046FE2046FFF75C
S21400504079FFEDE710BD00BFCADB030010B50446CC
S21400505068B1074813F0C2FAE36820461BB1BDE802
S2140050601040FFF7C5BFBDE81040FFF79DBF10BD5D
S214005070D6DB030010B50E4C0E48214613F0AEFAF0
S21400508082210D4813F0AAFA82210220A21E00F007
S21400509009FC014630B134F8022C0848BDE810403F
S2140050A013F09CBA0648BDE8104013F097BA00BF4C
S2140050B08A4E0020E5DB030000DC03000BDC030067
S2140050C04FDC030038B5124C82212246022000F045
S2140050D0D9FBA51C014698B122880E4813F07EFA2B
S2140050E02A460D4B03F1240153F8040B8B4242F879
S2140050F0040BF9D119889B7811809370262323809E
S21400510035F8021C054A0648BDE8384013F066BA72
S214005110884E00205ADC0300DADC03008A4E0020AA
S214005120B8DC030010B504460146074813F056FAEB
S214005130012C064803D1BDE810402DF03CBDBDE86B
S21400514010402DF03ABD00BF01DD03002C5F0020AB
S21400515070B50024184D194E3378A34217DC00248E
S214005160174D184E3378A34217DC0024164D174E01
S2140051703378A34217DC00F0FFFC0128144818D14E
S2140051802DF019FDBDE87040124800F007BD284616
S214005190FFF714FE01346035DEE728462DF0F1FCFB
S2140051A001343435DEE728462DF024FD0134403541
S2140051B0DEE72DF002FDE5E74C1D0020F755002048
S2140051C02C1F0020F85500200C1C0020F65500204F
S2140051D02C5F0020255100002DE9F04FDFF85883A2
S2140051E085B0FFF76FFF03A8CDF80C802DF026FDE5
S2140051F0054614F027FABF4CC2B21F2A627004D9C3
S214005200BD4813F0EBF900F04FFA2946A01C14F045
S2140052103BFD03A82DF012FD054614F013FAC2B2AA
S2140052201F2A84F8212001D9B448EAE7294604F168
S214005230220014F029FD03A82DF000FD00260446E8
S214005240AF4FDFF8F8922578002D55D1DFF8F092B1
S214005250AC4FFFF77DFF99F800203978AA4813F085
S214005260BDF999F800303E78DFF8A4B21E44F6B2D5
S214005270012E38BF01265B46DA464FF482714FF6A0
S214005280FF720135B5421D7059809A8003F10C03F8
S214005290F7DB0C259D4C9E499648CAF8084000F05E
S2140052A027FDDAF808309AF8070005FB003000F012
S2140052B037FB9AF80730974801338AF807300023FF
S2140052C03A789A4200F3718100254FF00C0B924B0E
S2140052D099F80020AA4200F37B8131468C4800F002
S2140052E08DFB039B43451A4640F08C818B4805B0E6
S2140052F0BDE8F04F13F072B9532D0FD163784C2BE5
S21400530040F0C780A378502B40F0C3800122844B26
S2140053101A7003A82DF092FC044694E7423D112D26
S214005320F7D801A353F825F08B5300001353000061
S21400533013530000135300001353000013530000D0
S21400534013530000115400001353000013530000C1
S214005350C5530000715300001353000013530000A0
S21400536013530000135300004555000093540000EB
S214005370644B012019780023664A994202F1A40280
S214005380C7DD02F8A20C0133F7E7601C00F062FAF2
S2140053900546E01C2DF06FFC01210246284600F071
S2140053A08FF960223B785F485A43811885524FF444
S2140053B0FA620A824FF448724A615B4A01330A6510
S2140053C03B70A6E7601C00F045FA00224FF0340B55
S2140053D08246564E114600F073F93378544D0BFB57
S2140053E003F325F803A0E818E378693B18BF012308
S2140053F083702DF0C6FB00214E4A337851600121A0
S2140054000BFB03550B44337015600E46117480E792
S214005410601C00F01FFA00221146834600F050F987
S2140054203422424DDFF808A12B7853432AF803B004
S2140054300AEB0300E378693B18BF012383702DF065
S214005440A0FB3549002308468A6BC2B93C2202FB02
S214005450030034222B7802FB03A383635EB9354A2C
S2140054603346114652F8040B78B934202A7800FBEC
S21400547002A241F823202B7801332B7049E7013331
S214005480042B01F13C01DFD1E8E70133042BE9D11D
S214005490F1E7601C00F0DEF90546E01C2DF0EBFBA2
S2140054A001210246284600F00BF9602339781D4A90
S2140054B04B43D418D5524FF44873A420114D238281
S2140054C063612B78DFF84CC058430CEB00020CF8F5
S2140054D000304FF40070508003201071907132201D
S2140054E00133DBB201315371946082F8A000397049
S2140054F0C3E700BF4C5E002020DD030037DD03005D
S214005500F7550020F555002047DD03000017002062
S2140055108816002070190020801800207CDD03000B
S214005520F35500204C1D0020272C0300F8550020C2
S2140055302C1F00202C5F00208A4E0020F6550020ED
S214005540F4550020601C00F085F9002282461146C2
S21400555000F0B6F899F800302F4D990145F801A0F3
S214005560012105EB83129160E27862B1E01C00F045
S21400557071F900220446114600F0A2F899F80030AE
S21400558005EB831254603C212448254C027805EB39
S21400559083155143013304EB010C62540132CCF8FD
S2140055A0345089F800300270B3E62BB11BF8052C96
S2140055B005FB0244CBF8084059460193009000F0E2
S2140055C019FF019B00980133A4300BF10C0B77E612
S2140055D03978184629444A1E0BFB02A2D2790BFBE7
S2140055E001A10BFB024400938C6000F011FD39789A
S2140055F00C4829440BFB01A100F068FC009B013518
S2140056003C3365E613F8011D00297FF46BAE3B21A1
S21400561002F8011C66E600BF0C1C0020F4550020B2
S21400562080180020001C002007B5022101200DF183
S214005630060200F027F938B9044812F0CFFFBDF88B
S214005640060003B05DF804FB0020FAE799DD0300CE
S21400565007B50221ADF806000DF10602012000F0A4
S21400566021F9014610B1034812F0B8FF03B05DF807
S21400567004FB00BFBADD030010B5FFF7D5FF0446F4
S2140056800146074812F0AAFF0121064812F0A6FFBD
S21400569024B9BDE810400120FFF7DABF10BD00BFF7
S2140056A0EADD0300FCDD030008B5044812F096FFAF
S2140056B000F008F92DF0F9FA2DF0F4FA12DE0300E6
S2140056C00B460E4910B40446087808B90120087045
S2140056D00B48210A405CE1B273B1012A04D0032AC8
S2140056E008D00023012201E0134602225DF8044B95
S2140056F003F01EBF0023F8E70422F7E7FA55002060
S214005700DA7004003021074A030AD35C01224B43B7
S21400571041F21001C0B203F1A043824003F570339A
S2140057205A507047DA7004003021074A030AD35CE7
S21400573001224B4342F21001C0B203F1A043824063
S21400574003F570335A507047DA700400064A030AAD
S214005750D25C30235A43054BC0B29B5823FA00F064
S21400576000F00100704700BFDA70040014C0035058
S2140057702DE9F04F304B0646187885B008B9012061
S21400578018702E4C23783BB9CDE902122DF098FC08
S214005790DDE90212012323702948330AC75C00247E
S2140057A03020284D5FFA86F800FB04F315F803C096
S2140057B0BCF1000F38D101205FFA84F9E8544FF0AD
S2140057C0300B0BFB04F005EB000A1030CAE902129E
S2140057D028441D49AAF8026008F08AFB414638466C
S2140057E003F0E6FE022825D10BFB07FB174B53F808
S2140057F00B3023FA08F313F0010F14BF0122032223
S214005800302303FB045348461A71114952462DF0C3
S21400581059FC01234A4641463846CDE9003303F099
S21400582041FE05B0BDE8F08F0134102CBCD1FF243A
S214005830A146C4E70022E3E7FA550020F955002008
S214005840DA70040030200020572C030010C00350EC
S214005850692C030080B10278A2F14103032B0BD818
S21400586040783038C0B2082806D8054B134413F8E1
S214005870413C40EA032070474FF6FF70704700BF78
S214005880DA70040008B50B4642B1014604480068C9
S21400589002F0CCFCBDE808402DF0FEB9022008BDA1
S2140058A0C05F002008B50B4642B1014604480068B8
S2140058B002F048FEBDE808402DF0EEB9022008BD13
S2140058C0C05F00202DE9F0414FF000088CB0134F68
S2140058D002AEFF2300930A224346314638682DF075
S2140058E008FFC0B1354606EB800405E055F8043BDA
S2140058F0434528BF03F10108AC423868E9D9296856
S21400590002F0A8FF0028F1D02D28EFD00CB0BDE89B
S214005910F0412DF0C1B90CB0BDE8F081C05F0020A9
S21400592028B1034B0360034B43600023836070473A
S21400593019000003405F0020FF2307B50021044A3A
S2140059400093083008F056FA03B05DF804FB00BF79
S214005950B92C03000B460449024608680349097837
S21400596008B12DF0BCB9704738230020FC55002044
S214005970F8B50C4618B122210E4837F095FE24687B
S21400598023685E795F8830463946FFF7E3FF08B93B
S2140059908120F8BD8568002DFAD0A368E27C3046E9
S2140059A0F9B2A84704460028F2D131F094F920460F
S2140059B0EFE700BF1FDE0300F8B515460D4A0446A4
S2140059C010680D4A0B46117850B122462DF087F923
S2140059D0034628B100210C27C678B14201DB00201F
S2140059E0F8BD07FB01F45A681019125BAA42F7D0FB
S2140059F00131F2E738230020FC5500202DE9F74F4F
S214005A0004460D460026444B444F1860444B19701C
S214005A1033010021F85C01360EF068FE0C2EF7D13B
S214005A200C2D28BF0C254FF0000901953B4EDFF8E2
S214005A30FCA03C4DDFF8F880019B4B4502DC03B030
S214005A40BDE8F08F23784FF0000B337063887380C7
S214005A50A388B380A379C6F80880B371E379C8F841
S214005A60005088F804304FF00003A768A8F8063006
S214005A70E3795B450ADC012116F8100B0EF036FEC2
S214005A8008F1080809F101090C34D5E74FF00003C6
S214005A9038886B812880F9784FF0000C2981BB7814
S214005AA0C5F804A0002B00930CBF802340232B7363
S214005AB07A680AF10C03614512DC0C2303FB01AA89
S214005AC0BB6843B1009A4FF6FF71B2FA82F2164BEA
S214005AD0520931F090F814350BF1010B0C37C7E77B
S214005AE0B2F800E00CF1010C23F80CEC92F802E09E
S214005AF00C3303F816EC92F804E00C3203F815ECBD
S214005B0012F809ECBEF1010F14BF4FF0100E4FF063
S214005B10110E03F814ECCEE7382300208C39002051
S214005B20FC5500203C290020715900003C23002031
S214005B30BC2B0020014B1860704700BF34230020A8
S214005B4070B5128805460E46FFF736FF044670B15C
S214005B5002790499806813F0A3FD064B1B680BB905
S214005B60002070BD28462288F1B29847F8E78620C4
S214005B70F7E700BF3423002008B50DF0F7FE022833
S214005B8006D0012806D0044B18784000C0B208BDE5
S214005B900120FCE70220FAE7FB550020014B1860C5
S214005BA0704700BF30230020034B1A781AB9012231
S214005BB01A7009F0FBBF7047FB5500200022064B09
S214005BC010B51A70054B1C682CB1FFF7D5FF23469D
S214005BD0BDE81040184710BDFB55002030230020BC
S214005BE037B50446002832D00DF0C0FE022830D16A
S214005BF0608931F0EBFBE079237A003818BF01208A
S214005C00012B637A08BF40F008000BB140F010008B
S214005C1063890BB140F00400257CA188A2790DB100
S214005C20E36873B90C4B0FF0BFF8217808460FF005
S214005C3037F930F0D7FE002814BF0320002003B049
S214005C4030BDCDE90035054B0FF0AEF8EDE702208C
S214005C50F5E70120F3E700BF6D28040088F803008D
S214005C60034B044A5B7C012103201370FFF71ABE26
S214005C702C5F0020FD55002010B50446FFF7F0FF0E
S214005C80B4F57F4F10D10D4B1A88134400229A703A
S214005C90FFF7F0F90A48FFF74FFEBDE810404FF453
S214005CA0967107482DF00BB84FF601739C4204D14D
S214005CB0BDE8104003482CF066BF10BD884E00209B
S214005CC0645F00202C5F002010B5074C012122469F
S214005CD00320FFF7D7FD28B92378044A003B18BFF6
S214005CE00123537410BD00BFFD5500202C5F00201B
S214005CF00822F8B535244A4B30251A7032221C711A
S214005D0031245A70DA709A714FF400125C711C726A
S214005D10444C4264C464444C01220465434C9D7068
S214005D208465434CDD71C465424C85184466424C1C
S214005D30C5678466414C424D0467424CC0F88050AB
S214005D404467202480F8784080F8844000F12104DD
S214005D50C0F888403C4C80F84820C0F88C403B4C4B
S214005D6080F85420C0F89440394C80F8602080F8C1
S214005D706C2080F89020C0F89840364CC0F8B830B8
S214005D80354BC0F8A440C0F8BC300E24022380F87F
S214005D90A84080F8C030314C314BC0F8AC40C0F859
S214005DA0C430304C304BC0F8B040C0F8C83009247E
S214005DB082232E4D80F8B44080F8CC302C7C2C4BBF
S214005DC080F89C20C0F8A000C0F8D03044B1294B21
S214005DD080F8D820C0F8D43005F11103C0F8DC30C4
S214005DE00C224FF0000CCB798F685A4327F802C07C
S214005DF0BE180122443013440C347060B270F47044
S214005E00CB71FFF761FFFFF7B7FE012806D12B7CA9
S214005E1023B1BDE8F84015482CF0B5BEF8BD00BF6C
S214005E20FE550020F270040001002000F17004000E
S214005E3002002000F070040003002000EF70040051
S214005E40050042000400420007003000EE70040027
S214005E501200100100404200FDFF2100DE70040029
S214005E60EC7004000600420000FF44012C5F002096
S214005E70884E002001FF100170B50D4606461446F8
S214005E8013460A4601460D4812F0A8FB25B92046DF
S214005E90BDE87040FFF7F0BE072D05D1214630461D
S214005EA0BDE8704000F06CBA062D05D1214630469C
S214005EB0BDE8704000F060B870BD00BF70DE030043
S214005EC00148FFF737BE00BF795E00004FF4C013ED
S214005ED030B5036001230C220371064B8C68836087
S214005EE0CB795A43A518686003480133A050CB719C
S214005EF030BD00BFF3700400040001010229024611
S214005F0008B50ED004D839B910462CF085FF06E047
S214005F104029F9D0412907D110462CF073FF002004
S214005F2008BD2CF083FFFAE7014812F057FBF6E7AE
S214005F30A3DE030008B511461A46034B53F82000AB
S214005F40FFF7DCFF002008BD1C2C0020426B094B2D
S214005F50D2681A7082785A70C2789A70826B0AB1C8
S214005F60D278DA70007804210930024AC0B2FFF70E
S214005F7099BC00BF07560020024B53F820002CF0B7
S214005F8071BF00BF1C2C002038B504460078064DB3
S214005F9009302A460421C0B2FFF774FC18B96B78A2
S214005FA0A370AB78E37038BD0756002038B50446BA
S214005FB00078164D09302A460421C0B2FFF762FC6D
S214005FC018BBA3782A78022B12D004D893B920469F
S214005FD02CF022FF01E0FF2B10D0A06BA8B1E378D5
S214005FE0022B12D1EB7863B1BDE838402CF0B1BD7E
S214005FF0002AECD120462CF005FFEEE7002AF9D166
S214006000E5E7BDE838402CF0AFBD38BD07560020A8
S214006010F8B504460B78214A0D4642F82300437033
S214006020FFF7B2FF636B1E4ADC639A632046FFF7F6
S214006030BDFF20462CF0CAFE4FF480136360042395
S2140060402372636BA06B0C33E360164BA21C2361B8
S2140060500123A261237558B1134A84F82030E26107
S214006060E21C6262114A84F82C30C31CA2622363CD
S2140060700C210627EB79AE6859430028775206EBC9
S21400608001020CBF02210421D17001219170084940
S2140060900434013354609160EB71F8BD1C2C002071
S2140060A0412E03000340300101FF300102FF1001C2
S2140060B0355F0000024641793C20084B013900FB61
S2140060C00130D378042B08D8012B04D80BB92CF058
S2140060D099BE2CF0A1BE2CF0A9BE704780180020F7
S2140060E0024641793C20084B013900FB0130D37849
S2140060F0042B08D8012B04D80BB92CF08DBE2CF03D
S21400610081BE2CF093BE70478018002030B587B053
S21400611004464579FFF730FD012822D1E2786B1E50
S214006120042A1ED8DFE802F00433031F29001046B5
S21400613063784FF480728DF804304FF48273ADF8B4
S21400614006300623ADF8083001238DF80B30002307
S2140061508DF80A0001A8CDE903238DF81430FFF767
S2140061603FFD07B030BD3C210A4A01FB03235B6BB1
S214006170D868003818BF0120DAE73C21054A01FB41
S21400618003235B6BD868B0FA80F04009D0E70020A4
S214006190CEE700BF8018002030B587B004464579AA
S2140061A0FFF7EAFC01282AD1E3786A1E042B26D8DA
S2140061B0DFE803F00C0C0C0327003C21164B01FB18
S2140061C002335B6BDB68003B18BF012362788DF8F7
S2140061D00A308DF804204FF482720123ADF80620B1
S2140061E006228DF80B30ADF8082000234FF480729D
S2140061F001A8CDE903238DF81430FFF7F1FC07B0B2
S21400620030BD3C21044B01FB02335B6BDB68B3FA09
S21400621083F35B09DAE700BF8018002010B586B06C
S2140062200446FFF7A9FC012812D16378094A8DF8C5
S21400623004304FF48273ADF806304FF48073CDE926
S2140062400223002301A804938DF81430FFF7C8FC3E
S21400625006B010BD0800070110B586B00446FFF76B
S2140062608BFC012820D16278104B8DF804204FF467
S214006270827294F8A01094F8A10059701870ADF8C6
S214006280062004934FF480720223094901A88DF872
S2140062901430CDE90212FFF7A3FC94F8A130013BBD
S2140062A018BF012384F8A13006B010BD0B5600209D
S2140062B00800050110B583780446EBB10379022B7C
S2140062C007D143793C200D4A013B00FB03202CF00C
S2140062D0ADFDA379022B02D12046FFF717FF20461B
S2140062E0FFF7BAFF02236078A4F86C305522BDE8A9
S2140062F0104012212CF015BD10BD00BF80180020E4
S2140063004388094A082113808388538083681B8A40
S214006310938090F8A03093718379D371007804301D
S214006320C0B2FFF7BFBA00BF0A4F002038B50D460F
S21400633004460178104812F051F94FF602739D4258
S2140063400CD163791BB10D4A12789A4201D201230F
S21400635063712046BDE83840FFF7D2BFB5F57F4FE2
S214006360F7D120462CF0E6FDA278A368022A0CBFDF
S214006370012200229A70ECE7B9DE0300F4550020F3
S214006380024B53F82000FFF7D1BF00BF442C00207B
S21400639038B504460078134D04302A460821C0B2AA
S2140063A0FFF770FA20B1BDE838400F4812F016B972
S2140063B02B8863806B88E978A380AA88A3681A82F2
S2140063C0AB7984F8A030EB79A37119B1074B1B7831
S2140063D08B4205D2064812F001F923780133637127
S2140063E038BD00BF0A4F0020D3DE0300F45500205E
S2140063F0FCDE0300F8B504460B784A4A0D4642F820
S21400640023004370FFF7C4FFA268474B0227D364FC
S214006410464B0C265365464BA11C1365454B464818
S214006420C2E916344FF44013E36001236161E16270
S2140064304249103221632265211D414AA163414928
S214006440626504F1A002A061E163E265E01C611DE3
S2140064503D4A206261643D483D492266A21D237480
S214006460237784F8283084F8343084F84030A164E8
S21400647084F84C7084F8583084F864306062A26601
S214006480E879AA6806FB00F104EB060E02EB010CA5
S214006490CCF804E04FF0060EDFF8C4C042F801C0A6
S2140064A0C118C9B2714342F801E002EB010C0021A9
S2140064B0CCF80410DFF8ACC084F88030C4F870C0A4
S2140064C084F89830DFF8A0C0224BC4F878C0C4F82F
S2140064D09C30DFF898C0831CDBB2C4F87CC07343E2
S2140064E0DFF88CC084F8747084F88C7004F16C0744
S2140064F0C4F884C0C4F89070DFF878C0164FC4F8AB
S21400650088C0C4F89470D71870347C60134CD4508C
S214006510C31CDBB273430826D4180430D65061601F
S214006520E871F8BD442C0020A12E0300E32E0300E2
S214006530B5620000972E03001000300101FF300105
S21400654004FF200102FF200105FF300100FF30019B
S21400655003FF2101F67004006F001800120001040A
S214006560070001084A002100F470040051001000E2
S214006570F77004005500210000239B6AB3F5804F96
S21400658003D21968064A914203D000230370836041
S2140065907047012202709A689B694260F7E700BF65
S2140065A007B0CD5E024B034A1A602EF06FB800BFEC
S2140065B00000002002020FF073B53F4B04461A7825
S2140065C01AB102221A7002B070BDCDE9002200286E
S2140065D0F9D001261E7036F075FF384D384B18601E
S2140065E016F004FE2B785BB902F0D8F940B93548AE
S2140065F00823354A3549006801F018FE00B92E70A8
S214006600334B5A68E260334A9A601A6E22605A6EBA
S2140066106260D3F87021A2601B6E5C042CD52E4AF3
S214006620D368D807FCD42D4B1A68531C29D04FF4D6
S214006630801393402A4A13660423294C4FF0804265
S21400664023664FF480632366102323664FF40053BB
S2140066506846236601A9226663662CF083FC009BCD
S2140066602366019B63662B78002BACD0164B1A680A
S21400667022665B686366A6E71A4AD368D907FCD425
S214006680D1E7194B1B78002BD6D1184B5A68144B00
S21400669012B94FF480121A66154A526812B94FF4AE
S2140066A000121A66134B5B68002BC5D14FF48002AC
S2140066B00B4B1A66C0E700BF0E5600200F56002090
S2140066C07C2C0020C05F0020802C00200071080079
S2140066D00080004455CEAC00000004408C5F0020D3
S2140066E000900044000004500D5600200080055025
S2140066F000C005500000065038B5224D04462B78E1
S214006700012B02D001232B7038BD0028FCD02CF0C2
S2140067104EFC013009D02CF04AFC40F2011398429E
S21400672003D0194AD368DB07FCD42268174B1A66D5
S21400673062685A66A268C3F87021E268D40744BF4C
S21400674000229A60124B1A68013213D1114A12784D
S21400675082B911494968C80748BF1A600F4A52688B
S214006760D10744BF01221A600D4A5268D20744BFBF
S21400677002221A6016F042FD0A4B186836F09DFE9B
S2140067800023C0E70E5600200000044000800044AE
S2140067908C5F00200D5600200080055000C005507C
S2140067A0000006507C2C002070B50024A36AB3F5C8
S2140067B0804F23D21A68134B9A421FD1124E337859
S2140067C013F0FD0518D14FF480341048FFF7F4FE9F
S2140067D0032004F027FA0E4B0320DC6004F006FAD0
S2140067E00C4B1C61AB6ADB69984704460748FFF709
S2140067F083FF0CB901233370204670BD4FF48174BB
S214006800FAE700BF07B0CD5E0D5600206C2C0020C6
S21400681000A000440090004413B5204B1B7803B939
S214006820FEE700231E4CCDE900336A4608231D49C7
S214006830206801F0FBFCF8B91B4AD2F84031D2F8C8
S21400684040211F2B4FF0010311D9203A9340019AA3
S2140068501A43019208236A461249206801F072FE24
S214006860124B134A1A602DF011FF02B010BD934070
S214006870009A1A430092EDE72D28F1D10A4AD2F881
S2140068804031D2F840211F2B4FF0010385BF203A3C
S21400689093409340019398BF0093DBE70E56002089
S2140068A0C05F002000710800008000440000002047
S2140068B00B020FF038B50025AB6A0446B3F5804FDF
S2140068C010D21B6BB3F5804F0CD20748FFF774FE4F
S2140068D0AB6A20461B6B5B689847BDE838400248A9
S2140068E0FFF70ABF38BD00BF882C002013B5002470
S2140068F0A36A0190B3F5804F13D21B6BB3F5804F9C
S2140069000FD20948FFF758FEA36A01211B6B01A8A6
S2140069109B69984704460448FFF7EEFE204602B0FF
S21400692010BD4FF48174F9E7882C002070B500265E
S214006930B36A0446B3F5804F0D4612D21B6BB3F50F
S214006940804F0ED20848FFF737FEB36A20461B6B0F
S21400695029469B69984704460348FFF7CDFE204624
S21400696070BD4FF48174FAE7882C002070B50026BD
S214006970B36A0446B3F5804F0D4612D21B6BB3F5CF
S214006980804F0ED20848FFF717FEB36A20461B6BEF
S2140069902946DB69984704460348FFF7ADFE2046C4
S2140069A070BD4FF48174FAE7882C0020F8B50027F4
S2140069B0BB6A0446B3F5804F0D46164611D21B6BD4
S2140069C07BB10948FFF7F8FDBB6A20461B6B3246D1
S2140069D029465B6A984704460348FFF78DFE204623
S2140069E0F8BD4FF40174FAE7882C002070B5002635
S2140069F0B36A0446B3F5804F0D4612D21B6BB3F54F
S214006A00804F0ED20848FFF7D7FDB36A20461B6BAF
S214006A1029469B6A984704460348FFF76DFE2046C2
S214006A2070BD4FF40174FAE7882C0020F0B50027FB
S214006A30BB6A0446B3F5804F0D461646ADF5337D6A
S214006A4020D21B6BB3F5804F1CD21048FFF7B4FD65
S214006A50BB6A20461B6B40F2C1225B6A01A99847BD
S214006A60044630B10948FFF747FE20460DF5337D52
S214006A70F0BD836A32461B6B2946DB6A01A898473D
S214006A800446EFE74FF40174EFE700BF882C0020C0
S214006A9010B50024A36AB3F5804F10D21B6BB3F574
S214006AA0804F0CD20748FFF787FDA36A1B6B1B6B52
S214006AB0984704460348FFF71FFE204610BD0124F2
S214006AC0FBE700BF882C0020F0B58FB0044601A875
S214006AD00E461546FFF7EEFE9DF80C30012B12D140
S214006AE0B5F5402F27D8B4F5402F24D86319B3F551
S214006AF0402F20D821462A46304613F0C5F80024F9
S214006B0020460FB0F0BD0027BB6AB3F5804F15D204
S214006B101B6BB3F5804F11D20A48FFF74DFDBB6AD9
S214006B202A461B6B314620465B6B98470446054851
S214006B30FFF7E2FDE4E740F20244E1E740F2011429
S214006B40DEE700BF882C0020F0B58FB0044601A811
S214006B500E461546FFF7AEFE9DF80C30012B1FD1F2
S214006B60B5F5402F06D8B4F5402F03D86319B3F512
S214006B70402F13D940F2024420460FB0F0BDE25831
S214006B80013225D104339D42F9D82A4631462046A3
S214006B902CF03DFA0028EDD00024EDE70023F2E7C4
S214006BA00027BB6AB3F5804F15D21B6BB3F5804F39
S214006BB011D20A48FFF700FDBB6A2A461B6B314616
S214006BC020469B6B984704460448FFF795FDD3E79D
S214006BD040F20344D0E740F20114CDE7882C0020B1
S214006BE070B58EB0044601A80D46FFF763FE9DF80B
S214006BF00C30012B22D144EA0503C3F30C03002B0F
S214006C0033D1B5F5402F04D940F2024420460EB0E9
S214006C1070BDB4F5402FF7D82544B5F5402FF3D80E
S214006C20204604F500542CF0EBF9AC4202D00028C4
S214006C30F6D1E9E70028E7D00024E7E70026B36AA4
S214006C40B3F5804F14D21B6BB3F5804F10D20A48B1
S214006C50FFF7B2FCB36A29461B6B2046DB6B9847EE
S214006C6004460548FFF748FDD0E740F20444CDE768
S214006C7040F20114CAE700BF882C0020BFF34F8FF4
S214006C800549064BCA6802F4E0621343CB60BFF3C3
S214006C904F8F00BFFDE700BF00ED00E00400FA05DF
S214006CA070B5D0B1C9B10E4E431E013913F8014F6D
S214006CB02046325D02F00302012A11F8012F08BFB8
S214006CC004F12000B55C05F00305012D08BF203255
S214006CD0801A01D1002CE9D170BD0120FCE700BF6D
S214006CE0019704000348044A0449121A92102CF033
S214006CF0DAB900BF34410000D0420000A05C00209A
S214006D0008B5154B83F30A8800F030F8FFF7EAFF62
S214006D10124B13498B4212D30020124B12498B425E
S214006D2018D3FDF7DBFF186850F82240586840F883
S214006D302240013298688242F5D30C33EAE70022FB
S214006D40F8E71C6844F8220001325C68A242F8D3D7
S214006D500833E4E70022F8E708000020C0BB040080
S214006D60CCBB0400CCBB0400CCBB0400124B134AC3
S214006D7070B59A60D3F88820114D42F47002C3F8BB
S214006D8088206FF0010205F50054226641F2FF727A
S214006D9062660222C3F8D020BFF34F8FBFF36F8F17
S214006DA04FF44036032003F03DFF0320E66003F077
S214006DB01DFF2E6170BD00BF00ED00E0004000002A
S214006DC000800044014B1860704700BF945F0020AD
S214006DD0054B1860054B1B6F03F00703032B01D10F
S214006DE034F024BC704700BF9C5F00200080005039
S214006DF02DE9F04104464FF001080C250D4E0CB964
S214006E00BDE8F08194FAA4F0B0FA80F00F2808FAF2
S214006E1000F2C8BF103824EA0204CABF05FB0062AD
S214006E2005FB0062B4325768002FE8D09168C0B204
S214006E30B847E4E7982C002008B50C4836F0E0FB8D
S214006E40192003F0E1FE28B1192003F0EBFE19200B
S214006E5003F0CCFE1A2003F0D7FE28B11A2003F068
S214006E60E1FE1A2003F0C2FE002008BD54730400A1
S214006E702DE9F0410E461746054618B30F2923D8CC
S214006E800378DBB1013BDBB2022B19D8104AD35C86
S214006E906A78D340DB0717D50E4BD3F81043ACB94E
S214006EA036F010FB80463A462846314602F03AFC59
S214006EB0404636F002FB2046BDE8F0817F23E7E738
S214006EC00023E5E72224F6E72124F4E70224F2E78C
S214006ED04871040000C0035010B5044610B3037890
S214006EE0E3B1013BDBB2022B1AD8104AD35C6278BE
S214006EF0D340DB0718D536F0E5FA0122617823780F
S214006F008A4030214B4341F2100103F1A04303F5C0
S214006F1070335A5036F0D1FA002010BD7F23E6E7D2
S214006F200023E4E72220F8E72120F6E74871040072
S214006F3010B5044610B30378E3B1013BDBB2022B75
S214006F401AD8104AD35C6278D340DB0718D536F0DF
S214006F50B9FA0122617823788A4030214B4342F205
S214006F60100103F1A04303F570335A5036F0A5FA2A
S214006F70002010BD7F23E6E70023E4E72220F8E7A1
S214006F802120F6E7487104002DE9F0410D4616462B
S214006F901F46044600284DD000294BD00178002912
S214006FA03ED04B1EDBB2022B3CD8244AD25C637820
S214006FB0DA40D00701D4FF293ED1022E01D9042E93
S214006FC03AD136F07FFA23788046FF2B05D032463A
S214006FD02046296802F0ECFB28602868421C0BD18A
S214006FE02378FF2B20D1164B6078D3F824142CF08E
S214006FF0BDFD431C286017D00C22124B02FB003349
S214007000069A5F609A602378FF2B04D001230E4A0D
S2140070108340C2F82434404636F04FFA002007E09A
S2140070207F22C4E70022C2E7404636F046FA2D200B
S214007030BDE8F0812220FBE72120F9E74871040033
S21400704000C00350982C002000D0035008B502F072
S2140070505FFB044B00F05530C3F82004BDE8084041
S214007060FFF7C6BE00E0035008B502F051FB044B24
S21400707000F0AA30C3F82004BDE80840FFF7B8BE09
S21400708000E003502DE9F04F144606460F4689B03F
S2140070900393C36B01225B6904A960689847F36B8E
S2140070A001225B6905A93846984704A82CF010FC15
S2140070B0054650B10023A37563754FF0FF33A360F8
S2140070C00025284609B0BDE8F08F05A82CF00DFC79
S2140070D00123A375237E04EBC303DF611D8463686D
S2140070E0BB420ED1206005A82CF020FC4FF0FF33E9
S2140070F02075A360237D043B022B26D80023A375AE
S214007100DEE723681A1A53425341A37505A82CF0EC
S2140071100DFC237D834218BFA57505A82CF0E9FB5E
S214007120804604A82CF0E5FB804518BF002305A880
S21400713018BFA3752CF0E4FB804604A82CF0E0FBF7
S21400714080451CBF0023A375D4E705A82CF0D1FB0F
S21400715080B1F36B022238465B6906A9984706A8F9
S2140071602CF0D5FB0346207D032839D8DFE800F055
S2140071703838040905A8F3E7CC22237E04EBC303C2
S2140071801A8401F083FC129B187005A894F81880E6
S2140071902CF0A3FB04EBC80888F82200237E05A881
S2140071A004EBC303B3F820A093F822802CF0A1FBD5
S2140071B0814605A82CF0A4FB8346B9F1000F14D035
S2140071C0F36B022238465B6906A9984706A82CF09E
S2140071D064FB607568B90023A3754FF000093CE0B6
S2140071E0227E04EBC2021384CBE705A82CF040FBFA
S2140071F0EFE794F81690B9F1000FEED0BAF1000F51
S2140072000DD1B8F1000F1DD00123E375637E002B6E
S2140072103FD1B8F1010F30D184F8198014E0736CB7
S21400722007EB0B015A4287EA010010421CBF0022FE
S214007230A2755A1E0A409B1A9A45CCD8A37D002BED
S214007240DFD1CAE7E37D43B94FF0000953465A46FB
S214007250394630462CF087F8A060A37D13B122692A
S214007260524422611F49227E097891421AD901327E
S2140072702276039ACAB91D4623E796F834307BB9BE
S214007280F36A0133E2D1B8F1030FDFD10123A3760D
S214007290DAE7B8F1010FE0D0B8F1030FD4D1F5E783
S2140072A09946D3E70023A3750BE7002B3FF409AFFD
S2140072B0E57D002DDFD0B9F1000F11D1B8F1030F35
S2140072C03FF4FFAEA1684B1C3FF4FBAE129B224678
S2140072D0009330460123FFF7D5FE0546A075F0E67D
S2140072E04D46EEE66C7104002DE9F04F0E469846CA
S2140072F000238BB004464FF0FF31104617468DF83A
S214007300133001F0ADFBB6F5801F20D2314605AA3A
S21400731004F108002CF02EFA451C014603D1237C0C
S214007320BBB92D2010E0384601F09AFB0122394601
S21400733020460DF113032CF068F80028EFD09DF8D6
S214007340133088F8003000200BB0BDE8F08FB01C7A
S214007350E5D1E56A691C36D12046616A2BF049FF03
S2140073600546B31C18BF0123DFF8CC900193636A6F
S214007370626C0293236805A902FB053AE36B0522BB
S2140073805B695046984705A82CF03CFB2CF05FFB49
S21400739050462CF067FB4FF0000B824601464B1C14
S2140073A005D0636C81EA0A025B42134211D029467B
S2140073B020462BF01EFF029BAB422CD0BBF1000FE9
S2140073C02CD10546D3E72368ED1A636CB5FBF3F5BD
S2140073D0C7E7484601F044FB0DF113034946204633
S2140073E0019A2CF012F8034690B1B21C03D0D9F8DB
S2140073F00020B2420CD19DF8132003930D4B88F861
S214007400002049461A68384612F03EFC039B9B460D
S214007410D9F80810C3E7BBF1000F82D0B6F5801F7D
S21400742091D2314698F800307A6804F1080001F0ED
S21400743045FA88E768710400743400202DE9F341AA
S2140074400446174698460E46184D816AE36A8B42F4
S21400745001D04B1C02D102B0BDE8F081284601F0F5
S214007460FFFA0122294620460DF107032BF0CDFF37
S21400747038B14346294620469DF80720B8470028DD
S214007480E9D0A9684A1C04D1696820462BF03EFF63
S2140074900146012EDAD16B6881EA0302636C5B4217
S2140074A01A4218BF4FF0FF31D0E700BF4834002023
S2140074B02DE9F04F4FF0FF334FF6FF7200250446DC
S2140074C000F108068BB0C0E90923C36205620563B4
S2140074D0304688462CF01FF920462BF05AFE60BB3B
S2140074E0204641462BF0D5FE20462BF052FE60BBD0
S2140074F05E200BB0BDE8F08F2368E26B606C5769C6
S21400750000FB0530052205A9B84705A82CF07AFA35
S214007510012807460CD1294620462BF08BFE012F6A
S214007520024600D10132294620462BF051FE03E0E8
S2140075302CF092FA0028EED10135E3699D42DBD3A8
S21400754020462BF026FE0028CAD000254FF0FF3933
S2140075504FF6FF73CA46A846C4E90853E369984540
S2140075600AD3A5EB0905012D2CD84FF6FF72636AE6
S21400757093423CD16720BCE72368E26B606C576996
S21400758000FB0830052205A9B84705A82CF03AFAF2
S214007590834605A82CF00DFA074658462CF057FAF5
S2140075A068B1574538BFC4F82480B94528BFB946E6
S2140075B0BD4238BF3D46BA46236A0133236208F10E
S2140075C00108CBE74FF6FF7300256362E3699D422F
S2140075D0CBD2676C2068E36B052207FB05005B696E
S2140075E005A9984705A82CF0E4F90135EEE7E26B0B
S2140075F0676C2068694607FB030055690522A847A3
S21400760068462CF0D6F9626A2368606C4B4D00FB26
S21400761002302CF027FA4FF0FF33A062E3622A46CE
S2140076206FF00101204605ABFFF75EFE002846D14D
S214007630AD6829462046E5622BF087FD206320B919
S2140076402046E16A2BF062FEE062294620462BF0D7
S2140076505DFE0546A36A9D4233D120462BF048FDC9
S21400766000278046B946E36999453CD3B84559D9C1
S2140076702046616A2BF0BDFD0026054604F1400A4F
S214007680B74212D8626C2368694602FB0539E36B81
S21400769005225B694846984768462CF08AF95346A7
S2140076A002464946E06B2CF0DFF9294620462BF0CF
S2140076B0A0FD0136B0450546E2D1642019E7A56A6B
S2140076C0B7E7294620462BF040FD236B29460344A6
S2140076D00746236320462BF019FE0546002FB9D136
S2140076E0C4E90B07B6E7636C2568052203FB09555A
S2140076F0E36B05A95B692846984705A82CF082F934
S2140077002CF0A5F958B128462CF0ACF901462046D5
S2140077102BF01BFD636C143B984208BF013709F140
S2140077200109A0E730462BF0F6FF00232046194655
S214007730034AFFF783FE0020DBE600BFA0340020EC
S214007740F93303002DE9F041036B9046826B90B04D
S2140077509A4288BF8363426C436A07680E4602FB00
S2140077600377C36B01A905225B6904463846984730
S21400777001A82CF047F901280146307057D0656CF7
S214007780E26B2368606AD2F814C005FB003005225D
S21400779006A9E04706A82CF035F901284FF00005A9
S2140077A023D0D4E90A3201219342CDE90B458DF866
S2140077B034800E958DF83C102AD1194620462BF0C1
S2140077C0A5FD236B626C14339B1AE06223630C9B4B
S2140077D053B99DF83C303BB1626A616C2368E06B3C
S2140077E001FB02312CF0C6F80C9DE36B05225B69A9
S2140077F001A93846984701A82CF004F930702846AD
S214007800236BA26B9A4288BFA36310B0BDE8F081D9
S214007810237C33B91C490BAA04F1080001F09CF83C
S214007820D5E72046194A0BABFFF708FECFE7237CC7
S21400783023BB2246164904F1080001F08DF8616A60
S21400784020462BF0F7FC616A421C20462BF0C0FC59
S214007850054620B9236B626C1344143B2363204611
S214007860A16A2BF053FD2368A062C01A636CB0FBBC
S214007870F3F0606220462BF08CFDB6E7002320462E
S214007880044AFFF7DBFDDAE7E97F0000657F0000CA
S214007890933403002F34030073B50D46D11E4A42BD
S2140078A01C461B7E4A419A4226D129682368994283
S2140078B022D3636899421FD8114E0DF10703324652
S2140078C0FFF712FDC0B972686B689A4214D19DF832
S2140078D00730DA1E53425341227E93420CD163692D
S2140078E001336361D4E90323934205D22968A26871
S2140078F042F8231001332361012002B070BD00BF9F
S214007900A03400202DE9F04F9A468BB09DF85030F9
S214007910DFF850B10293DBF81030804653450D4631
S2140079201646C0F09880D146DBF804300193B9F1D2
S214007930000F00F08C80D8F83C3001225B6907A964
S2140079400198984707A82BF0D0FFDBF80030984244
S21400795040F0848007A82BF0D3FF0428074614D1F4
S21400796007A82BF0D4FF019B029A04463B44002A4A
S2140079703ED1864212D91446361A404601992BF05B
S214007980C5FCA9EB04090190D1E7D8F83C300222E7
S2140079905B69019808A9984708A8E2E7841B544544
S2140079A028BF5446032C03EB0607AAEB040A1DD98E
S2140079B0D8F83C30294638465B69A208984724F038
S2140079C0030304F003061F441D44002ED5D0D8F848
S2140079D03C3001225B6908A938469847324628465B
S2140079E008A9354412F050F90026C6E72646ECE70B
S2140079F0074600F00302039203442A1804920593F4
S214007A00049BDD1B059BD81B039B9F420FD1002FB9
S214007A10B3D0D8F83C30012208A95B6998473A46AB
S214007A20284608A911F0E4FF78B93D44A5E7D8F840
S214007A303C30012208A95B6998470422284608A919
S214007A4011F0D6FF08B9043FDAE74FF0360948468A
S214007A500BB0BDE8F08F4FF06309F8E74FF06F0901
S214007A60F5E700BFCC3400202DE9F0410F4616465E
S214007A709846044688B060B390F83450FDB10121B2
S214007A802BF07CFB00210E9BCDE90511CDE90237DA
S214007A909DF83C30CDF804808DF81C30237C04968D
S214007AA08BB90D4901AA04F1080000F055FFDDE985
S214007AB00553E06B002E08BF1D462BF0F8FC284649
S214007AC008B0BDE8F0812046044A01ABFFF7B6FCDB
S214007AD0EDE70546F3E700BF5D3403009978000044
S214007AE07FB590F84260044601920DF10B030A46FA
S214007AF0304611492BF0E3FC012E0546E36B17D107
S214007B0032465B6903A998479DF80B10039B019AC0
S214007B1059B19BB243EA0243012228460393E36B22
S214007B2003A99B69984704B070BD62F30F03F3E79F
S214007B3001229B6901A9F5E7CC3400202DE9F04F1E
S214007B4099B0CDE90B230E460A69416CD31D143952
S214007B50B3FBF1F3013302EBC302036B044693421B
S214007B60C0F0FB810023DFF8F8930A93E36A4846E7
S214007B701946079300F074FFD6E9033705930C9B6C
S214007B80022B1CD1CC2F40F074810B9B8BB131465D
S214007B9020462BF0EAFC656C14900B9B63B1E36BFC
S214007BA001225B69706816A9984716A82BF0A1FEFB
S214007BB00CE0059B1B68149308230E930DE0782FAA
S214007BC0656CEAD80B9B002BE9D1F07D00280CBF32
S214007BD004230823782F0E9328D901230025089321
S214007BE008230393336808990C98C9F80030C9F83D
S214007BF010702BF09FFE00230F930D9306930993AE
S214007C00039BDDF81CA09B0889F814001193616C97
S214007C1003984A1E0AEA02028B1AEFB10544AB42E9
S214007C201CD8236B5B1A1344236386E0079A6B1EEB
S214007C301340EB1A3A1D934207D257B1082BCCD803
S214007C400023042508930395CCE700250423089514
S214007C50C7E704250897F6E78342E2D3039AB846B7
S214007C609B1A9F4228BF984652449F42049278D956
S214007C700123D9F8102089F81730974276D1C9F831
S214007C8004A0069399F81730002B71D099F81820A5
S214007C900699D31C09EBC3030132C3F804A0A3F86A
S214007CA00880997289F81820B8F1000F14D00C9B40
S214007CB0022B60D10F9B7BB90D9B4344032B0BD942
S214007CC0E36B01229B69049814A99847054600288F
S214007CD040F0D58001230F93069B16A80193089BBE
S214007CE0009399F814204346316800F06FFEE36B6A
S214007CF050469B69119A16A99847051E0A9B18BFFD
S214007D005346039A0A935146434620462BF02BFBD4
S214007D10236B039AC9F808009B1A08F1030222F0A5
S214007D2003029B1A2363002D40F0A9800D9BDDF80B
S214007D3010A04344A7EB08070D93514620462BF0AE
S214007D40E5FA00258246002F7FF461AF844A316849
S214007D50936804F10800E36252680C9B00F0AEFDE5
S214007D6089E0069B002B18BF03238AE7022388E7D7
S214007D70C9F804A098E70B9B002B30D1059BB8F1FF
S214007D80030F03EB080B27D9DDE90401E36B4FEA89
S214007D9098029B6998470546002864D118F00302AC
S214007DA05ED0059B28F003052B440593049B1D44D9
S214007DB04FF0FF33059915A8159311F065FFE36B97
S214007DC0284601229B6915A998470546CDF814B0A8
S214007DD0002D81D0049B94E74246049DE8E706F117
S214007DE02003DDF810B01093F37D70689BB100237C
S214007DF0357E099AD9B28D4211D9109903F1010C3A
S214007E0031F83310914225D90E9906EBC303D86991
S214007E100A44104403E00E9B099A13441844E36B8B
S214007E2001225B6915A99847159B01221393099BAC
S214007E30584604330993E36B13A99B699847049B40
S214007E4005464344A3EB0B03042B06D970B90BF18C
S214007E50040BC9E76346521ACCE7CDF810B0B7E773
S214007E60CDF814B038E7CDF814B0B3E7CDF810B0BD
S214007E70B0E770252F46384619B0BDE8F08F3D2D87
S214007E80F8D104F1080303932368079A606CA2EB09
S214007E90030ABAFBF0FA00FB0A302BF0E3FDE16AB6
S214007EA0804620462BF032FAA36A216B8342626C2E
S214007EB045D0D9F80830571E3B40891A0B4427682E
S214007EC023630A9BE062DF1BB7FBF2F7BA4533D1A8
S214007ED0079BB3EB080A12D0E36B4FEA9A024146BF
S214007EE09B6998478346E36A079A5344E362236B89
S214007EF003989B1A434423632BF00DFCDA46236851
S214007F00616CE06B01FB07312BF021FD20462BF066
S214007F1040F920462BF03DFA3269616CD31D1439C6
S214007F20B3FBF1F30133206302EBC302BAF1000F97
S214007F3005D09042A8D29DE74FF0000ADFE73269ED
S214007F40616CD31D1439B3FBF1F3013302EBC302AA
S214007F50236B9342BFF40AAE8CE71C278BE700BF67
S214007F6074340020032A2DE9F34106460D461746D1
S214007F701C4606D1237A012B23D0012002B0BDE88F
S214007F80F081DFF86080096842460DF10703FFF7CD
S214007F90ABF960600028EDD19DF80730032BE9D0DF
S214007FA0D8F804206B689A42E4D1237A2969012B19
S214007FB0D4F80CC007D172690CEB0103934202D9C6
S214007FC02074207CDAE708316144E1603B460122F8
S214007FD029463046FFF7B2FD60600028CAD0002070
S214007FE0CCE700BFA03400202DE9F341032A174652
S214007FF0089C06D1237A012B25D0012002B0BDE8CB
S214008000F0812668DFF89080304642460DF107037F
S214008010FFF76AF960600028ECD12568D8F80400FC
S214008020A96A6A6C4840534210EA030CE2D1237AEC
S214008030012B0AD1E068D8F81030034470698342F7
S21400804003D984F810C0207CD8E72868EB6A1B1A8E
S214008050081AB3FBF2F3B0FBF2F083420BD1706C5C
S214008060F36A421E1340326B121A134428463363D7
S2140080702BF04CF9E862D8F81020E3680832134475
S214008080E36001223B4604492068FFF757FD606025
S2140080900028AFD00020B1E7A03400202DE9F04141
S2140080A00025604B0E46D3F8008004461D6018B9C4
S2140080B021252846BDE8F08190F8347007B30A6899
S2140080C003689A4240F0A4804A6843689A4240F0A7
S2140080D09F808A6883689A4240F09A80CA68C3681C
S2140080E09A4240F095800A6943699A4240F090802F
S2140080F08A69C36B9A4240F08B804B698361D8E7EC
S21400810068223946856B11F021FCD6E902123368E5
S21400811004F1080023607368A563636033696361D4
S2140081207369A3612BF009FBB36904F14000E363B4
S2140081309B68984720B9676C17B16368B3FBF7F77D
S21400814094F84330E761002BB2D00023656C2366B9
S214008150002D65D0002F63D02368B3FBF5F205FB36
S2140081601233002B56D16668B6FBF5F305FB136396
S214008170002B4FD120462AF0D8FFA36904330344CE
S2140081809E4249D340F634726369CC3B934245D84D
S214008190B5F5805F44D3032120462AF0EFFFD4E9EB
S2140081A00001E36B1B6898470546E36B0220DB681B
S2140081B09847D5B941462046FFF77AF96428054620
S2140081C004D141462046FFF773F905466DB9636C46
S2140081D0226A143B204602FB03F62AF0A6FFA36998
S2140081E0043303449E4238BF5A25002D0CBF01239A
S2140081F0002384F8343007D1D4E900010A4A136812
S214008200013313602BF033FBE06B2BF050F950E793
S2140082105D254EE759254CE75A254AE75F2548E78E
S2140082205B2546E7042E0020002E00202DE9FF41A6
S2140082300C4616461F46054688B390F8343083B37E
S214008240B1F5801F2FD2DFF8648001212AF096FF57
S2140082504246214628460DF10F03FFF745F8024631
S214008260C8B99DF80F30012B10D1D8F81030BB429A
S21400827013D1009031462846FFF744FB0446E86BCE
S2140082802BF015F9204604B0BDE8F081022B0CBF98
S21400829060242D24F3E72D24F1E76324EFE721245F
S2140082A0F0E71124EEE72924ECE700BFCC340020E9
S2140082B02DE9F04385B00E4617461C460546DDF808
S2140082C03080A0B390F834309BB3B1F5801F32D223
S2140082D0DFF8689001212AF051FF4A4631462846C9
S2140082E00DF10F03FFF700F8E8B99DF80F30012BEA
S2140082F014D1D9F8102004EB08039A4215D322466D
S2140083000090434639462846FFF7FCFA0446E86BD9
S2140083102BF0CDF8204605B0BDE8F083022B0CBF4D
S21400832060242D24F3E72D24F1E76324EFE72124CE
S214008330F0E71124EEE72924ECE700BFCC34002058
S21400834073B50C461646054630B390F834302BB35A
S214008350B1F5801F24D201212AF010FF21462846BD
S214008360104A0DF10703FEF7BFFF044680B99DF8DB
S2140083700730032B0CD0022B0CD1284609492BF0D2
S214008380F4F83060E86B2BF092F8204602B070BD2F
S2140083902D24F7E76124F5E72124F6E71124F4E716
S2140083A02924F2E7CC3400202DE9F3411E460023B1
S2140083B00C4617460546336050B390F834304BB33E
S2140083C0B1F5801F28D2DFF8548001212AF0D6FEAE
S2140083D02146424628460DF10703FEF785FF044670
S2140083E0A0B99DF80730032B10D0022B03BF012342
S2140083F03B600423D8F8103018BF38603360E86B51
S2140084002BF055F8204602B0BDE8F0812D24F6E7A3
S2140084102124F7E71124F5E72924F3E7CC340020DC
S21400842073B50446056B2AF080FE636E03449D42D6
S2140084302CBF00230123854294BF00252D1A207CE3
S21400844084F85030656584F85800A8B100230C4EB7
S2140084501A461946204600962BF04BF9002305468F
S2140084601A461946204600962BF04CF9E368284435
S214008470984294BF0020C01AE06502B070BD00BFED
S214008480FFFF0F002DE9F3471E4643690446B3423B
S214008490884617469DF828904ED300258DF807503D
S2140084A020462AF042FED4F830A082450AD2236A3B
S2140084B0B5EB430F06D2002220460DF10701FFF769
S2140084C041F9B8B39DF80730012B05D100222046AC
S2140084D00DF10701FFF736F9B9F1030F06D0314663
S2140084E020462AF012FE256B854227D3144D4FF006
S2140084F0FF31284600F0B4FA4B46294600222046B3
S214008500C5E90376C5F80080FFF718FB236E05461D
S21400851063B12046FFF784FF94F8503013B994F8FF
S21400852058301BB1236E04F150009847284602B01D
S214008530BDE8F0870135B3E76225F7E71C25F5E7C8
S214008540A03400202DE9FF410F4690461E46054602
S21400855098B390F8343093B3B1F5801F31D21A4CEB
S21400856002212AF00BFE2246394628460DF10F035B
S214008570FEF7BAFE024678B101234246009339461A
S21400858033462846FFF77EFF0446E86B2AF08FFF47
S214008590204604B0BDE8F0819DF80F30012BEBD1EA
S2140085A02169B142E8D10093414633462846FFF799
S2140085B0A9F904460028DFD1E7E72124E8E71124DB
S2140085C0E6E72924E4E700BFCC3400202DE9F04399
S2140085D090F8423087B0012B05460391A1EB0208C4
S2140085E040F0B080B8F1FF0F01D81F4600E0032727
S2140085F06426002445E00127012B4FF03206F8D010
S214008600002432223FE0284605AB224650492AF095
S2140086108AFF95F842300598012B3FD14FF6FF723E
S21400862090422BD1264664225FFA84F9921BBA4206
S21400863018D3012F4BD10022012BCDF814808DF8D2
S214008640132038D1082205A90DF113002BF026FAC5
S2140086509DF81330059A42EA032231462846FFF772
S2140086603FFA40B102233A4900932846CC230968D2
S21400867003AAFFF707FF07B0BDE8F083C0B258B102
S2140086800134012364229442BDD3012B14BF32224D
S21400869064225FFA86F9C9E70334F2E7421C04D184
S2140086A0264632225FFA84F9C0E780B208B1013468
S2140086B0A7E70234A5E7102205A90DF113002BF059
S2140086C0EDF99DF81330059A42EA0342C5E7039A8E
S2140086D0012B059225D10823202205A90DF11300B0
S2140086E08DF813302BF0DAF99DF81320120231467C
S2140086F02846FFF7F5F995F8423009F10101012BFC
S214008700C9B21BD10028ADD12846BDF81420FFF70A
S214008710E7F90028A6D109F10201BDF81620C9B272
S2140087209CE71023202205A90DF113008DF81330C5
S2140087302BF0B4F99DF813201204D8E7002891D145
S214008740059A8BE7B8F5803FFFF455AF022753E74D
S214008750CC34002070B586B00E4605460392A0B312
S21400876090F834309BB3B1F5801F32D202212AF044
S21400877005FD31462846184A0DF11703FEF7B4FDED
S214008780044618B99DF81730032B0ED10223314644
S21400879000932846CC2303AAFFF774FE0446E86B32
S2140087A02AF085FE204606B070BD022B0BD10A4982
S2140087B028462AF0DAFE039902468142EFD0284680
S2140087C0FFF704FFEAE76124E9E72124EAE711243A
S2140087D0E8E72924E6E700BFCC340020F7B50C46CE
S2140087E01646054668B390F8343063B3B1F5801F7B
S2140087F02BD202212AF0C2FC21462846144A0DF14B
S2140088000703FEF771FDC0B99DF80730032B14D09F
S214008810022B14D10E4928462AF0A7FE471C024612
S21400882039462846FFF7D2FE044606B13760E86BA5
S2140088302AF03DFE204603B0F0BD2D24F7E7612464
S214008840F5E72124F6E71124F4E72924F2E700BF30
S214008850CC34002030B50C46054685B028B390F8D9
S214008860343023B3B1F5801F23D202212AF086FCD0
S2140088700DF10F03214628460F4AFEF735FD034645
S21400888088B99DF80F20032A0DD0032221460092B6
S21400889002462846FFF7F6FD0446E86B2AF007FE78
S2140088A0204605B030BD2D24F7E72124F8E7112433
S2140088B0F6E72924F4E700BFCC3400202DE9F04386
S2140088C0466886B3056898464FF0000CA946AE4643
S2140088D055F83C400CF1010CC4F31307013401D0E9
S2140088E0B94217D0B4450EF1080EF1D12F46002438
S2140088F003E0B44207F1080712D055F834300134CB
S2140089000133F6D1C1F3130141EA0851C7E9001259
S214008910BDE8F08341EA0851CEE90012BDE8F083D5
S214008920B8F1030F03D101230372BDE8F0830023DF
S21400893003E0B34209F10809F5D055F83340013396
S214008940C4F30754032CF4D1C1F3130343EA0853CA
S214008950C9E90032BDE8F0832DE9F04106464068DB
S21400896082B0B8B10F4690460024336853F83450AE
S21400897003EBC403C5F30752C5F31301013506D054
S2140089805B683046CDF80080B84718B1706801348F
S2140089908442EAD302B0BDE8F08100BF024B1968FA
S2140089A0024B1868FFF77ABBA05F0020C05F00206C
S2140089B008B534F07AFD014B186008BDF834002085
S2140089C0014B186834F06CBDF834002073B50446CB
S2140089D02248012A00EAC1119DF8185023F07C4075
S2140089E007D9961E012E28D9073303F07F031943B3
S2140089F008E09DF81C300A43DB0603F0C05313431F
S214008A0043F060410023C4E900108DF80730B5B18B
S214008A10202221460DF107002BF040F81A220DF116
S214008A200700211D2BF03AF8082063689DF8072000
S214008A3043EA8263636002B070BD1143E2E71B2223
S214008A400DF1070021462BF029F823689DF8072032
S214008A50042043EAC2632360EDE700BF80FFFF0700
S214008A6038B5094B0D461A680021044610F06EFF13
S214008A7000234FF0FF322383C4E900252361A26060
S214008A80E382A37638BD00BF687104000138C0B227
S214008A9005289ABF014B185C012070476D710400D1
S214008AA02DE9F0410746154600240E46596888B061
S214008AB0490A012922464FEA510104F10104F8D877
S214008AC0DC78997824031B88C90201F4006104F459
S214008AD080540C43C3F30A035203234492B24FF06C
S214008AE000089C18274B6FEA0444039325F078434C
S214008AF0ED4302A90DF107001B2202938DF80780B3
S214008B002AF0CCFF9DF80720029B02A943EAC26325
S214008B100DF107001B2225F07845049302958DF889
S214008B2007802AF0BBFF9DF80720029B6FEA1444DB
S214008B3043EAC26305934FF0FF330794069307A9F1
S214008B40BB69012206F110009847BB6905A90446D7
S214008B50012206F108009847BB69404518BF044645
S214008B6004A90122301D98470122404518BF04463B
S214008B70BB69304603A99847404508BF204608B061
S214008B80BDE8F08101009AB238B5104B0546D3F81F
S214008B9000310C4603F00303022B0BD0032B0DD041
S214008BA0012B0FD132F05CFD032305B1286004B120
S214008BB0236038BD32F09EFD0723F6E734F088FCCC
S214008BC00623F2E701230020EFE700BF00800050F5
S214008BD038B5134B0546D3F820010C4600F00700C5
S214008BE004281AD8DFE800F003090D111500012348
S214008BF005B1286004B1236038BD32F0F7FC0423C9
S214008C00F6E732F02DFD0323F2E732F02FFD0523C1
S214008C10EEE732F021FD0223EAE700231846E7E7F5
S214008C200080005038B5104B0546D3F840310C464E
S214008C3003F00303022B0BD0032B0DD0012B0FD117
S214008C4034F048FC082305B1286004B1236038BD21
S214008C5032F050FD0723F6E734F03FFC0923F2E735
S214008C6001230020EFE700BF0080005038B5104B0E
S214008C700546D3F860310C4603F00303022B0BD0F5
S214008C80032B0DD0012B0FD134F024FC082305B1A3
S214008C90286004B1236038BD32F02CFD0723F6E7C8
S214008CA034F01BFC0923F2E701230020EFE700BFA6
S214008CB00080005041F6713210B5104C104BA042A7
S214008CC094BF00240124D969DA639A6801F48031DC
S214008CD022F4401242EA04529A600A4A90420A4A31
S214008CE0D2F818028CBF40F0020020F00200C2F852
S214008CF0180209B10022DA6310BD00BF005A6202F2
S214008D000000035080F0FA0200C007502E4B984235
S214008D104AD022D82D4B984240D014D82C4B98429B
S214008D2039D00AD82B4B984232D02B4B98422FD0B2
S214008D302A4B98422CD000207047294B9842FAD1F3
S214008D40284B186F7047284B98422AD0274B9842DA
S214008D50F1D1244BD3F880007047254B98422BD096
S214008D6009D8244B984223D0234B9842E3D11D4B7D
S214008D70D3F88C007047214B984221D003F574033A
S214008D8003F510539842D6D1164BD3F89800704787
S214008D90144B986D7047134B586E7047114B586FB5
S214008DA07047104B986F70470E4BD3F8840070478F
S214008DB00C4BD3F8880070470A4BD3F890007047E6
S214008DC0084BD3F8940070470048E8010024F400EC
S214008DD0C0CF6A0080841E0000093D0040420F009C
S214008DE0405DC6000080E00FC0EA210180BA8C0119
S214008DF0007E560380D54302006CDC020090D00350
S214008E0037B50C460021114B0191D3F88031054649
S214008E1003F00303022B0ED0032B11D0012B03D13A
S214008E2001A8FFF7D5FE0D210DB1019B2B6004B103
S214008E30216003B030BD32F019FC05210190F3E744
S214008E4032F00AFC02210190EEE700BF00800050DD
S214008E5038B5104B0546D3F840320C4603F00303F2
S214008E60022B0BD0032B0DD0012B0FD134F032FB8D
S214008E70082305B1286004B1236038BD32F03AFCFF
S214008E800723F6E734F029FB0923F2E70023184608
S214008E90EFE700BF0080005038B5144B0546D3F806
S214008EA000020C4600F0070004281BD8DFE800F09C
S214008EB003090D111500012305B1286004B12360D4
S214008EC038BD34F007FB0823F6E732F013FC07231F
S214008ED0F2E734F002FB0923EEE732F0A7FB0C239F
S214008EE0800AE9E700231846E6E700BF0080005046
S214008EF038B5144B0546D3F808020C4600F00700B8
S214008F0004281BD8DFE800F003090D111500012323
S214008F1005B1286004B1236038BD34F0DBFA0823BD
S214008F20F6E732F0E7FB0723F2E734F0D6FA092338
S214008F30EEE732F07BFB0C23800AE9E700231846B5
S214008F40E6E700BF00800050032814D005D80128AB
S214008F5005D0022809D0002005E00F28FBD1084BD9
S214008F60186FC0F3013001307047054BD3F89000FE
S214008F70C0F30460F7E7024B186FC0F38020F2E7F7
S214008F80008000501FB500230193252817D8DFE87E
S214008F9000F0131A1D272C363B51565B60656A7825
S214008FA0161A401616561A272C27361A5127783BBB
S214008FB03B3B3B2727275B6032F01EFB0190019866
S214008FC005B05DF804FB32F031FBF7E732F014FB36
S214008FD002460220FFF7B8FFB2FBF0F20192EEE77E
S214008FE032F024FB02460320F4E732F01FFB024671
S214008FF00320FFF7A9FFB2FBF0F25208EEE70021CC
S21400900001A8FFF7FDFEDAE7002101A8FFF7E0FD63
S214009010D5E702934FF0E0231B695B0705D532F0D6
S21400902005FB0290029B0193C9E703A902A8FFF77C
S214009030F9FDF7E7002101A8FFF7F4FDBFE70021DF
S21400904001A8FFF713FEBAE7002101A8FFF724FFE7
S214009050B5E7002101A8FFF74BFFB0E7002101A804
S214009060FFF792FDABE7094BD3F8803003F003031C
S214009070022BA8D0032B01D000209FE732F0F6FA8F
S2140090809CE7002101A8FFF7E3FE98E70080005068
S21400909008B50120FFF776FFBDE80840034988427F
S2140090A094BF01210221032000F002B880F0FA02EA
S2140090B0032810B50C4627D004D8012804D002286F
S2140090C017D010BD0F28FCD12AF006FD2AF00CFDA3
S2140090D0124A013C136F23F4405343EA04331367E8
S2140090E032F0A4FA0021FFF7E5FDBDE81040FFF7D7
S2140090F0CFBF0A4A4C1ED2F8903023F0F85343EA0A
S2140091000463C2F89030DCE7044A4C1E136F23F465
S214009110806343EA84231367D3E700BF00800050D0
S2140091201FB500230193252821D8DFE800F013207F
S2140091302020202A2F454A4F54595E712020342083
S214009140204A202020202A204520712F2F2F2F2034
S21400915020204F54314B1B6F03F00703013B032BBA
S21400916005D8DFE803F00C02080A042301930198EF
S21400917005B05DF804FB0323F8E70623F6E70223B1
S214009180F4E7002001A9FFF73BFEF0E7002001A965
S214009190FFF71EFDEBE702934FF0E0231B695B072A
S2140091A005D532F043FA0B230393039BDEE703A9AE
S2140091B002A8FFF737FDF8E7002001A9FFF732FD08
S2140091C0D5E7002001A9FFF751FDD0E7002001A94F
S2140091D0FFF762FECBE7002001A9FFF789FEC6E78E
S2140091E0002001A9FFF7D0FCC1E70C4BD3F8803074
S2140091F003F00303022B03D0032B05D00023B5E7AF
S21400920032F014FA0B23B1E732F030FA0523ADE75B
S214009210002001A9FFF71CFEA9E700BF0080005050
S21400922008B50320FFF790FE034B18702AF054FC95
S214009230BDE808402AF058BC1056002010B5044679
S21400924032F0F4F90021FFF735FD1CB1BDE81040FF
S214009250FFF71EBF034B0320BDE810401978FFF749
S21400926027BF00BF1056002038B50546FFF74EFD55
S214009270204B04465A68012A04D11F494A609A695D
S2140092809207FCD10020FFF74BFF042803D12AF0F9
S21400929023FC2AF029FC194A24F0407395421FD07B
S2140092A0174A95421FD0174AD16811F0060FFBD116
S2140092B09068936091684B4013F4F81F16D12846C7
S2140092C0FDF780FD0020FFF72BFF042810D132F0B9
S2140092D0ADF90021FFF7EEFCBDE83840FFF7D8BE39
S2140092E043F00073DFE743F08073DCE79060E9E764
S2140092F038BD00BF00C0015000E0015040420F00E2
S21400930080841E000000015070B504460020FFF760
S21400931007FF03287CD045F60E030221414AC2F817
S2140093208030414B9962012103F580539962936D19
S214009330D903FCD4D4E900131B0543EA0163E17B9F
S21400934094F823500B43217B43EA0143617B43EAB5
S2140093500133A17B43EA811313619169D4E90403C5
S2140093601B0643EA806301F000410B43A17EE07ECA
S2140093700B43217E43EA0143617E43EA0123936166
S214009380E169136A002923F00D0343EA010314BFC1
S2140093900121002143EA800343EAC103136294F8E3
S2140093A0203094F82200916A4FEA431331D194F8A2
S2140093B0216021F0330143EA06130B4343F0010317
S2140093C093621A49174A936D31EA0303FBD10221CF
S2140093D0154B9962936D5B00FCD41369A16823F466
S2140093E0700343EA015313614FF000420E4B9A613B
S2140093F018B9022203F580539A6215B901220C4B64
S2140094009A6294F824301BB1064B0A4AC3F88020AF
S21400941070BD21F0330129430B4343EA40039362B6
S214009420EFE700BF00C0005000D00050030001402E
S21400943000E00050F1A7FFFF014B93F900007047D2
S21400944011560020014B1880704700BF486400206A
S2140094500C4A10B51369044643F00403136132F056
S21400946055FC2AF045FB084B084AC3F8202430BFB9
S2140094702AF03FFB01F058FF1CB9BDE8104032F05F
S214009480D5B810BD00ED00E000E003500000FFFF7F
S214009490034A0179D36E23F030030B43D36670473B
S2140094A000400050072A2DE9F0410D461446984624
S2140094B00FD803269700BE4000FA07F2314615483B
S2140094C02AF01AFB05F0030231461348BA402AF088
S2140094D013FB124A12490123B8F1000F08BF1146C8
S2140094E003FA04F40C609DF818000E490E4B002891
S2140094F018BF0B461C600D4B9DF81C00C3F820449B
S214009500103103F22443002818BF0B461C60BDE848
S214009510F08100BF00C4035008C4035010E4035099
S21400952010D4035014D4035014E4035000E0035046
S214009530F8B504460D461F4616464AB101238B4031
S2140095403021184A01FB0022EFB141F210015350BE
S2140095503023072D4FF00F0104FB03F316D8A800A5
S21400956006FA00F28140104818442AF0C5FA4EB9AF
S214009570012330210B4AAB4001FB042277B141F2B4
S21400958010015350F8BD42F21001E0E7A5F10800C3
S214009590800006FA00F281400448E5E742F2100136
S2140095A0EFE700BF00C0035004C003500CC00350D8
S2140095B03022064B072902FB00338ABF0839586859
S2140095C0D8688900C84000F00F00704700C00350FC
S2140095D041F67132034BDA63012203F50053DA6079
S2140095E0704700BF0000035041F671320121044B62
S2140095F0DA6303F50052D1600022DA63704700BFD9
S21400960000000350044B1868421C02BF034AD2F8FD
S21400961094001860704700BFC45F002000400050F0
S214009620CB784A7810B55B010C7843EA82030A7956
S214009630234343EA02130C22424302F1B04213636F
S214009640012C02BF8A78024B43F8202010BD00BFD1
S214009650D080035008B54FF0B0435A6802B960B1E5
S2140096605B680BB12AF05DFA4FF0B04130B10120D3
S214009670074B58602AF055FAC86008BD2AF051FA20
S2140096800223CB602AF04DFA0122024B5A60F4E71F
S21400969000100058002000584FF0B0414B6810B53D
S2140096A00BB12AF03EFA01220B4BC4785A6083783D
S2140096B0934043EA840344782343047943EA04133B
S2140096C0447943EAC4038B60044B5A600378C3F1C1
S2140096D00203CB6010BD00BF0020005800100058E9
S2140096E0054B5B69C3F38512827003F03F021B0BC8
S2140096F042700370704700BF00C007500120034B44
S2140097009B680A3303F01F03984070470080E00F01
S214009710034BD3F82424D3F820041040704700BF2E
S21400972000C003502DE9F8431E4B0546D3F810330E
S2140097304B1E0E2B0E46174690F8008044781BD919
S214009740F9B14FF000092846C7B133F0C9FE3023FF
S214009750072C03FB08F316D80F21A400124809FAB9
S21400976004F2A14018442AF0E4F9C6B9284697B195
S214009770BDE8F84333F0B4BE8946E4E72AF0E8F9DA
S214009780E5E78946E3E70F21083CA400074809FA05
S21400979004F2A140E6E7BDE8F8432AF0D9B9BDE8EF
S2140097A0F88300BF00C0035004C003500CC0035031
S2140097B0214B2DE9F0411646D3F810234A1C0546E6
S2140097C00C4605D1D3F8241440782AF0CFF9044685
S2140097D0002C2EDB072C14DC03274FEA84082A789B
S2140097E007FA08F73946154802FA08F22AF0A1F9EE
S2140097F06A78394602F00302114802FA08F22AF0A3
S21400980098F9012316F0050F0E4A18BF0E4903FA01
S21400981004F30CBFC2F81034C1F8103416F0060F6B
S21400982018BF094AC2F814340123064AA340C2F8F6
S21400983020342046BDE8F08100C0035000C4035029
S21400984008C4035000E0035000D0035070B504462F
S2140098502EF0ECFD064630B90FCC044D0FC594E84B
S2140098600F0085E80F00304670BD00BFFC340020B6
S21400987047F6FF739A42F0B570D0022970D8394B7C
S2140098805B5C022B6CD8384DDE0005EBC304A77872
S21400989015F83330012F394638BF0121012B16D178
S2140098A0E078401A0021884205D8012F2CBFC01945
S2140098B00130C0B2F0BD431A6568A0EB530335F91A
S2140098C013509542D4BF194603F1FF30EBE76068AA
S2140098D00028EFD0B0F90040944204DBB0F9024013
S2140098E09442B8BF144683883544FF2B19BFC8235B
S2140098F02827B0F90630B0F90870A3EB04030CBFB4
S2140099000122002293FBF7F36E7813441BB29E42AB
S21400991001DD002B01DA731E1BB24FF47A7C00EBDC
S214009920C305EA88AD685F1C14FB02521D4622EA96
S214009930E2723BB25C329E42B2FBFCF204DD00EB0C
S214009940C307BF889742EAD200EBC50398889042C7
S21400995028BF1046884238BF0846AAE7FF20A9E776
S2140099600020A7E773710400FC3400200229F0B53C
S21400997061D8324B595C02295DD8314B13F831005F
S214009980012816D103EBC1039C78D878012C214618
S21400999038BF0121904294BFC1EB0001C1EB020128
S2140099A0001BCAB28242C8BF00225B6833F91200AD
S2140099B0F0BD002A3DD003EBC103596800293AD018
S2140099C09878904202D3B1F90200F1E7DC78B1F959
S2140099D000009442ECD95C788B88013CA3F1FF062A
S2140099E0734201F10405E4B2734101F10C07DEB2E3
S2140099F0B44217D805EBC3034FF47A7512FB05F291
S214009A00B3F902405B68D21A04EBD47302EB63022C
S214009A1092FBF4F29042CBDBB1F902009042C7DC35
S214009A2010B2C5E737F833C05E1C9445E2D3334620
S214009A30DDE70448BCE70448BAE700BF73710400DA
S214009A40FC3400200CFEFFFF0080FFFF08B5044832
S214009A50FFF7FCFEBDE8084001202EF0EDBC00BF7D
S214009A60787104007FB51422002101A80FF06EFF64
S214009A70044B01A94FF0FF3002932EF023FD07B0F0
S214009A805DF804FB006A18002DE9F0418CB08846AA
S214009A90DDE912761D460446002847D0002945D049
S214009AA0002F43D0002E41D013F00F033ED12048A4
S214009AB02049A360002A08BF01462362C4E90013B8
S214009AC0404609A92AF0DDF868BB2046099933F01C
S214009AD062FD2946204633F05EFD694640462AF080
S214009AE060F900BB694620462AF08CF9404603A977
S214009AF02AF062F9B8B9204603A92AF083F9069736
S214009B000127204645F0005506A9079708952AF034
S214009B1079F9204609A909960A970B9533F061FD55
S214009B20204633F01BFD0CB0BDE8F0812120FAE79B
S214009B3000010004000101042DE9F04F97B08946AA
S214009B4090461F460546DDF880A0002800F0BB8042
S214009B50002900F0B8803AB1229B002B00F0B380B9
S214009B60239B002B00F0AF80BAF1000F00F0AB8013
S214009B70219B002B00F0A78067B13C680026229B43
S214009B8043440293464507D307B13C60002017B014
S214009B90BDE8F08F3C46F1E75CB1229B219A9B5DC5
S214009BA0125D01345340239A04F00F049355013696
S214009BB0E8E7A8EB060BBBF10F0F58D9434B484616
S214009BC0C5E90034AC602C6213A92AF05AF80028C4
S214009BD0DDD1284613992BF00F0B33F0DCFC5946E9
S214009BE0284633F0D8FC484604A92AF0DAF80028BC
S214009BF0CDD1284604A92AF005F9484607A92AF037
S214009C00DBF80028C3D1284607A92AF0FBF8012371
S214009C1022992F4ACDF828A00B930C928A190D9200
S214009C2028464BF000520AA90E9303920F922AF090
S214009C30E9F828460DA92AF0E5F8239B039A991916
S214009C400123109111931292214A284610A9CDF8AB
S214009C504CA01493159233F0C4FC284613A933F095
S214009C60C0FC284633F07AFC5E4400288FD1229B45
S214009C7003EB060B239B1E44029B9B4501D14646E5
S214009C8080E7ACB9219B2246CDE900A349461023C4
S214009C902846FFF7F9FE00287FF479AF0AF1100294
S214009CA012F8013D0133DBB213700BB95245F7D100
S214009CB0219A1BF8013B125D0134534006F8013B24
S214009CC004F00F04D8E7212061E700BF0303000477
S214009CD0100000207FB50E461D460446F0B102B9BE
S214009CE0E3B901230192029345F000530393002346
S214009CF00B4AA360C4E900232362204601A92AF088
S214009D0081F83146204633F046FC2046294633F09B
S214009D1042FC204633F022FC04B070BD2120FBE755
S214009D2000000943084B984202D0084B984207D1DE
S214009D300B88B3F5105F14BF6FF0850000207047E6
S214009D406FF08500704700BF004440040013C00455
S214009D501038102808D8064BC34013F0010F0CBF6C
S214009D606FF08600002070476FF08600704700BFD7
S214009D70010101002DE9F04F8A46A5B00021DDE97A
S214009D803074DDE932590490934606A810221E4628
S214009D90DDF8D0800FF0DAFD102200210AA80FF0BF
S214009DA0D5FDBAF1000F05D16FF0860A504625B0F2
S214009DB0BDE8F08FBBF1000FF6D00FB9002CF3D141
S214009DC02E9B13B92F9B002BEED115B9B9F1000FBE
S214009DD0EAD1B8F1000FE7D004993046FFF7A2FFAA
S214009DE0014610B16FF0850AE0E7282205901AA810
S214009DF00FF0ACFD2022059912A80FF0A7FD1AA8B7
S214009E0033F0BFFB10B16FF0920ACFE751465A46C7
S214009E10049812AB2AF042F882460028C6D112985F
S214009E20FFF796FF82460028BED114B9C8F8000096
S214009E30BCE7AF4256D23B199D4253D24C45B3D8ED
S214009E402246394628460FF02BFC504B9E4268D0DF
S214009E50C8D34F4B9E4203D003F540739E42C1D1F8
S214009E602F46102200210EA80FF070FD4C459BD8FF
S214009E70484B9E422F9B56D10D2B95D101238DF832
S214009E8038302E9B0DF1390203F10C0153F8040B08
S214009E908B4242F8040BF9D11B78137001238DF81E
S214009EA0473014F00F0624F00F0B4CD106AB01938D
S214009EB00EABCDE9027500935A46002312A91AA8E4
S214009EC0FFF73AFE074600285DD04A46002128469E
S214009ED00FF03CFD0023012FC8F8003093D16FF03F
S214009EE08B0A63E72A4B9E42BBD003F540739E4223
S214009EF0B7D0264B9E427FF475AF4C453FF654AF25
S214009F0014F00F027FF450AF2346CDE9007512A976
S214009F101AA8FFF7B9FD07460028D6D1C8F80040B2
S214009F2044E72F46ECE7102B7FF43EAF2E9B0EAA9D
S214009F3003F1100C164618685968083303C66345C3
S214009F403246F7D1ADE707EB0B030DF1280C03F112
S214009F50100E624618685968083303C27345944663
S214009F60F7D10F2CA2D805EB0B0303930AAB029391
S214009F7006AB01930EAB00933246002312A91AA833
S214009F80FFF7DAFDC7E7002EC8D0ECE70044400430
S214009F900010C0040013C0042DE9F04F8A46A1B09B
S214009FA00021DDE92A45DDE92C688146934606A8AE
S214009FB010221F460FF0CAFC102200210AA80FF03C
S214009FC0C5FCBAF1000F05D16FF08609484621B0EE
S214009FD0BDE8F08FBBF1000FF6D00CB9002DF3D121
S214009FE016B9B8F1000FEFD12E9B002BECD04946E6
S214009FF03846FFF797FE014600283AD128220590FA
S21400A00016A80FF0A3FC202205990EA80FF09EFCC0
S21400A01016A833F0B6FA10B16FF09209D6E74846A4
S21400A0205A4651460EAB29F039FF81460028CDD15D
S21400A0300E98FFF78DFE81460028C5D115B92E9BD8
S21400A0401860C3E7B44217D263199E4214D245453E
S21400A050BAD82A46214630460FF022FB384B9F429C
S21400A06019D006D3374B9F4258D003F540739F4212
S21400A0702ED06FF08509A9E7324B9F424FD003F5EB
S21400A08040739F4225D02E4B9F42F2D1454503D9BF
S21400A0906FF089099AE734462B0795D12B460122A3
S21400A0A0CDE900460EA916A8FFF7EEFC2E9B044647
S21400A0B01D6000288AD04246002130460FF046FC3C
S21400A0C000232E9A012C1360A6D16FF08B097DE732
S21400A0D034460D3D4545DBD801238DF82830234610
S21400A0E00DF1290204F10C0153F8040B8B4242F8DF
S21400A0F0040BF9D11B780D3413704FF48073ADF850
S21400A100363006AB01930AAB00932A460023CDE90E
S21400A11002460EA916A8FFF70FFDC7E73446103D06
S21400A1204545B5D823460AAF04F1100C3A461868E0
S21400A1305968083303C263451746F7D11034E0E781
S21400A140004440040010C00410B54FF42F720021E4
S21400A15004460FF0FBFB8023C4F88C30054B04F15B
S21400A1609C00C4F88430012384F88830BDE8104091
S21400A17028F05DBF31DF030010B5D0F8A0400A46D6
S21400A1808CB92AF0A3F8044610B90024204610BD66
S21400A1902D2896BF064B074953F82010064A074855
S21400A1A02AF0DDF9F2E7D0F8A4101046A047ECE755
S21400A1B06472040034DF03001DDE030059E0030070
S21400A1C0F8B590F88060044616B100263046F8BD13
S21400A1D029F0ADFE0028F8D1012384F8803094F8E9
S21400A1E0883033B1D4F884101F4884F888602AF089
S21400A1F0B6F94FF0FF37D4F8B402421C1FD0C4F8AB
S21400A200B47210F0FF052CD0204629F08DFE2946AA
S21400A210204600F091FB0028EDD0204629F092FE63
S21400A22094F888303BB1D4F884100F482AF097F998
S21400A230002384F88830002384F88030C6E72AF0AC
S21400A24073F9431CDDD1D4F88C30D4F89420013B4C
S21400A2509A4204DB054A064906482AF080F9012698
S21400A260E9E70126C7E700BF4FF103001DDE030044
S21400A27042DF030059E00300F8B50B780446302BA4
S21400A2800D46164604D14B7803F0DF03582B11D049
S21400A290284F6A1E12F8011F002934D128460A22C8
S21400A2A00FF0C4F9202C03460D4631D1B1FA81F0E7
S21400A2B040091AE04A1C1F4912F8013F8BB928468C
S21400A2C00FF0C0F91C4B02382340032B12D1013487
S21400A2D0A41084420AD1A87837288CBF0020012019
S21400A2E003E0CB5C13F04400E6D1F8BDCCBF012000
S21400A2F00020FAE7002CB8BF0334B0EBA40FD4BF9D
S21400A30001200020F1E77B5C13F00400C2D1ECE7EB
S21400A31026B1084302D0013B61F100050122A240AC
S21400A320013A1A40002D08BF9A420CBF01200020B7
S21400A330DBE700BF0197040003000080F0B5037858
S21400A34001467B2B17D10646022400220B4F16F837
S21400A350015F7D2D05D10B5D6BB9D24302F0010084
S21400A36008E07B5D13F0440002D001320134EEE7D2
S21400A370202DFBD0F0BD0020FCE700BF01970400B5
S21400A38070B506460D460FF05DF9044630462AF0D5
S21400A390E6F8AC4200D370BD02482AF0E0F801347B
S21400A3A0F7E700BF69E803002DE9F0410446022103
S21400A3B04E48FFF7E5FF1E212068FFF7E1FF6368C0
S21400A3C058682AF0CCF84A482AF0C9F867683B7BF8
S21400A3D0FD2B0CD8D7F808804FF0FF3540460FF01D
S21400A3E031F906460C3717F8013BFF2B01D1BDE8C3
S21400A3F0F081212B48D8212B66D8DFE803F067735D
S21400A40075114B4D4F5165656565656565655355B9
S21400A41057595B5D5F6165656565656565656F6315
S21400A420344C1EB1202B05F10105DCD002212F484B
S21400A430FFF7A6FF1E212D48FFF7A2FF2E482AF0A1
S21400A4408EF82E4920460FF001FB2D49002818BF34
S21400A45021462C482AF083F83B78202B02D12B206B
S21400A4602AF071F828482AF07AF84EB118F8053024
S21400A4701F2B05D018F805001F2801D0B54229DB90
S21400A4801B482AF06CF8AEE7204C214AFE2B08BF8A
S21400A4901446C6E71F4CC4E71F4CC2E71F4CC0E774
S21400A4A01F4CBEE71F4CBCE71F4CBAE71F4CB8E773
S21400A4B01F4CB6E71F4CB4E71F4CB2E71F4CB0E783
S21400A4C01F4CAEE70D4CACE7104CAAE706B10135C1
S21400A4D01C4CABE72AF037F80135CBE7002E82D0CC
S21400A4E0013580E7184C9CE7184C9AE76D28040065
S21400A4F01DDE0300ECDF0300D9F90300FBDF0300D9
S21400A500F1DF03004FF1030007E30300F3DF03006E
S21400A510F1F803003EE0030045E0030036E00300E8
S21400A52032E0030029E003001FE0030015E003000B
S21400A5302AE0030020E0030016E003000BE003001F
S21400A54004E00300EBDF03003DE0030044E003000B
S21400A5502DE9F04F9BB005468B46002400920393EE
S21400A5600FF070F8249F039B04901C6028463C6004
S21400A5700AAA09A92AF015F8064658B90A980FF04B
S21400A58061F83446B046039B1860D5F89C300293B9
S21400A590029B1BB920461BB0BDE8F08F029BD3F888
S21400A5A00890B9F1000F6FD02E4416F8013B202B0F
S21400A5B011D000260C23734309EB030A59F8033025
S21400A5C00193002B5BD0099B434558DB9AF8082083
S21400A5D02AB1721C3EE03B6801333B60E5E7396810
S21400A5E0D5F894200793039B521A1A601AAB03EB14
S21400A5F0880151F8403C0199184605930FF004FB7A
S21400A60006900028E5D101980FF01CF8DDE9062336
S21400A6100146DAF80400D7F800A090F80CC0BCF1A8
S21400A620FE0F19D103F1FF3EC64515D0D0F80090B5
S21400A630059801920FF006F80AF1010A8244019A81
S21400A640AA44AAEB05033B601AF8013B002BF8D09E
S21400A65008F101081646ADE7D5F894200591A2EB5F
S21400A6600A028A4220DC58460EF0ECFF05990144A7
S21400A6707B290DD958461E4A009928F0FFFC2B4628
S21400A680049A2A4493422AD1029B1B6802937FE7CE
S21400A690DDE90012584628F0F1FC5846154A0099A4
S21400A6A0013428F0EBFC94E7BCF1FE0F91D1013B9E
S21400A6B043458ED1D0F8009059F80C2B22B9049B54
S21400A6C03B60039B1A60DAE75846009928F0D6FCF0
S21400A6D05846084A009928F0D1FC0134ECE713F8F4
S21400A6E0011B0029CED14FF0200103F8011CC9E759
S21400A6F04BE0030069E803002DE9F047002486B02C
S21400A700DDE90EA81C60064689468AF800401168F6
S21400A710154888F8004017461D468DF81740FCF788
S21400A720BFFA18B901242B6801332B600020D6F835
S21400A7309C6036B914B1012388F8003006B0BDE835
S21400A740F087B06868B14B460021CDE902A8CDE994
S21400A75000750DF1170229F058FD9DF81730002BF3
S21400A760E8D13668E5E700BF50E003002DE9F04F7A
S21400A7700446ADF5477D06AE80220021304605AF83
S21400A7800DF110080FF0E2F83B46802231462046D5
S21400A790CDF80080FFF7DCFE012847D130460EF0EA
S21400A7A051FF3B68D8F8002005461A44224411465B
S21400A7B0C01A013B334400EB020EAEEB010CBCF1B9
S21400A7C0000F1EDC002120EAE0739954D4F8903084
S21400A7D099463A68D8F800101144494516DCD4F872
S21400A7E09410A81A014403441644C4F89410C4F8FC
S21400A7F090303518AB1B002B13DC0DF5477DBDE8FC
S21400A800F08F13F801CF01F801CBD6E7E05C29F012
S21400A8109AFED4F8903009F101090133C4F890305B
S21400A820D7E716F8010B29F08EFEE3E7E5DD26AD47
S21400A8308022002128460DF58C7B0FF087F800213A
S21400A8404FF4007258460FF081F8B24631464FF08A
S21400A8500109002311F8012B002A3CD1304603924F
S21400A8604BF829300EF0EEFE2946039A1AF801CB73
S21400A8700DF58C7E5EF8043B834235D1013291455E
S21400A88001F801CBF2DAD4F890903B684B4532DC05
S21400A89023463146264A274829F061FE28460EF010
S21400A8A0D1FE3A68D8F80030154413442344801A81
S21400A8B01A466E1E1F18B91A002929DC002120EA44
S21400A8C0E072D1542C18631B002B96DD15F8010B93
S21400A8D029F039FEF7E7202A03F1010304BF4BF8FD
S21400A8E0293009F10109B5E733449B5C6345C1D0C3
S21400A8F00023AB54C7E7D4F8903009F10109E05CB7
S21400A90029F021FED4F890300133C4F89030BCE72B
S21400A91016F8011F02F8011BD4F890100131C4F894
S21400A9209010D4F894100131C4F89410C3E700BF17
S21400A93031DF030055E003002DE9F843D0E9245643
S21400A94004460F46002294F89830012B07D10A2FB0
S21400A95007D1002384F898300020BDE8F88300F281
S21400A9609F801B2F01D10223F4E70D2F0DD1012369
S21400A97084F898300D2029F0E6FD0A2029F0E3FD42
S21400A98000230120C4E92433E7E74FF00008082F2E
S21400A99084F8988034D1454530DDB5420FD138462D
S21400A9A029F0D1FD202029F0CEFD013D384629F0C2
S21400A9B0CAFD013E04F80580C4E92456CCE7FBDA5C
S21400A9C005F1FF39384629F0BEFD04EB0903A6EB76
S21400A9D00902611918460EF063FE04F80680014667
S21400A9E0013E484829F0BBFD35464D4501DC4D4645
S21400A9F0E2E7082029F0A7FD013DF6E7ACD0DBE74B
S21400AA007F2F1CD1002EA7DDB542A5DA6319691C7D
S21400AA1021441846721B0EF043FE04F806800146D9
S21400AA20394829F09CFD0820013E29F08CFDB542EE
S21400AA30F9D1D4F89430013BC4F894308CE70A2F4F
S21400AA4098D0092F03D12046FFF790FE84E7D4F86C
S21400AA508C30013BB3427FF77FAFB54204EB05086D
S21400AA6005F101090CDB384688F80070D4F89430FC
S21400AA70C4F890900133C4F8943029F064FD6BE775
S21400AA804146721B04EB09000EF00AFE404629F010
S21400AA9066FD0820013E29F056FDB542F9DDE2E7E5
S21400AAA0022B06D15B2F01D1032353E784F89820AD
S21400AAB049E7032B7FF450AF413F84F89820032FDB
S21400AAC03FF64AAFDFE807F002070A1601212046E4
S21400AAD029F0E6FC40E74FF0FF31F8E7B542BFF655
S21400AAE03BAF605D29F02FFDD4F890300133C4F8F9
S21400AAF0903031E7002D7FF72FAF013D0820C4F8D6
S21400AB009050BAE75EE00300F5E3030008B502489C
S21400AB10FEF7AAFB002008BD00B4C40430B58BB015
S21400AB206C46174D0FCD0FC40FCD0FC495E803002C
S21400AB3084E80300134BD3F84C2112031CD5A3F56D
S21400AB40FE431C884FF6FF739C4208BF8C248DF88A
S21400AB501940FEF771FC044484F308040A488DF893
S21400AB601840FCF735F96846FEF7CEFB3220FEF7B4
S21400AB7069FC00200BB030BDD3F85041E4B2E6E7E4
S21400AB801C7304000080E00F00F049020028ACBFF0
S21400AB9000F16040064B4FEA0111C9B2ABBF00F5A9
S21400ABA0614000F00F0080F800131954704700BF92
S21400ABB014ED00E008B532F085FC0B4B1A7872B93C
S21400ABC001221A7032F079FC6FF00402104601324E
S21400ABD0052152B2FFF7DAFF3D2AF7D108BDBDE8DE
S21400ABE0084032F06ABC00BF12560020002807DB7F
S21400ABF001234109034A00F01F00834042F8213038
S21400AC00704700BF00E100E0054B421153F82230C8
S21400AC1000F01F0023FA00F0C04300F00100704768
S21400AC2000E100E0002808DB01224309034900F0A8
S21400AC301F008240603341F82320704700E100E0A7
S21400AC4010B5044632F031FC024B1C6032F028FC92
S21400AC50002010BD2435002010B532F026FC034B32
S21400AC601C6832F01DFC204610BD00BF24350020B5
S21400AC7038B50C461546014610B9FFF7EDFF0146FC
S21400AC802B46224603480DF0CBFC0028D4BF3720C5
S21400AC90002038BDF946030008B500F0E3FB18B104
S21400ACA06A21024832F000FD002008BD63E0030080
S21400ACB008B500F049F80C4A536A43F4702353620F
S21400ACC0EFF308834FF0CD31084A043B934208D295
S21400ACD000F070FAFFF7E0FFBDE808400448FEF712
S21400ACE0B5BD43F80419F1E700ED00E008000020C8
S21400ACF07871040007B5042200200DEB02012DF048
S21400AD0059FB042803D0D721044832F0CDFC019823
S21400AD1000F0DCF903B05DF804FB00BF63E003005D
S21400AD20082310B50C0A41400648C9B241F3000298
S21400AD30013B024013F0FF0382EA5101F6D184EA98
S21400AD40010010BD2083B8ED38B5FEF75BFC044665
S21400AD5028F0E1FEE30729D401221046114600FA46
S21400AD6001F3234002F1010222D01D4B33F81130CB
S21400AD701C48062B028844881B491FD14FF20F033C
S21400AD809C4218D1B2F5406F28BF4FF4C0624CF217
S21400AD903C330A80438040F201739A4201BF134B52
S21400ADA0134AD2E90001C3E9000115E00021DCE7FF
S21400ADB0102AD3D1DCE74FF4C062E8E740F207255B
S21400ADC0AB420AD14FF20F05AC4204D19A4204BFFF
S21400ADD04CF23C3242800B8038BD1A460B80DAE7D4
S21400ADE0DC7404009C5C0020124F002028350020F4
S21400ADF0945C0020014B1888704700BF124F00205B
S21400AE00014B1888000A7047124F0020044B054873
S21400AE101B881A0AB3F5406F38BF00EB82007047F4
S21400AE20124F0020AC740400044B1888044B020A2E
S21400AE3053F82230C0B203EB80007047124F002058
S21400AE407C74040010B5044632F033FB4FF20F0258
S21400AE50044B1C805A80BFF35F8FBDE8104029F07A
S21400AE6015BC00BF9C5C00206D4A2DE9F0416D4B7F
S21400AE7055686D4C5D65516A99656C49D1F800025C
S21400AE80D865D1F80412586B1966916A10F0040F51
S21400AE905966D16A4FF000009966116BD966516BFE
S21400AEA01967D26BD8645A67D3E90E1218BF1146D9
S21400AEB05F4A91421A655DD301F12000A04259D83D
S21400AEC08869C5F308051864CE69062D5E6455D1F9
S21400AED0584DA84252D3584DA8424FD205884DF639
S21400AEE0426085424AD11868C3F890005868C3F893
S21400AEF0940040F20170A242154604D22E68043235
S21400AF00B6F1CD3FF7D00022C3E91E22C3E92022C6
S21400AF10C3E92222641BDFF81CC1434DDFF818E1A9
S21400AF209C648D422DD8D3E91EC7D3E92065D3E9AA
S21400AF3022414FF0000E013AD2B2FF2A3CD1BEF1B8
S21400AF40000F05D0C3E91EC7C3E92065C3E9224147
S21400AF50B3F85430C3F308030C2B3BD8022B54D958
S21400AF60DA1E092A51D8DFE802F031574043505024
S21400AF705050504D0021C3E910112D494FF4206068
S21400AF80B9E755F8044D6445CBD37445C9D2E607F6
S21400AF90C7D50026294F57F8048FA045C1D00136E3
S21400AFA0062EF8D132B1013AD2B202F11E0643F8AB
S21400AFB02640B6E70522F8E7E0464FF0010EBC460D
S21400AFC037462E4625460C464146B4E740F6012055
S21400AFD0BDE8F0813B2B18D1194B9B6913F0020F8B
S21400AFE040F2025318BF1846F2E740F60320EFE798
S21400AFF040F6042240F20173B0F5206F0CBF1046F5
S21400B0001846E5E740F60520E2E740F60722013B52
S21400B0104B2B98BF1046DBE740F60220D8E700BF70
S21400B02000ED00E0045C00200810002000E100E0D5
S21400B03008000020D0420000C0DA0300785C002040
S21400B0400080015A00F00CB800F00AB800F008B80A
S21400B05000F006B800F004B800F002B800F000B83F
S21400B06072B61EF0080F09D01EF0040F0DD0DFF8E0
S21400B07050E0AEE8FF1F6FF002000CE0DFF840E0A3
S21400B080AEE8FF1F6FF00E0005E0DFF834E0AEE834
S21400B090FF1F6FF006006946EFF309828EE807008F
S21400B0A086460848084C854501D3A54501D384F358
S21400B0B00888FFF7D9FE84F30888FFF7C3FE000070
S21400B0C0045C002048000020081000204BF6EF62C9
S21400B0D083B2002B08BF1346044A000C13804FF6B9
S21400B0E0CE2308BF1846024B188070474C640020D9
S21400B0F04A6400200B4BB3F900201888002AB8BF1A
S21400B10080F0620042001A80074AB2F900101388E5
S21400B1100029BCBF83F4805383F00B0359001180D1
S21400B120584070474C6400204A64002007B56846C3
S21400B13000F01AF8DDE900010022034B03B05DF8C9
S21400B14004EB29F09DBD00BF3035002007B5009305
S21400B15013460A460146034829F048FB03B05DF84B
S21400B16004FB00BF303500200249034A0160521A32
S21400B17042607047206500200000012000487047AC
S21400B1803035002038B54160044632F08EF9054669
S21400B1902146044827F04EFF2846BDE8384032F0E6
S21400B1A07FB900BF58350020014827F040BF00BFD8
S21400B1B0583500200222014B1A67704700400050A5
S21400B1C070B532F072F9174E0546174832F018FA85
S21400B1D03378CBB900F046F9044620B1284632F061
S21400B1E05FF9204670BDFFF7DFFF32F0D3FA0F4B52
S21400B1F01C6030F009FF0E4B0E4A1860536F43F088
S21400B2000103536729F058FD00F028F829F06BFD7C
S21400B210094B0024186001232846337032F040F9A9
S21400B220DFE700BF1E560020547304005C35002084
S21400B230843500200040005060350020054B1B6818
S21400B2405843054B00F5742000F23F20B0FBF3F0A6
S21400B250704700BF8435002040420F00294B2A4A21
S21400B260D3F8003170B503F00303136030F060FCD0
S21400B2704FF4C870FFF7E2FF0022244B2449186001
S21400B280244C0B680132D2B20A2A44F8040BF9D1D6
S21400B290034400EBC00003440B601F4B1F4D1B789C
S21400B2A013B3184BD3F8003103F00303022B22D05C
S21400B2B0032B23D0012B17D130F0D2F9024698B1D8
S21400B2C0174B184EDC6800231946C4F30B040134F0
S21400B2D004EB84040138E4FB06010DF025FFFFF7BC
S21400B2E0ADFF2B6803442B601F20FFF7A7FF2B68DA
S21400B2F003442B6070BD30F0FDF9DFE732F0E8F86C
S21400B300DCE700BF00800050C435002088350020F0
S21400B3108C3500209035002022560020BC350020B9
S21400B32000C0015040420F000122154B10B55A676D
S21400B330144B154C1B7813B3022032F01CFAF0B1F4
S21400B34030F0E6FED8B1A36DD90302D5E36D9A07B7
S21400B35015D40D4B9B6DDB0711D401220B4B1A70D5
S21400B36032F0FDF9BDE81040094B0A4A1860136F29
S21400B37023F0070343F00303136730F057B910BDFB
S21400B38000D000502356002000C000502056002059
S21400B390B8350020008000500122014B1A7070471B
S21400B3A02356002007B5FFF7C1FE01A8FEF798F95F
S21400B3B09DF80530012B25D1234B9A6DD20311D46D
S21400B3C05A6B6FF3162242F4BC1242F4A0625A6320
S21400B3D01A6B22F4704242F440421A631A6B42F42B
S21400B3E0E0621A639DF8043063B94FF000531B689F
S21400B3F0164B1B68164B1B68164B1B68164B1B68B8
S21400B400164B1B68164AD2F8803043F00303C2F886
S21400B410803029F070FCFFF7CDFBFFF777FBFFF7D6
S21400B4207DFB0DF047F9FFF7CBFE00F01BF829F087
S21400B43063FCFFF73DFC29F06EFC2CF0F5FD03B035
S21400B4405DF804EB29F059BC00C000500040002015
S21400B4500080002000C000200000012000400120E5
S21400B4600080005070B532F02DF8144E0546347842
S21400B470FCB9134B1C60134B1C60134B1C6000F094
S21400B48031F8012030F030FF30F022FF0F4B02463B
S21400B490186020B9284632F010F8232070BD2346E5
S21400B4A040F2E7310A480DF03FFE0A4B18600123D0
S21400B4B03370284632F001F80020EFE726560020C9
S21400B4C0D4350020D0350020DC350020D8350020CB
S21400B4D018FCFFFFCC350020014B1868704700BFF2
S21400B4E0CC35002030B50024194B85B018689A88F2
S21400B4F00290D3F806009B7A00901648ADF80C2010
S21400B5008DF8043032F07CF802A88DF808408DF8EB
S21400B5100C40FEF7C1F8694601208DF80040FEF7A2
S21400B5207FF81F220C4B9A615A614FF0B042936A23
S21400B53013F00803FBD113620120FEF78BF80A20F4
S21400B540FFF770FB0A20FFF751FB05B030BD00BFC8
S21400B55005750400507304000020005810B531F043
S21400B560B1FF4FF0B04304465B691A07074A03F081
S21400B570010003F00D0348BF40F00200536130F0B5
S21400B580DDFD2046BDE8104031F097BF0020005892
S21400B59021282DE9F341054604D82C46204602B062
S21400B5A0BDE8F08100240B4E0B4FDFF830800023FF
S21400B5B0CDF800801A461946386828F09AF8844272
S21400B5C0EBD2222CE9D056F8043BAB42E6D001344D
S21400B5D0EDE700BF24780400C05F0020FFFF0F00E7
S21400B5E02DE9F04F644E654D89B029F0E0FB3168D7
S21400B5F02868FCF753FD0446002827D0336800244B
S21400B600D3E900019A6912689047336804A89B69D9
S21400B6109B689847336802209B69DB6898473268C6
S21400B62005985368E7B2B3FBF0F3BB42916904F1A7
S21400B63001044ED8CB680020984733689B695B6846
S21400B640984731682868FCF729FD04460027DFF88C
S21400B65044A1DFF84481DFF84491F4B9484BDB5D40
S21400B660002B00F08480D8F800602868314602ABD2
S21400B67003AAFCF799FE2D2807D070B9039B012B6F
S21400B6800BD031462868FDF7E5F8DAF80030314689
S21400B6901A682868FDF75EF804460137222F0AF17B
S21400B6A0040A08F1040809F10109D6D1B4FA84F3B2
S21400B6B0344A5B0913702B681B7C33B129F043FBBB
S21400B6C018B1DB21304831F0EFFF204609B0BDE865
S21400B6D0F08F12680B6907FB002098479FE7D8F8A1
S21400B6E0003003AA194402AB0191FCF75DFE2D2839
S21400B6F001992BD018B30BF1010B5FFA8BF18E4238
S21400B7002868ECD8214BDB5D002BC6D0F3B27E2B2D
S21400B7102868C2D8D8F8003003AA06EB030B5946AF
S21400B72002ABFCF741FE2D282B68B6D059461846CA
S21400B730FDF790F8013604460028E7D0ADE7039BF6
S21400B7407BB999F80020029B9A42D4D099F8003031
S21400B750DAF800202868FCF7F5FE0028CBD004466F
S21400B760D0E728680191FDF775F80199EEE7084BD8
S21400B770A346DE5DC1E700BFA05F0020C05F0020DB
S21400B7800078040028560020C9E00300DE77040095
S21400B7909A7704001075040024780400BC7704002F
S21400B7A0F8B51F46214B04461B780D46164623B1B6
S21400B7B000F47E23B3F50E2F2BD02046FFF7E8FECD
S21400B7C02128044614D81A4B53F82010194B1B781E
S21400B7D0ABB1194B212C18681DD8184B1B5DD3B183
S21400B7E03268FCF7B7FF044650B129F0ABFA07E021
S21400B7F0FF2807D93A46314680B228F0B9FF002420
S21400B8002046F8BD4FF4A9710D4831F04DFF0021D8
S21400B810DCE70146DAE77F2D08BF00253B463246C7
S21400B82051FA85F1FCF78EFEDDE700BF27560020B3
S21400B8302478040028560020C05F0020007804000A
S21400B840C9E0030030B5134600F07E62B2F17E6FA9
S21400B8508BB00DD10A46C0F30B016846FEF73AFAE4
S21400B86020B140F29311094831F01EFF0BB030BDF5
S21400B8705A0829F06AFA0028F8D04FF49C71034859
S21400B8800BB0BDE8304031F00FBF00BF39E1030018
S21400B8902DE9F341C70705460E46144604D540F287
S21400B8A0E311484831F000FFE10704D54FF4F27188
S21400B8B0444831F0F9FE444B93F80080B8F1000F8D
S21400B8C020D043F260239D4208D1224631463F48AD
S21400B8D00EF0DAF9002002B0BDE8F081C5F30B07E0
S21400B8E005F44055B5F5805F14BF4FF40F204FF4B4
S21400B8F00E20234632467F21384302B0BDE8F04191
S21400B900FFF74EBF05F47043B3F5805F3DD1C5F336
S21400B9100B052F4A05F17E65631E2B4493422ED8F5
S21400B9202F4607EB0408474542D1AA070ED04FF62C
S21400B930FF7336F8022BA81E43EA024304220DEBDF
S21400B94002010193FFF77EFF0235023CA3070ED0EB
S21400B950023C24F00103F35A04226FEA03436FEA21
S21400B96013430DEB020128190193FFF76BFF002C20
S21400B970B0D0224631462846FFF764FFAAE740F2D9
S21400B980FD11104831F090FECAE705F46043B3F5A8
S21400B990005F04D1C5F30B0505F53E25C0E740F270
S21400B9A00521084831F080FE6FF00F074546B8E7DE
S21400B9B017F8013BFF2BB6D04FF40471014831F065
S21400B9C073FEB0E739E10300275600204E640020DE
S21400B9D0FF03E00F10B500F077F829F002FA0446EE
S21400B9E018B100F079F8204610BD00F07BF8044648
S21400B9F00028F6D10122014B1A70F2E729560020E2
S21400BA00054B1B7833B1054BC0F3130100221868B1
S21400BA10FCF7E4BE1120704729560020C05F0020C6
S21400BA20144B2DE9F0411B7805460E461746FBB130
S21400BA3029F0BEF9012805D9841EE4B2012C09D9E3
S21400BA40212412E03B4631462846BDE8F04100225C
S21400BA5000F052B800F038F83B460022314628463F
S21400BA6000F076F8044600F037F82046BDE8F0818E
S21400BA701124FAE729560020124B70B51B780446AD
S21400BA800D461646E3B129F093F9012805D9831E21
S21400BA90DBB2012B08D9212410E032462946204685
S21400BAA0BDE8704000F040B800F00EF82046324680
S21400BAB0294629F098F9044600F00EF8204670BD95
S21400BAC01124FBE72956002008B531F0EEFC014BA7
S21400BAD0186008BDE0350020014B186831F0E0BC66
S21400BAE0E0350020024B1968024B1868FCF7D6BAFE
S21400BAF0A05F0020C05F002037B505460C46C0F3A7
S21400BB0013010848ED02006805D5224603B0BDE8DB
S21400BB103040FCF715BC009313462246FCF7C8FBE2
S21400BB2003B030BDC05F002030B405461346074A58
S21400BB300C46C0F313011068EA0203D5226830BC35
S21400BB40FCF708BE224630BCFCF7FCBCC05F0020F9
S21400BB50F7B505460F4614461E461BB9212528464E
S21400BB6003B0F0BD0029F9D029F022F94BF2346277
S21400BB70ABB2934220D14FF0FF3322466946CDE95F
S21400BB80003325483346FFF7E3FF082205462349DE
S21400BB9068460DF02DFF38B933462246694641F215
S21400BBA0F010FFF7D5FF0546002DD8D1324669467E
S21400BBB038460EF069F8D2E741F2F01293420FD100
S21400BBC0174B311908299A6CDB6CC7D8CDE90023CE
S21400BBD069463246384621440EF056F80025BEE740
S21400BBE002280AD1C5F30C4332199342B6D3C5F3E3
S21400BBF00B0104F17E643246ECE7032809D1C5F355
S21400BC000C4332199342A9D3C5F30B0104F53E2425
S21400BC10F1E70125A3E700BF021008C0B0780400D2
S21400BC200080E00F10B52BF09FFB2CF055FCBDE814
S21400BC301040034601210220014A02F0F1BB00BF7A
S21400BC40AFE1030013B5D0E9023253F822301C7876
S21400BC5020462BF09BFB2346009001210220024A3F
S21400BC6002F0DEFB02B010BDC3E10300014B187802
S21400BC702AF063BF2A560020FF232DE9F04F8FB02D
S21400BC801122002108A88DF813300DF05FFE08A8D9
S21400BC902AF05BF901210220AF4A08AB02F0C0FB94
S21400BCA041F24903AD4A0121022002F0B9FB06A881
S21400BCB02AF04CFA08A90DF113002AF052FA0220D5
S21400BCC00021A74A02F0ACFB00202AF067FF10B163
S21400BCD006A809F065F99DF92A3001210220A14A3B
S21400BCE000939DF82B3002F09BFB2BF039FB831E54
S21400BCF0DBB2FC2B05462DD8012102209A4A02F021
S21400BD008FFB0124234600210220984A02F088FB7C
S21400BD1005A9E0B22BF026FB034650B1A0F11602AF
S21400BD20012A40F2AA8001210220914A02F078FB03
S21400BD300CE09DF91430012101939DF81630022085
S21400BD4000938C4A9DF8153002F06AFB0134E3B28A
S21400BD509D42D7D8BDF8284007F030FE2346002184
S21400BD60854A0090022002F05BFB02200021834AF5
S21400BD7002F056FB00202AF011FF10B108A809F0C7
S21400BD800FF901217E4A022002F04AFB2BF046FA08
S21400BD9004462BF041FA234601217A4A00900220FD
S21400BDA002F03EFB08F042FA00210220764A02F03A
S21400BDB037FB9DF81330FF2B65D000210220734A15
S21400BDC002F02EFB01216E4A022002F029FB2AF027
S21400BDD0CDF9012103466E4A022002F021FB07F04E
S21400BDE0C5FD002103466B4A022002F019FB2AF02B
S21400BDF0C3F904462AF0C2F923460121664A009098
S21400BE00022002F00DFB31F05CFC08F0B7FA0121CD
S21400BE100346624A022002F003FB0027DFF8BC91CB
S21400BE2008F0ACFAFCB2A04233D831F04AFC012349
S21400BE305B4A1946022002F0F3FA00202AF07DFE43
S21400BE40584B594C0093012100230220574A02F018
S21400BE50E7FA236863B1012102201B78544A02F0F6
S21400BE60DFFA2368012102205B78524A02F0D8FAF2
S21400BE702AF068FE0FB0BDE8F08F012102204E4A7E
S21400BE8002F0CEFA62E7002102204C4A02F0C8FA1D
S21400BE9098E709EB04152046D5F8088008F028FB3B
S21400BEA08246204608F070FA454E464B002818BFDA
S21400BEB0334620469B4608F01BFB0AF05DF8414BD4
S21400BEC00021002808BF1E463F4A53460220CDE9FF
S21400BED000B602F0A5FAAA792B7B0292AA88012165
S21400BEE001926A8802200092384A02F099FA0025E8
S21400BEF0DFF8ECA098F80430ECB2A34203D831F097
S21400BF00E0FB01378CE714235C43D8F8006002207E
S21400BF10325B06EB040B9BF90C3000922C4A002196
S21400BF2032EA230228BF524613462A4A02F078FA1B
S21400BF3000202AF033FE38B15846345B2AF083F9E5
S21400BF40014620460AF066F801210220224A02F045
S21400BF5067FA0135CEE700BF04E2030013E20300F0
S21400BF602FE203005BE2030036E203004CE203002C
S21400BF707BE2030053E2030088E20300A8E203002A
S21400BF80F2E20300B1E20300D3E203007000040013
S21400BF90DEE20300F4E203000AE3030020E303000A
S21400BFA099E30300B1E30300583A0020A5E3030039
S21400BFB0BFE30300D3E3030070E20300F3DF0300F4
S21400BFC0DBE10300E3E103002BE303004BE30300A4
S21400BFD0F8E1030081E303006D2804008C3900209B
S21400BFE0ECE103002DE9F7430025134F134E08F04C
S21400BFF0C5F9ECB2A04202D803B0BDE8F0834FEA20
S21400C0000418204617F8089008F0BEF90C4A4B466C
S21400C010002808BF3246002102200092094A02F09A
S21400C020FFF917F808002AF0ADF801210220064AA9
S21400C03002F0F6F90135DAE78C390020F72E040015
S21400C040ED2E0400EEE303006D28040008B58368B7
S21400C0505A681178C26853F82230A1F1650251423D
S21400C0605141187808F042FB30B9BDE8084001217C
S21400C0700220024A02F0D4B908BD00BFF9E303006B
S21400C08000210220014A02F0CBB900BF13E40300EE
S21400C09000210220014A02F0C3B900BF41E40300B8
S21400C0A010B5044686B01822002168460DF04EFCF6
S21400C0B068462AF0BFFCD4E9022052F8203002EB92
S21400C0C080021B788DF80B30516891F900108DF8BE
S21400C0D00A1091680988ADF808106168091A0329E2
S21400C0E007DDD26803F01F03127843EA42138DF887
S21400C0F00B30684607F010FD00210346024A022076
S21400C10002F08EF906B010BD5DE4030007B500200E
S21400C1102BF0EAF800210090034B0220034A02F0BD
S21400C1207FF903B05DF804FB6AE4030070E40300E3
S21400C13013B5D0E9023253F8221003EB82035B6892
S21400C140087819680023094CA222994208BF2146A4
S21400C150C01A18BF01202BF0BBF801210090044B39
S21400C1600420044A02F05CF902B010BD00F8FF0794
S21400C1709B24040082E5030013B5D0E9023203EBEA
S21400C180820153F82230D1E901141878FF220038D2
S21400C19018BF0120237809682BF09AF80121009037
S21400C1A0034B0420034A02F03BF902B010BD00BF67
S21400C1B07BE4030082E5030008B5002101230C4A56
S21400C1C02AF0F7FE0A482AF058FC0020094908F031
S21400C1D07BFF00202AF0E2FC10B1054808F0E0FEE4
S21400C1E0BDE8084001210420034A02F019B900BF47
S21400C1F0A85A002090E403006D28040010B529F02A
S21400C200BFFF034630B1BDE8104001210420054AB7
S21400C21002F006B90121BDE810400420024A02F0EF
S21400C220FFB800BF9EE40300AFE4030010B52AF099
S21400C23028FCBDE81040034601210220014A02F016
S21400C240EFB800BFBAE4030010B52AF0E9FBBDE87A
S21400C2501040034601210220014A02F0E1B800BF67
S21400C260D0E4030037B5D0E90232012453F8223077
S21400C2704FF6FF701D78FE2204FA05F100232BF01E
S21400C2809BF82B46009021460420024A02F0C8F88C
S21400C29003B030BDE4E40300D0E9023253F82230A4
S21400C2A01B7823B101210220024A02F0B9B8024AE3
S21400C2B01370704703E503002A56002007B568464A
S21400C2C029F044FF07F07AFB01210346084A0220C2
S21400C2D002F0A6F8684608F063FE07F0E1FD0121CB
S21400C2E00346044A022002F09BF803B05DF804FB04
S21400C2F019E5030033E5030037B5D0E90245406889
S21400C30054F82530401B0328D8BF002004EB8504D2
S21400C310C8BFE06819786368C8BF00781A78A36851
S21400C32093F90030009001202AF0C0FF38B90121AF
S21400C3300220084A03B0BDE8304002F071B8064B50
S21400C3400190009301210220044B054A02F068F890
S21400C35003B030BD44E503004CE50300491104007A
S21400C36060E5030007B501202AF0A8FF48B9009051
S21400C37001210220084B094A02F052F803B05DF88A
S21400C38004FB054B0190009301210220044B054A53
S21400C39002F046F8F2E700BF4CE5030077E503003D
S21400C3A05C3C040060E5030008B5D0E9023253F8AF
S21400C3B0223018782AF036FF30B9044A0121BDE849
S21400C3C00840042002F02CB8014AF7E78CE5030089
S21400C3D0A8E5030008B5D0E9023253F822301888E1
S21400C3E02AF01EFF30B9044A0121BDE808400420A7
S21400C3F002F016B8014AF7E7C7E50300F7E50300C1
S21400C40073B50378044613F0050F08D10121042004
S21400C410194B1A4A02B0BDE8704002F001B84588D0
S21400C420062D10D1836801215B68154A1B7801939D
S21400C430838804200093104B01F0F2FF2378012B31
S21400C440E4D102B070BD35B98388012104200D4ABD
S21400C45001F0E6FFF2E7012DF0D186680A490020D8
S21400C46008F032FE304608F09BFD29460420074AB5
S21400C47001F0D6FFE2E700BF24E603002DE6030046
S21400C4803FE603005CE6030079E603006D2804003F
S21400C4902DE9F04700268EB0354D09AC0FCD0FC400
S21400C4A02B6801210220334A236001F0B9FF34468D
S21400C4B029F060FEF5B2A8420BD829F05BFE2346B1
S21400C4C00090012102202C4A01F0AAFF0EB0BDE820
S21400C4D0F087284605A92AF087FE0346002841D1A2
S21400C4E09DF81430032B39D904238DF814302B46CD
S21400C4F000210220214A01F093FF9DF814300EAA75
S21400C50002EB8303002153F8143C1D4A022001F07D
S21400C51087FF28469DF821709DF815809DF8189095
S21400C520BDF816A02AF062FE3B46CDE902A0002127
S21400C5300220CDE90089134A01F072FF0134002081
S21400C540E4B22AF02BFB18B10DF1190008F028FD13
S21400C550002102200C4A01F063FF01E0002BC6D147
S21400C5600136A5E700210220084A01F059FFF7E747
S21400C570B878040091E603000AE703004EE20300E1
S21400C5804FF10300BEE603001DDE0300E5E60300F0
S21400C590C3688268013BDBB252F8233002201B7866
S21400C5A0652B14BF00220121044B1BBF01211A700A
S21400C5B0034A044A08BF197001F032BFB264002073
S21400C5C021E703002FE70300D0E9023253F82230B8
S21400C5D01A88014B1A8070475064002007B5D0E9CE
S21400C5E0023103EB810253F8213052681988054B5B
S21400C5F00548128800930088012309F0CFF903B09C
S21400C6005DF804FB01C4000050640020C368826823
S21400C610013BDBB252F823305B78A3F1660253424B
S21400C6205341014A13707047B564002030B5D0E915
S21400C630023253F8223089B01D78012302AA194627
S21400C64004462AF0B6FC01230093102302210DEBCA
S21400C650030220462AF08EFC284604AA02A92AF0E5
S21400C660C5FE044600202AF099FA18B1214604486F
S21400C67007F034FA0020034908F00CFD09B030BD7D
S21400C6803EE703006D280400002330B58FB002217A
S21400C690009309AA122305462AF06CFC05AA014657
S21400C6A009A806F099FF044698B1232805D1134A35
S21400C6B00121042001F0B4FE09E0212801D1104A2E
S21400C6C0F6E70346012104200E4A01F0A9FE0FB04A
S21400C6D030BD01232846194603AA2AF06AFC05A99C
S21400C6E003A82AF085FE054620462AF057FA18B118
S21400C6F02946054807F0F2F9044AD9E74BE7030054
S21400C7006EE70300A9E70300CAE703006D280400EC
S21400C710F0B5D0E9023253F8221003EB82039B688F
S21400C72005461F7887B038460E782AF017FA044672
S21400C73008BBD5E9022101238DF80830194452F8C8
S21400C740210002EB810200888DF809709268ADF82E
S21400C7500A00127804218DF80C2028460DF10D02EF
S21400C7602AF027FC304602A98DF815402AF040FD35
S21400C77004462AF0E7F9334601210420024A0094D1
S21400C78001F04EFE07B0F0BDDFE7030030B5012133
S21400C7908FB00220244A01F043FE002005AB01AA18
S21400C7A009A92AF01DFE0025044614B128460FB03C
S21400C7B030BD02202B4621461C4A01F031FE2046A1
S21400C7C02AF0ECF910B10AA808F0EAFB00210220D2
S21400C7D09DF83030164A01F023FE00210220079B08
S21400C7E0144A01F01DFE00210220BDF82030124A36
S21400C7F001F016FEBDF814300021104A022001F0A8
S21400C8000FFE013501A82AF0C4F9EDB2012102207D
S21400C8100B4A01F005FE284605AB01AA09A92AF035
S21400C820DFFD0446C1E700BF11E8030057E8030038
S21400C8305FE803006BE803008F00040074E8030061
S21400C8406D280400F0B5064699B088B929F090FC2A
S21400C850074600250EA82AF0CDFD01210220364A03
S21400C86001F0DEFD2C46BC4204D3284619B0F0BDCC
S21400C8700127EEE713A82AF0BDFD002E4AD00223BA
S21400C88006A913A88DF84C302AF0A6FD0028ECD196
S21400C890FE2402A913A82AF0A5FD9DF8593043F0FE
S21400C8A001038DF85930002E3FD123463146022031
S21400C8B0224A01F0B5FD9DF859300AA943F001035C
S21400C8C013A88DF859302AF08DFD00202AF066F95D
S21400C8D010B114A808F064FB0C9B00210220184A33
S21400C8E001F09EFDBDF82820002112F4007F0CBF49
S21400C8F04C23412312F0100F0CBF6E227922022027
S21400C9000092104A01F08CFD013506A82AF041F984
S21400C910EDB207E020460AAB06AA13A92AF05EFD90
S21400C9200028B6D00134E4B29DE700210220064A72
S21400C93001F076FDBFE700BF7EE8030057E803007E
S21400C9406BE80300BAE80300B3E8030030B501243F
S21400C95099B00EA82AF04EFD13A88DF838402AF09C
S21400C960DFFCC0B9BDF84C1011EA040513D121460E
S21400C9700220424A01F054FD29460220404A01F0B6
S21400C9804FFD214602203D4A01F04AFD2146022085
S21400C9903A4A01F045FD06A90EA82AF01DFD20B171
S21400C9A01022FF2106A80CF0D1FF04A82AF01CFDD7
S21400C9B0059B01210220334A0093334B01F030FDE2
S21400C9C09DF8123001210220304A00932E4B01F0D0
S21400C9D027FD00212C4B2E4A022001F021FD06A83F
S21400C9E02AF0D7F813A82AF005FD02230AA913A8EF
S21400C9F08DF84C302AF0F6FC00283CD10B9B0093B7
S21400CA0001210220234B244A01F00AFD0121214B7B
S21400CA10224A022001F004FD0120FFF713FF012146
S21400CA201C4B1F4A022001F0FBFC0020FFF70AFF08
S21400CA30044629F09DFB2346009001210220194A56
S21400CA4001F0EEFC0121164A174B022001F0E8FC2B
S21400CA50FFF79CFE012887BF144A1549154A074967
S21400CA600346CDE90101009201210220124A01F09D
S21400CA70D7FC19B030BD4FF0FF33C0E76D28040077
S21400CA80CDE803000BE9030003E903001BE90300FC
S21400CA90D30F0400FB1C04002EE903003EE903004C
S21400CAA045E903004EE9030062E90300C9E8030014
S21400CAB03D0504008F05040070E9030010B5D0E9B9
S21400CAC0023253F822301C78201E18BF01202AF0AC
S21400CAD013FC054A054B0020002C08BF1A46BDE88B
S21400CAE01040034908F0D6BA98E903009DE9030010
S21400CAF0A6E90300D0E9023210B553F822301C88AC
S21400CB0020462AF0FBFB2246BDE8104000200149E3
S21400CB1008F0C0BAE7E9030037B5044606F026FF7A
S21400CB20014638B100200D4A0D4903B0BDE830403B
S21400CB3008F0B0BAE368A268013BDBB252F82330D3
S21400CB40084D18780123084A00936C2818BF2A4617
S21400CB50102320462AF00EFA03B030BD35EA030053
S21400CB603DEA03008B6400209B64002013B58368B5
S21400CB709A681278672A22D101A82AF0D1FB0446C7
S21400CB80A8B9BDF80420174908F084FABDF80430A7
S21400CB90DA070AD413F0020F134B144A18BF1A46CA
S21400CBA01349002008F076FA19E0124AF8E7024620
S21400CBB01149002008F06EFA22461049F1E7C268D3
S21400CBC001A953F8220003EB82035B6800681B6828
S21400CBD0ADF804302AF0AAFB04460028ECD102B0D7
S21400CBE010BD00BF70EA030063EA030030110400C2
S21400CBF091EA030053EA0300A3EA0300CFEA030026
S21400CC00034A04491388C85401331380704700BF91
S21400CC10224F00203056002073B5154D01242B7886
S21400CC20144E13F0040F0CBF02230423124A2146AD
S21400CC301470328802200192EB5C104A0093104B6D
S21400CC405B8801F0EDFB002102200E4A01F0E8FBB4
S21400CC500D4B2946009332882346022001F026FC1D
S21400CC6021460220094A02B0BDE8704001F0D8BB58
S21400CC7030560020224F00202F560020DEEA030008
S21400CC80144F002003EB030025EB03006D2804007F
S21400CC9070B516464FF48A52114B124DDA80598001
S21400CCA0114B1B881A1E18BF012240EA82000F4A49
S21400CCB01278003A18BF012240EA0210287063B1C9
S21400CCC003246B701B0AAB7009F0C4F9631C28556B
S21400CCD0EE54074B02341C8070BD0124F4E700BFFD
S21400CCE0144F002030560020204F00202E560020E3
S21400CCF0224F002038B5D1E902320C46054653F8DB
S21400CD002230024619880C4B1878FFF7C1FFE368FB
S21400CD10A268013352F82330188828F0A6F84DB1DF
S21400CD20E368A268023352F823301878BDE838402A
S21400CD30FFF766BF38BD00BF2B560020F0B505468E
S21400CD40EB68AA68023352F8233008461C78294656
S21400CD5085B0FFF7CFFF204629F063FA204E214F1B
S21400CD6078B3204629F069FA0321441C03AA284612
S21400CD7027F0DFF83288E4B2C2F1FF01039B091BFB
S21400CD8089B299424FF0010122443CBFC2F1FF0331
S21400CD9003930091DBB203213A4428462AF0EAF8CE
S21400CDA0039A022C338804BF0F48110AFA5408BFAE
S21400CDB0C15413441C44348005B0BDE8F040FFF76E
S21400CDC02BBF204607F03AFA012332880446009328
S21400CDD0032103463A4428462AF0CCF83388E9E78C
S21400CDE0224F00203056002031560020052307B57C
S21400CDF0012100930220044B044A01F011FB03B00A
S21400CE005DF804EBFFF7A2BD0CEB030013EB030089
S21400CE1013B504462AF080FA38B1CDE90040012166
S21400CE200220034B034A01F0FBFA02B010BD00BF1C
S21400CE3035EA03002AEB0300194B37B51B783BB9DC
S21400CE4001210220174A03B0BDE8304001F0E8BADD
S21400CE50D0E90232144C53F8223001211D78638841
S21400CE6002200093114A2B4601F0DAFA104B257186
S21400CE701B78104D63B1012102200F4A01F0D0FA51
S21400CE8020460E4A298803B0BDE8304028F098BFF7
S21400CE9020460A4A298803B0BDE8304029F052B837
S21400CEA02F56002041EB0300144F00204FEB0300E9
S21400CEB02C560020224F002066EB03003056002040
S21400CEC02DE9F041D0E9023253F8221003EB820339
S21400CED05A680C7817889A68DB68B2F80080C6B083
S21400CEE01D780021304B0220304A0094CDE90178AD
S21400CEF001F096FA002D0CBF6E2379230121022043
S21400CF002B4A01F08DFAFF23002D0DF1170606AD12
S21400CF10019320460CBF80234023424639460296A2
S21400CF20009529F0A4FC0446002835D1307829F075
S21400CF307EF90746B0B1284629F0EFFD1D4BFD28C7
S21400CF40A8BFFD200093234682B20DF119010220EE
S21400CF5001F0ACFA01210220174A01F061FA46B04E
S21400CF60BDE8F081307829F068F960B1284629F0EC
S21400CF70D9FDFD28A8BFFD200E4B82B200930DF10F
S21400CF801A013B46E3E7307807F058F90B4B0246A8
S21400CF90009329460123DAE7009001210220084B7E
S21400CFA0084A01F03DFADAE7971D040080EB03001B
S21400CFB0A5EB03009F3104006D28040025EB030059
S21400CFC0CAF30300AFEB0300D0E9023253F8221095
S21400CFD003EB82032DE9F04F5A680F78B2F8008011
S21400CFE09A68C7B0B2F80090DA681B6992F800A099
S21400CFF01E7800212F4B304A0446CDE901890220D5
S21400D000009701F00DFABAF1000F0CBF6E237923DA
S21400D01001210220294A009606AD01F001FAFF22FE
S21400D020002128460CF092FC304629F000F9834691
S21400D03008B30023052100932046FD230DF11902B5
S21400D04029F098FF2870BAF1000F0CBF8023402308
S21400D0504A4641463846CDE9005629F0D3FB0146FC
S21400D060144806F03BFD01210220154A01F0D8F9CC
S21400D07047B0BDE8F08F304629F0DFF860B1FD23F9
S21400D08005212046CDF800B00DF11A0229F072FFF6
S21400D09085F801B02870D6E70590304607F0CEF840
S21400D0A0059A0346009205212A46204629F062FF8B
S21400D0B0C9E700BF8A1D040080EB0300C0EB030035
S21400D0C06D2804002DE9FF471C465B68E5685B1B7E
S21400D0D000255FFA83F803952F46FFF7D9FDEBB2DC
S21400D0E0984509D90C9BDB5D282B37D8202B5DD8BB
S21400D0F00137FFB2002B5BD1FFF78EFD04B0BDE811
S21400D100F087132A2FD801A151F822F075D200001B
S21400D11087D2000099D20000CDD20000F9D00000DE
S21400D120F9D00000F9D00000F9D0000067D1000067
S21400D13067D1000067D1000067D1000067D100000A
S21400D14067D1000067D1000067D1000067D10000FA
S21400D15067D1000079D10000F3D20000A3F13102BC
S21400D160D1B21329CDD90137FFB2A3F14102032A68
S21400D170C2D8422B00F0BD806B4E00213288DFF80B
S21400D180B0A1C2F1FE039BB2FF2B28BFFF230132E2
S21400D1900091DBB22046524469B229F0CAFE3388B9
S21400D1A00AF8030001331844308061E0242BDCD8F1
S21400D1B0013B232BA0D801A252F823F075D2000021
S21400D1C087D2000099D200004DD20000F9D00000AE
S21400D1D0F9D00000F9D00000F9D00000F9D0000026
S21400D1E0F9D00000F9D00000F9D00000F9D0000016
S21400D1F0F9D00000F9D00000F9D0000075D2000088
S21400D20087D2000099D20000CDD20000F9D00000ED
S21400D210F9D00000F9D00000F9D00000F9D00000E5
S21400D220F9D00000F9D00000F9D00000F9D00000D5
S21400D230F9D00000F9D00000F9D0000075D2000047
S21400D24087D2000099D200004DD200004FF00409AA
S21400D250E368A2682B4452F823301E68F0B209F146
S21400D260FF39FFF7CDFC19F0FF094FEA1626F5D176
S21400D270013534E7E368A2682B4452F82330187867
S21400D280FFF7BEFCF4E7E368A2682B4452F82330AD
S21400D290188827F0EAFDEBE7E368A2682B4452F80B
S21400D2A023301E68B6F1807F09D2F0B2FFF7A8FCE3
S21400D2B0C6F30720FFF7A4FCC6F30740E0E72B46BB
S21400D2C001210820194A01F0ABF815E74FF00409D0
S21400D2D0E368A2682B4452F823301E68F0B209F1C6
S21400D2E0FF39FFF78DFC19F0FF094FEA1626F5D136
S21400D2F0BEE7294603AA204626F01BFE00210A4E5A
S21400D3000B4A3388DDF80C9002EB030CCAB2914549
S21400D31001F1010102D84B443380A9E710F802A0BE
S21400D3200CF802A0F2E700BF224F0020D9EB030062
S21400D33030560020094B1B7823B101210820084AEB
S21400D34001F06EB8D0E9023253F82230054A1B8845
S21400D350012113800820044A01F062B82F560020ED
S21400D360FFEB0300204F002041EC0300D0E902321F
S21400D37053F82230054A1B780121003B18BF0123D1
S21400D38008201370024A01F04BB800BF2D5600204B
S21400D39067EC0300D0E9023253F82230034A1B78C8
S21400D3A0012113700820024A01F03AB82E560020D8
S21400D3B096EC030010B5D0E90232044653F822304A
S21400D3C0132219880B4B1878FFF762FCE368A268F3
S21400D3D0013352F823301878FFF712FCE368A2688E
S21400D3E0023352F823301878FFF70AFCBDE81040E5
S21400D3F0FFF712BC2B56002010B5D0E902320446C7
S21400D40053F82230112219880B4B1878FFF740FC8E
S21400D410E368A268013352F823301878FFF7F0FB70
S21400D420E368A268023352F823301878FFF7E8FB67
S21400D430BDE81040FFF7F0BB2B560020D0E90232C3
S21400D44053F82230034A1B78003B18BF0123DB0049
S21400D450137070472B56002010B5D0E9023253F8EF
S21400D4602230044619880E4B06221878FFF710FC67
S21400D4700120FFF7C5FBE368A268034452F8233097
S21400D480188827F0F2FCE368A268023352F82330CB
S21400D490188827F0EAFCBDE81040FFF7BDBB00BFC8
S21400D4A02B5600202DE9F043D0E902324FF0FD095B
S21400D4B0013253F8221003EB82035A68C7B017886C
S21400D4C09A68B1F80080147853F8043C002C0DF1EB
S21400D4D0170506AE18783A4614BF40238023414607
S21400D4E00295CDF80490009629F0C1F9034638B1AC
S21400D4F0184A0121082000F093FF47B0BDE8F083EA
S21400D500201E18BF01200A224146C000FFF7C0FBBC
S21400D510384627F0AAFC2878FFF772FB4A463146C1
S21400D520287828F032FE044628B10B4F3D88C5F116
S21400D530FF03834202DA2346084ADAE7024608482F
S21400D5403146284425440CF09FFB3D80FFF764FBE2
S21400D550D3E700BFCCEC0300224F0020E8EC03002A
S21400D5603056002010B5D0E90232044653F8223077
S21400D570082219880B4B1878FFF78AFBE368A26825
S21400D580023352F823301878FFF73AFBE368A268B4
S21400D590013352F82330188827F067FCBDE81040A6
S21400D5A0FFF73ABB2B56002073B5D0E9023205468A
S21400D5B0023253F8221003EB820353F8042C53F87C
S21400D5C0083C0C781988234B168818780622FFF733
S21400D5D05FFB0020FFF714FB304627F046FC204692
S21400D5E0FFF70EFBEB68AA68033352F8233018885F
S21400D5F027F03BFCEB68AA68043352F823301888FF
S21400D60027F033FC204608F021FFE8B9204606F054
S21400D61015FE05210446019001AA284626F089FC3D
S21400D620019B01469C4206D0224631460A480AF033
S21400D630D5FF02B070BD094D09482E8822463044F9
S21400D64034440CF02DF82C8002B0BDE87040FFF793
S21400D650E3BA00BF2B56002014ED0300224F002033
S21400D6603056002073B5D0E902324FF48A5153F891
S21400D6702230104D1A88104BD9805A8000232A4633
S21400D68000930121FF2329F075FC2B78044613F044
S21400D690040F0A4B08BF01261B7818BF032613B1D8
S21400D6A008F0D8FCA855064B1C8002B0BDE87040B8
S21400D6B0FFF7B2BA30560020144F00202D56002037
S21400D6C0224F0020D0E9023253F82230034A1B785A
S21400D6D0003B18BF01231370704700BF2C56002074
S21400D6E010B50C4608B907F037FC024B18715C7190
S21400D6F010BD00BF144F00202DE9F341D0E90232DF
S21400D7004168304D891A0229C4BF911C53F8211074
S21400D7102878D4BFFF21097838B9012102202A4A87
S21400D72002B0BDE8F04100F07BBE53F82200DFF8FF
S21400D730B0800488501EC0B253F8206003EB82030A
S21400D7405B68224F1878FFF7CBFF06F037F9B8F87A
S21400D75000300146224600931D483B4629F075F9E5
S21400D7600246C8B93179B8F800305F2917D1CDE93B
S21400D77000374FF6FF712046154B28F015FB28B1F1
S21400D780034601210220134A00F04AFE0023124AF3
S21400D7902B701380114A137002B0BDE8F0814FF66B
S21400D7A0FB718C4208D9CDE900372146084B4FF66D
S21400D7B0FF7028F057FBE2E72146054A009728F05D
S21400D7C083FBDCE72F5600205FED03003056002079
S21400D7D0144F002066ED0300204F00202E56002038
S21400D7E0224F0020002210B50A2104461046FFF7FB
S21400D7F04FFA002027F039FB0122044B1A70FFF77E
S21400D8000BFA2046BDE81040FFF776BFA55A002069
S21400D81038B51C4615460123224629F0CAFB60B9D6
S21400D8202146284629F0A2FD044620B10121042005
S21400D830034A00F0F5FD204638BD0024FBE700BF94
S21400D8408DED03002DE9F0430C4615461F46D0E942
S21400D850022352F8231002EB830293680E8893F893
S21400D8600080D3688BB0B3F800903246012106AB37
S21400D870FFF7CEFFF0B90DF1200CF4B101232A8892
S21400D8804021CDE902C2CDE90471CDE90093222101
S21400D890434606AA304629F0C3FB0B4B0B4A0093BF
S21400D8A00B4B0190002C08BF134601210420094AA7
S21400D8B000F0B6FD0BB0BDE8F083624628686968E4
S21400D8C0032303C22246DBE7ECED0300D1ED0300A1
S21400D8D0CBED0300D9ED030007B501236A4600210E
S21400D8E029F067FB6846034908F004F903B05DF8C1
S21400D8F004FB00BF01C40000D0E9023253F8223016
S21400D9000149188808F0C8B801C4000010B5D0E96D
S21400D910023203EB8201496853F8223009784FF44B
S21400D9208A52188829F06CFBBDE810400346012196
S21400D9300420014A00F074BDF6ED0300D0E902327F
S21400D94053F8223002214FF48A5210B5188829F075
S21400D95049FBBDE81040034601210420014A00F0BF
S21400D9605FBD00BF0FEE03001FB5D0E9023203EB28
S21400D970820153F82230496818884FF48A53098880
S21400D9800293094B094A0193094B1B7800931278BE
S21400D990084B29F09DFB012103460420064A05B0EA
S21400D9A05DF804EB00F03CBD244F0020305700200B
S21400D9B02F5700202E4F002026EE03002DE9F043BF
S21400D9C0D0E9023253F8221003EB82035A680E881D
S21400D9D017789A68DB688BB092F80090B3F80080EE
S21400D9E03246042106AB0446FFF712FF28BB08ADFB
S21400D9F001232A460521204629F0DBFA38B90420FF
S21400DA0001210F4A00F00CFD284628F09FFB4FF43A
S21400DA108A53CDE904930023CDE902530323212141
S21400DA20CDE9008306AA3B46304629F0F9FA0121E3
S21400DA300346044A042000F0F3FC0BB0BDE8F08374
S21400DA403EEE03006DEE030038B5D0E9024303F165
S21400DA508043023B0222104954F823009D000BF03D
S21400DA60C7FF68B90D4B0E491A78042A0CD82C4407
S21400DA70A0681A78008821F8120001321A7038BDA2
S21400DA80084B09491A78F0E70121BDE83840042020
S21400DA90064A00F0C5BC00BF03160400305700203D
S21400DAA02E4F00202F570020244F00207FEE03002B
S21400DAB008B5C368806803F18043023B022206492A
S21400DAC050F823000BF094FF10B9044B187008BDF3
S21400DAD00022034B1A70FAE70316040030570020A2
S21400DAE02F57002037B5D0E9023153F821208C009B
S21400DAF015784268521A012AC5BF1B195B686C0963
S21400DB001C78DCBF44F0180405F01F0529462046A3
S21400DB1029F0A5F9034640B12346012104200E4A08
S21400DB20009500F07DFC03B030BD0121A94074B91A
S21400DB302346FE224FF6FF7029F03EFC01210346E5
S21400DB400420064A03B0BDE8304000F069BCFE225F
S21400DB5041EAC461EEE700BF95EE0300B5EE0300B0
S21400DB6038B5D0E902456B1C990054F823301A7872
S21400DB70052A05D80C4463681B88591E07290BD94B
S21400DB80012104200E4A00F04BFCBDE8384001217C
S21400DB9004200C4A00F044BC416854F8040C491BAD
S21400DBA00329CABFA16808490968008829F004FC4F
S21400DBB0BDE8384002460549002007F085BA00BF98
S21400DBC0D3EE0300F3EE030000F8FF0710EF0300A8
S21400DBD008B5D0E9023253F8220003EB82035968F5
S21400DBE0FF22038809684FF6FF7029F0E5FBBDE8C1
S21400DBF0084002460149002007F066BA23EF0300FA
S21400DC0008B5D0E9023253F82230052140221888A0
S21400DC1029F0E8F9BDE8084002460249002007F06E
S21400DC2053BA00BF44EF030008B5D0E9023203EB55
S21400DC308201486853F82210027840230988312070
S21400DC4029F023FABDE8084002460249002007F002
S21400DC503BBA00BF65EF030008B5D0E9023203EB1C
S21400DC608201486853F8221002784023098833203E
S21400DC7029F00BFABDE8084002460249002007F0EA
S21400DC8023BA00BF7FEF03001FB5D0E9023253F876
S21400DC90221003EB82039B6808881A780023D21AA6
S21400DCA018BF0122CDE9023302A94023D20129F090
S21400DCB0FBF901210090044B0420044A00F0B0FB5D
S21400DCC005B05DF804FB00BFECED03009DEF03001C
S21400DCD007B5D0E9023253F82230032140221888D3
S21400DCE029F080F901210090034B0420034A00F03C
S21400DCF097FB03B05DF804FBECED0300ACEF03000C
S21400DD0037B5C3688268053352F8233004211D787E
S21400DD106A460123044629F04CF938B9042001214B
S21400DD20064A00F07DFB684628F010FA2B466A4645
S21400DD3000212046FFF786FD03B030BDC6EF030086
S21400DD4007B5D0E9023203EB8201486853F8221087
S21400DD50027840230988322029F097F901210090A3
S21400DD60034B0420034A00F05BFB03B05DF804FBA2
S21400DD70ECED0300F7EF030070B50446806910F081
S21400DD80010600F0020505D175B1C0F3072028F0A2
S21400DD90E5FE09E01DB1B2210E482FF085FCA06912
S21400DDA0C0F3810028F0C9FEE3691BB9BA2109480F
S21400DDB02FF07AFC204613F089FFE3692DB1607ED0
S21400DDC09847BDE8704028F0BDBE20469847002E14
S21400DDD0F7D170BD0CF0030008B514F08BFB28B12A
S21400DDE0BDE80840472102482FF05EBC08BD00BFD2
S21400DDF00CF003002DE9F041FF2B04460F46904639
S21400DE001D469DF8186005D0FF2E03D0D521114879
S21400DE102FF04AFC0023FF2D18BFAD000E4A1CBF92
S21400DE2045F00105EDB222600C4AC4E9063818BF79
S21400DE30A561FF2EC4E901232361E76007D0A3692B
S21400DE4043F0020323F47F4343EA0623A361BDE8BD
S21400DE50F08100BF0CF00300E435002079DD0000FF
S21400DE60002310B5054C03610460054CC261C0E98F
S21400DE7001430123C160836110BD00BFE43500206B
S21400DE8079DD0000826938B502F00203D207044645
S21400DE900D4610D533B3FC2114482FF005FCFF2D9A
S21400DEA011D1A36913F00C0F1AD040F20B110F48D2
S21400DEB02FF0FAFB14E0FF2912D023B940F201112B
S21400DEC00A482FF0F1FB284628F0DBFAFF28054623
S21400DED004D14FF4827105482FF0E6FB04EB45149D
S21400DEE0204638BDFF29DCD0E8E700BF0CF0030071
S21400DEF00023054AC0E9063103610260C360034A95
S21400DF00034B426083607047E435002079DD0000F3
S21400DF10991C020001482BF04FB900BFE4350020E1
S21400DF2001482BF055B900BFE435002013B50E4864
S21400DF302BF01CF927F00EF82AF0CAF82AF0E6F8BB
S21400DF402AF0EDF8FCF756FF0446FCF76DFF234673
S21400DF50009001210420054A00F062FA02B0BDE8F4
S21400DF601040FCF74DBF00BFE43500207EF00300F4
S21400DF70022808B503D12FF090FB014B186008BDAE
S21400DF801436002008B50CF0C7FC0122044B1A70AA
S21400DF902FF00FFCBDE8084002490348FDF7F2B831
S21400DFA032570020CC5F002018360020014B187036
S21400DFB0704700BF31570020024B187808B105F0B3
S21400DFC0E1BC7047AB64002008B5074B1B780BB16B
S21400DFD0002008BDFFF7F0FF0028F9D106F02AF868
S21400DFE0023818BF0120F4E73157002070B5FFF75C
S21400DFF0EBFF174D20B1FFF78DFF0428044613D81A
S21400E0002B781BB92FF0D5FB01232B7026F0B0FF21
S21400E0100446D8B12B781BB9F7210E482FF044FBE5
S21400E020BDE87040FFF776BF26F0A4FF0028E7D0D3
S21400E0302B785BB12FF039FA0646002101202DF02F
S21400E040FBFB30462FF02CFA00232B70204670BDC9
S21400E050325700209FF003001FB5FFF7C7FF0446A6
S21400E060FDF73AFAA04228BF204688B103A92DF052
S21400E070D1FF034638B9CDE90000064A03990648A1
S21400E0802FF027FB18B18E2104482FF00DFB01203E
S21400E09004B010BD6F4F0300F43500209FF003005E
S21400E0A00D4B10B51B780D4C0D4A0121002B18BFE7
S21400E0B02246022013460B4A00F0B2F90A4B084AE1
S21400E0C01B780121002B18BF2246BDE810401346DE
S21400E0D00220064A00F0A4B9AB64002041160400F2
S21400E0E02216040014F103003157002033F1030018
S21400E0F010B5D0E9023253F8223002201B780121F5
S21400E100002B15BF01240024044A054A00F088F9B4
S21400E1102046BDE81040FFF749BF00BF52F103009C
S21400E1206FF10300D0E9023253F82230034A1B781D
S21400E130003B18BF01231370704700BFAB6400207C
S21400E14038B50125084B1D702FF0AFF90446294657
S21400E15028462DF071FB20462FF0A2F9BDE8384086
S21400E16002490348FDF70EB833570020D45F00205D
S21400E1704036002070B514F043FA10F0070F1D4D1E
S21400E18011D02B785BB901262E702FF08EF904463D
S21400E190314630462DF050FB20462FF081F9BDE881
S21400E1A0704013F0F1BE29F0E3F80228E9D1124CD2
S21400E1B02378032BE5D914F023FA10B92378032B20
S21400E1C014D813F0E1FE04460028DAD02B785BB1B1
S21400E1D000262E702FF069F90546314601202DF0F5
S21400E1E02BFB28462FF05CF9204670BD4FF0FF341D
S21400E1F0ECE700BF33570020245B00201FB5FFF775
S21400E200B9FF0446FDF768F9A04228BF204688B14A
S21400E21003A92DF0FFFE034638B9CDE90000064AF3
S21400E220039906482FF055FA18B18C2104482FF0B0
S21400E2303BFA012004B010BD3B55030020360020F9
S21400E2408EF1030010B5094C0949002006F022FFA4
S21400E25023681B68587928F04AF923681B685879A0
S21400E26027F074F904F05AFD002010BD1C3B002076
S21400E270FBF1030008B529F06BF8024628B1BDE8AB
S21400E28008400020014906F005BF08BD1EF2030045
S21400E29008B529F073F8024628B1BDE8084000200A
S21400E2A0044906F0F7BE5422BDE80840FF210248A4
S21400E2B00BF04CBB36F20300384F002038B504464E
S21400E2C00D4629F05FF8024628B1BDE83840002028
S21400E2D0034906F0DFBE034B23F8145038BD00BFD9
S21400E2E054F20300384F0020F7B50024094E0A4DBB
S21400E2F00A4F56F8043B03B93B6835F8022B00205A
S21400E300009207492246013406F0C4FE2A2CF0D1BA
S21400E31003B0F0BDE05F00208C4F0020DC5F0020E3
S21400E32070F2030008B52A21034829F023F8BDE857
S21400E3300840FFF7D9BF00BF8C4F002007B5D0E9D3
S21400E340023253F822301A78292A0DD8084B53F88F
S21400E35022300BB9074B1B680749002031F8121012
S21400E3600091064906F096FE03B05DF804FB00BF78
S21400E370E05F0020DC5F00208C4F002070F203007E
S21400E38008B52A21034828F0F7FFBDE80840FFF744
S21400E390ABBF00BF8C4F002038B5D0E9023253F82F
S21400E3A0221003EB82035B680C781D88002004496A
S21400E3B006F070FE29462046BDE83840FFF77EBFCF
S21400E3C07BF20300F7B50024094E0A4D0A4F56F8B3
S21400E3D0043B03B93B6835F8022B0020009207493E
S21400E3E02246013406F056FE2A2CF0D103B0F0BDCA
S21400E3F0E05F0020384F0020DC5F002070F2030052
S21400E40010B5024627F0BBF820B9044C236811B1BA
S21400E4101343236010BD23EA0203FAE78C60002052
S21400E4200CB413B502460C4627F0A9F860B9094BA0
S21400E4301B681A4208D005A9049801910AF0E2F870
S21400E44014B1054829F0D0FD02B0BDE8104002B076
S21400E450704700BF8C6000207AF50300034610B5B5
S21400E460D3E9023253F8223008461C78211E18BF22
S21400E4700121FFF7C5FF014648B9084A084B0220AC
S21400E480002C08BF1346074AFFF7CAFF10BD00213D
S21400E4900220054AFFF7C4FFF8E700BFE3E10300E8
S21400E4A0DBE103007CF5030092F50300F8B50546B2
S21400E4B01F460C468E18B44200D1F8BD00212846EF
S21400E4C014F8013B069AFFF7ABFF002FF3D00021AC
S21400E4D02846024AFFF7A4FFEDE700BF69E80300FD
S21400E4E002460249002006F0D5BD00BFA3F5030092
S21400E4F010B5244C2448FF2126F025FD207802285C
S21400E50014D0032830D0012804D02120BDE81040C4
S21400E510FFF7E6BF1D4B19780029F7D002231C4AE7
S21400E52023701378052B08D100231370184B1B7823
S21400E530052B0ED103232370E7E70133DBB29942A4
S21400E54003D1052313700020E0E7052B1370EDD1EF
S21400E550F9E7104A104932F8230007F09DFA032322
S21400E56023700028D2D110BD094B0C4A1878094BED
S21400E57003EB8001897833F8200007F05DFA012369
S21400E580EEE700BF34570020483600203D570020F5
S21400E590AD640020E04F00207DE7000029E7000082
S21400E5A02DE9F04F0D46144695B004901122002137
S21400E5B00FA89946DFF86C810BF0C8F904EB450309
S21400E5C00393D9F800301C2B02D0039B9C4202D147
S21400E5D015B0BDE8F08F0123DFF844A18DF81C309C
S21400E5E023884C4AADF81E309AF800304A4D08EBA6
S21400E5F083039B7828788DF8203013688DF81D00EB
S21400E600CDF821305368CDF8253028F09DFA049BCC
S21400E6108DF8290034F8021B2878002B49D127F002
S21400E62057FF0028CDD09AF800300FAA38F82300FC
S21400E63007A926F0C0FF0028C3D027F09BFD4FF0A7
S21400E640000B074606461C255FFA8BF2BA4233D308
S21400E650B7422BD99DF81C30032B1AD10FAB019370
S21400E660BDF8213000220421009301202B4B06F038
S21400E6709BFB9AF8003008EB83039978264B1878B2
S21400E68006F00EFC9AF80030002038F8231028F028
S21400E690ACF95DB107A9304628F0AAFD204B054627
S21400E6A01B78304638F8231028F0A4FDC9F800502F
S21400E6B087E727F004FFB4E710460BA9059228F079
S21400E6C093FD30B99DF82C1031B9059AB74208BFB2
S21400E6D016460BF1010BB7E7BDF82E00BDF81E205D
S21400E6E09042F6D19DF830009DF820209042F0D15F
S21400E6F09DF81C208A42ECD1032A14BF082202226D
S21400E7000DF121010DF131000BF072F9002808BF60
S21400E7100025DEE735570020AC640020FFF7030035
S21400E720AD640020E04F002013B503460020114AD8
S21400E73001901278052A04D01A78032A01D19C6821
S21400E7402CB9012002B0BDE81040FFF7C9BE6268D0
S21400E750217801ABFFF724FF217A0120E26801ABA4
S21400E760FFF71EFFFF21044802B0BDE8104026F068
S21400E770E2BB00BFAD64002048360020094B1B7882
S21400E780052B02D00378032B02D00120FFF7A8BE8A
S21400E7908168054A0B68054813604B68FF21536083
S21400E7A026F0C9BBAD64002035570020483600204F
S21400E7B038B50024114B124D1870124BFF211C70F7
S21400E7C02C7006F06DFB0122032110460E4B06F05E
S21400E7D0EBFA4FF6FF712246084628F009F9044680
S21400E7E048B940F6B832FF21084826F09BFB0123C3
S21400E7F02B70204638BDFFF773FEFAE7AC640020A6
S21400E800345700203D5700206D280400483600206D
S21400E810144BF0B51A681449136809785879884279
S21400E8200BD11249D78808460022114D1E792B7845
S21400E830D4B2A34203D8052C0AD10020F0BD0C8820
S21400E840BC4202D18C78B442F7D001320431EFE7F3
S21400E850A342F2D120F82270013300EB82008670CA
S21400E8602B70EAE71C3B0020AC640020E04F002041
S21400E8703D570020FF2307B50021044A04480093B3
S21400E880FFF7B8FA03B05DF804FB00BFF1E4000040
S21400E890483600201FB5B42303210446ADF80E30D9
S21400E8A027F00DFE98B12123204600930022032175
S21400E8B00DF10E0327F0B7FF04460020054B064A6D
S21400E8C00649009406F0E6FB204604B010BD8624F8
S21400E8D0F3E700BFCDF50300DAF50300EFF503001C
S21400E8E0D0E9023253F82230034A1B780121137014
S21400E8F00220024AFFF794BDC8640020FEF503001C
S21400E9000122014B1A707047C86400200A4B90F829
S21400E91005111B7890F8082119448A42BCBFB2FB47
S21400E920F3F103FB11234FF0FF32B8BFDBB202FA5C
S21400E93003F380F80A317047C86400202DE9FF41D0
S21400E9400446057F867EDFF870806E43237F98F846
S21400E950002013449D4212DB607F60B9238B029334
S21400E96063690193237C00936288A31D217805F0D8
S21400E97025FCFF232370002004B0BDE8F081E37E71
S21400E980AB42E9D9A77E228BF1199142A4BF921B14
S21400E990D7B205EB0323E3813A46334629462046A1
S21400E9A026F026FE0028E7D1637F37440133013581
S21400E9B06377BEB2EDB2C9E7C864002037B5054636
S21400E9C028F04CFC0D4B04461B6869461B78032B4D
S21400E9D082BF0B4B1B881B18284688BF9CB228F0AA
S21400E9E0C5FC38B9684628F03BFC18B9044B1B88B0
S21400E9F023449CB2204603B030BD00BF583A0020E6
S21400EA0056640020074B084A1B7812781340FF2BE9
S21400EA1007D1064B1B78022B03D04FF4807028F0EA
S21400EA2029B870479060002098370020683600208C
S21400EA3010B50446FF2126F086FA054B9C4202BF1D
S21400EA400023A4F588742370BDE81040FFF7DABFF2
S21400EA50783700202DE9F0479A46294B81461B78E7
S21400EA6088461646BDF82050002B44D0FF2D03D90B
S21400EA7038252846BDE8F087224C2778FF2F3CD162
S21400EA80214B0C2220706180A01D314663610AF084
S21400EA9007FEA289414642F4004242F04002204668
S21400EAA0A28126F0B7FD2A46514660690AF0F8FDB5
S21400EAB041464846A21D258328F013F9A076002873
S21400EAC0D6D00544013DB5FBF0F0FF28D0DC00238E
S21400EAD0E0762046A383FFF731FF054648B9237941
S21400EAE04FF48070B37227F086FF227C099B1A8051
S21400EAF0BFE72770F9E70225BBE740F60345B8E70E
S21400EB00C8640020983700203F570020B0F9063030
S21400EB1010B5002B25DA144C2278237CFF2A02D06D
S21400EB20827A9A4207D0114C2378FF2B17D0827A2C
S21400EB30237C9A4213D169B9637F013BDBB26377CA
S21400EB405BB90B4A237F1278204613442377FFF7DE
S21400EB50F5FE0146204626F06CFDFFF753FF012028
S21400EB6010BD0020FCE700BF983700209060002012
S21400EB70C86400202DE9F04F9B46B1F9063091B0ED
S21400EB80002B0E469046DDF86890049080F22581B2
S21400EB90B9F80030FF2B04D94FF4B871A4482EF012
S21400EBA083FDA44D00242B7895F80411B5F80221B6
S21400EBB0002B40F0A180377A9F4B1B78BB4240F277
S21400EBC0AB800223A5F802812B70B37AFF2485F868
S21400EBD004310023A5F8084185F80531A5F806316B
S21400EBE0B9F80030934885F80C31FFF78FFE4046A1
S21400EBF0FFF7E4FE214600EB4002904826F092F92B
S21400EC004FF4807027F0F7FE8A4C94F80AA1BAF108
S21400EC10FF0F20D1884A94F8053112781344BB427E
S21400EC2019DC94F80C1184F80531B4F80631204646
S21400EC3001FB0233A4F80631FFF768FE0122804B81
S21400EC4040461A70FFF7BAFE514600EB400204F544
S21400EC50887026F067F994F80511B9425CD8764BAF
S21400EC6093F800C00CEB01039F4255DA744A94F8FF
S21400EC7008311078013B002850D09F4205DAB9F8D9
S21400EC80003084F80C3100231370B7FBFCFA012324
S21400EC900CFB1A7A94F80A015FFA8AFA03FA0AF366
S21400ECA0DAB2034077B93089000A844584F808014F
S21400ECB008D92046CDE906320591FFF727FEDDE9A3
S21400ECC00632059994F80A01024384F80A216BB9C2
S21400ECD094F80931013384F80931B9F80020B4F802
S21400ECE006319818FF2826DD0323237094F8083190
S21400ECF0013B9F4232D13AE0B07A884202D1904539
S21400ED0000D12C46377A002C7FF47FAF002B3FF4DF
S21400ED1053AF012B3FF450AF01205FE09F42B4DABF
S21400ED2094F80C2199F800309A42AED004F5887019
S21400ED30FFF77EFEF0E794F80CC1791A0CFB01335E
S21400ED40A01C10FA83F0DBF8001005920AF0A8FC6D
S21400ED5094F80831059A013B9F4242D0012394F86B
S21400ED600A2103FA0AF3013B1343FF2B04D1224680
S21400ED703146404626F04FFC94F8083194F80921B5
S21400ED809A42C9D12C4B1B78B2FBF3F103FB11223C
S21400ED9012F0FF0218BF13462278022A24D12978DF
S21400EDA06A78012904BF01326A7001222280F28843
S21400EDB0B4F8061122F04002F28094F80B210234D7
S21400EDC00A44591E94F80A3113FB01F31344A9F8B8
S21400EDD00030CBF80040FFF715FE002011B0BDE86C
S21400EDE0F08F84F80B21C2E77179002994D0032AAA
S21400EDF092D1B4F8062194F80B1108AD11445A1EAE
S21400EE0094F80C31304613FB02F30B4400219BB2FE
S21400EE10A21CA9F80030CBF80020CDE900810295AD
S21400EE20049907F021FB8921284627F057FF7DE744
S21400EE3025F6030068360020C864002078370020D6
S21400EE403E57002013B5044618B101280BD002B077
S21400EE5010BDFF2301460093064A0748FEF7CAFF87
S21400EE60064B1C70F3E7FFF74BFDFF22044B1A70AE
S21400EE70EDE700BF31EA0000783700206836002052
S21400EE809837002013B501A909F07AFC044648B962
S21400EE90BDF806309DF80420034906F0FBF820462E
S21400EEA002B010BD8120FBE79BF6030013B5694650
S21400EEB009F072FC044688B9BDF802309DF80020BF
S21400EEC0074906F001F92046019906F059F8204650
S21400EED0044906F0DFF8204602B010BD8120FBE7AB
S21400EEE0BFF60300E5F6030013B5694609F078FCA3
S21400EEF0044610BB9DF801309DF80020104906F02E
S21400EF00E3F89DF80120E3B29A4206D800200D49A6
S21400EF1006F0C0F8002002B010BD0198630003F4AC
S21400EF20FF7302220021184427F0F1FD064902462D
S21400EF30002006F0C9F80134E3E78120EBE700BFC4
S21400EF40E7F603006D28040016F7030013B501A9C1
S21400EF5009F01CFC044648B9BDF806309DF80420AC
S21400EF60034906F097F8204602B010BD8120FBE763
S21400EF7020F703001FB500246946E0B228F034F9F4
S21400EF8050B99DF80030032B06D1BDF805309DF82A
S21400EF900120044906F07EF80134202CECD104B0A0
S21400EFA010BD00BF47F7030008B50020034906F070
S21400EFB071F8BDE80840FF2000F0DABA59F7030000
S21400EFC02DE9FF4706460D46174626F072FB044617
S21400EFD040B130463A46294626F055FB002004B09C
S21400EFE0BDE8F0874FF003095FFA84FA6946504699
S21400EFF028F0FAF8C0B99DF80080B8F1000F13D1D8
S21400F0002B0A694650468DF800908DF805508DF80D
S21400F01006308DF8016028F0EBF802460028D8D0BC
S21400F0204046064906F036F80134202CDCD1002094
S21400F030034906F02FF88920D1E700BF6EF70300DA
S21400F04095F703001FB5002304468DF80F3026F011
S21400F0501BFB28B19DF80F3063F07F038DF80F304F
S21400F060182301930DF10F0300220093042140237F
S21400F070204627F0C7FB024618B10020024906F0DA
S21400F08009F804B010BD00BFB0F703001FB502A911
S21400F09009F094FB044688BBBDF80820184906F022
S21400F0A013F82046039905F06BFF2046154905F036
S21400F0B0F1FF4FF6F672BDF80810134C4B1E9BB2CC
S21400F0C0934219D82368039A1B685879FFF778FF8C
S21400F0D023681B79012B0BD8BDF808300022CDE938
S21400F0E000030421094B092005F05EFE27F0F0FD21
S21400F0F06FF0FF0004B010BD8720E9E78120F9E734
S21400F100CFF70300E5F603001C3B0020E6F70300FC
S21400F11070B504468AB005AD1122002128460AF0D3
S21400F12015FC204604A909F03DFB044600283AD108
S21400F1301E4EBDF810201E4905F0ACFF326813794C
S21400F140012B28D84FF6F670BDF810104B1E9BB258
S21400F150834224D81368587926F0ABFA08B333688C
S21400F1602A461B68BDF81010587926F08BFABDF8B1
S21400F170103001220421CDE9004309200D4B0295F1
S21400F18005F012FE27F0A4FD034620B100200A4A2F
S21400F1900A4905F07FFF6FF0FF000AB070BD8724B4
S21400F1A0E5E78B24E3E78120F7E700BF1C3B002060
S21400F1B0E9F70300FEF7030002F803000DF803006A
S21400F1C02DE9F0479AB004A909F004FB044600288C
S21400F1D040F0B4809DF810205A4905F075FF25468A
S21400F1E09DF81020EBB29A4254D80020564905F0FC
S21400F1F051FF9DF81050002D40F099802C462E4669
S21400F200524F06A9F0B227F0EFFFC8B99DF81830A4
S21400F210032B15D13B689DF819201B685B799A4231
S21400F2200ED19DF81D2005F168036B4403F8402CB1
S21400F2309DF81E200235013403F83F2CEDB2E4B2EF
S21400F2400136202EDDD19DF810300BB1002C77D082
S21400F2500AABCDE90143FF230222042100930920D3
S21400F2603B4B039505F0A0FD27F032FD034660B149
S21400F2709DF81020002A5FD0364A3749002C08BF78
S21400F2800A460020354905F005FF6FF0FF001AB06A
S21400F290BDE8F08705986B0003F4FF730222002197
S21400F2A0184427F034FC2E490246002005F00CFFD7
S21400F2B0013595E70598730003F4FF7302220021D9
S21400F2C0184427F024FC002780465FFA80FA06A937
S21400F2D0F8B227F089FF00BB9DF81830032B1CD12D
S21400F2E0D9F800309DF819201B685B799A4214D132
S21400F2F09DF81D30534510D19DF81E30C8F30722E7
S21400F3009A420AD105F168036B440235013403F8CA
S21400F31040AC03F83F2CEDB2E4B20137202FD6D133
S21400F32001369DF81020F3B29A42C3D88BE7002529
S21400F330DFF818902E46F4E7064AA2E78120A6E7F3
S21400F3408B20A4E767F803006D2804001C3B002010
S21400F35086F8030038F8030056F803008AF803001E
S21400F36016F703002DE9F04389B002A909F020FA48
S21400F3700446002867D1BDF80820344905F08AFE07
S21400F3804FF6F672BDF80850DFF8D4906B1E9BB2AD
S21400F390934254D8D9F8003029461B685F7938461E
S21400F3A026F087F900284CD026465FFA86F84046B5
S21400F3B003A927F019FF28B92946384603AA26F0DC
S21400F3C065F920B90136202EEFD14FF0FF084046F0
S21400F3D027F008FF014658BB112203A80AF0B6FA28
S21400F3E02946384603AA26F04EF9D9F800301A798D
S21400F3F0012A18D81B68BDF80810587927F048FB72
S21400F400BDF8083003220421CDE900430920104B43
S21400F41005F0CAFC27F05CFC034620B100200D4A2C
S21400F4200D4905F037FE6FF0FF0009B0BDE8F08328
S21400F43002460A49002005F02DFE0124D5E7872460
S21400F440D3E78B24D1E78120EFE700BFACF80300B9
S21400F450E6F70300EAF803000DF80300C3F803001C
S21400F4601C3B00202DE9F043DFF894800020D8F8FC
S21400F470003021491B688BB05E79002505F00AFE36
S21400F48001275FFA85F9484601A927F0ADFE044634
S21400F49090B99DF80430032B0ED19DF80530B34289
S21400F4A00AD1484627F09EFE0146A0B102461349FF
S21400F4B0204605F0EFFD27460135202DE1D1D8F88E
S21400F4C0003000211B68587927F0E2FA87F0010027
S21400F4D00BB0BDE8F083112205A80AF037FABDF894
S21400F4E009403046214605AA26F0CDF8214630468A
S21400F4F027F0CEFAE0E700BFF7F80300C3F80300F2
S21400F5001C3B002037B5694609F05EF9044638BB57
S21400F510BDF80020134905F0D7FD134D204601998C
S21400F52005F02EFD2046114905F0B4FD2B681B683A
S21400F530587927F0BCFB70B14FF6F672BDF8001094
S21400F5404B1E9BB2934209D82B68019A1B685879C8
S21400F550FFF736FD0446204603B030BD8724FAE7A1
S21400F5608120F9E70BF903001C3B0020E5F60300B9
S21400F5707FB505460024E6B26946304627F034FEDD
S21400F580A8B99DF80030032B11D19DF80130AB428D
S21400F59004D0FF2D0BD19DF80D3043B9304627F02F
S21400F5A021FE024618B10020034905F073FD013420
S21400F5B0202CE0D104B070BDC3F80300034B1B68D9
S21400F5C01878012808BF0220704700BF583A00206C
S21400F5D0D0E9023253F822301A78024B1A7000F043
S21400F5E0E5BA00BF3E58002070B5D0E902435A1C69
S21400F5F0960054F822201578A5F10B020F2A06D99A
S21400F6002A461A490020BDE8704005F043BD013B7C
S21400F610DBB254F823000322154934440AF0E8F913
S21400F62054F8043C1A78012A0FD11249AA400B68F4
S21400F63040B91343104A0B600020BDE870400F49E4
S21400F64005F028BD23EA0203F4E7022A0BD10122C3
S21400F6500B49AA400B6818B913430A4A0B60EBE73C
S21400F66023EA0203F9E70849CCE700BF2FF90300B5
S21400F67045F90300B460002049F9030051F903007E
S21400F680B060002064F903006EF9030007B5D0E906
S21400F690023103EB810253F8213052681B7812685E
S21400F6A0012B0CBF084909494FF000000A6008BF4B
S21400F6B0074B009218BF074B074A084905F0EAFCBB
S21400F6C003B05DF804FB00BFB4600020B06000200B
S21400F6D081F9030089F90300DC78040093F903003C
S21400F6E010B5244B244A254C0020254905F0D2FCB1
S21400F6F00020244905F0CEFC22682349002005F0AE
S21400F700E3FC2068214C05F0A3FC0020204905F00E
S21400F710C1FC22681F49002005F0D6FC206805F0D1
S21400F72097FC00201A4905F0B5FC1B4B1B491A78BC
S21400F7301B4B002053F8223005F0ACFC00F00CF90F
S21400F74018490246002005F0A5FC174B00201A7841
S21400F750164905F09FFC164B16491A78002005F04E
S21400F76099FC04F003F9BDE8104002461249002057
S21400F77005F090BCADF90300DC780400B46000200E
S21400F780B4F90300BCF90300CAF90300B060002016
S21400F790F2E20300DBF903006C580020ECF90300EA
S21400F7A0B8600020FFF903005158002013FA030048
S21400F7B05058002025FA030037FA030007B500F07A
S21400F7C071F8054B0090054A0020054905F062FCDB
S21400F7D003B05DF804FB00BF4DFA0300DC780400BC
S21400F7E0EFF50300F8B504460B4F0C4E0C4D002009
S21400F7F00C4A0D4905F04EFC20463B7829783278B5
S21400F800F6F7DCF900233B7033702B70FF21BDE860
S21400F810F840064825F097BB6C580020505800204A
S21400F82051580020DC78040052FA0300B837002054
S21400F83037B51248FF2125F086FB114B187810F0DB
S21400F840100505D0002003B0BDE8304003F0FABD37
S21400F8500121B42004F002FA04460A4B0A4A0B4976
S21400F8600090284605F016FC2046FFF7BBFF4FF435
S21400F870806003B0BDE8304027F0FCB8B837002001
S21400F8806C58002069FA0300DC780400EFF50300EA
S21400F8900021024A0248FEF7E3BA00BF31F8000032
S21400F8A0B837002008B5054B1B7823B11720FFF7A3
S21400F8B099FF002008BD0220FCE700BF6C5800201E
S21400F8C010B550B1054B00F1100250F8044B9042B1
S21400F8D043F8044BF9D1024B197010BD5258002062
S21400F8E06258002037B5174D04462B78DB0626D520
S21400F8F00090154B0020154A154905F0CBFB1E2C31
S21400F9000BD0652C09D0032C19D0002027F0ECFC76
S21400F91040F61C40FFF766FF0DE027F00DFD4FF4A4
S21400F920FA63B0FBF3F202FB1300C218FF2109488A
S21400F93092B225F0F7FA2B7823F010032B7003B061
S21400F94030BD00BF6C58002082FA0300DC7804004B
S21400F950EFF50300B8370020014B1879704700BF59
S21400F960F44F002070B54C4E8EB0337803F0FB0297
S21400F970A3F10905022AEDB258D0042B41F6041271
S21400F98057D0A3F108014B424B415B001343434859
S21400F990ADF80C3025F0BDFE48B9414B3F4A03F1A7
S21400F9A0100153F8040B8B4242F8040BF9D13D4B7F
S21400F9B01B78002B3FD03C4B0DF10E0203F11001DB
S21400F9C053F8040B8B4242F8040BF9D103A827F036
S21400F9D0ABFC2328044610D1012D49D80020334A19
S21400F9E0334905F057FBBDF80C3003A823F4005349
S21400F9F0ADF80C3027F098FC0446002C41D14FF4AB
S21400FA000C7027F08FFC044600283AD103F0D8FD8E
S21400FA10012D36D8274A01AB1068516803C3264922
S21400FA2001A827F0E5FC78B319242AE043F604126F
S21400FA30A7E70223AAE73378042B0DD0082B0BD0B8
S21400FA401E4B0DF10E0203F1100153F8040B8B420E
S21400FA5042F8040BF9D1B9E7104A0DF10E0302F192
S21400FA60100152F8040B8A4243F8040BF9D1ADE7B3
S21400FA70337803F0FB03022B03D10020104905F076
S21400FA8009FB20460EB070BD044901A827F0B0FC63
S21400FA9004460028C8D1F4E76C58002040580020DF
S21400FAA04FFB03006258002052580020DC78040008
S21400FAB0A6FA030060FB0300CC78040069FB030091
S21400FAC001FB030070B5002686B00446252027F00B
S21400FAD011FC16220021164809F038FF154B1E604F
S21400FAE0154B1878FFF76AFD022814BF012304237C
S21400FAF003208DF8083027F04BFC04238DF81030D7
S21400FB000E4B02A80593039403F00EFC05460C4B1F
S21400FB100C491A680C4B3046A24218BF0B4600949C
S21400FB200A4A0B4905F0B6FA284606B070BD00BF73
S21400FB30F44F0020D83700206C58002001FE00004B
S21400FB40B460002089F9030081F90300DC78040022
S21400FB507AFB030008B5124A1378042B09BF114B31
S21400FB6001331B78C3F10603DBB2137003F0FD020A
S21400FB70092A04D11720FFF735FE172008BD094AC9
S21400FB801278C2F10602D2B29A4207D1064B186822
S21400FB900028EFD0FFF796FF4D20EFE70020EDE7B7
S21400FBA06C58002062580020B060002073B51E4CD0
S21400FBB01E4E23683268134334D01D4B1B6853B364
S21400FBC01C4D2B783BBB03F0D1FEF8B94FF4806098
S21400FBD026F011FF184B24681B7894B1C3F102037A
S21400FBE02B7003F027FC2046FFF76CFF044600202E
S21400FBF0124B134A1349009405F04CFA204602B003
S21400FC0070BDC3F1060334682B70EAE70121B42007
S21400FC1004F024F8EAE70020094A0B4905F03AFA0E
S21400FC200224E4E70224E9E7B4600020B060002084
S21400FC30583A00206C58002062580020C2FB03008F
S21400FC40DC780400EFF50300A8FB03002DE9F34180
S21400FC50364D374E00202A792B88364905F01AFA99
S21400FC603268287922FA00F010F0010002D13249F9
S21400FC7005F010FA314F3C783CB108223049314843
S21400FC8009F0B6FE041E18BF0124DFF8D48014E085
S21400FC9098F8000025490130C0B288F8000027F027
S21400FCA01BFB002835D13C783CB108222449254866
S21400FCB009F09EFE041E18BF01242A793368D3403B
S21400FCC0DB07E5D5002CE3D100922B881E4A1F499E
S21400FCD0204605F0DFF91E4B1878FFF76FFC01236E
S21400FCE00322124927F0FEFA1A4A05461378013312
S21400FCF0137010B902B0BDE8F08120462B46124AB8
S21400FD00154905F0C7F9284602B0BDE8F041FFF7EF
S21400FD1069BD0020114905F0BDF9FFF71BFF00285B
S21400FD20E8D102B0BDE8F04100F01CB8F44F002066
S21400FD30D8370020C8FB0300F9FB03006B580020EF
S21400FD406358002002500020DC780400C8FC030042
S21400FD506C5800205058002069FC030092FC0300F9
S21400FD603F580020002038B51B4C1C4D23781C4AF9
S21400FD7055F823301B4905F08DF9FFF7F3FD0346D0
S21400FD8028B92378042B10D88BB9174B10E0002025
S21400FD90134A164905F07EF9FFF7DCFED8B923783A
S21400FDA00F4A55F823300F49E5E7092BEDD1104BE4
S21400FDB000201B680F4A10491360104B187027F07C
S21400FDC08BFA20B1BDE838400120FFF70BBDBDE837
S21400FDD03840FFF73BBF38BD6C580020B8600020A5
S21400FDE0DC780400E8FC0300B0600020F5FC0300AB
S21400FDF0B4600020D8370020F44F00203F58002081
S21400FE0070B51C4C23789BB3838913F4407F2FD0A6
S21400FE10056835B12A46BDE870400020164905F051
S21400FE2039B927F057FA154E03463070144A28465B
S21400FE30144905F02FF933781BB1BDE87040FFF781
S21400FE4091BF2378082B0CD8042B0CD80E4B1B78AC
S21400FE50C3F1060323700D4BBDE870401868FFF72A
S21400FE6031BE0A2BF2D1BDE870401820FFF7BABCAD
S21400FE7070BD00BF6C58002020FD030051580020C4
S21400FE80DC7804004DFD030062580020B0600020BE
S21400FE9030B5464D03460446454A0020454987B0DE
S21400FEA005F0F8F82B782BBB01A827F0A3FA02235D
S21400FEB001A88DF8043027F08BFAB0B93E4901A8A6
S21400FEC027F088FA88B1152C0FD127F035FA47F2BB
S21400FED03153B0FBF3F202FB130000F51C50103058
S21400FEE080B203F0AFFA07B030BD162CFBD103F09A
S21400FEF0E3FAF8E7152C2AD100202D4A2F4905F001
S21400FF00C9F82B78042B11D0082B0FD02C4B1B785C
S21400FF10DA070BD401A827F001FA18B9BDF80430A7
S21400FF209B0703D42B7843F010032B7027F004FABA
S21400FF304FF4FA63B0FBF3F2FF2102FB1300C21882
S21400FF40204892B207B0BDE8304024F0EBBF27F05F
S21400FF5025FA04460028C6D12B78013B092B1ED86B
S21400FF60134A194905F096F8184A194913780133C7
S21400FF70D8B2107027F0B0F960B12046154905F0E8
S21400FF8089F8FFF7E7FD0028ADD107B0BDE830409F
S21400FF90FFF7E8BE07B0BDE83040FFF757BE40F6B3
S21400FFA01C4007B0BDE83040FFF71CBC6C58002072
S21400FFB0DC78040071FD0300CC78040088FD0300A3
S21400FFC03E580020B83700209BFD03003F58002015
S21400FFD0F44F002092FC03002DE9F0410B4686B05A
S21400FFE004460E4617463A490246002005F052F8E7
S21400FFF04FF000080123CDE901380DF116030093F8
S214010000424640230621204626F031FC054640B1F3
S21401001002463049404605F03DF8284606B0BDE8A0
S214010020F0819DF816202AB936B900202A4905F034
S21401003031F8F2E7012EF8D082F0010300202749BB
S2140100408DF8173005F026F89DF817300DF11706D4
S21401005033B310230022CDE9006306214023204656
S21401006026F0D0FB064630B1324600201C4905F08A
S21401007011F83546D1E74FB90821204626F01FFA78
S21401008020B120469DF8171026F003FD05212046D5
S21401009026F015FA0028C0D0204626F0F7FCBCE76B
S2140100A04FB90821204626F00AFA20B120469DF8CD
S2140100B0171026F0EEFC10230022CDE9006306217E
S2140100C04023204626F09EFB06460028DED0CBE7DE
S2140100D0CAFF0300E6FF0300FFFF03001F00040042
S2140100E03F000400002208B5034B11461B681B683D
S2140100F05879FFF771FF08BD1C3B002008B5044B7B
S21401010000221B6801211B685879FFF765FF08BDAF
S2140101101C3B002008B5044B00221B6802211B680B
S2140101205879FFF759FF08BD1C3B002010B5012385
S214010130002488B001A88DF80430CDE90244F6F712
S2140101401BFA20469DF80420124904F0A3FF20461E
S214010150039A114904F09EFF2046029A0F4904F0C3
S21401016099FF10220E4B0DEB0201188840F06040FB
S21401017040F48010FBF754FC20460A4904F0A4FF23
S21401018004A826F006FD2046074904F083FF08B0C0
S21401019010BD00BF5800040077000400960004005C
S2140101A0AC780400B50004006D28040008B525F0FD
S2140101B0E1FA0020024904F06DFF012008BD00BFEE
S2140101C0D20004000023054A8360C360044BC0E9E3
S2140101D0002311B14FF6FF730B80704749100BB225
S2140101E09130011110B5044660B10020064904F0B3
S2140101F051FF052C06D002F0CFF804490246002034
S21401020004F048FF012010BDE6000400F7000400DA
S21401021037B500216A4601AB054625F06DFB04465D
S21401022068B100220F49104604F034FF02F0B4F81A
S2140102300D490246002004F02DFF03B030BD0B49E6
S21401024004F028FF012024F071FA25F06BFC431C12
S21401025002D007F0EDFDF0E721462846FFF7A6FF9E
S214010260EBE700BF20010400F7000400680104006A
S21401027038B5054625F056FC044626F0D0FB4DB1B0
S21401028000200E4904F006FF631C14BF2046002020
S21401029007F090FD25F07CFA0228044605D00128D7
S2140102A005D10020064904F0F5FE204638BD0020A1
S2140102B0044904F0EFFE0024F7E700BF85010400BF
S2140102C09F010400B801040008B50020034A044950
S2140102D004F0E0FEBDE8084000F03EBD4911040010
S2140102E0D101040008B50020034A044904F0D2FEF7
S2140102F0BDE8084001F0B0B9F0010400D1010400E6
S2140103001FB5D0E9023253F8223068461C782146E0
S21401031001F0A6FB684601F049FC28B922460449CB
S21401032004F0B8FE04B010BD6846FFF771FFF9E7A8
S214010330F60104000020014904F0ACBE12020400DC
S2140103407FB50DF1060102A8FFF73CFF0020264904
S21401035004F0A0FE0020BDF80820244904F09AFE0F
S2140103600020BDF80A20224904F094FE039A0020DA
S214010370204904F08FFE00201F4904F0A5FE4FF629
S214010380FF73BDF806209A4229D000201B4904F0CD
S21401039081FE00201A4A1B4904F07CFE00201A4AFE
S2140103A01A4904F077FE00221949104604F072FE3D
S2140103B00020154A174904F06DFE0A22002016494E
S2140103C004F068FE0A220020144904F063FE0A22A3
S2140103D00020134904F05EFE07B05DF804FB002020
S2140103E0104904F057FED4E7210204003902040044
S2140103F0520204006B020400840204008F00040011
S214010400E09304009A020400C0270900B902040020
S214010410D8020400F70204001603040035030400A2
S214010420530304009702040008B50020034904F0B2
S21401043031FEBDE80840012001F0E2B97103040075
S21401044008B50020034904F025FEBDE80840002059
S21401045001F0D6B98A03040030B5104B104D1B5C71
S21401046085B08DF80F302B780446834206D00D4BAD
S2140104700D4953F82020002004F00CFE30232C7088
S2140104800A4801930DF10F030093062280231921D8
S214010490007826F0B7F905B030BD00BFF378040048
S2140104A07458002000790400A2030400AF64002001
S2140104B01FB5232303900193064803AB0093012243
S2140104C080231921007826F09DF9039805B05DF880
S2140104D004FB00BFAF64002073B5164D04462B78AD
S2140104E0154ECBB125F075F9012815D0346040F6CC
S2140104F0B244124B1B78072B17D02D78C5B925F0BF
S21401050068F9031E18BF01230D48009522461921DC
S214010510007825F02FFD03E000233360002CE8D19E
S214010520201E18BF012002B070BD02250123EBE793
S2140105300025FBE771580020DC37002074580020A6
S214010540AF64002008B50448FFF7C6FFBDE80840C1
S2140105500220FFF781BF00BFC027090010B5064C77
S214010560208826F097FA608826F094FA6068BDE83D
S214010570104026F09EBA00BFE03700207FB5232347
S2140105808DF813300DF113030293042306480193EB
S21401059005AB0093012280231921007826F067F924
S2140105A0059807B05DF804FBAF6400202DE9F84319
S2140105B0DFF82C91044699F8000090460F4625F086
S2140105C060FF0B2899F8002005D9BDE8F843002004
S2140105D0384904F05FBD0026374B384D1E80384B36
S2140105E003EB00135B8801202B802A7104F07EFC4C
S2140105F005F030FD04F07AFC204604F077FC012279
S214010600304B042C1A7047D8022C2CD84FF6FF76A4
S2140106102D4F3888801B18BF012004F067FCFFF7B8
S2140106209DFF3888B04201D026F034FA19236B803A
S21401063099F8003000202B71244B1B786B71EB88E6
S21401064043F04003EB80224B198826F0CEF903468F
S21401065020B1224600201F4904F01CFD4046BDE89B
S214010660F843FFF739BF304604F040FCFFF776FF4A
S214010670FFF784FF26F01DFA174B1B78002B0CBFE3
S2140106803F20202004F032FC042CCFD14FF48060B0
S21401069026F000FA3220C7E73046104904F0FAFC8B
S2140106A0384604F023FCFFF759FF002FBED0054B58
S2140106B01E70BBE7B5030400185000201C50002034
S2140106C08C390020715800200C500020AE640020A8
S2140106D0526400200104040070580020E403040062
S2140106E0AF64002038B5044605200D46FFF7B4FE7A
S2140106F0184B1A884FF6FD739A4207D10020164907
S21401070004F0C8FCBDE83840FFF71CBF65B1134ACA
S21401071013780133DBB2092B137014D90A22002097
S2140107200F4904F0B7FCEDE7012C0ED10B4B1D7001
S2140107300C490D48FFF746FDBDE838400021012071
S2140107400A4AFFF733BF012CF2D0BDE8384007480C
S214010750FFF7C2BE526400203B0404007358002019
S214010760660404000C500020E0370020E0930400EB
S21401077008B50649002004F08DFC0548FFF748FD42
S214010780BDE8084000210846FFF7ACBFAA040400F4
S214010790E0370020814237B50346154608D20020CF
S2140107A000910F4A0F4904F075FC002003B030BDDC
S2140107B00C1A224600200C4904F06CFC40F6BB5390
S2140107C022460020094904F065FC4FF47A735C4325
S2140107D0074B01209C4294BF2C602B60E6E700BFCC
S2140107E0CAF30300BB040400F80404001305040064
S2140107F080EE360010B504460820FFF72DFE0D4B9F
S2140108003CB91C700021BDE8104006200A4AFFF7DB
S214010810CDBE1B78092BF5D90A220020074904F022
S21401082039FC0020064904F035FCBDE81040FFF70E
S2140108309FBF00BF73580020C02709003F05040072
S2140108408005040073B51F4D2C7834B100201E4975
S21401085002B0BDE8704004F01DBC0220FFF7FCFDAD
S214010860FF221A4E1A4B30781A7025F00AFE0B2812
S21401087007D920463278174902B0BDE8704004F027
S21401088009BC154B192203EB00135988134B4FF67D
S214010890FD700093012305F081F870B120461049E0
S2140108A004F0F8FB00220F4B0F481C700F4B1A7018
S2140108B002B0BDE87040FFF70FBE01240C492C7052
S2140108C0EEE700BF7258002091050400AF640020D7
S2140108D0AE640020B50304008C390020D50B01005E
S2140108E0D205040071580020C02709007358002063
S2140108F0F805040038B5144D04462B78052B21D98C
S2140109001249FFF76FFC24B918B9114904F0C2FB6C
S2140109100424104B195D21B9BDE838400846FFF79D
S21401092069BF032C06D02B78052B03D006200A4A74
S214010930FFF73CFE0021094B08461970BDE8384018
S214010940FFF7D0BE38BD00BF74580020E037002046
S2140109501A060400E9780400C0270900715800202F
S21401096030B5044689B00720FFF776FD052C0AD17D
S21401097000222A4B03A91A7002A804AA01F014FD4A
S21401098030B1022045E09CB90122244B1A700224A2
S214010990224D287878B1421E504221495041FFF736
S2140109A067FC022304462B70022C0ED10A200FE0AE
S2140109B0022CE6D1EBE7631F5A424FF005001849B7
S2140109C05A4124F00DFF0446EEE7032C04D1002023
S2140109D0FFF782FD09B030BD062C06D10020114973
S2140109E004F058FB01232B70E0E70F4A0F4B2978E0
S2140109F0002C18BF13460E480E4A0094002918BF53
S214010A00024600200C4904F045FB201E18BF0120B9
S214010A10400009B0BDE83040FFF76CBF6F580020BA
S214010A20E0370020550604004E0604004706040081
S214010A3040060400360604009006040013B51F4C59
S214010A400620FFF709FD2278092A09D900201C494A
S214010A5004F020FB042002B0BDE81040FFF74ABFB7
S214010A60184B1B782BB3002023F084FE24F0B1FE34
S214010A7068B9FFF783FD144B196824F0A1FE0246FE
S214010A800420002102B0BDE81040FFF78FBD01A889
S214010A9024F09DFEFF2809D14FF4FA602378013334
S214010AA0237002B0BDE81040FFF716BD0198FFF7AE
S214010AB0FFFC4FF4FA620320E3E700BF73580020FF
S214010AC0AB06040070580020F0370020F023F0B584
S214010AD089B0CDE90003344880230022192100782B
S214010AE0324E334F25F08EFE0020324904F0D2FA02
S214010AF03246394603A801F057FC032804462E4D1A
S214010B001CD10626039A2D49002004F0C3FA039847
S214010B10FFF7CEFC0020396800F0A0FE2E7001F031
S214010B207FF900220446264B30461A70FFF794FCE4
S214010B3084BB09B0BDE8F040FFF780BF28BB7268F0
S214010B40204904F0A7FA214604A8FFF73BFB059BC2
S214010B50726893420BD020461B4904F09BFA072388
S214010B6005202B7009B0BDE8F040FFF7F9BE1A4624
S214010B702046164904F08EFA0523002101202B7029
S214010B8009B0BDE8F040FFF7ADBD0020104904F004
S214010B9081FAF1E7042C05D0042009B0BDE8F04045
S214010BA0FFF7A8BE09B0F0BDAF640020E037002013
S214010BB0F0370020E30604007458002014070400F0
S214010BC0735800204F07040088070400DC07040060
S214010BD018080400F7B50446876800202378364DC8
S214010BE0012B287004D0354B3549187004F052FAA1
S214010BF026785EBB334B1B78FF2B04D103B0BDE8D0
S214010C00F040FFF79FBC304B1B78032B11D82F4CBD
S214010C100320FFF721FC6946208826F0A7FB002861
S214010C2043D02B49208804F037FF20B12E70FFF700
S214010C3089FC03B0F0BD0124204B26491C7004F04A
S214010C4029FA0320FFF708FC2C70F2E7012E25D1C4
S214010C503B78002BEDD01B4D2B78FF2BE9D1A688D6
S214010C6002F0ACFE864206D100201B4903B0BDE867
S214010C70F04004F00FBA194BA2881B783BB132B191
S214010C801749002003B0BDE8F04004F003BA7B68C2
S214010C9014491B782B700D4B1A80F2E7032E08D1EE
S214010CA008226846A16808F0FBFC6846FFF70EFFBD
S214010CB0BFE700232B70A1E771580020725800206F
S214010CC033080400AE6400207458002052640020EB
S214010CD0D50B0100F8050400530804006E580020E7
S214010CE079080400A40804007FB5094B1A78FF2A86
S214010CF00AD1187001F09CFA0022064B0DF106018C
S214010D0002A81A80FFF75EFA07B05DF804FB00BF81
S214010D10AF6400200A500020152838B517D10C4BB7
S214010D201D78A5B926F008FBC4B2012C38BF0124F2
S214010D300120FFF791FB28462246064904F0AAF94E
S214010D404FF47A706043BDE83840FFF7C5BB38BD45
S214010D5074580020C1080400034B1B78022B01D8ED
S214010D60FFF770BD704700BF7458002070B5284C5F
S214010D7024F02AFD2578274EBDB10020264904F02F
S214010D8089F9264A137801331370002323703378C8
S214010D90062B0AD1BDE87040214B1868B0F5FA6FF2
S214010DA038BF4FF4FA60FFF797BB3378013B082B47
S214010DB02CD8DFE803F005090D2B13191D22270097
S214010DC0BDE87040FFF7C8BFBDE87040FFF73ABD09
S214010DD000232370BDE87040FFF7B4BB2946BDE889
S214010DE070400120FFF77EBCBDE87040FFF726BECD
S214010DF00220BDE87040FFF7B3BD0120BDE870409A
S214010E00FFF7F8BCBDE87040FFF7B2BC70BD00BF8D
S214010E107158002074580020F00804007358002010
S214010E20DC37002010B90520FFF764BD034B1B78A3
S214010E30062B01D1FFF79ABF704700BF74580020F8
S214010E402DE9F0478E68054633189A780C46092A2C
S214010E508EB008D90020A14904F01CF9852420464B
S214010E600EB0BDE8F08750B98B899D49895C8B42ED
S214010E7005D200919B4904F00DF98024EFE79A4BC7
S214010E80E7881B889F422ED09849097801292AD9DC
S214010E9032B13A460020964904F0FCF87E24DEE79B
S214010EA0944B1A70914B25791B78052B03D0012B97
S214010EB032D8FFF751FF002D58D12946204625F09C
S214010EC00DFF0346002848D028468B4A8B4904F07C
S214010ED0E1F800208A4A8B4904F0DCF80021012061
S214010EE0FFF700FC53E00021824B1970072A00F23D
S214010EF08B8301A353F822F0A50E01004B100100CD
S214010F004B1001005B1201005B1201005B12010035
S214010F10EF140100EF140100022B17D102F04EFD71
S214010F208742BBD00020784A784904F0B3F8FFF72F
S214010F3089FC65BB2946204625F0D0FE034630B322
S214010F406D4A6E49002004F0A5F820E0704A0020A2
S214010F50704904F09FF8012481E7A3681B78DA063C
S214010F60B7D42A466C4904F095F8B2E7A768002181
S214010F70FE780AA8A4893D79FFF724F9032E08D93B
S214010F805F4B664A66490096002004F083F8002409
S214010F9065E76B1E632B04D9594B604A614900957E
S214010FA0F2E7614BE4B29B5D9C4209D0CDE9014377
S214010FB00020534B594A5D49009604F06BF8E6E76A
S214010FC056B3A4B222460521384625F0A0FDBDF849
S214010FD02830834203D04A4B554A5649B2E7012E80
S214010FE01AD022460721384625F091FDBDF82A3051
S214010FF0834203D0424B4E4A4F49A3E7032E0BD1FF
S21401100022460921384625F07FFD0B9B984203D1E5
S2140110103B4B474A494995E7642D3FF45FAF26F0BD
S2140110208BF96423C0B2B0FBF3F203FB1203013366
S214011030DBB29D42BFF452AFCDE900530020304BE6
S2140110403B4A3F4904F026F8A1E7284B1B78052BBD
S21401105001D03C4A7BE7EB1CDBB2277BF45C44B156
S21401106023460020374A384904F014F800210C467C
S2140110700BE00F2F0DD81023204634490093314A38
S2140110803B4604F007F8802401210020FFF72AFBE5
S214011090E5E60435EDB220462A4A2D4903F0FAFF6B
S2140110A07A1B7119D2B206A824F0A3FB05443A466E
S2140110B0E9B2304625F028FD264D069A2B68264FC4
S2140110C09A42386001D100284AD1244900201D4A9D
S2140110D003F0E0FF85240121D7E700BF0D090400D6
S2140110E02C7904002509040052640020745800205D
S2140110F05409040071580020CA090400D2090400EA
S2140111005A0A04006F0A040098090400A50904009D
S214011110FA090400070A0400240A0400840A0400E9
S2140111208C0A0400A60A0400EF780400C40A04002E
S214011130190F0400FE0A0400280B0400500B0400DB
S214011140770B0400AB0B0400C50B0400F40B040082
S2140111500B0C0400E0370020F0370020340C0400AC
S21401116024F0DDFC3E68B0420AD224F0D8FC9C494B
S21401117003463246204603F08DFF8924012184E789
S214011180079A6B689A4205D12046964A964903F01B
S21401119081FF6BE79549097859B19A4209D22046F1
S2140111A0934903F077FF96210620924AFFF7FEF94E
S2140111B05CE7914A914905A801F0F6F8079E48B9FF
S2140111C06A68B24206D38E4903F064FF0520FFF732
S2140111D0C7FB44E6324600208A4903F05BFF3968C4
S2140111E00027002000F03AFB00206E60FFF760F950
S2140111F0854B06201F80FFF72FF9844B1F7001F0E7
S214011200CBF80646F0B94FF6FF71814B0AA81A884B
S2140112108A4208BF3B466A88298801F02DF80AA849
S21401122000F0C4FC58B10AA801F0F8F838B130460D
S214011230784903F02FFF0420FFF75CFB0FE6FFF76A
S214011240FDFB0CE6042805D1734B1921187824F010
S21401125095FE04E638467149EBE7714B1B78062B81
S21401126001D0704A73E6DFF8A0A1EB1C94F80C904D
S214011270BAF80080DBB22EB930466B4903F00AFF9C
S2140112808724ECE5F75C2C1D972FE4B22FD025D8E8
S214011290812F71D0952F67D017BBB9F1100F7FF64C
S2140112A0ECAD31194A460AA824F0A3FA0444E4B284
S2140112B021464A46304625F027FC231DDBB205347D
S2140112C016F803A0E4B2A9EB04035345054666DA13
S2140112D0009338465346534A5449CCE5982F43D099
S2140112E03B4600204F4A524903F0D4FEC8E7B9F105
S2140112F00A0F7FF6C2AD1FFA89F721463A463046F5
S21401130025F002FC05F1080104463A46C9B230460A
S21401131025F0FAFB0AAA01462046FFF73BFA08B970
S214011320444B0A93B9F10C0F12D905F10C013A4658
S214011330C9B23046DDF8288025F0E9FB04460246AE
S2140113403D49002003F0A6FEAAF8004044440A9452
S2140113500A9C3A492246002003F09CFE2046FFF7ED
S214011360BBF824F03CFA12E63549002003F092FE61
S2140113700320FFF7BFFA0AE6324C23786BB124F05C
S21401138021FA50B10020304903F084FE0023237077
S21401139024F025FAFFF752FBF9E52C49E5E7DFF8DB
S2140113A0A49099F8003043B9FFF7E8F88542034660
S2140113B007D01C4A26490095E6E524F00AFA0128DA
S2140113C0F2D110220C480AA908F012FB10B9BAF1A2
S2140113D03F0F41D9134A1F49002003F05BFE4FE738
S2140113E0530C0400AB0B04008B0C04006D5800205A
S2140113F0C00C0400C0270900E0370020F0370020A9
S2140114004F070400010D04000A5000207358002005
S2140114100C500020230D0400AF640020420D040090
S21401142074580020680D04007D0D0400AA0E040007
S2140114308C0E0400E0930400B80D0400E30D0400D4
S214011440020E0400705800201E0E04005D0E0400FB
S214011450E60E0400220F04006C4B187099F8003059
S2140114604BB124F0AFF930B1284624F0AEF9042888
S21401147007463FF48CAD51462846321924F062FBEC
S21401148028B10020624903F005FE042071E799F8AF
S2140114900030554463B124F095F948B1FF2FF4D0DC
S2140114A0012F3FF474AD032F16D124F096F90546AB
S2140114B02846FEF7FDFF044602460521554824F05E
S2140114C0BFF9554B1B689C420AD3204624F035FBD6
S2140114D00520FFF745FA5AE524F07DF98046E7E74F
S2140114E04046FEF7F9FF00287FF451AD52E74B4B1B
S2140114F01B7803F0FD03082B01D0494A27E535B1D7
S214011500F27822B10020474903F0C4FD30E7257B7D
S214011510F11C2A460AA824F06CF9434BBDF8282092
S2140115201988044691420DD04FF6FF718A4209D0C0
S2140115303B4A00203D4B3E4903F0C6FDBDF828203E
S2140115403C4949E7BDF82A20598891420CD04FF60C
S214011550FF718A4208D0324A0020374B344903F0E3
S214011560B3FDBDF82A20EBE70B9A5B689A420AD0D6
S214011570013208D02A4A2E490020304B03F0A4FD40
S2140115800B9A2F4928E7ADB2E11C2A46C9B230466C
S21401159025F0BAFAE11DC9B207462A46304625F0BB
S2140115A0B3FA431C014606D10820FEF755FF25482D
S2140115B0FEF792FFEBE4384606AAFFF7EBF8A8B968
S2140115C0204B0693204B00221978204B187824F0E4
S2140115D0EAF8069C2046FEF77FFF224600201C49BB
S2140115E003F058FD0920FEF737FFD0E440F6B73385
S2140115F0069A9A42E6D840F6B8320020154903F01A
S21401160049FD40F6B833DCE7812428E4735800200E
S214011610550F0400780F0400F0370020745800209E
S214011620810F0400960F0400E0370020180B040019
S214011630BD0F04008F000400420B0400D80F040005
S214011640F716040080EE3600AE640020AF6400207A
S21401165010100400E50F040008B50420FFF74AF94E
S2140116600020FEF7F9FE0023054A19211370054AEA
S2140116701370054B1878BDE8084024F07FBC00BF06
S2140116807158002072580020AF64002010B5174B27
S214011690174C1A78174B002053F82220164903F0EE
S2140116A0F9FC2278154B16490020002A18BF194666
S2140116B00A46144903F0EEFC23782BB1124B0020A6
S2140116C01A68124903F0E6FCFEF758FF0446FEF7D7
S2140116D055FF0F4B196824F0A6F82246BDE81040C6
S2140116E003460C49002003F0D5BC00BF7458002007
S2140116F071580020007904002C10040041160400E3
S2140117002216040039100400DC37002053100400B0
S214011710F03700206C10040038B50146044600205E
S214011720FFF78EFB054698B1E37C00200A4A0B4979
S21401173003F0B0FC2379042B0AD02946204625F075
S214011740CDFA034620B10020054A064903F0A2FC63
S2140117506FF0FF0038BD00BFCAF303009410040009
S214011760CA090400D209040010B51346094A1278C2
S21401177082420DD163B1084A002014680A4607491F
S21401178003F088FC2146BDE810400120FFF758BB56
S21401179010BD00BFAF6400201C3B0020B610040043
S2140117A010B50D4B1C782CB1BDE8104000200B493C
S2140117B003F070BC6420FEF77BFE4FF6F0716FF00D
S2140117C00F02074B0320C3E9001222462146BDE85B
S2140117D01040FEF7EBBE00BF74580020EF10040067
S2140117E0E0370020014B1870704700BF705800208A
S2140117F000210620014AFEF7D9BE00BFC027090016
S214011800014B1870704700BF6D580020F8B50E4B9D
S21401181005460C4618680D49101A096824F003F8A5
S2140118200B4E0C4F33783870FF2B04D0A0420AD3EE
S2140118302344984207DB03462A460020064903F064
S21401184029FC38783070F8BDF8370020F4370020CE
S214011850B0640020755800201D12040050EA0102F1
S21401186008D0FF22054B091A1A70054B1860054B64
S2140118701960704711461046FFF7C8BFB0640020D4
S214011880F8370020F4370020F0B5AFB006AD284693
S21401189000F020FD0027284600F088F9044640B9EC
S2140118A000F0E4FC59490246204603F0F3FB2FB052
S2140118B0F0BD00205649FAB203F0ECFB284616A903
S2140118C000F026FD044620B15249002003F0E2FB59
S2140118D088E0BDF85820504903F0DCFB2046BDF8EF
S2140118E05A204E4903F0D6FB2046BDF85C204C49F1
S2140118F003F0D0FB2046BDF85E204A4903F0CAFB40
S2140119002046BDF86020484903F0C4FB2046199ADA
S214011910464903F0BFFB2046BDF86820444903F062
S214011920B9FB204643490DF16A0203F0B3FB424975
S2140119302046239A03F0AEFBBDF85C30D90705D5E7
S21401194020469DF890203D4903F0A4FBBDF85C308D
S2140119509A0714D500203A4903F0B6FBBDF8583073
S214011960B3F5807F47D1002025F018F918B10DF1A5
S214011970910003F015FB0020324903F08BFBBDF804
S2140119805C305B070BD50020BDF8B2202E4903F072
S21401199081FB0020BDF8B4202C4903F07BFB062216
S2140119A028460DF116030AA923F06CFF044650BB26
S2140119B0BDF81620264903F06DFB0AAEBDF81620C9
S2140119C0A3B29A420ED932880020224903F062FB64
S2140119D0013472680020204903F05CFB062C06F1F6
S2140119E00806EBD1684600F089FC9DE80F00013738
S2140119F085E80F004FE70123202200200DF1910119
S214011A0003F0B0FAB7E715495FE700BFFC1304001F
S214011A102F120400381204005C1204007512040030
S214011A2090120400A9120400C2120400DB12040082
S214011A30F41204000D130400221304003E130400E4
S214011A40571304006D2804006A130400831304006E
S214011A509C130400AD130400BD130400CF1304004F
S214011A602DE9F04188B004AD044628468846002793
S214011A7000F030FC6E46474507D195E80F0084E834
S214011A800F00204608B0BDE8F081304600F036FC75
S214011A9096E80F0085E80F00284600F087F8013722
S214011AA00028E8D1014B0FCBE9E700BFA47B040077
S214011AB01FB5D0E9023253F8223068461978FFF78D
S214011AC0CFFF684600F0AAFC48B1042809D1074AAE
S214011AD00020074903F0DEFA05B05DF804FB054A6D
S214011AE0F6E70020044903F0D5FAF5E7991C04004F
S214011AF0171404008E320400230D040030B5D0E91B
S214011B00023203EB8201496853F8223099B00D681E
S214011B1004A81978FFF7A4FF08AC03AB4022009392
S214011B202946234604A800F00FFC024628B10020EF
S214011B300D4903F0AFFA19B030BD0398214600F005
S214011B4007050122C0F3C70003F052FA03990748BC
S214011B50491B01232A460088214403F003FA04485E
S214011B6003F03CFAE7E700BF2714040028500020E2
S214011B706D280400F0B504460D460B4BEF880FCBDD
S214011B8084E80F00AB882E899B0741BFD5F8390042
S214011B90D5F83D1004F1080303C3EA682046278000
S214011BA066806260F0BD00BF38790400102208B577
S214011BB0034907F01DFF003818BF012008BD00BF0C
S214011BC0A47B040008B526F03EF8C288FF219208DF
S214011BD0012A38BF0122024823F0A4F9012008BDDA
S214011BE004380020134670B590B10120254A1070C4
S214011BF0254A00201160254A13600A46244903F04D
S214011C0049FA02F01DFA234B1870022002F01EFA60
S214011C1026F034F80446D0B91A4E1B4D33782BB94A
S214011C2026F011F82A68C36813442B60174B2D68F9
S214011C301B689D4224D226F006F8C168284605F0A6
S214011C40A7FE0246002030702AB926F017F8BDE834
S214011C507040FFF7B7BF104903F01CFA0D4B187818
S214011C6002F0F4F900200D4903F014FA00F00AF925
S214011C7008B900F025F92046BDE87040FFF7D2B854
S214011C800124EBE77758002000380020FC370020BD
S214011C904E140400765800207A1404009A140400A6
S214011CA038B523F045FF044623F03FFF241A25F0FC
S214011CB0CAFF054618B9B1211B482BF0F5FCAB88C5
S214011CC003F00303032B03D0B22117482BF0ECFCDF
S214011CD023F02BFF054623F03FFE01238340013B03
S214011CE02B4203D0B42110482BF0DEFC23F034FE47
S214011CF001238340013B234203D0B5210A482BF040
S214011D00D3FC05F019FC054623F026FE4FF480634C
S214011D10B3FBF5F3C440A34205D2BDE83840BA216F
S214011D2001482BF0C1BC38BDB0140400FF2108B532
S214011D30044823F008F9BDE8084000221146104681
S214011D40FFF750BF04380020F7B504460E4600F0F2
S214011D5083F8054625F077FFC3682B449C4220D3C1
S214011D6023F0FAFD2C44C440013C114F3B68DEB120
S214011D70A34219D101340023ADF8043000F018F95C
S214011D80054605F0D9FB103504FB005405F0D4FBDD
S214011D9001A90246204605F021FC23F0EDFD38603E
S214011DA004E04FF0FF34E0E7A342E4DB03B0F0BD0C
S214011DB0E46000204FF0FF32084B10B51A60002295
S214011DC0074B1A7023F0B1FE044623F0B1FE2146FC
S214011DD002460120FFF706FF042010BDE460002044
S214011DE07858002038B500F04DF808B9002038BD05
S214011DF0094D0A4C2B7823B923F0BEFD0123206040
S214011E002B70246823F0A8FD01348440EED000F046
S214011E1023F82044EBE700BF78580020E460002058
S214011E2070B50C4C2368002B12DB23F07EFE0546B2
S214011E3025F009FF2468C66823F08EFD013404FAF4
S214011E4000F1294401208A19FFF7CCFE042070BD59
S214011E500120FCE7E4600020014823F0BDBD00BF7F
S214011E600CB80C00FF2307B50021044A0448009370
S214011E70FBF7C0FF03B05DF804FB00BF2D1D01009A
S214011E80043800207FB56B460B4A1068516803C3BF
S214011E9090680C2218600DEB0201084825F0DAFE66
S214011EA00C2268460DEB020107F0A2FDB0FA80F0A5
S214011EB0400907B05DF804FB4879040000B80C003F
S214011EC01FB5074A01AB1068516803C3906801A9A2
S214011ED018600C22034805F081FB05B05DF804FB91
S214011EE04879040000B80C00F7B5044615460E46BE
S214011EF071B9072A03D80024204603B0F0BDC37980
S214011F0080790B49063000EB032080B223F06EFD8A
S214011F10002721462B4632463846009723F092FD8D
S214011F2004460028E7D039467019FFF70DFFE3E7AE
S214011F300CB80C0010B58AB0684605F029FF10F001
S214011F40FF001AD1009BC3B101A905F099FEC0B2EA
S214011F5098B9DDE90123B2F5E02F02EB030404D0C2
S214011F604FF4F27106482BF09FFBB4F54C2F04D2C8
S214011F7040F2E51102482BF097FB0AB010BD00BFF6
S214011F804215040008B5FFF7D5FF25F05CFE48B101
S214011F9025F059FE0369B3F5B82F03D2B3210348E0
S214011FA02BF082FBFFF77CFE012008BD42150400E2
S214011FB00048704700B80C0010B5FFF713FF044641
S214011FC02249002003F066F80020214903F062F858
S214011FD00020204903F05EF800201F4903F05AF85C
S214011FE022461E49002003F055F8FFF735FF1C492D
S214011FF00246002003F04EF84FF4E0220020194973
S21401200003F048F84FF44C220020174903F042F839
S2140120100020164A164903F03DF84FF4806200206E
S214012020144903F037F80020134A144903F032F834
S2140120300020134A134903F02DF80020124A1349D1
S21401204003F028F8BDE8104005F0AAB9C915040048
S2140120500616040025160400451604007216040030
S21401206095160400B8160400DB16040000B80C0030
S214012070FE1604002117040010B80C0044170400D3
S2140120800CB80C006717040010BC0C008A1704007B
S2140120902DE9F04395B002AF04460D463A46482175
S2140120A0002023F029FD18B9584902F0F3FF19E082
S2140120B060220021204607F049FC04223846544994
S2140120C007F096FC90B16DB19DF80B30002001939E
S2140120D09DF80A309DF8082000934E499DF8093076
S2140120E002F0D8FF012015B0BDE8F083BDF80C2042
S2140120F0B2F5807F228003D0474902F0CBFFF1E79B
S214012100BDF81420BDF80E102281DDF8162061807E
S214012110E2600499BDF81A206160228284F83200D8
S21401212007AD04F112020FAE2B4603CBB34210608B
S21401213051601D4602F10802F6D10F9B374A6363D0
S214012140136000211022364807F000FCE388344A69
S214012150138023895380E3685360A3880BB900205A
S214012160C1E74FF000094D46A388D9070BD5B9F151
S214012170000F06D005F150026A4412F8482C84F884
S21401218038200135EDB29A0715D5208823F05EFB7D
S2140121900646B9F1000F0CD007EB0508024641468A
S2140121A004F1390007F070FD324641461D4807F03C
S2140121B06BFD2E44F5B2A3885B0716D5B9F1000F67
S2140121C006D10435EDB2482D13D9002016496CE727
S2140121D005F150030DEB030535F8483CA4F85A30D9
S2140121E035F8463CA4F85C30B9E7B9F1000FEAD0FF
S2140121F0B5E729463A46382023F07EFC38254FF0CD
S21401220001090028B0D109494FE700BFAD17040006
S21401221054790400DF170400151804002438002040
S21401222028380020303800203018040080180400B8
S21401223030B50C4C99B0257875B9FFF7A3FE70B18F
S21401224029466846FFF724FF074B80F0010000F09F
S2140122500100187001232370002019B030BD012041
S214012260FBE700BF795800207A580020014B187808
S214012270704700BF7A58002070B51E46134B0446BF
S21401228018881D46884298B002D15B88934206D0D2
S2140122900F4B0FCB84E80F00204618B070BD96B1E7
S2140122A000216846FFF7F4FE0028F1D1BDF804309E
S2140122B05B0708D53388BDF85A209A42E8D8BDF89E
S2140122C05C209A42E4D395E80F00E3E72838002023
S2140122D0A47B0400064B10B51B7804462BB9054BAE
S2140122E00FCB84E80F00204610BD034BF8E700BF74
S2140122F07A580020A47B04002838002010B5044634
S214012300024B0FCB84E80F00204610BDA47B0400CF
S2140123100B4B10B51B78044608467BB10021FFF72E
S214012320B7FE48B910222146064807F061FB00387F
S21401233018BF0120C0B210BD0120FBE70120FAE75B
S2140123407A580020283800202DE9F0410E469046A4
S2140123500E4910221F4607F04BFB044670B90C4B82
S2140123603A461D683046AD1B454528BF45462946B9
S21401237023F0C2FB28B9074902F08CFE0120BDE814
S214012380F081069B20461D60F9E700BF2838002033
S21401239024380020801804000022024B1A70FFF730
S2140123A009BD00BF7A5800202DE9F0419CB00F46C8
S2140123B016468046FFF716FD0546024615490020DB
S2140123C002F068FE382D1FD9012104A8FFF760FE30
S2140123D00446C8B9119B68463B6004A9FFF7CAFBCF
S2140123E09DE80F0086E80F00119BAB4297BF0121C5
S2140123F00324094AC8F8003094BF1170C8F8005089
S21401240020461CB0BDE8F0810022034B01241A705F
S214012410F6E700BFB21804007A58002070B5084DE0
S21401242000262B7853B1FFF7C5FC04461022002185
S21401243004482E7007F08AFA204670BD3446F5E748
S2140124407A5800202838002008B50020064902F0F6
S21401245021FE064B00201A78054902F01BFEBDE856
S2140124600840FFF7A9BD00BFD11804007A58002024
S214012470FB18040003460120024AC3E90320002298
S2140124801A7070470100FEFF30B5002489B000F0D5
S214012490D3F9A5B2854201D309B030BD284603A9B8
S2140124A023F06CFBA2B200201C4902F00DFE9DF841
S2140124B00D2012B39DF81210BDF81030402914BF3C
S2140124C06E2179210020CDE90031BDF80E30144986
S2140124D002F0FAFDBDF814201AB10020114902F0ED
S2140124E0F3FD9DF80C00BDF8182070B9079B0E4946
S2140124F00093BDF81A3002F0E7FD00200B4902F008
S214012500C9FD01342BF0DDF8C1E7BDF81C30002011
S214012510009307499DF81A30EDE700BF141904002F
S2140125201A1904003D190400471904006D28040017
S2140125306E19040010B500F0A9FABDE81040034674
S214012540024A0020024902F0A5BD00BFC8240400CB
S21401255082E50300D0E9023253F8223010B518881C
S21401256000F084FABDE810400346024A0020024902
S21401257002F090BD9619040082E5030010B5D0E97B
S2140125800232002486B08DF8044053F8221003EB83
S2140125908203097801A88DF805105A681288ADF8EB
S2140125A006209A681288ADF80820DA681278ADF825
S2140125B00C40A24214BF402280228DF80A201A69DC
S2140125C01288ADF810205A699B691288ADF812205E
S2140125D01B68059300F0C8FB034A034603492046DF
S2140125E002F058FD06B010BD45F9030082E5030070
S2140125F038B50024064D2BF050F845F82400063473
S214012600C02CF8D10020BDE83840024902F042BD96
S214012610801000209D19040030B5002087B02049A5
S21401262002F038FD00201F4902F034FD00201E494B
S21401263002F030FD2BF031F800240546A0B201A9C6
S214012640013423F09BFA202CF8D12BF026F81749F9
S214012650421B002002F01EFD1549002002F01AFD63
S2140126602BF01BF80446012000F09EF82BF015F81D
S2140126700E49021B002002F00DFD0E49002002F05B
S21401268009FD2BF00AF8044623F069FA2BF005F849
S214012690021B0020054907B0BDE8304002F0FABC35
S2140126A0C9190400F8190400281A0400451A040080
S2140126B0541A04006E1A040010B50C4603F05CFCB4
S2140126C008B9032C12D101F051F904280ED001F0FB
S2140126D04DF905280AD0064802F090FB1C2801D1C6
S2140126E024F080F9BDE8104002F098BB10BD00BF91
S2140126F0695B03002DE9F04F00274FF0FF36DFF846
S214012700A4B0264C87B0BBF80030B8B2834209D8D3
S214012710731C3BD03246FF21214807B0BDE8F04F7D
S21401272022F000BC01A923F029FA9DF8050001F06A
S214012730B3FEF8B19DF80480B8F1000F1AD1BDF8C8
S21401274010A0BDF812902AF0A8FF18210246BBB2CD
S2140127504B43E018E158007C4FF47A73A2EB010C6E
S21401276050B103FB0AF363450ED30B44981A864215
S21401277028BF06460137C6E74D466B43FAD0634588
S214012780F5D31944881AF2E74046F0E7FF210448DA
S21401279007B0BDE8F04F22F0D6BB00BF8010002086
S2140127A0383800200E5000202DE9F041014688B04F
S2140127B058B1022810D023F0FBF978B3D22119487A
S2140127C008B0BDE8F0412AF06FBFFF23164A17484C
S2140127D00093FBF70FFBEEE700244FF001082746B6
S2140127E0134EA5B2284603A98DF80D7023F0C6F93D
S2140127F09DF80D0068B101F04FFE20B19DF80C3038
S2140128000BB986F810800134202C06F11806E8D1A1
S2140128102546084B1D80FFF76DFFCCE708B0BDE8E5
S214012820F08100BF8E1A0400592B010038380020B1
S214012830801000200E500020014B1888704700BF02
S2140128400E5000202DE9F04F624A077D89B00446FC
S2140128506149002002F038FC002024F09FF920B1E5
S2140128602368218A588803F0D5FB00205B4902F0D3
S21401287011FC637DEBB94FF0400808202368DFF8B0
S21401288068915988554B0093228A092302F066FA0B
S214012890A289BB1C934210DB24F01AFA034620B12E
S2140128A000204F4A4F4902F0F5FB012009B0BDE870
S2140128B0F08F4FF080080020E0E7A068791C89B20D
S2140128C0C55D24F024F90337012D0646BFB213D89F
S2140128D02368324659885879238A0093434623F061
S2140128E067FD824600283ED1862002F0FFFA284680
S2140128F002F0FCFA304669E08520F6E703A923F0EA
S2140129003DF99DF80C30AB4223D123689DF80D109C
S2140129105A7991421DD1BDF80E105A88914218D1AC
S214012920BDF81020B24214D19DF81220424510D1B4
S214012930BDF81410228A91420BD1002D39D0BDF872
S2140129401810E288914204D19DF81A201B799A4208
S2140129502FD00BF1010BB9F800305FFA8BF08342F0
S214012960CCD88B20C1E74FF0000BF4E79AF80200B1
S21401297002F0BCFABDF8180024F08CF8BDF81A0075
S21401298024F088F89AF8020003F060FD00287FF42E
S2140129907FAF9AF8020001F051FC0546079E002D14
S2140129A03FF476AFF0B2013D02F0A0FA360AEDB27E
S2140129B0F5E7002002F09AFA284602F097FA304628
S2140129C024F068F8012DD1D1BDF81C0024F062F87E
S2140129D05EE700BFFC1A0400D30F04006D28040054
S2140129E0091B0400261B04000E5000202DE9F043AD
S2140129F091B06946804623F0C1F80023194F8DF83F
S214012A0001303888431E98B28045388009D169461E
S214012A10404623F0BBF8684623F09FF811B0BDE8A6
S214012A20F0834FF0180905A923F0A8F80E4C3E884C
S214012A300AAD09FB06460FCE0FC596E8030009FB53
S214012A40084485E803000AAE404605A923F09EF82F
S214012A500FCE0FC495E8030084E803006946388862
S214012A60D7E700BF0E5000208010002008B5064BA7
S214012A701B88834205D9FFF7B9FFFFF73BFE00200D
S214012A8008BD2720FCE700BF0E50002038B5074DD3
S214012A902C882CB9FF21064822F055FA204638BD6D
S214012AA0601E80B2FFF7A2FFF2E700BF0E500020C3
S214012AB0383800202DE9F3479A4618239DF82890C8
S214012AC0244FCDE9001203FB09731446D3E9022310
S214012AD024F0DDF9064620460D4603F0B7FC04F067
S214012AE0FD03382B80460FD1009432462B46002139
S214012AF0DAF8100023F06CF8B8F1010F1BD135435A
S214012B001ED102B0BDE8F087392CDAF810300BD1AF
S214012B1007EE906A07EE103AF4EEC77AF1EE10FA75
S214012B20ACBF01200020E7E79E4275F100032CBFF1
S214012B3001200020E0E7B8F1000FE2D10028E0D044
S214012B40182303FB097701233B7402B0BDE8F04765
S214012B50FFF7D0BD801000202DE9F04F0026374644
S214012B60B2463546D3B0DFF8B0910696664BB0B2A2
S214012B701B88834209D81DB169882879FFF79CFD17
S214012B80FFF7B8FD53B0BDE8F08F0DAC214622F03B
S214012B90F5FF2AF082FDB3B207931823B2B253436E
S214012BA009EB030859F8033083466078059301F072
S214012BB073FC002800F0A5802278002A40F0A1804E
S214012BC04FF47A72059BABEB0300A3895343834210
S214012BD000F2978098F810303BB9E389002B00F09B
S214012BE090805343834200F28C80FD2300220DF136
S214012BF02208CDE9013212AB0093204643460DF17F
S214012C002102F1B2F1F764FB00286FD1BDF8223042
S214012C10DA1C0593D2B2FDB13C4B61781B88134494
S214012C202A79914212D161886A8891420ED1A2799D
S214012C300699B1EBD21F09D12289524506D1BB4272
S214012C4049DD0020324902F025FA01E0BB42F8DCFA
S214012C5069882879FFF730FD02F01CF9054694F9DA
S214012C600600A379C043DB0906932A4BC00F0093E5
S214012C7022890A236188C00002F070F863784FF059
S214012C80000B2B714FF48A53FF27B4F808A0EB8092
S214012C900DF1240841465FFA8BF024F0A5FAC0B284
S214012CA0A0B998F80110627891420FD1B8F80210D5
S214012CB0628891420AD12A4698F80D1098F80000C9
S214012CC024F00FF8B84228BF3846C7B20BF1010B03
S214012CD0BBF1200FDED1A08823F0DCFE9DF8210099
S214012CE002F004F9059912A802F014F9182300223B
S214012CF0079C5C4309EB04031A742AF0CEFC49F8DE
S214012D000400013632E700BF0E50002018500020A4
S214012D10E51B04006D2804008010002070B5002417
S214012D200126104D8AB02B88A0B2834204D80AB07F
S214012D30BDE87040FFF7DEBC05A922F01FFF9DF835
S214012D40150001F0A9FB50B19DF814303BB91A46A5
S214012D50CDE901360093E1B205A8F1F7B9FA0134DD
S214012D60E1E700BF0E5000202DE9F0430389DFF8AC
S214012D7058818BB0B8F80090009304468379828816
S214012D804188407823F014FB002800F09580E789FD
S214012D9027B1A389BB4200F291800027B8F8003022
S214012DA0BDB2AB4214D84D4601264FF6FF73E289F9
S214012DB09A4226D146B9B8F80030AB4202D9284625
S214012DC0FFF714FEFFF796FC00200BB0BDE8F0837A
S214012DD0284605A922F0D2FE9DF814307BB9226858
S214012DE0059B5340FF2B0AD86368069E5E4036F06B
S214012DF07F4604D1BDF81C2023899A42D5D00137DD
S214012E00CCE7E2689A422BD0002E53D1D4E90323B3
S214012E10CDE9082305A822F0A0FE0028D5D1B8F8F0
S214012E200030AB4204BF6B1CA8F800302AF035FC1A
S214012E3018236B43234AE9B2D050D418002305A8BF
S214012E401A46CDE901330093F1F742FA18B1002290
S214012E500023C4E90223284605A922F097FEB1E71C
S214012E60234605AA04F1100C17461868596808335A
S214012E7003C763453A46F7D11868386005A822F0BB
S214012E806FFE0028C0D01F2D1AD800238DF81430ED
S214012E9063788DF815306388ADF81630A388ADF8E1
S214012EA01830A3798DF81A302389ADF81C30002824
S214012EB0B0D1ABE70020E6E7862086E7872084E7E7
S214012EC0892082E7801000200E5000202DE9F04F67
S214012ED0AD4A067D8DB00446AC49002002F0F4F8F8
S214012EE0002023F05BFE20B12368218A588803F076
S214012EF091F80020A64902F0CDF8637D23BB4FF080
S214012F00400A08202368DFF8A4B25988A04B009332
S214012F10228A072301F022FF00230293A289F51CCF
S214012F20954215DB029B13B9184601F0DFFF23F02B
S214012F30CFFE034620B10020964A974902F0AAF830
S214012F4001200DB0BDE8F08F4FF0800A0020D9E7D0
S214012F50A068711C89B2875D23F0D9FD3A46814687
S214012F6003468E490020ADB202F094F89FB1012FBE
S214012F7000F08B804FF08508404601F0B7FF3846D9
S214012F8001F0B4FF484623F085FDB8F1850FCED099
S214012F900123029375E0A068311DA28989B210F859
S214012FA0058023F0B4FDB11DA289049089B2A06802
S214012FB023F0ADFD424605900090049B38467849C3
S214012FC002F068F808364046B5B203F03FFA00282A
S214012FD059D1404601F032F9294603460646A289F0
S214012FE0A06823F085FD6F490390384602F06CF81F
S214012FF0A168324629443B46384601F0B3FF3846BD
S214013000634902F047F82E44B5B223684A46598808
S2140130105879238A0093534623F0CAF918B1837866
S214013020434540F0AA80A8F148085FFA88F8B8F14D
S214013030090F06D840F2113323FA08F3DB0700F133
S2140130409F8000238DF81C30236807A85A798DF8D5
S2140130501D205B88ADF82090ADF81E30238A8DF8D0
S21401306022A0ADF82430049BADF82830059BADF8BE
S2140130702A30039B0B93FFF777FE804600287FF4E8
S2140130807BAF2E464AE70397BFE72946A289A06889
S21401309023F03DFD444902468046002001F0FAFF38
S2140130A000230536BBF80020B5B2BBF800109EB26F
S2140130B0B14204D81F2A32D94FF089085CE707A924
S2140130C03046CDE9032322F059FDDDE903239DF8BF
S2140130D01C10012921D121689DF81DC0487984451D
S2140130E01BD1BDF81EC04888844516D1BDF8200006
S2140130F0484512D19DF8220050450ED1BDF824C096
S214013100208A844509D1BDF828C0E088844504D1C9
S2140131109DF82A000979884219D00133C5E70123B1
S21401312016468DF81C30236859798DF81D1059887C
S214013130ADF82090ADF81E10218A8DF822A0ADF8CA
S2140131402410E188ADF828101B798DF82A3007A8DD
S214013150ADF82C8022F001FD804600287FF40CAFEC
S214013160BBF8003030469E4208BF731C07A908BF53
S214013170ABF8003022F00AFD83E74FF08D08FBE63E
S2140131804FF08C08F8E600BF101C0400D30F0400B3
S2140131906D280400711C0400261B0400181C040082
S2140131A0351C0400561C0400611C04000E5000204F
S2140131B02DE9F04F074688469146002589B09A4684
S2140131C0BDF848B09DF84C60149C224B1A88A8B2F2
S2140131D0824235D903A922F0D1FC9DF80C201D4B63
S2140131E0B2BB9DF80D10B94232D1BDF80E10414563
S2140131F02ED1BDF8101049452AD19DF8121051451F
S21401320026D1BDF81410594522D13046029201F05C
S21401321015F8A6F14103012B01460AD8204623F0F2
S2140132207CFC0D4B0D4A204484420CD104210293B0
S21401323002ACEDB232462046009503ABFFF73AFCEE
S21401324009B0BDE8F08F14F8011F4B405343EBE77C
S2140132500135BBE70E500020C59D1C81930100017E
S2140132601FB50F4C2478C4B142EA03229DF81830EA
S2140132708DF8051042EA43220A4BADF80C201A7865
S214013280094B8DF80610079903EB021300908DF891
S2140132900400DB6868460291984704B010BD00BF81
S2140132A07B5800207D5800205838002073B51A4DF1
S2140132B0FF211A4821F047FE2B7853B3184C194EBC
S2140132C02378180106EB03131A7A5968305C24F048
S2140132D017F84D281DD0E0B1237800211B01F25CC0
S2140132E00123C0B2CDE90031FFF7BAFF0A222378E5
S2140132F00A480133DBB2B3FBF2F102FB1133FF21C3
S21401330023702B78013B2B7002B0BDE8704021F092
S21401331012BE02B070BD00BF7B580020F8380020F6
S2140133207D58002058380020F8B5104F3E780A2EF8
S2140133301AD00FC8DFF840C00D4D9CF8004001368A
S21401334005EB041585E80F000A230134E4B2B4FB4B
S214013350F3F203FB12440748FF218CF800403E704D
S21401336021F0E9FD0020F8BD0120FCE77B58002094
S21401337058380020F83800207C5800200021024AE6
S2140133800248FAF76DBD00BFAD320100F8380020E3
S21401339037B5134D134A2B780C461B01D25C00231C
S2140133A00146CDE90033E0B20123FFF759FFA4B986
S2140133B00D490A788AB10A202B78013A0133DBB22B
S2140133C0B3FBF0F40A70FF2100FB143307482B709F
S2140133D003B0BDE8304021F0AEBD03B030BD00BF44
S2140133E07D580020583800207B580020F8380020EF
S2140133F008B500F0BDF850B1054B064A0649052848
S21401340018BF1A46BDE80840002001F043BE08BDBB
S2140134106D280400851C0400A61C040008B50320C2
S21401342023F088FF10B90122014B1A7008BD00BFB6
S2140134307E5800200022024B18781A70704700BF91
S2140134407E5800200246FF21014821F06BBD00BFD7
S21401345018390020114B37B51D78C5B9FF21104822
S21401346021F071FDFFF7DAFF044600900D4B284668
S2140134700D4A0E4901F00EFE4CB10D4B1B78DB06D2
S21401348005D5284623F030FF204622F05DF9094B8A
S214013490186803B0BDE83040FFF7D4BF7E5800205F
S2140134A018390020C31C0400F11C0400EFF50300CA
S2140134B06C580020E8600020FF21014821F043BD40
S2140134C01839002070B51A4E054633780C466BB392
S2140134D00020184A184901F0F7FD032C01D0652C8D
S2140134E020D11649002001F0EFFD224600201449A4
S2140134F001F0D0FD0020134901F0E6FD0123294625
S2140135000822002001F02EFD00200F4901F0C2FD27
S214013510032C88BF0023204688BF3370BDE8704067
S214013520FCF7E0B9012CE0D00849DBE770BD00BF2D
S2140135307E580020F11C0400B8F90300041D0400A5
S2140135406F000400221D04006D2804001A1D0400EB
S214013550014B1860704700BFE86000200021024A56
S2140135600248FAF77DBC00BF553401001839002027
S214013570054B10B51C782CB90448FF2121F0DBFC63
S214013580204610BD0520FCE77E5800201839002093
S21401359070B50024074B084E1D68E3B29D4204F146
S2140135A0010400D870BD054956F8230020F081FEBD
S2140135B0F3E700BFB0950400B49504002461002031
S2140135C010B5044C23780BB123F0A4FE012323701D
S2140135D010BD00BFB16400202DE9F743254B0D4611
S2140135E016460446019350B14AB1042301AA12F8C3
S2140135F0011BA94235D0013B13F0FF03F7D121206F
S21401360003B0BDE8F08317F8010F90FAA0F0000EA2
S21401361021F08EF8014608EB07039945F3DCCAB2A0
S214013620C1F30F2392FAA2F293FAA3F3120E1B0E22
S21401363003EB0223DB43621912F8020C99B2DBB2E8
S21401364098420CD112F8013CB3EB112F07D1324648
S2140136502146284603B0BDE8F04323F0BBBD232036
S214013660CEE74FF6FF71671EA5F10209C4F1010806
S214013670D1E700BF080A0E12F0B515468FB00E4608
S21401368007462AF0B9F8284B02A81C7823F046FE14
S21401369015F0FD0F11D123F055FA0324234B244ACC
S2140136A00020CDE9004753F8243052F8252021495F
S2140136B001F0F0FC20460FB0F0BD28B9BDF8083087
S2140136C09B0701D5032D25D01DF088FDD0B109A893
S2140136D023F090FE0323306871688DF824300AAB1E
S2140136E003C39DF83130012D43F002038DF83130CC
S2140136F008D105A909A823F075FE60B123F022FAC6
S2140137000224CBE7032D09D1042C04D123F01AFAA5
S2140137100024C3E72C4623F015FABFE723F012FA7C
S214013720032DBBD90324C5E77F580020487B04003E
S214013730387B040029240400014B1870704700BF31
S21401374080580020024B1A6818608260704700BFDC
S214013750EC600020024B186800B14068704700BF5B
S214013760EC60002070B5044600250A4B1B687BB14F
S21401377000211E8807E05A6802EB0110013145B9A5
S214013780021B554255418AB29642F4D89B68EEE731
S214013790184670BDEC6000202DE9F04F1E46002350
S2140137A093B0022E074688461446DDF870909DF8C1
S2140137B074A0ADF81A3040F2C08099F800305A076C
S2140137C029D5042E40F2B98099F804B000255F4B44
S2140137D033F83520002A00F0B68001350A2DF7D1DE
S2140137E0209B002B40F0AD80FF250023207908AAFE
S2140137F00DF119018DF8193023F01AF970B1BDF8E1
S2140138002C309DF81900238023F097F90790C0B15A
S21401381013B0BDE8F08F99F802B0D7E7207922F00F
S21401382030FE0B28059000F28A80207923F096F965
S21401383007900028ECD1464A059B02EB03135B88F0
S21401384023804FF6FF73002F08BF4346628800218E
S214013850CDE9002358465246238802F0E5FC18B10C
S214013860E38843F02003E380209B07A90DA8CDE958
S2140138700D34CDF83C90ADF84080ADF842608DF83F
S21401388044708DF845A023F0E6F808B10798BFE725
S214013890484602F00DFCA01D02F0F8FB2246414608
S2140138A0384623F01EFAB04227D3E3882246C3F3F4
S2140138B00E03E3809DF87C3041460393BDF87830D3
S2140138C0384602930DF11A03CDE90093F3B222F0C4
S2140138D070FB209B079003B3F8B9BDF81A2042B1DC
S2140138E0092D06D81B4B03EBC5018A80209A43F8A5
S2140138F03520112023F07FF81CE0BAF1000F0AD121
S2140139000DF11A03CDE9006322464B46414638467F
S214013910FBF7A0F8DDE73820DBE7052807D1E388C9
S214013920DB0607D5002301200793FFF705FF079B5A
S214013930002BDED023F006F9A8E7012068E7212056
S21401394066E71C2064E7EDB24FE700BF4039002070
S2140139508C3900203C3900204FF6FF72024B1A804A
S2140139605A809A80704700BF1050002010B5044C52
S2140139702079FF2802D123F0FBFC207110BD00BF87
S2140139801050002010B50C4C2379FF2B08D10020D5
S21401399023F0D3F820B923F0EBFC207123F0D2F802
S2140139A02079022805D00438012894BF0020012080
S2140139B010BD0020FCE700BF105000204FF6FF733B
S2140139C010B5044C2088984202D123F0C7FC208011
S2140139D010BD00BF1050002010B5FFF7BDFF40F628
S2140139E01D439842044607D8B0F5416F05D2182802
S2140139F026D8152848D829D010BDA0F541630D2B2F
S214013A00FAD801A252F823F04D3A01004D3A0100CE
S214013A10F9390100F9390100F9390100F9390100D4
S214013A20F9390100F93901009D3A0100AF3A010068
S214013A30493A0100493A0100493A0100493A010070
S214013A4040F606439842D7D11C4920E0FFF7B6FF5F
S214013A501B490246002001F01DFB152C05D123F061
S214013A6067FCBDE8104022F0FFBF164B164A174907
S214013A70B4F5416F18BF1A46002001F00BFB22F087
S214013A80F2FF22F0F1FFECE71628DDD11049002005
S214013A9001F000FBBDE8104023F00BB922F070FBEB
S214013AA0BDE8104002460B49002001F0F3BA0020A1
S214013AB0BDE81040084901F0EDBA00BF4D250400ED
S214013AC0FA240400F52404006D28040016250400D9
S214013AD036250400622504008A25040007B5094A34
S214013AE00346108831B9084A084903B05DF804EB6B
S214013AF001F0EABA0091064A064901F0E5FA03B078
S214013B005DF804FB2850002026F30300AA250400D4
S214013B10CAF30300EFF503000D4B37B51B680446E7
S214013B2093B11D780389012D08BF02250093C37A3E
S214013B30084A0020084901F0ADFA2146284603B09C
S214013B40BDE8304023F0CCBB022003B030BD00BF3F
S214013B50583A00201F260400CE250400002010B588
S214013B6022F0EBFF0D4B1B6863B15A78052A03D888
S214013B7062B1052402220AE0FF2AFAD00020084991
S214013B8001F088FABDE8104022F0DCBF144610466A
S214013B9023F002FC204623F0FDFBF3E7583A002011
S214013BA02426040013B5134C002022F0C6FFFFF7AD
S214013BB0D3FE23689BB101A822F0D5FA78B9236811
S214013BC01A789DF804309A4209D0D91E032906D9DD
S214013BD0D11E012903D9012A07D1022B05D10323BE
S214013BE001A8ADF8043023F081FB02B0BDE8104017
S214013BF022F0A8BF583A002000231946034A013391
S214013C000A2B918042F8081BF9D170473C390020F5
S214013C107FB50E46054623F06BFB2A46044603464F
S214013C200C49002001F036FA8EB10B4A03AB11881D
S214013C309278ADF80C109A700322362100924FF656
S214013C40FC7000228DF80D5023F093FA04462046AE
S214013C5004B070BD45260400B47B0400FF2810B5EF
S214013C600C4604D10020044901F014FAFE20214636
S214013C70BDE81040FFF7CCBF5E260400F8B51E462F
S214013C800B8807460C461546002B64D14A88B1F9C5
S214013C90021000200029B8BF6B78304901F0FAF90C
S214013CA06288132A1DD002F5FF437F339BB2052B92
S214013CB023D8A2F50042013A052A1ED8DFE802F011
S214013CC0193F1D033C09264A2649002001F0E2F966
S214013CD013E0254A2349002001F0F6F92A79234901
S214013CE0F3E7022E94BF4FF6FF72B5F80120204984
S214013CF0EBE700201F4901F0CDF933462A4621465D
S214013D00384624F05EFA70B933462A4621463846CC
S214013D1024F059FA48F2210362889A4203D13846C0
S214013D20697822F08EFE6388B3F5004F02D9082029
S214013D3022F0A0FE0120F8BD2A790F49C5E70F4AF7
S214013D400849002001F0C0F9032E94BF4FF6FF7218
S214013D506A880B49B9E70020EDE700BF9926040001
S214013D60C1260400C8260400D9260400DF26040064
S214013D70ED260400052704001F2704004127040040
S214013D80462704002DE9F04116888AB0DFF88C80BA
S214013D90ADF80E300DF10E03C8F80020154600935D
S214013DA0324610AB07460C46FAF7E4FE90BB109B72
S214013DB08DF824000693BDF80E3004A8ADF81C302B
S214013DC0AB898DF81070ADF820306B890594ADF88D
S214013DD01E60ADF8223022F03CFED8B921463046AE
S214013DE0BDF80E30109A01F0B3FE98B92146304660
S214013DF0BDF80E30109AFFF741FF58B9CDE90060C3
S214013E0039462046BDF80E30109A02F033FA08B94A
S214013E10C8F800000AB0BDE8F08100BF38390020BC
S214013E20F0B585B004AB03E9030000231C469DF8FA
S214013E300D609DF80E70154AD9B202EBC1004568B7
S214013E40EDB99DF80C30284600939DF80A209DF8A0
S214013E500B300F4901F038F926B1324628460D4994
S214013E6001F032F90C4A0020002C18BF2246BDF89A
S214013E7008300A4905B0BDE8F04001F00BB912F868
S214013E8031100133B94208BF2C46D5E75C7B0400EC
S214013E90582704006927040095F203006D270400E3
S214013EA04FF6FF7310B5074C88B06088984207D16B
S214013EB002A90DF1070022F054F9BDF81000608048
S214013EC008B010BD105000202DE9F04F85B089468E
S214013ED092461C460746BDF83850BDF83C80109EF9
S214013EE0002833D00346464A0020464901F0ECF844
S214013EF02388002B76D040F20912934274D0424AAE
S214013F004249B3F5827F08BF0A46CDF8048061882E
S214013F10002000913E4901F0D7F8238893B1B8F10B
S214013F20020F0FD933783B4913F0010F3A4A18BFF5
S214013F300A4659074FF000004CBF3379B37837492A
S214013F4001F0C2F80020364901F0A4F800233549F3
S214013F5031F83320AA4249D1334A52F833B000230C
S214013F6031F83300DA00A84246D100202E490A442F
S214013F70908041F8330047B9238833B9B4F9023049
S214013F80002B02DB082022F036FD012022F072FD14
S214013F909EB13578EB0710D515F0040004D04246E3
S214013FA00121304622F0B3FDCDE901704346224699
S214013FB051464846009622F0C1FABBF1000F06D0E2
S214013FC04346224651464846CDE90067D847434610
S214013FD0224651464846CDE9006721F0C8FF05B0A4
S214013FE0BDE8F08F114A90E7114A8EE701330A2B9C
S214013FF0AED14FF0000BB2E701330A2BB0D1BAE7CE
S21401400035EA03009427040096F203008227040091
S214014010A2270400852704008D270400D327040067
S2140140206D280400403900203C3900207B2704001D
S2140140307F270400014B1878704700BF8158002085
S214014040014B1878704700BF81580020014B18704B
S214014050704700BF81580020F8B506460C4622F08E
S214014060E5FC0546C8B9304622F00BFA0B2815D8F0
S2140140700B4B03EB00131F7B87B95A880121228063
S2140140809A88304662809B79237100F037FA394668
S2140140906071304600F032FAA07101252846F8BD5D
S2140140A08C39002070B504460E46154622F0E9F913
S2140140B00B2802D94FF6FF7070BD094B03EB0013B6
S2140140C01A7B002AF6D146B901222946204600F07D
S2140140D03DFA0028EED00088EEE7012EEAD1F4E79B
S2140140E08C390020FF2313B50DF1070104468DF826
S2140140F0073022F099FC18B19DF8070002B010BDF8
S214014100074B03EB04131B7B0BB1FF20F6E720469E
S21401411000F03AF90028F8D0204600F0E9F9EDE77A
S2140141208C39002013B5F6F76BFE0446F6F76EFEE3
S214014130224603461249002000F0ACFF00F002FFC1
S214014140FFF75AFD00F0A6F80221084602F0F2FC3D
S214014150FFF704FD41F2490023F038F94FF0FF1351
S2140141600093FF2368468DF8043023F00DF94FF4D1
S214014170004023F0EBF8002023F008F902B010BD50
S2140141802228040038B5054622F070FC90B928466E
S21401419023F028F8044628B140F60443984214BF99
S2140141A088248D2423462A460020034900F072FF06
S2140141B0204638BD8D24FBE73A2804002DE9FF4749
S2140141C005460E4617469846BDF83090DDF834A0F1
S2140141D0BDF83840CDF80090CDE9014AE4B2FFF7CA
S2140141E073FE43463A4631462846CDE90094CDF85B
S2140141F008A023F0AFFFFF21034B044A044804B094
S214014200BDE8F04700F098BD1C5000201850002073
S214014210A6590020044B01461888102240F0404061
S21401422040F48010F7F7FCBBAE780400024B186828
S2140142305968FFF7F5BD00BF96BA04000123064A88
S214014240D15C814202D1054AD05C704702335F2BB4
S214014250F6D10020704700BFB67B0400B77B040090
S21401426070B500220446094B1D78094BD0B2854231
S21401427001D8FF2070BD1E78A64204D10029F9D0CE
S2140142805E7BF607F6D401321033EFE78258002042
S2140142908C3900202DE9F04198B06B46304A106801
S2140142A0516803C390680CAA18602E4B14469C46AE
S2140142B003F11806154618685968083303C5B34252
S2140142C02A46F7D112AA1746274B03F118061546B8
S2140142D018685968083303C5B3422A46F7D1234AFA
S2140142E003AB106851684FF0010E03C39068716804
S2140142F01860DCF83000002206AB03C30C21EC4644
S214014300B068CDE909221860194BDFF86C80197086
S214014310184B0DEB01060B9206AD09A91CF8010B13
S2140143200132187034F8020B0C2A588037F8020B49
S21401433083F80DE0988016F8010B03F1100303F8DB
S2140143400A0C15F8010B08EBC00043F8080C11F82D
S214014350010B03F8040CE1D118B0BDE8F08100BFF1
S21401436054280400DE7D0400F67D04006128040064
S214014370825800208C390020207C0400014B1878DC
S214014380704700BF82580020034B03EB0013587B95
S21401439000F00100704700BF8C390020F0B50446DC
S2140143A00846D9B100220E4B11461F780D4B1D460B
S2140143B0D6B2B74201D8002010E01E78A64206D039
S2140143C09E68F688314489B201321033F0E75E7B8D
S2140143D0F607F9D505EB02150180A868F0BD00BF08
S2140143E0825800208C3900202DE9F34789469046F3
S2140143F01D46074618B9002002B0BDE8F08700291F
S214014400F9D0002AF7D0002BF5D0002400780DF162
S2140144100601ADF80640FFF7C1FF0028EBD039468C
S2140144200DF10602BDF8066021F036FF07460028AA
S214014430E1D00DF10602BDF806A021F054FF0028D8
S214014440D9D0C9F80070C8F80000037913F020022B
S21401445019D1DB0614D4BDF806300C4A564413FABB
S21401446086F612FA86F20BE01A790C33920642BFF0
S21401447013F8092C891889B29842F5D8044A0A44D7
S21401448001202A60B8E72146024BF5E7A55900202E
S21401449083580020707D040008B50021FFF7E0FE78
S2140144A0FF2817BF044B084603EB0013587B18BFC1
S2140144B000F0010008BD00BF8C3900202DE9F04155
S2140144C00D4616461F4621F0DCFF0B280AD8074C7E
S2140144D03B4604EB001032462946BDE8F0418068B1
S2140144E021F0A9BF0020BDE8F08100BF8C39002073
S2140144F0014B0001185C70478C39002070B50C46E2
S21401450021F0BFFF0B281BD80F4B03EB00139A6853
S214014510C2B10023142618461579D9B28D4200D8A7
S21401452070BD116806FB0311097B34B111F0400F11
S2140145301CBF0130C0B20133EFE711F0800FF7E77F
S2140145400020EDE71046EBE78C390020F8B50D4664
S214014550164621F096FF0B280BD80F4B4FF0140C84
S21401456003EB00139A6800231C461779D9B28F42D1
S21401457001D80020F8BD10680CFB0300017B46B192
S21401458011F0400F03D0AC42F4D00134E4B2013351
S214014590ECE711F0800FF5E78C3900202DE9F04F9C
S2140145A006460024384B87B01B78DFF8E08000937E
S2140145B0009B9C4207D2FF2E08D0304621F061FFB7
S2140145C00B28044606D907B0BDE8F08F08EB0413A4
S2140145D01B7B1BBB23014FF00009019308EB041A58
S2140145E012E014221B6802FB05352B89B3F5967F72
S2140145F001D929F066F800274FF00C0B2989BAB2C9
S21401460091420ED809F10109019B5FFA89F54344ED
S2140146109B681A79AA42E4D8FF2ED4D10134E4B2B9
S214014620C6E7BAB20BFB02F26B689918087910F06C
S214014630100F22D19AF800E09A5A8DF80CE0B5F8DE
S21401464000E010F0400F4FF00003ADF80EE00CBF95
S2140146504FF0400E4FF0800EADF814304307ADF822
S21401466012208DF810E0CA7809D5022A896800D987
S2140146700968002203A821F0B3FE0137BEE7022A2B
S2140146808CBF89680831F4E7825800208C390020F5
S214014690052370B5094A06881488B44208D195786E
S2140146A0047B2C403F2C03D90D4201D0506870BDCD
S2140146B0013B02F10802EFD11846F8E7947D0400A9
S2140146C070B50024074D084E2B78E0B2834200D81F
S2140146D070BD06EB0010437BDB0701D521F0B0FF70
S2140146E00134F1E7825800208C390020F8B50C46D9
S2140146F000210646FFF7B4FDFF2828D0154D01011D
S21401470005EB00135B7B03F001025CB143F0010390
S2140147100D44A2426B7303D0BCB1284621F090FF32
S2140147200120F8BD2346F3E77B4311683046CA18DB
S21401473092F90C20C95AD20F21F01EFC0134AA6846
S214014740E3B211799942EFD8EAE71427F7E708466A
S214014750E7E700BF8C3900202DE9F04F0024B1F5C2
S2140147607C4F0E4638BF4FF0010BA246A1464FF6CE
S214014770FF781F4628BF274B85B028BFB3F800B087
S214014780009001925C4503D3404605B0BDE8F08F2A
S214014790B6F57C4F0CD3204B3A4603EB84033146E7
S2140147A05B880098FFF78AFE054680B300232AE05F
S2140147B03A463146009821F094FEF5E70C229CB269
S2140147C054436A680199105B02EB040C884219D3C2
S2140147D0B9F1000F01D0504514D861462846CDE9FD
S2140147E0023221F032FD029B60B1039A125BB9F1ED
S2140147F0000F03D0524501D3804503D99246804627
S2140148004FF0010901332A899CB2A242D6D801345D
S214014810A4B2B7E7167C0400187C04002DE9F04F1B
S21401482091461A4600238BB08DF82020BDF8502003
S2140148308DF81C00ADF81E10ADF8242005460F4675
S2140148401A4604A907A8159C9DF858609DF85CA017
S2140148509DF860B09DF864800493ADF8229021F035
S21401486073FD049850B92B46CDE90079644A654931
S21401487000F010FC86200BB0BDE8F08FBAF1000FF7
S21401488014D18378B34206D050465D4A5E4900F0A3
S21401489001FC8D20EFE7037913F0010306D11846DA
S2140148A0574A5A4900F0F6FB8820E4E703795B078C
S2140148B02CD583685A689B6805920693807822F007
S2140148C0C8FA049B0546DF782146022F03463A467E
S2140148D010D805A822F079FA81462B463A46214699
S2140148E006A822F072FAB9F1010F01D001300DD1FC
S2140148F08720C0E7059822F068FA0128F8D02B46F1
S2140149003A462146069822F060FAEFE7BBF1000F1F
S2140149106FD1049F4FF6FF722146B87821F035FC1F
S21401492000286BD0BDF82430C5B20093CDE90254FF
S2140149309DF82030BDF82220BDF81E109DF81C0001
S214014940019622F080F8002895D1BDF82430CDE9F3
S21401495002540093BDF822209DF82030BDF81E10A9
S2140149609DF81C00019621F045FE002883D12146C2
S2140149709DF8682007A821F033FD00287FF47BAF5F
S214014980B8F1000F07D03B462046BDF81E209DF823
S2140149901C1021F0B6FDBDF82430BDF82220BDF86C
S2140149A01E109DF81C000093CDE901649DF820308F
S2140149B0FEF7FEFBBDF82430BDF82220BDF81E1020
S2140149C09DF81C000093CDE902549DF82030019615
S2140149D022F038F8BDF82430BDF822200093BDF847
S2140149E01E109DF820309DF81C0021F0DBFD0020F4
S2140149F041E70020064900F04DFBF8E701203AE7C1
S214014A006E2804007A280400A6280400BA280400A8
S214014A10CE2804007FB500258DF80830BDF820307B
S214014A208DF80400ADF80610ADF80A20ADF80C308C
S214014A306946BDF82830099A01A80B9E009521F019
S214014A4083FC044630B916B1009B9B783370204630
S214014A5004B070BD8928FAD12846024900F01AFB35
S214014A60F5E700BFEB2804002DE9F04F4FF0000AF0
S214014A70C7B0FFF783FC5FFA8AF6B04202D847B0A8
S214014A80BDE8F08F5B4B36019A5D00205A4900F075
S214014A9001FB0020594900F0FDFA00230593554B10
S214014AA09DF8144033449B681A79A24202D80AF151
S214014AB0010ADEE714224FF000091B6802FB0434EA
S214014AC022891FFA89F39A4202D8059B0133E5E74A
S214014AD00C231FFA89F803FB08F8D4F804B028F071
S214014AE0F0FD0BEB08052B79454913F0400F3BF819
S214014AF0083022884FF000000093424B18BF0B4647
S214014B00414900F0E1FA2946204621F09EFB07467E
S214014B1000283CD13D4900F0D7FA2979DFF814C1C5
S214014B2011F0010F3A4808BF604611F0020FAA784B
S214014B30EB7832D1DFF800C111F0100F354918BFFC
S214014B406146CDE900010020334900F0BDFA294B4A
S214014B503BF80820985D2B794FF0000B13F0400FBF
S214014B604FF0FD030DF118082188CDE9023BCDE990
S214014B7000780CBF40238023FFF74CFF86280ED118
S214014B802649002000F086FA09F1010998E7024655
S214014B902349002000F098FABFE72249D1E7A87818
S214014BA021F045FBD8B1404621F0B7FF421C92B236
S214014BB001234146002000F0D5F93946208801F04E
S214014BC00BFA4FF6FF73984207D0174B174903EBC2
S214014BD0C0035A68002000F05DFA1549D1E7A878AD
S214014BE021F02BFB20B1404621F09CFF821CDEE722
S214014BF0EA78DDE78C3900203D2904004B290400C2
S214014C00152904001A2904008B290400231A04001C
S214014C101F290400252904009F290400BB2904003C
S214014C205C2E04002D290400587E0400FAF90300C6
S214014C306D28040022290400352904002DE9F04FCF
S214014C40C7B0BDF844A10646BAF1040F0D46144696
S214014C501F46BDF840B163D9CDE9013B00920B4632
S214014C6002463049002000F015FAFD230DF1170920
S214014C700DF118083046029322463B462946CDE9F7
S214014C8000B8CDF80C90FFF7C5FE0646B8B9FD2270
S214014C90414699F8000021F078FA0746C0B1AAF11A
S214014CA00403834238BF8926204621F0F3FE8EB1E5
S214014CB0304600F01BF9304647B0BDE8F08F009053
S214014CC023462A460020184900F0E4F90027EBE7BE
S214014CD08926E9E7DFF85CA0BA1CBAF80030C3F110
S214014CE0FF039A4219DA304600F000F999F80000FD
S214014CF000F0FCF8BAF800900C483A4641464844A1
S214014D00B94404F0C1FFAAF8009023462A4630466B
S214014D100749009700F0BEF9CDE7892000F0E6F8D4
S214014D208926C8E7C7290400022A0400A6590020DC
S214014D30292A04001850002010B5044C20600448AD
S214014D40018004490A60044A136010BD543A0020E9
S214014D5016500020503A00204C3A002030B587B05B
S214014D600AAC0D4654F8041B0093CDE90114134612
S214014D7009490246094809880068059421F086FD1C
S214014D804FF48A52064B1B681880064B1B685D80E1
S214014D90DA8007B030BD00BF16500020543A00201C
S214014DA0503A00204C3A002008B410B587B009AB41
S214014DB00C4653F8041B0092CDE9011302460B4939
S214014DC00B48059309880023006821F05FFD4FF426
S214014DD08A52084B1B681880074B1B685C80DA8078
S214014DE007B0BDE8104001B0704700BF1650002064
S214014DF0543A0020503A00204C3A0020044A034618
S214014E0011680448044A09881268006821F065B8E8
S214014E10503A00204C3A0020543A0020044B054AF0
S214014E201B6812681988044B186820F0C9BF00BFB8
S214014E30503A0020543A00204C3A002007B5074B60
S214014E401B681B880192064A12680092054A12687E
S214014E5021F017F803B05DF804FB00BF503A0020BC
S214014E60543A00204C3A00201FB51446064A1268F0
S214014E701288CDE901430091044B05491B68096876
S214014E8020F0DBFF04B010BD503A0020543A002059
S214014E904C3A0020014B1868704700BF4C3A00207E
S214014EA0024B1B6818715971704700BF4C3A0020BD
S214014EB010B50024084B1C70FEF780FD074BFF223F
S214014EC018802146064804F041FD064B1C80064B1F
S214014ED01C605C609C6010BDB05A00201A50002017
S214014EE0A6590020185000201C50002007490B88A6
S214014EF0FE2B9FBF064AD054581C80B29DBF088027
S214014F0000F1FF3080180020704700BF18500020C5
S214014F10A6590020F8B5094F0D463B885C18FE2CB3
S214014F200ADC074E0A46A4B20146F01804F0B8FBA4
S214014F303C80641BA019F8BD0020FCE71850002037
S214014F40A6590020024B034A00201A60704700BF92
S214014F50583A00201C7C0400014B1878704700BFAB
S214014F608C39002030B4044C044D002B18BF254664
S214014F702B4630BC21F0FABDFC2A040025EB0300C9
S214014F8070B5054608460C4621F0C7FD611C024671
S214014F90024B2846BDE8704021F0E8BD9F31040071
S214014FA000B5037889B0069343783E22059383784B
S214014FB008490493C37803930379029343790193D1
S214014FC083790093C3790448008800F07DF809B01E
S214014FD05DF804FB572A040028500020024B0246C5
S214014FE00249188800F056B8285000204FF10300F7
S214014FF02DE9F84305460F4690460024DFF84C900D
S2140150000E4EAC4201D1BDE8F883B9F8000007EBBB
S214015010C40108220A4B21F0A9FD0134B9F80000A9
S214015020B8F1000F07D1074AA54208BF3246064924
S21401503000F04AF8E5E73246F9E700BF1CDE030058
S214015040FC2A04006D2804004EF1030028500020BD
S21401505070B50D4E0446308821F0A0FD90B10025B4
S214015060E3070AD518B90949308800F02DF83088C9
S2140150702A46074900F028F8002001351B2D4FEA83
S2140150805404EDD170BD00BF285000209F270400B6
S2140150908D3204000EB417B505A9044651F8040B69
S2140150A0019103F0AFFA01210220054AF9F7B8F998
S2140150B0044B1C8003B0BDE8104003B0704700BF2E
S2140150C06D280400285000200EB417B505A9044623
S2140150D051F8040B019103F095FA034B1C8003B0C1
S2140150E0BDE8104003B070472850002013B5036890
S2140150F00446587900F040FF90B923685A88032A7D
S2140151000ED0E17C5B79CDE900211649164AFFF7FE
S214015110C1FF0121204621F0E1FD012002B010BDB2
S214015120637D012B0AD0637D33B92368228A5988AF
S214015130587921F0B2F948B9C3200AE02368228AD7
S2140151405988587921F0B2F90028ECD0204621F090
S21401515027FD064B1B78002BDFD110F5807FDCD0B6
S214015160C1B2D7E7842A04007C2A0400A75A00208B
S214015170002938B50E491D460E4B14460CBF6E224B
S2140151807922002808BF0B4600200B49FFF79CFF39
S2140151902544AC4205D1BDE8384000200749FFF759
S2140151A079BF002014F8012B0549FFF78DFFF0E7C2
S2140151B0BD2A0400B32A0400C62A04008A0E04008D
S2140151C0FA2A04002DE9F04FC27C8BB00592427D8D
S2140151D00368002A14BF8022402290F814900446E7
S2140151E08668858958794F46B3F80280069200F0A2
S2140151F0C3FEA0B9059B052B05D86FF02D03059AB4
S2140152001341DB070BD5B8F1030F08D0AA490020DC
S214015210FFF740FF0121204621F060FD76E0E07BAC
S21401522018B1238A002B00F0B7810023DFF894B26F
S2140152308000ABF80030637DB3FA83F35B0940EA84
S214015240C30000F0FC00FFF751FEE37B1BB3208A8E
S21401525021F020FC8246A07CFFF748FE059A162A1C
S21401526000F29A81DFE812F019009E016B005600E9
S214015270D1016B009201DA019A01E301EC01F5011B
S21401528038010C029801980198012002660220025A
S214015290800238010C029A46DDE700204346874A21
S2140152A08749FFF7F7FE0120FFF720FE07F1020905
S2140152B0A94529D839462A46304621F028FC074612
S2140152C023683A465879BBF800304146C3F1FF03DC
S2140152D09BB20193238A0093069B22F075FF10B1BF
S2140152E01FFA89F7E2E723683A465879BBF8003097
S2140152F04146C3F1FF039BB20193238A0093069BA9
S214015300FFF79CFC8928EBD121F0E2FC01200BB0D1
S214015310BDE8F08F4FF0000B0420FFF7E7FDEB1E12
S2140153200893089B9F424DD3BBF1000FECD1E37B62
S214015330277D002B0CBF02220422624B1A804FF0FD
S214015340000A0420FFF7D2FDD14607F1030B5D45A5
S21401535040F29C802A463946304621F0D8FBF319A4
S2140153609B78EA1EB344D21B07905946184692B260
S214015370099320F00AFF0890002878D02268099B3C
S2140153805079CDE901B3238A41460093DDE906321F
S21401539021F00AFA834642460020079B4A49FFF756
S2140153A093FEBBF1000F52D10AF1010A5846474954
S2140153B05FFA8AFAFFF76EFE089B033713FA87F740
S2140153C0BFB2C2E72A463946304621F0A0FBF319A0
S2140153D093F80290089BF91CDA1B3144824692B27C
S2140153E04846099120F0D1FE079068B323680999D1
S2140153F05879CDF808900191238A52460093414688
S214015400069B21F021FA8146C0B10BF10103484603
S2140154105FFA83FBFFF76AFD504621F03BFB5346DC
S214015420424600202849FFF735FE4A460020284913
S214015430FFF730FEB9F1800F3FF476AF079B0337D5
S21401544013FA87F7BFB26CE74FF08009DDE75846DD
S214015450FFF74CFD079821F01DFB09F101095A469B
S21401546000201B495FFA89F9FFF714FEA4E787209D
S214015470FFF73CFD079821F00DFB09F10109872292
S214015480134908985FFA89F9FFF704FE059B052B77
S2140154903FF43CAFB9F1000F7FF436AFBAF1000F1D
S2140154A005D10C495046FFF7F5FD8021B3E6484685
S2140154B0FFF71CFD28E700BFE3E10300072B04000C
S2140154C0542B040018500020112B0400542A040009
S2140154D02D2B0400372B04000599B14AB14B00204F
S2140154E0152918BF1346CDF80080AF4AAF49FFF71C
S2140154F0D1FD059B0C2B14BF16200D20FFF7F6FCE3
S2140155002A464946304621F002FB059BB1440C2B46
S214015510054699F8026035D1192E28BF1926E37B76
S214015520B3B14FF6FF73278A9F4211D120682A46EE
S2140155304146069B4079FFF70FF9B84208D0BAF109
S214015540000F05D020828AF80000000A8AF80100C0
S2140155500020BBF80070FFF7C9FC23682A4658797B
S214015560059B4146A3F1150CDCF1000343EB0C034C
S214015570CDE90163238A0093069B21F089F88C4BC1
S214015580D855C1E6132E28BF1326C8E72046FDF7D7
S2140155909DFC00287FF4BAAE81213CE62046FDF74B
S2140155A051F9F6E7B8F10A0F06EB0907A5EB090A68
S2140155B020D1DFF800B29BF80030DBB1E37BCBB93A
S2140155C0BAF1080F16D12A464946304621F09FFA0D
S2140155D080B9BB7873B9FA78E22A0BD12A4609F169
S2140155E004013046059321F08FFA21F05CFB059B00
S2140155F08BF80030394640461FFA8AF222F0E6FD63
S21401560000287FF483AE002105E6A5EB090240469B
S21401561092B206EB090121F037FAF1E7A5EB090290
S214015620404692B206EB090121F0EFF9E8E7A5EB57
S2140156300902404692B206EB090121F012FADFE7B1
S214015640A5EB0902404692B206EB090122F0C0FD25
S214015650D6E7236816F809505879238A09F1010913
S21401566016F809600193069B2A4641460093334685
S21401567020F048FF32462946404621F0C8F945E663
S214015680059809F1010216F80910AB1AA0F11605E2
S214015690684268410039009018BF012140469BB21C
S2140156A0324421F0B6F9ABE7059B16F80950112BE9
S2140156B0B14499F8017038D11220FFF717FC002683
S2140156C0E37BB3B14FF6FF73B4F81090994510D150
S2140156D02B4642462146304620F0D5FF484508D0A5
S2140156E0BAF1000F05D020828AF80000000A8AF875
S2140156F00100BBF80090DFF8B8A0C9F1FE0292B233
S21401570009F1010300925344424621463046CDE951
S2140157100257CDF804B020F0B9FFBBF800300AF804
S21401572009000133ABF80030EEE51420FFF7DEFB8D
S2140157300126C5E709F101039D422FD316F809702A
S2140157401E44003F18BF0127EB1A9DB22B46324676
S21401575039460020FFF70CFD009533463A46404691
S214015760218A21F05AF94BE709F101039D4215D32D
S21401577016F80970ED1A003F18BF01271E44ADB296
S2140157802B46324639460120FFF7F2FC0095334698
S2140157903A464046218A21F03EF931E70020B6E537
S2140157A06D280400022B0400482B0400522B040031
S2140157B0A6590020A55A002038B54FF6FB750446B9
S2140157C0A9424FF001019DF8100098BF43F4004331
S2140157D0217023816260A07202230020084A0949D1
S2140157E0FFF758FCE07A084B40F6CA0203EB40107C
S2140157F0FF211FF097FBBDE83840042021F0FBB8DD
S214015800622B04006D2B04009C3A002030B505463F
S21401581085B028B91D4905B0BDE83040FFF73ABC50
S2140158200024007B21F089F92046194A19492C7079
S214015830FFF730FC184BE87AFF2103EB40101FF00E
S21401584082FB2046154B02019A5C22B901300428DE
S214015850F9D121F00FF9696899B1B5F908302A89AB
S2140158609B1303F002038DF80430C2F30E03ADF868
S21401587006304FF6FF73ADF80830002301A80393F6
S214015880884705B0BDE8304021F05CB9982B04008C
S214015890622B0400CA2B04009C3A00205C3A0020CC
S2140158A00948037873B91946084AD3720133042BA1
S2140158B01173117051601181917202F11002F4D1CD
S2140158C001230370704700BFA65A00205C3A0020EF
S2140158D008B5FFF7E5FF002305491A018A5C01EBCD
S2140158E003101AB10133042BF7D1002008BD00BF05
S2140158F05C3A002070B50D460646FFF7D1FF00233F
S214015900094800EB0514A17AB14205D1217819B1F5
S2140159102B4400EB031070BD0133042B04F110047B
S214015920F1D10020F7E700BF5C3A002010B504462D
S214015930FFF7B6FF0E4B9C4212D003F120029442B1
S21401594010D003F1400294420ED060339C420DD138
S2140159500323084800EB0310BDE81040FFF756BFCD
S2140159600023F6E70123F4E70223F2E70020F3E73A
S2140159709C3A00205C3A002038B50024054D2846A4
S2140159800021054A0134F8F76BFA042C05F12005CD
S214015990F5D138BD9C3A00202D5901002DE9F3417F
S2140159A005460C4617469846FFF792FF064640B94D
S2140159B01C4A1D49FFF76EFB0224204602B0BDE8D3
S2140159C0F0814FF6FB739D420AD94FF6FD739D4257
S2140159D004D00020134A1549FFF75CFB4FF6FD750E
S2140159E0434621463A46284621F045F9044600F04A
S2140159F025FE804634B1234600200A4A0C49FFF7AB
S214015A0049FBDAE73B462046064A0A49FFF742FBCE
S214015A10062329463046089ACDF80080FFF7CCFECB
S214015A20CBE700BF622B0400D72B0400012C040037
S214015A30362C04005F2C0400F7B506460C461746C4
S214015A40FFF746FF054638B9104A1149FFF722FB12
S214015A500224204603B0F0BD21464FF48A52304658
S214015A6021F0CEFA044600F0E9FD34B123460020C9
S214015A70064A0849FFF70EFBEBE7009004233A4677
S214015A8031462846FFF798FEE3E700BF622B040085
S214015A90D72B0400872C0400F7B506460F46FFF700
S214015AA017FF054638B9104A1049FFF7F3FA0224E2
S214015AB0204603B0F0BD002240231146304621F0B7
S214015AC07FFC044621F07AFC34B123460020064AC6
S214015AD00749FFF7DFFAEBE7009001233A46314624
S214015AE02846FFF769FEE3E7622B0400D72B040084
S214015AF0BA2C040073B504460E46FFF7E9FE0546C8
S214015B0038B9104A1049FFF7C5FA0224204602B0F8
S214015B1070BD00222046114621F054FC044621F0B7
S214015B204DFC34B123460020064A0849FFF7B2FA75
S214015B30ECE70090234632464FF6FC712846FFF705
S214015B403BFEE3E7622B0400D72B0400E82C04009D
S214015B502DE9F0418846107800219EB014461D4676
S214015B60FFF7C8FE0646002800F0FD800778002FE4
S214015B707BD0B8F80010002940F0F5800389B8F80A
S214015B80022043F40040824240F0ED806178002913
S214015B906BD1A2F50042062A00F2E580DFE812F09A
S214015BA0A100A100E300E3000700B8006900E38854
S214015BB00D3DADF82430238915F00105ADF82630EA
S214015BC063798DF82830E37A03F1060214F812207F
S214015BD08DF814308DF81C2042D10BA98E46069103
S214015BE004F10C005FFA85FC9C4500F1020009D225
S214015BF010F8018C10F802CC01350CEB082C2EF8AD
S214015C0002CBEFE701EB43011A440891D2B25900E7
S214015C1001F10D009A42C0B20BD025186D78205CB8
S214015C207831694400EB0520013321F84C0CDBB2D6
S214015C30EDE7B6F908203389002AACBF012203221A
S214015C40C3F30E038DF808206288ADF80A3005AB61
S214015C50ADF80C20049302A9304620F0F7FF04E0CB
S214015C60424A43490020FFF715FA38461EB0BDE800
S214015C70F081042D02D83D4A3E49F3E72379053DDC
S214015C80ADB29D4202D0394A3B49EBE7B4F80280F7
S214015C903A4A3B4B0020002D08BF13463949334A88
S214015CA0CDF80080FFF7F6F905348DF814503389E6
S214015CB0B6F9082006947DB1002AACBF0122032262
S214015CC0C3F30E038DF82C20ADF82E30ADF83080DE
S214015CD005AB0D930BA9BFE7002AACBF0622052230
S214015CE0EEE70B2DC7D9D4F80200D4F8061013F44A
S214015CF0004F05AA03C20CBF042203228DF82C20F4
S214015D006289C3F30E03ADF83020ADF82E30DFE71D
S214015D10042DB0D96388ADF8303023790533DBB272
S214015D209D4206D00020114A17490095FFF7B2F9A7
S214015D309BE70E4A00201549FFF7ACF9B6F9082093
S214015D403389002AACBF01220322C3F30E03ADF848
S214015D502E3005AB0D93631D069323798DF82C2009
S214015D608DF81430B6E700277FE700BF622B0400EA
S214015D70152D04003D2D0400512D0400A1E903005A
S214015D806D280400782D0400952D0400D62D0400FE
S214015D90304BF0B5B0FBF3F24FF4616503FB120034
S214015DA0B0FBF5F3DCB205FB13033C25B3FBF5F3BF
S214015DB0DBB2A0EB04104B71C3EB0313A0EB830023
S214015DC04FF4FA630B8040F201134B8001230C71F0
S214015DD01F4600246425204E8871944200D1F0BDF0
S214015DE088780BB102282ED006EB000C1CF801ECCB
S214015DF091F803C0F44505BF4FF0010C01300CF1DA
S214015E00010CC0B214BF5FFA8CFC88700D2881F8B3
S214015E1003C016D10B888F7001339BB298070B8095
S214015E2014D1B3FBF5F005FB103080B280B94FF406
S214015E30C870B3FBF0FC00FB1C339BB2B3FA83F3D0
S214015E405B090134C9E74FF01D0ED1E70023F8E7DF
S214015E500123F6E7805101001A7E040010B50446BE
S214015E6088B006A9FFF794FF9DF81E300A480393F1
S214015E709DF81D30049402939DF81C309DF81A205D
S214015E800193BDF818300549009300889DF81B3032
S214015E90FFF700F908B010BD28500020EF2D0400D0
S214015EA0026808B51188154B1980518859805179B7
S214015EB01971117959714FF48A51D980D28812F02B
S214015EC0200F0CBF0A464FF48B528169DA800C4AC8
S214015ED0137831B9C0880B4923F002030880137088
S214015EE008BD43F00203137007481522013103F081
S214015EF0D7FB0023044A02F8013CF1E71C500020BE
S214015F00B05A00201A5000202B50002010B5184C13
S214015F102368587920F0B5FA0B2822D8154B03EBE5
S214015F200010027B237F9A421BD12368428819887E
S214015F308A4205D04FF6FF70814212D1120410D466
S214015F402279023A012A06D9A37B63B9BDE810403B
S214015F500748FFF737B9198958791FF0BFFB0028A2
S214015F60F2D1002010BD0248BDE81040FFF7BEB8D0
S214015F70203B00208C39002008B520F082FA0B283F
S214015F8096BF024B0020185C08BD00BFB55A002022
S214015F9008B5002020F0D1FDFF2020F0A5FA20F062
S214015FA0D1FD20F072FCFEF7E9F901210246064810
S214015FB003F0CCFC054BFF21054A0648FEF7BCFE64
S214015FC0BDE80840FEF77CBBB55A00201C500020F7
S214015FD018500020A6590020F0B5002204464FF6BE
S214015FE0FF750B4F90B237F830600346AE4201D1D1
S214015FF02846F0BDA64209D1B4F57C4FF9D307EB8C
S214016000C3035B888B42F4D00029F2D00132E9E762
S214016010587E040010B50446FFF7DEFF094A034622
S21401602010884FF6FF72934214BF074A2246BDE816
S214016030104017BF02EBC30304495A680449FFF72F
S21401604043B800BF28500020587E0400122E0400DA
S214016050FAF90300034B18780130C0B2187000F04B
S2140160607F007047B3640020044A137818B143F0E8
S21401607001031370704703F0FE03FAE7B05A0020DD
S214016080014B1870704700BFB35A002038B1074B58
S2140160901B78012B04D1038843F04003038070472B
S2140160A0022BFCD1038823F04003F7E7B35A002004
S2140160B068B1074A1378012B07D1064B1B7813707A
S2140160C0037843F01003037001E0022BF8D0704709
S2140160D0B25A0020B15A00207FB50121264B274E27
S2140160E0197033780246D90744D42549096881B125
S2140160F00868C1888D0641BF224CE18841F0200125
S214016100E180C1884C0641BF1E48C18841F040016C
S214016110C1801D4D1D492878097840074CBFE9709C
S21401612069701B4913F00204098809D0164A1948F8
S21401613020F083FC337823F00203337004B070BD83
S214016140154B18884FF6FB73984208D80B46CDE9D5
S214016150005201460B4A20461FF093FEEEE74FF62B
S214016160FF73CDE9014200930A46074B05491FF02C
S21401617064FEE3E70020E1E7A75A0020B05A0020BA
S2140161801C3B00201C500020A6590020B4640020AF
S214016190185000202A5000201A50002070B50379AC
S2140161A00446012B0D46164631D883681B78DB065C
S2140161B000D561B3A37B13B9E37C0B2B27D0002258
S2140161C0144B1A80637DB3FA83F35B09D800E37B33
S2140161D0ABB9FEF78BFEA07CFEF788FE0B20FEF720
S2140161E085FEE07CFEF782FE2846FEF77FFE20460F
S2140161F0FFF756FE3046BDE87040FFF76DBF40F032
S2140162000400FEF773FE208A20F044FCE3E700203A
S21401621070BD00BF18500020024B0A4601461868A0
S214016220FFF7BCBF1C3B0020F0B4054618460F4BD9
S2140162300C461B78BDF81010012B0D4E01D0377897
S21401624027B1002333700020F0BC70470CB9002A38
S214016250F9D143B14FF65743994204D02B46224613
S214016260F0BC20F0D0BB0120EEE700BFB5640020F3
S214016270B45A00202DE9FF47664C4FF0000A254628
S2140162808446964699460F46634B644E83F800A0B3
S2140162900FCE0FC596E80F00DDF8348085E80F00B5
S2140162A0BDF830307246009339464B466046CDE91C
S2140162B0018400F0D9F85A4E814668B90025FEF7E8
S2140162C0F7FD16220021574803F040FB002328461D
S2140162D0336004B0BDE8F087534BA27C34601A707B
S2140162E0524B1B78002B36D020F0DFFC504902467B
S2140162F05046FEF7E9FE22685046537952884D49CA
S2140163000092A289FEF7E0FE504620F047FC20B13D
S2140163102368218A5888FFF77DFEE37B23B100209E
S214016320228A4549FEF7D0FEA36800201A78E37C4E
S21401633042490093A37CFEF7C7FE207DA289A1688F
S214016340121A01440123002092B2FEF70BFE002030
S2140163503B49FEF79FFE2F48FFF7A2FD2D4821F08F
S2140163602EFF054630BBB8F1000F25D12168E08825
S2140163700B8801904988BA1E032A00918CBF00221F
S21401638001220121E07CFFF74FFF38B923685B79D2
S214016390FF2B39D0FFF7BAFD054690E72368DB8867
S2140163A09A06F3D40121274C1A48217020F096FC56
S2140163B084F800804D4682E7B8F814309B07E5D490
S2140163C07CE74046FEF794F807464046FDF7DCFFBB
S2140163D088B123683846228A598820F055F850B18A
S2140163E00C48FFF75DFD23688AF804705F71FFF7BC
S2140163F08DFD2843C5B209F10109FDF7BFFF5FFA1C
S21401640089F88045DDD35AE74FF00009DFF838A058
S214016410F3E700BF203B0020A75A0020387E040087
S2140164201C3B00202A500020B4640020B2640020E7
S2140164302B2E0400342E0400552E0400612E040079
S214016440F2E20300B45A00201C5000200023054A43
S214016450D15C814202D31A44507870470233DBB2D2
S214016460F6E700BF267E040073B515462E781A4659
S21401647016F0040F0CBF032605269E42089C08D979
S214016480204A214900960020FEF704FE002002B0B3
S21401649070BD21710121BDF818302060E380A56030
S2140164A0A2812B7803F00103A3732878C0F380033D
S2140164B0E3732B7810F00400C3F3C00363752175F2
S2140164C017D0284620F023FB217D20820231C9B255
S2140164D04B1CDBB223756A5C0231C9B2A27421750A
S2140164E0EB5CE374A389994205D90091054A0749F3
S2140164F0C9E72082ECE7079B0120A36100232377ED
S214016500C5E700BF35EA03008B2E0400A72E040062
S2140165102DE9F34100241F4FDFF89C80E0B220F004
S21401652083FEFF2805460FD12346012102201A4A81
S214016530F7F776FF194B013418781EF0F7F8152C8B
S214016540ECD102B0BDE8F081154B46B233EA260322
S21401655028BF434601210093022057F82430114AF0
S214016560F7F75EFF002EE5DA0923E340DB070AD5DD
S2140165700D4A0E4B15F0010F18BF1A4601210220D5
S214016580F7F74EFFD6E70A2CD4D1094A094B15F086
S214016590010FF1E7687E0400002F0400B6640020B6
S2140165A0A1E90300282F0400D92E0400C32E0400FD
S2140165B0F52E0400EB2E04006D28040008B55422C5
S2140165C00021024803F0C2F9002008BD185100203E
S2140165D008B55422FF21024803F0B8F9002008BD8F
S2140165E0C4500020024B23F810100020704700BF53
S2140165F0C4500020002310B4074ADCB2A14203D8DD
S2140166005DF8044BFFF7DABF2A2BF9D032F8024BBC
S21401661020F813400133F0E718510020002310B58D
S214016620054A994201DD2A2B00D110BD32F8024BF2
S21401663020F813400133F4E718510020024B187874
S21401664000F07F00704700BFC15A0020034B187846
S2140166500130C0B2187000F07F007047C15A0020A8
S21401666030B51C4600238BB0ADF82220021D92B235
S214016670012A0E9DADF82030ADF81E10ADF81C3085
S21401668003D94FF6FF7290420FD10022CDE9035293
S214016690CDE90124094B01461B784FF6FF700093A4
S2140166A007AB20F0DFFD0BB030BD0146CDE901534D
S2140166B01846009407AA20F0F1FDF4E7B76400201D
S2140166C038B505464FF400500C4603F011FC4FF464
S2140166D000532860236030B940F2A511BDE8384068
S2140166E0014826F0E1BF38BD173004000048704766
S2140166F0F6530020014B1878704700BFD364002082
S214016700014B1888704700BF5A640020014B187867
S214016710704700BFCC640020014B1878704700BF5B
S214016720C3640020014B1878704700BFC664002080
S214016730014B1878704700BFC65A0020014B1870ED
S214016740704700BFC65A0020014B1878704700BF3B
S214016750C55A0020014B1870704700BFC55A00206B
S214016760014B1878704700BFC7640020014B18889A
S214016770704700BF586400202DE9F74F414B424A4D
S2140167800193424BDFF844911B78DFF84481DFF830
S21401679044E1DFF844C13E4F3E4E3F4D3F4940483D
S2140167A002EB431A019B524503F1200309F120092C
S2140167B008F120080EF1200E0CF1200C07F120073D
S2140167C006F1200605F1200501930FD1002211469E
S2140167D0344B324D1C78344E344B314FD0B2844258
S2140167E003F1200346D803B0BDE8F08F304B314C9F
S2140167F05360002349E907432F4CDFF8E0B048E92E
S21401680007432E4CC2E902304EE907432C4C116077
S2140168104CE907432B4C136147E907432A4C49E9E6
S214016820050348E905034EE905034CE9050347E975
S214016830050349F8201C48F8201C4EF8201C4CF88B
S214016840201C47F8201C46F8201C46E90743019CFB
S21401685045E907B3DFF888B046E9050345E90503CE
S21401686044E907B344E9050345F8201C44F8201C15
S214016870203297E743E9085643E9061743F8101C08
S2140168800132ABE7683E0020883F0020DA64002032
S214016890C83E0020A83E0020883E0020044E00206E
S2140168A06D280400D164002009AF0200083F0020D3
S2140168B0615802001B990300C16C0200E9F702004F
S2140168C075A90300A98F0200D3710300683F002059
S2140168D0483F0020283F0020E83E002019250300FD
S2140168E065550200002208B5074B1A605A6020F071
S2140168F057FC064B187020F053FC054B1870054BDF
S2140169001A78054B1A7008BDA64D0020215B0020A1
S214016910205B0020C46400201F5B0020002100B51E
S21401692093B008466A460AF00DFA0146C8B90E4BFE
S2140169300E4A09930E4B0D920A930E4A0E4B0E9277
S2140169400B930E4A0E4BCDE90F230C930D4B6A4663
S21401695011930AF0ADFC003818BF012013B05DF8A2
S21401696004FB0120FAE700BF2F9403005D660200D6
S214016970339603008D2F0200157203005D7D020021
S21401698093960300AD600200084B1878112806D8CC
S214016990012809D9064BC34003F001007047A0F156
S2140169A0430358425841704700207047235B00203C
S2140169B03400020008B5064B1B78013B022B05D8B4
S2140169C00020FFF7E1FF0138C0B208BDFF20FCE759
S2140169D0245B0020044B00F1100250F8041B904287
S2140169E043F8041BF9D17047255B0020044B03F1E3
S2140169F0100253F8041B934240F8041BF9D1704768
S214016A00255B002030B5002491B0114B0546214688
S214016A1014220BA8CDE9094302F098FF102209AB16
S214016A20CDE900440693CDE90452CDE90252094B63
S214016A3009490AA81DF074FA04460AA821F066F965
S214016A401CB1A021054826F02FFE11B030BD00BFB5
S214016A500024800000444004255B002081300400AF
S214016A6070B5002490B0154B05460E4614222146FB
S214016A700BA8CDE9094302F069FF102209ABCDE965
S214016A80004406933146CDE90452CDE902520C4B3F
S214016A900AA81DF045FA04460AA821F037F91CB1E8
S214016AA0BA21084826F000FE099B102B03D0BB2113
S214016AB0044826F0F9FD10B070BD00BF0024800028
S214016AC0004440048130040030B50D4600218FB0EB
S214016AD0124B0446142209A8CDE9071302F036FF2B
S214016AE0102207ABCDE90242CDE9004204932946C4
S214016AF00B4B08A81DF016FA044608A821F006F963
S214016B001CB1D121074826F0CFFD079B102B03D0DF
S214016B10D221044826F0C8FD0FB030BD0024800005
S214016B200044400481300400014B93F95A00704739
S214016B303C4D00200022034B1870034B1970034B89
S214016B401A707047365B0020375B0020355B0020EB
S214016B502DE9F04FDFF89080064698F800300D4694
S214016B6085B0002B3AD04FF6FB73984236D84FF0DB
S214016B70000B1C4FDFF874A03C7898F800305FFAE1
S214016B808BF94B459AF8000011D9484402AA0DF139
S214016B900601C0B216F03AFA082229460DEB0200A9
S214016BA002F026FF0BF1010B0028E6D14C463B789C
S214016BB0A34208D198F80020631CDBB29A423B70CE
S214016BC004BF00233B70324629469AF800301C4425
S214016BD0E0B205B0BDE8F04F16F006BB05B0BDE863
S214016BE0F08F00BF355B0020375B0020365B00204E
S214016BF02DE9F84F1F4603F10C0B04460E461546C9
S214016C000123DFF87CA00EB9BDE8F88F102EB04640
S214016C1028BF4FF010083946184A5FFA88F951F82C
S214016C20040B594542F8040BF9D19BF8001014489F
S214016C30117000228AF800308AF80E208AF80F5068
S214016C40FFF7E0FE2246012301350D48EDB212F8AA
S214016C5001CB10F8011B81EA0C0102F8011C111B83
S214016C60C9B28945F3D8013409F1FF39A6EB080802
S214016C7054FA89F41FFA88F6C5E700BF395B00208D
S214016C80385B00202DE9F04F9046914685B0009084
S214016C90981A029383B20193009B0F46354903F17C
S214016CA00C0453F8045BA34241F8045BF9D11B784A
S214016CB0314E0B7049233370019BF0731B0A30462B
S214016CC0B373FFF79FFE0221BB460D46737888EA31
S214016CD0030373704FF0000A1DE0C5F11004A9EB21
S214016CE00A039BB2A4B29C4228BF1C4600231FFA8B
S214016CF083FCE8186445C0B21FD82544EDB2A3440E
S214016D00102D54441FFA84FA05D10025304603910C
S214016D10FFF778FE0399CA45DFD307EB080B25B1C9
S214016D2030460391FFF76EFE039901294FF00005E7
S214016D300DD00121DDF80490CCE71BF803C016F84E
S214016D4000E001338CEA0E0C06F800C0CFE7029B88
S214016D5009491F44094B38461C78224602F094FF25
S214016D602A4621463846009B05B0BDE8F04FFFF79E
S214016D703FBF00BF395B0020385B0020DB6400208A
S214016D8030B540780C4601284FF0110387B001F169
S214016D90100516D1144A01A90BF012F8234601ACCE
S214016DA0224618685968083303C2AB421446F7D125
S214016DB011230D4A002001A90BF002F8002007B0AC
S214016DC030BD0120094A01A90AF0FAFF234601ACA9
S214016DD0224618685968083303C2AB421446F7D1F5
S214016DE01123024AE6E700BF75E4010079EB0100D2
S214016DF030B50C46407887B001284FF011030DBF1F
S214016E000B4A0C4A012001A918BF01A90AF0D8FFB4
S214016E10234601AA05AD144603CCAC42186059605E
S214016E20224603F10803F6D1002007B030BD00BFAB
S214016E3075E4010079EB010010B50C4688B01A2301
S214016E400C4A01A901200AF0BBFF21460DF10E03F1
S214016E5004F1100251F8040B914243F8040BF9D1E6
S214016E601A230020034A01A90AF0AAFF002008B04D
S214016E7010BD00BF24E10100F0B58BB004460D46FD
S214016E8022F04AFAA8B101A813F092FE88B1667BF7
S214016E90271D16F0020F05D00822384601A902F078
S214016EA0A7FDD0B901AB46F0020603CB606079605E
S214016EB066731A230A4A03A901200AF081FF2946AC
S214016EC00DF116030DF1260253F8040B934241F817
S214016ED0040BF9D100200BB0F0BD2D20FBE700BF5D
S214016EE024E10100F0B50546071D00220C46384690
S214016EF0082193B022F0A2F96A7B0646D0070BD58B
S214016F00687808A920F033FEDDF83D306B60DDF8C7
S214016F1041307B6080B10BE0910709D5D200012199
S214016F20384602F0800220F02FFEFF28687002D15A
S214016F302D2013B0F0BDD6B1687801A920F0ACFDC4
S214016F409DF81C305B0604D54FF4C6710A4826F03E
S214016F50ABFB234603AD07AC2A4603CAA242186020
S214016F605960154603F10803F6D10020E1E708A9A8
S214016F7020F0FDFDCEE700BFDE300400F0B506468A
S214016F808BB01F480F4615460024FFF72FFD002C37
S214016F9014BF4FF05C0C4FF0360C1023184801AAB2
S214016FA010F8011B013B8CEA010113F0FF0302F804
S214016FB0011BF5D105A822F0A7FF102101AA05A8FB
S214016FC022F0A6FFCCB93946324605A823F008F8C8
S214016FD02A460DF1140C0DF1240E634603CB7345BE
S214016FE0106051609C4602F10802F6D1631C022B28
S214016FF04FF00104CBD10BB0F0BD2A461021E4E7D7
S214017000685B00202DE9F04790468946C0B09DF8A0
S21401701020414A9F1D46DFF880A09DF82431064690
S2140170202246414638468AF8003002F02DFEB9F174
S214017030000F12D023462A4639463046FFF722FE75
S214017040AC4206D9611B3346012289B27819FFF793
S214017050CFFD002040B0BDE8F087611B334601221A
S21401706089B27819FFF7C4FD22463946684602F010
S2140170700BFE2A46694630462346FFF703FE9AF87A
S21401708000200DEB040108EB040002F0B1FC00281F
S214017090DFD02C20DEE700BFDB64002038B50346D6
S2140170A0104601F1100451F8045BA14242F8045B5A
S2140170B0F9D104491BB1FFF7D3FC002038BDFFF717
S2140170C003FDFAE7685B002030B5054689B06946DE
S2140170D020F057FB6B8804ACABB1224629466846C4
S2140170E020F0EFFA0E4A234603CB516008A98B42E3
S2140170F010601C4602F10802F5D10948FFF76AFC48
S214017100002009B030BD6B46054D1A4603CAA2429F
S21401711028606960134605F10805F6D1EDE700BF62
S214017120685B002050B10B4B0B4A03F1100153F87A
S214017130040B8B4242F8040BF9D17047064B054A03
S21401714003F1100153F8040B8B4242F8040BF9D1FA
S214017150704700BF685B0020485B002008B510221E
S214017160024802F09DFA002008BD00BF585B0020CF
S21401717008B508461022024902F092FA002008BD1E
S214017180585B002010B5044686B001A9114A1123A8
S21401719001200AF015FE9DF8143001A8E37023F0D3
S2140171A0A9FA80F001000C4A01A9607011230120A0
S2140171B00AF006FE9DF8143001A8A37023F09AFA8F
S2140171C080F00100207012F07FF86060002006B0A9
S2140171D010BD00BF75E4010079EB010010B504464F
S2140171E086B01123134A012001A90AF0E9FDA3780C
S2140171F09DF814209A4207D08DF8143000201123F0
S2140172000C4A01A90AF0DCFD11230B4A012001A951
S2140172100AF0D6FDE3789DF814209A4207D08DF83F
S214017220143000201123044A01A90AF0C9FD06B052
S21401723010BD00BF79EB010075E401002DE9F041B6
S21401724086B0064603A80C4614F000FD0546002845
S2140172504AD1BDF80C30980646D51022294620465C
S21401726002F074FB01A813F0A3FCC0B1777B06F112
S214017270040817F0020F06D00822404601A902F0C2
S214017280B7FB00282ED101AB47F0020703CB706095
S214017290C8F804107773238843F0080323802388F3
S2140172A043F00203238013F053F8606022F034F8B1
S2140172B030B10E4B1B68A360238843F00403238080
S2140172C00B4B1A68D1035EBF238843F0100323805B
S2140172D0130203D5238843F400632380284606B0AF
S2140172E0BDE8F0812D25F9E72425F7E7B83F002012
S2140172F0BC3F002010B5D0E9023253F8223090B0DE
S2140173001C6840226946204620F0A4FC034630B1A2
S214017310224600200549FDF7BDFE10B010BD012232
S21401732069460820FDF764FEF7E700BF5331040005
S21401733038B500F0AFF800280CBF6E227922002085
S2140173401249FDF7A7FE00F0A5F8E8B120F096FC7B
S21401735000280CBF6E22792200200D49FDF79AFE07
S214017360082200200B49FDF795FE00250A4C23460E
S21401737054F8042C002009490335FDF78BFE182D1F
S21401738004F10C04F3D138BD3F22E5E78B3104004C
S214017390A2310400B2310400E0400020D1310400E3
S2140173A070B520F050FC044621490020FDF772FE1E
S2140173B02CB92046BDE870401E49FDF76BBE00F0B3
S2140173C0BBF805461C4B62690020002A08BF1A4616
S2140173D01A492668FDF75EFEA28800201849FDF7C7
S2140173E059FE1849E2880020FDF754FEA388228939
S2140173F013F010001ABF002013491449FDF74AFE86
S214017400E26800201249FDF745FE22690020114975
S214017410FDF740FE104A114B0020B6F5817F38BFBC
S21401742013460F492A46BDE87040FDF733BE00BF3C
S21401743006320400133204009702040034320400BA
S214017440523204007332040090320400AD3204005C
S214017450CB320400E9320400FE310400F4310400AA
S2140174600733040038B5014600230C25084A05FBFE
S21401747003F4A0181459013404D10C2202F010F9B7
S214017480002038BD0133082BF1D10120F9E700BFF8
S214017490DC400020034B1878012894BF002001200F
S2140174A0704700BF7A5B002038B50446044D287843
S2140174B0A04203D0214620F0A6FB2C7038BD00BFA9
S2140174C07A5B002000B58FB03422002101A802F0BB
S2140174D03DFA01A8EFF7EEF90598D0B182680E4B98
S2140174E0B2F5803F34BF92B2C2F38F2241881A812F
S2140174F0028828BF41F010011A6042689980DA803C
S214017500C268DA6002691A6142695A61027E1846E7
S2140175101A760FB05DF804FB60400020054B1B781F
S21401752020B1012B04D80220FFF7BEBF012BFBD8E8
S214017530704700BF7A5B002010B5084C237853B91A
S21401754020F081FB0123237028B10368B3F5817F06
S21401755024BF037E2370207810BD00BF795B002016
S21401756070B5184B1B78012B2BD820F04FFB164D0E
S214017570024616490020FDF78DFD0120FFF7CEFFDC
S2140175802E78FF2E1DD1FFF79DFFC8B1848860229B
S2140175903146C4F340040E482C7002F0D7F960223D
S2140175A031460C4802F0D2F95CB1FFF7C5FF04285A
S2140175B007D9BDE8704040F22B11074826F074B891
S2140175C0287070BD7A5B0020DC6400202A3304003A
S2140175D0DC4000207C4000203C3304002DE9F04FC5
S2140175E0DFF888928DB003AB05460F46144699E83E
S2140175F0070083E80700FFF7B3FFFFF79DFF954BF2
S214017600064693F800804B46B8F1010F40F07081B2
S214017610012840F27281B5FBF0F200FB1252002AFB
S21401762000F06B818C4900228A46D1F800C0BCF17B
S214017630FF3F04D0087A6044854200F01981013288
S214017640082A01F10C01F0D193E8070006AE0DF10E
S214017650240A86E807008AE80700FFF76DFFB5FBF6
S214017660F0FB00FB1B5BA0EB0B063246394681465E
S2140176700AA809958DF82C6002F006FB00224FF04F
S2140176800C0E764902E00132082A0ED00EFB02F0FB
S21401769000EB010C08580130F5D19AE807008CE898
S2140176A007006F490A7801320A70A64204DD4FF4DA
S2140176B0E2716C4825F0F8FFA4EB09025A443744FE
S2140176C02E4491B216FA82F2B2FBF9F309FB03F3E8
S2140176D0D21A8D1A49B1791907A806938DF8202078
S2140176E002F0D2FA06A8FFF7BDFEADB2B5B103208F
S2140176F0FFF7DAFE802D0AD82A4639465A4802F0A4
S214017700C3FA2A463046584920F088FA80460220B5
S214017710FFF7CAFE40460DB0BDE8F08F4FF00008F7
S214017720F8E74FF40E714F4825F0BEFF494B1B7822
S214017730012B00F0E980002C38D00320FFF7B4FEBF
S214017740802C30D822463946474802F09DFA224618
S2140177502846454920F062FA80460220FFF7A4FE3B
S214017760DFF8FC9099F8003093B1039CFFF7E4FE34
S2140177703A4B00251F461A68511C04D0197A411A43
S214017780521A94425FD00135082D03F10C03F2D151
S214017790B8F1000F5AD1039B0133BFD003A8FFF7FE
S2140177A061FE8046B6E74FF00108D6E7A046D7E768
S2140177B00C246C433B199DF814A093F808B00AEB0F
S2140177C00B03802B2BDC284B524604A9184602F0EB
S2140177D05BFA211D5A463944504402F055FA0C23EF
S2140177E003FB05739DF814201B7A13449E421ED09A
S2140177F040F273211B4825F057FF4FF00108022085
S214017800FFF752FE99F8003013B1013B89F80030BA
S2140178104FF0FF333A193B51C2E901337AE740F2A0
S2140178206D21104825F040FF4FF00108D7E7B8F169
S214017830010FE2D0802EE2D832460B49039820F0A1
S214017840EDF98046DBE7B8F1000FB1D04FF0010843
S21401785060E700BFDC640020DC4000207C400020A4
S214017860785B00203C330400E03F0020CC7E04001F
S2140178704FF00C0909FB02A3187AA6EB00085FFA81
S21401788088F8A04501D35FFA84F809FB02F909F1EB
S214017890040B584442463946504402F0F5F90AEBC7
S2140178A009031A7AA4EB08044244D2B2B242A4B243
S2140178B01A7219D103200193FFF7F6FD32460AEB3F
S2140178C00B015AF8090020F0A9F900900220FFF7F1
S2140178D0EBFD4FF0FF31019B009A4AF80910C3E90E
S2140178E00111002AB2D14744002C3FF417AF45449A
S2140178F0104B1B78012B7FF41EAFB5FBF6F306FB8E
S2140179001353002B7FF40DAF04EB0508B8FBF6F319
S2140179107343B8EB03083FF40EAFA4EB0804391920
S214017920424604A80393A4B202F0AEF98DF814807F
S21401793001E700BFDC64002070B5134B1B78012BF8
S2140179400CD1FFF70DFE0026104D55F8043C01330F
S21401795006D10336182E05F10C05F6D1002411E0E8
S2140179600320FFF7A1FD55F8044CFFF7E5FD294676
S2140179700246204620F052F904460220FFF794FD05
S214017980002CE6D0204670BDDC640020E0400020DC
S21401799070B505460C46FFF7E3FD0520FFF784FDAD
S2140179A02146284620F048F906460220FFF77CFDCE
S2140179B000220A4B2C441968481C08D0A94206D359
S2140179C0A1423EBF4FF0FF31C3E900119960033277
S2140179D0182A03F10C03EED1304670BDDC400020BE
S2140179E0D0E9023253F8223010B51C68204600F068
S2140179F089FA28B12146BDE81040024800F0EEBDE4
S214017A0010BD00BF9933040008B5D0E9023253F81F
S214017A102230186800F060F920B1BDE8084002483D
S214017A2000F0DCBD08BD00BFBB330400F0B5D0E9F3
S214017A30023253F8221003EB82035B680F681D784D
S214017A409BB0642D04D964210F4800F0C7FD64255E
S214017A502A46384601A900F0F7F8044680B90B48D3
S214017A6000F0BCFD01AE013DA54201DC1BB0F0BD3E
S214017A70391916F8012B064800F0B0FD0134F3E77A
S214017A80044800F0ABFDF1E7DE330400FE330400EA
S214017A90153404002834040070B500258CB028463F
S214017AA003A900F0EDF808B10CB070BD049B29469F
S214017AB0039A0093234800F091FD234800F08EFDC1
S214017AC0059910290CD810290CD8DFE801F00F14FD
S214017AD0300B320B0B0B340B0B0B0B0B0B0B380059
S214017AE020292AD0194800F079FD07E0184800F04F
S214017AF075FD0135D3E7174800F070FD0699164865
S214017B0000F06CFD0799154800F068FD144800F078
S214017B1065FD10240DF11F0616F8011F1148013CE2
S214017B2000F05CFD14F0FF04F6D10F48DFE70F48C4
S214017B30E2E70F48E0E70F48DEE70F48DCE70F48CB
S214017B40DAE700BF4334040087340400E834040055
S214017B5098340400A8340400F73404000E350400F9
S214017B6026350400373504001DDE0300B03404005A
S214017B70B8340400C1340400CC340400E3340400F7
S214017B8010B50B4C8EB023785BB9EEF70DFE0146AF
S214017B9050B9012301A82370EEF78CFE054B049A19
S214017BA01A6020780EB010BD034800F017FDF8E704
S214017BB07B5B0020204400203D35040000B58FB0DB
S214017BC0FFF7DEFF002829D001A8EEF773FE059B1C
S214017BD01448198800F002FD059B13485969134B98
S214017BE0002908BF194600F0F9FC059B1048598882
S214017BF000F0F4FC059B0F48196900F0EFFC059BAB
S214017C000D48D96800F0EAFC059B0C48197E00F087
S214017C10E5FC0B4B0B48196800F0E0FC0FB05DF873
S214017C2004FB00BF7A3504008C350400970204007B
S214017C309E350400B2350400C6350400DA3504006A
S214017C4020440020EE35040070B5064615460C4665
S214017C5079B172B1FFF794FF68B121462A463046E2
S214017C60EEF732FF014618B1044800F0B7FC0120D8
S214017C7070BD2120FCE71120FAE700BF00360400A2
S214017C8037B505460C46FFF77BFFE0B1114B1B6885
S214017C90AB421AD9CCB100212422204601F056FE6F
S214017CA0214628461BF075F988B9284601AA04F131
S214017CB00801EEF7BBFE20B140F20643C01A18BF1A
S214017CC0012003B030BD1120FBE72120F9E7012098
S214017CD0F7E700BF20440020F0B593B00546FFF754
S214017CE04FFF00283AD0254B1A68AA4207D82946E2
S214017CF02348013A00F072FC212013B0F0BD05A81C
S214017D00EEF7D8FD284603A91BF043F940BB049AB9
S214017D1022F4FF57C2F30C0327F01F072BB14FF4D1
S214017D2000532946174800F059FC039E039BF31A9B
S214017D30BB4206D32A463946134800F04FFC0024BE
S214017D4018E025F0BEFC4FF400513046EEF748FF30
S214017D5006F50053044628B91E46E7E71120CCE78E
S214017D600120CAE7009033462A464FF400510748DF
S214017D7000F034FC201E18BF0120BEE7204400207E
S214017D802E360400DC3604009B3704004A37040014
S214017D9010B5044638B1FFF7F3FE30B10020044BAE
S214017DA01B68236010BD2120FCE71120FAE700BF05
S214017DB02044002010B50446FFF7E2FEB0B10C4B9C
S214017DC01A68A24206D821460A48013A00F006FC83
S214017DD0212010BD25F075FC40F2C122204606493F
S214017DE0EEF7E4FD003818BF0120F2E71120F0E7B6
S214017DF0204400202E3604005C41002010B50446C5
S214017E00FFF7BEFE70B121460848EEF7EFFD40F2DF
S214017E100323984208D040F2012398420CBF052064
S214017E20012010BD1120FCE70020FAE75C4100208C
S214017E302DE9F0412D4D04462F68FFF7A1FE0028DD
S214017E4051D02968A14207D84A1E2948214600F088
S214017E50C5FB2120BDE8F0812648EEF787FDDFF857
S214017E6094800246B0B943462E68964222D1BE425D
S214017E7014BF3A4606F1FF3212BB31461D48C8F818
S214017E800040EEF753FD014600B31B4800F0A6FB89
S214017E900120DFE72046EEF729FD044638B101460A
S214017EA0164800F09BFB201E18BF0120D2E7EEF714
S214017EB079FBF8E753F8041BA142DDD00132D4E781
S214017EC00C499200081D01F0EBFBD6E7296809482A
S214017ED0EEF74CFD044610B101460948D6E7EEF729
S214017EE061FB2046B6E71120B4E700BF204400201E
S214017EF02E3604003C410020E1370400B737040069
S214017F001438040070B50446FFF73AFE002844D042
S214017F10234B1A68A24207D821462248013A00F0AC
S214017F205DFB2124204670BD1F4800F057FB25F05D
S214017F30C8FB40F2C1221D492046EEF737FD40F24C
S214017F400326054625F0BDFB65B140F203239D429D
S214017F501AD02946164800F041FB0124154800F0C6
S214017F603DFBDFE725F0ADFB29461048EEF73EFD69
S214017F70B04209D040F20123984203D10E4800F0E6
S214017F802DFBE1E70546DFE721460C4800F026FB1E
S214017F902046FFF74DFF0446E0E71124C2E700BF85
S214017FA0204400202E3604004B3804005C4100209B
S214017FB06B3804001DDE03008A0E040083380400BB
S214017FC010B50A46044619B1024B00211B689847B2
S214017FD010BD00BFD87E040010B5114C2378580799
S214017FE044BF03F0FB032370990705D500F05AF848
S214017FF0237823F00203237063781BB10023094A18
S214018000636053600023082106486370FFF7D8FFBA
S2140180102378DA0744BF23F00103237010BD00BFA5
S214018020244400202844002038B5184C6278237870
S214018030022A01D1072B19D0DD0707D41BF0EEFE6B
S2140180402378054643F001032370E0B9980707D467
S21401805000F020F82378054643F00203237090B918
S21401806062780AB9D90704D45A0708D500252846E4
S21401807038BD074962604A6002226270F4E743F045
S21401808004032370F2E7FFF7A7FFF0E7244400207C
S214018090284400200122024B002083F8F02070477C
S2140180A0304400202DE9F0410A4C002526464FF0C9
S2140180B0010803272046C4F81C80277601351FF0E7
S2140180C008FE062D04F12804F4D1002386F8F030CA
S2140180D0BDE8F081304400202DE9F04F9B4691B079
S2140180E00B1E0A93B64B904614BF8146994600254F
S2140180F01A9E9BF8000070B9454538BF2A4643468C
S2140181004FF000000A9928BF08F1FF32C8472846F9
S21401811011B0BDE8F08F25280BF1010B06D02A46D9
S21401812043460A996C1CC8472546E2E700230CE043
S2140181302D2A1FD0302A05D0A2F1300009280ED8EA
S214018140002729E043F001038B46594611F8012B1D
S2140181502B2A12D0ECD8202A12D0232A13D02A2A6E
S21401816033D156F8047B8B46002FBCBF43F0020385
S2140181707F4218E043F00203E6E743F00403E3E737
S21401818043F00803E0E743F01003DDE70A208B46DF
S21401819000FB0722A2F13007594611F8012BA2F184
S2140181A030000928F2D99BF800202E2A44D19BF8EA
S2140181B001100BF10102A1F13000092843F480639C
S2140181C031D800244FF00A0C06E00027EBE7024600
S2140181D00CFB0411A1F13004104610F8011BA1F1AB
S2140181E0300EBEF1090FF2D9114611F8010B6C28B9
S2140181F02CD024D8682830D06A2837D011468B4630
S2140182001BF8010B67285DD8572832D8452807D0B8
S21401821085D9462800F0E680472880D143F40063DC
S21401822043F02003F2E02A2907D156F8044B0BF15C
S214018230020224EAE474D7E75A460024D4E77428F5
S21401824001D07A28DAD143F48073D8E750786C28C5
S214018250F9D143F44073911CD1E75078682802D0D5
S21401826043F08003CBE743F0C003F4E743F4007325
S214018270C5E7A0F158020F2A3FF651AF01A151F808
S21401828022F000BF1B8301001F8101001F81010036
S2140182901F8101001F8101001F8101001F81010054
S2140182A01F8101001F8101001F8101001B83010046
S2140182B0318401001B83010009840100E983010068
S2140182C009840100A0F16901C9B20F293FF627AF61
S2140182D0012249F2410C8A4012EA0C0218D10A29FD
S2140182E000F0E28007297FF41AAF43F021030593DB
S2140182F00823CDE903431023CDE9012356F8043BB7
S2140183002A460093484643460A991FF0D2FD79E073
S2140183106F2840F02D8108220BE0582810D06228E3
S21401832000F0248123F0100364284FF00A0200F0C5
S214018330278123F00C0323E17828F3D11022F8E7F4
S21401834043F02003FAE7D90506F1040A01D531689E
S21401835002E058060CD53178CDE90224CDE9047344
S21401836000294FEAD1730193B8BF4942009120E03A
S2140183701906ECD5B6F90010EEE779B1CDE9077329
S2140183800023CDE9042306F1070A2AF0070A06941A
S2140183900293FAE80223CDE9002316E1D80506F197
S2140183A0040A0FD5CDE90473CDE90224019133689F
S2140183B0009343462A4648460A991FF07AFD0AE189
S2140183C0157D0300590607D53178CDE904730023DE
S2140183D0CDE902240193C9E7316813F0800F18BF75
S2140183E089B2F2E743F02003CDE90173073626F0A0
S2140183F007060094B6EC020B43462A4648460A99FD
S214018400ECF7CEF9054674E667280ED0CDE9017380
S214018410073626F007060094B6EC020B43462A46BA
S21401842048460A99EBF7FCFFECE743F40063EDE7F7
S21401843013F0020423D04FF0010A6B1C0B932A465B
S21401844043460A9916F8040BC8475CB354460B9A80
S2140184501EE0434620200A99C84705EB0A020AF1A6
S214018460010A5745F5D8002F07F1FF3308BF00234F
S21401847007F1010A1D4408BF4FF0020ADDE7A246D4
S214018480EBE7551C434620200A99C8472A46013483
S214018490A742F6D8A7EB0A03574538BF00230B9A25
S2140184A01A440B920B9D24E63246002C52F8046BBC
S2140184B014BF21464FF0FF310B92324631441078FB
S2140184C008B1914211D1A2EB060A13F480620D9213
S2140184D002D0A24528BFA24613F002030E931BD179
S2140184E0AAEB05032A460C9308E00132E7E7531C82
S2140184F00F93202043460A99C8470F9A0C9BD3181E
S214018500BB42F4D3A7EB0A03574538BF00230AF151
S214018510010202EB030A1D44AB1B0C9304E01C464C
S21401852043462A460A99C8470C9B9D1916F8010B23
S21401853028B10D9B002BF3D0631E002CEFD10E9BB0
S21401854093B12A46AAEB050405E0561C43462020B3
S2140185500A99C847324613199F42F6D8A7EB0A0371
S214018560574538BF00231D440B9EC2E50222E0E6B4
S2140185703FF6E2AE692823F010037FF4D5AE0A2257
S214018580590548BF23F00103692803F4007102D09E
S21401859064287FF4F2AE00293FF4D5AE073626F004
S2140185A00706B24670685AF8081BCDE90773002320
S2140185B00593C30F0028029306940B46049202DA31
S2140185C04B4260EB4000CDE9003043462A46484620
S2140185D00A991FF0B0FC054656468AE50FB41FB54A
S2140185E006AA52F8043B02A90392009204484FF0EF
S2140185F0FF32FFF771FD05B05DF804EB04B070477C
S214018600D77F03001FB5034600914FF0FF3203A941
S2140186100248FFF761FD05B05DF804FBD77F030054
S2140186201FB5CDE90201009302A9134603484FF096
S214018630FF32FFF751FD05B05DF804FBDF7F030055
S2140186401FB5094B094A1868094B01A91860094B5F
S2140186501360094A0192094A1268CDE902231BF008
S21401866084FC05B05DF804FB0C6100201C3500207D
S2140186702035002000610020EC6E0400E047002059
S214018680014B18681BF085BC0C61002038B5F2F769
S214018690E3FA0446064D2B68D3F8B002F2F7D0FA97
S2140186A028681BF089FC2046BDE83840F2F7C8BAB6
S2140186B00C61002010B51F4CF0F7B2FD236F0120AE
S2140186C023F0070343F002032367F0F7B7FDD4F85E
S2140186D02031002023F0070343F00103C4F82031C2
S2140186E0D4F8403123F0030343F00103C4F84031CA
S2140186F0D4F8603123F0030343F00103C4F860317A
S214018700D4F8403223F0030343F00103C4F84032A7
S214018710D4F8003223F0070343F00103C4F8003213
S214018720D4F8083223F0070343F00103C4F80832F3
S21401873010BD00BF00800050064B1B681A7A022A43
S21401874001D81AB97047032A00D070471B68024A3D
S2140187501360704710610020E04700200022024BA2
S2140187605A60DA601A607047E447002008B501F0E5
S2140187705DFF0022014B1A7008BD00BF7C5B002024
S2140187800A4601491FF095BCF99604000A460149BC
S2140187901FF08FBCF49604000A4601491FF089BCFD
S2140187A0ED9604000A4601491FF083BCEA960400D0
S2140187B00A4601491FF07DBCE79604000A460149B6
S2140187C01FF077BCE29604000A4601491FF071BC0F
S2140187D0DD9604000A4601491FF06BBCD8960400DA
S2140187E00A4601491FF065BCD196040081F000419C
S2140187F002E000BF83F0004330B54FEA41044FEA80
S214018800430594EA050F08BF90EA020F1FBF54EA1A
S214018810000C55EA020C7FEA645C7FEA655C00F0B6
S214018820E2804FEA5454D4EB5555B8BF6D420CDD87
S2140188302C4480EA020281EA030382EA000083EA0A
S214018840010180EA020281EA0303362D88BF30BDAA
S21401885011F0004F4FEA01314FF4801C4CEA113100
S21401886002D0404261EB410113F0004F4FEA03335F
S2140188704CEA133302D0524263EB430394EA050FEA
S21401888000F0A780A4F10104D5F1200E0DDB02FA59
S2140188900EFC22FA05F2801841F1000103FA0EF2ED
S2140188A0801843FA05F359410EE0A5F120050EF1B3
S2140188B0200E012A03FA0EFC28BF4CF0020C43FAE4
S2140188C005F3C01851EBE37101F0004507D54FF0F1
S2140188D0000EDCF1000C7EEB00006EEB0101B1F541
S2140188E0801F1BD3B1F5001F0CD349085FEA300087
S2140188F04FEA3C0C04F101044FEA445212F5800F92
S21401890080F09A80BCF1004F08BF5FEA500C50F12E
S214018910000041EB045141EA050130BD5FEA4C0C11
S214018920404141EB0101013C28BFB1F5801FE9D26E
S21401893091F0000F04BF01460020B1FA81F308BF91
S2140189402033A3F10B03B3F120020CDA0C3208DD5D
S21401895002F1140CC2F10C0201FA0CF021FA02F138
S2140189600CE002F11402D8BFC2F1200C01FA02F1A8
S21401897020FA0CFCDCBF41EA0C019040E41AA2BFCD
S21401898001EB0451294330BD6FEA04041F3C1CDA95
S2140189900C340EDC04F11404C4F1200220FA04F0B5
S2140189A001FA02F340EA030021FA04F345EA03015F
S2140189B030BDC4F10C04C4F1200220FA02F001FA21
S2140189C004F340EA0300294630BD21FA04F02946A3
S2140189D030BD94F0000F83F4801306BF81F480113C
S2140189E00134013D4EE77FEA645C18BF7FEA655CAF
S2140189F029D094EA050F08BF90EA020F05D054EA81
S214018A00000C04BF1946104630BD91EA030F1EBF85
S214018A100021002030BD5FEA545C05D14000494189
S214018A2028BF41F0004130BD14F580043CBF01F57C
S214018A30801130BD01F0004545F0FE4141F4700162
S214018A404FF0000030BD7FEA645C1ABF194610463D
S214018A507FEA655C1CBF0B46024650EA013406BF3E
S214018A6052EA033591EA030F41F4002130BD00BFFD
S214018A7090F0000F04BF0021704730B54FF48064BA
S214018A8004F132044FF000054FF0000150E700BF3B
S214018A9090F0000F04BF0021704730B54FF480649A
S214018AA004F1320410F0004548BF40424FF0000187
S214018AB03EE700BF42004FEAE2014FEA31014FEACA
S214018AC002701FBF12F07F4393F07F4F81F0605119
S214018AD0704732F07F4208BF704793F07F4F04BF64
S214018AE041F40021704730B54FF4607401F0004541
S214018AF021F000411CE700BF50EA010208BF7047A1
S214018B0030B54FF000050AE050EA010208BF704791
S214018B1030B511F0004502D5404261EB41014FF4FA
S214018B20806404F132045FEA915C3FF4D8AE4FF002
S214018B3003025FEADC0C18BF03325FEADC0C18BFE5
S214018B40033202EBDC02C2F1200300FA03FC20FA36
S214018B5002F001FA03FE40EA0E0021FA02F1144483
S214018B60BDE600BF70B54FF0FF0C4CF4E06C1CEA9C
S214018B7011541DBF1CEA135594EA0C0F95EA0C0F0D
S214018B8000F0DEF82C4481EA030621EA4C5123EA80
S214018B904C5350EA013518BF52EA033541F48011AF
S214018BA043F4801338D0A0FB02CE4FF00005E1FB62
S214018BB002E506F00042E0FB03E54FF00006E1FBAC
S214018BC003569CF0000F18BF4EF0010EA4F1FF04EF
S214018BD0B6F5007F64F5407404D25FEA4E0E6D412F
S214018BE046EB060642EAC62141EA55514FEAC52040
S214018BF040EA5E504FEACE2EB4F1FD0C88BFBCF5BC
S214018C00E06F1ED8BEF1004F08BF5FEA500E50F16C
S214018C10000041EB045170BD06F0004646EA010132
S214018C2040EA020081EA0301B4EB5C04C2BFD4EB64
S214018C300C0541EA045170BD41F480114FF0000E5D
S214018C40013C00F3AB8014F1360FDEBF002001F0CB
S214018C50004170BDC4F10004203C35DA0C341BDC45
S214018C6004F11404C4F1200500FA05F320FA04F017
S214018C7001FA05F240EA020001F0004221F000414B
S214018C8010EBD37021FA04F642EB06015EEA430EBE
S214018C9008BF20EAD37070BDC4F10C04C4F12005EE
S214018CA000FA04F320FA05F001FA04F240EA0200A1
S214018CB001F0004110EBD37041F100015EEA430E72
S214018CC008BF20EAD37070BDC4F1200500FA05F292
S214018CD04EEA020E20FA04F301FA05F243EA020311
S214018CE021FA04F001F0004121FA04F220EA020020
S214018CF000EBD3705EEA430E08BF20EAD37070BD66
S214018D0094F0000F0FD101F00046400041EB010145
S214018D1011F4801F08BF013CF7D041EA060195F027
S214018D20000F18BF704703F00046520043EB0303E1
S214018D3013F4801F08BF013DF7D043EA06037047CE
S214018D4094EA0C0F0CEA135518BF95EA0C0F0CD0D9
S214018D5050EA410618BF52EA4306D1D181EA03011F
S214018D6001F000414FF0000070BD50EA410606BF19
S214018D701046194652EA430619D094EA0C0F02D15E
S214018D8050EA013613D195EA0C0F05D152EA0336A3
S214018D901CBF104619460AD181EA030101F00041C1
S214018DA041F0FE4141F470014FF0000070BD41F00A
S214018DB0FE4141F4780170BD70B54FF0FF0C4CF4E4
S214018DC0E06C1CEA11541DBF1CEA135594EA0C0F03
S214018DD095EA0C0F00F0A7F8A4EB050481EA030E50
S214018DE052EA03354FEA013100F088804FEA033337
S214018DF04FF0805545EA131343EA12634FEA022205
S214018E0045EA111545EA10654FEA00260EF00041C5
S214018E109D4208BF964244F1FD0404F5407402D217
S214018E205B084FEA3202B61A65EB03055B084FEAA8
S214018E3032024FF480104FF4002CB6EB020E75EBA5
S214018E40030E22BFB61A754640EA0C005B084FEACD
S214018E503202B6EB020E75EB030E22BFB61A75464A
S214018E6040EA5C005B084FEA3202B6EB020E75EB95
S214018E70030E22BFB61A754640EA9C005B084FEA0D
S214018E803202B6EB020E75EB030E22BFB61A75461A
S214018E9040EADC0055EA060E18D04FEA051545EA09
S214018EA016754FEA06164FEAC30343EA52734FEAB2
S214018EB0C2025FEA1C1CC0D111F4801F0BD141EA2B
S214018EC000014FF000004FF0004CB6E711F4801F90
S214018ED004BF01430020B4F1FD0C88BFBCF5E06F70
S214018EE03FF6AFAEB5EB030C04BFB6EB020C5FEA80
S214018EF0500C50F1000041EB045170BD0EF0004ED5
S214018F004EEA113114EB5C04C2BFD4EB0C0541EA06
S214018F10045170BD41F480114FF0000E013C90E603
S214018F2045EA060E8DE60CEA135594EA0C0F08BFC7
S214018F3095EA0C0F3FF43BAF94EA0C0F0AD150EAC6
S214018F4001347FF434AF95EA0C0F7FF425AF104659
S214018F5019462CE795EA0C0F06D152EA03353FF481
S214018F60FDAE1046194622E750EA410618BF52EAFE
S214018F7043067FF4C5AE50EA41047FF40DAF52EAD2
S214018F8043057FF4EBAE12E74FF0FF3C06E000BF6F
S214018F904FF0010C02E000BF4FF0010C4DF804CD7C
S214018FA04FEA410C7FEA6C5C4FEA430C18BF7FEA3C
S214018FB06C5C1BD001B050EA410C0CBF52EA430C6A
S214018FC091EA030F02BF90EA020F0020704710F1EA
S214018FD0000F91EA030F58BF994208BF90422CBF79
S214018FE0D8176FEAE37040F0010070474FEA410C72
S214018FF07FEA6C5C02D150EA013C07D14FEA430C90
S2140190007FEA6C5CD6D152EA033CD3D05DF8040B00
S214019010704700BF8446104662468C461946634632
S21401902000E000BF01B5FFF7B7FF002848BF10F109
S214019030000F01BD4DF808EDFFF7F4FF0CBF01204E
S21401904000205DF808FB00BF4DF808EDFFF7EAFFCA
S21401905034BF012000205DF808FB00BF4DF808ED85
S214019060FFF7E0FF94BF012000205DF808FB00BF7A
S2140190704DF808EDFFF7CEFF94BF012000205DF804
S21401908008FB00BF4DF808EDFFF7C4FF34BF012011
S21401909000205DF808FB00BF4FEA410212F50012FE
S2140190A015D211D56FF47873B3EB625212D94FEA29
S2140190B0C12343F0004343EA505311F0004F23FA13
S2140190C002F018BF404270474FF00000704750EA68
S2140190D0013005D111F0004008BF6FF00040704725
S2140190E04FF00000704700BF4A0011D212F500127F
S2140190F011D20DD56FF47873B3EB62520ED44FEAEA
S214019100C12343F0004343EA505323FA02F0704769
S2140191104FF00000704750EA013002D14FF0FF30A7
S21401912070474FF00000704753B94AB9002908BF8D
S21401913000281CBF4FF0FF314FF0FF3000F0B2B9EE
S214019140ADF1080C6DE904CE00F006F8DDF804E098
S214019150DDE9022304B070472DE9F04F8C46099EE5
S21401916004460F46002B48D18A4215465ED9B2FA0C
S21401917082F33BB1C3F120029F409D409C4020FA00
S21401918002F217434FEA154E1FFA85FC220CB7FB75
S214019190FEF10EFB117701FB0CF042EA074290420A
S2140191A007D9AA1801F1FF3702D2904200F258817E
S2140191B03946121AA4B2B2FBFEF00EFB102200FBD7
S2140191C00CFC44EA0244A4450BD92C1900F1FF32E9
S2140191D02CBF01270027A44502D9002F00F04381A8
S2140191E0104640EA0140A4EB0C0400211EB1DC400D
S2140191F00023C6E90043BDE8F08F8B4206D90EB1C5
S214019200C6E9000100210846BDE8F08FB3FA83F1F4
S214019210002951D16345C0F01681824240F2138184
S2140192200846002EE7D0C6E90047E4E7002A00F02A
S214019230AF80B2FA82F3002B40F0C2808A1A4FEA5E
S214019240154EAFB20121200CB2FBFEFC0EFB1C2218
S21401925040EA024207FB0CF090420ED9AA180CF124
S214019260FF382CBF4FF001094FF00009904203D997
S214019270B9F1000F00F0F080C446121AA4B2B2FB96
S214019280FEF00EFB102200FB07F744EA0244A74259
S2140192900ED92C1900F1FF322CBF4FF0010E4FF002
S2140192A0000EA74203D9BEF1000F00F0D28010468F
S2140192B0E41B40EA0C4099E7C1F120058B400CFA0B
S2140192C001F400FA01F922FA05F72CFA05FC8A40A6
S2140192D01F4320FA05F3380C23431FFA87FE1C0CA4
S2140192E0BCFBF0F800FB18CC44EA0C4408FB0EFC6F
S2140192F0A4450ED93C1908F1FF3A2CBF4FF0010BDB
S2140193004FF0000BA44503D9BBF1000F00F0B88065
S214019310D046A4EB0C041FFA83FCB4FBF0F300FB6D
S214019320134403FB0EFE4CEA0444A6450ED93C1931
S21401933003F1FF302CBF4FF0010C4FF0000CA64597
S21401934003D9BCF1000F00F09F80034643EA0840B2
S214019350A4EB0E04A0FB02EC64457346E04602D380
S21401936007D1F14505D2BEEB02036CEB070C0138C1
S214019370E0465EB1B9EB030264EB080404FA05F5B6
S21401938022FA01F3CC401D43C6E90054002132E71E
S21401939042082F464B08AC4642EAC172AE46C407A5
S2140193A0110C92B241EA034142EA0142B1FBF5F1E6
S2140193B0B3FBF5F01F23A2EB0C0241EA004142E7A2
S2140193C09D40C3F1200299409C402CFA02FC4FEAD2
S2140193D0154E20FA02F2AFB2BCFBFEF80A430EFBB2
S2140193E018CC110C41EA0C4108FB07FC8C4550D9FE
S2140193F0691808F1FF302CBF4FF001094FF0000942
S2140194008C4502D9B9F1000F30D0A1EB0C01B1FBAC
S214019410FEF808FB07FC0EFB181192B242EA014265
S214019420624534D2AA1808F1FF312CBF4FF001096A
S2140194304FF000096245BED2B9F1000FBBD1A8F1C9
S21401944002012A44B7E7841A6CEB0302012017468F
S214019450E7E62C4402382BE7ACF1020C2A440CE771
S21401946002392A44A5E62C440238BAE6A5EB0C0CD0
S214019470A8F102006144B1FBFEF808FB07FCCAE74D
S214019480A8F102083C4444E7023B3C445EE74146FF
S21401949091E7A1EB0C014046B1FBFEF808FB07FC87
S2140194A0B9E700BF704700BF2DE9F04F924685B07F
S2140194B089461E460D46554A0390294615F8014B26
S2140194C0135D13F00803F8D12D2C7CD02B2C4ED035
S2140194D04FF0FF3102936FF00043CDE9001336F0F1
S2140194E0100851D037464FEAE6783A464346DDE95A
S2140194F00001FFF719FE002383468E4618461946DB
S214019500A44613E0ACF13704A6421FDD002B09DBAD
S21401951083457EEB010305D38E4508BF83453BD1CA
S214019520A24239DA4FF0FF3315F801CBACF1300423
S214019530092CE9D9ACF14104192CE3D9ACF1610449
S214019540192C03D8ACF15704A642DFDC5A1C2FD0E5
S214019550029A12B1404261EB4101BAF1000F03D009
S214019560002B48D1CAF8009005B0BDE8F08F4FF047
S214019570FF30029336F010086FF000432C7801F1AB
S2140195800205CDE90003ADD1302C25D0002E3AD10D
S2140195900A27B0463E46A8E700FB08F307FB01335F
S2140195A0A0FB07010B44201843EBE4710123BBE742
S2140195B02223039A1360BAF1000F17D005F1FF3981
S2140195C0DDE90001CEE74FF00047009301232C7838
S2140195D08D1CCDE9017382E72B7803F0DF03582B4E
S2140195E00CD086B90827B0463E467EE7DDE9000185
S2140195F005B0BDE8F08FCDE90001DFE710276C78F4
S21401960002353E4671E710273E466EE70197040095
S2140196104AE700BF10B4044C13460A4601462068C8
S2140196205DF8044B40E700BF4061002010B4044CD5
S21401963013460A46014620685DF8044B34E700BF2E
S2140196404061002020F0030110F00300C0F100008B
S21401965051F8043B00F1040C4FEACC0C6FF0000209
S2140196601CBF22FA0CF213434FF0010C4CEA0C2CEF
S2140196704CEA0C4CA3EB0C0222EA030212EACC12CF
S21401968004BF51F8043B0430F4D0C2F1000102EAF1
S2140196900102B2FA82F2C2F11F0200EBD200704759
S2140196A088420ED98B1883420BD900EB020C002A94
S2140196B06ED0624613F801CD994202F801CDF9D178
S2140196C070470F2A0FD8034602F1FF3C002A5FD0ED
S2140196D00CF1010C013B8C4411F8012B614503F898
S2140196E0012FF9D1704740EA01039B0751D1A2F13E
S2140196F0100301F1200C70B523F00F0501F1100ED7
S21401970000F110041B09AC445EF8105C0EF1100E5B
S214019710103444F8205C5EF81C5C44F81C5C5EF86F
S214019720185C44F8185C5EF8145CE64544F8145C72
S214019730EAD1013312F00C0F02F00F0C01EB03110A
S21401974000EB031329D0ACF1040C1C1F8E462CF041
S21401975003064FEA9C0C1E445EF8045B44F8045F63
S214019760B442F9D10CF1010402F0030203EB8403C5
S21401977001EB840102F1FF3C4AB10CF1010C013B03
S2140197808C4411F8012B614503F8012FF9D170BD06
S214019790704702F1FF3C03469AE76246EAE700BFDC
S2140197A02DE9F04780460C464548264614F801EB5D
S2140197B010F80EC01CF0080CF7D1BEF12D0F5BD0CF
S2140197C0BEF12B0F3AD0654633F010003ED04FF075
S2140197D0FF379A46B7FBF3F703FB07F96FEA090968
S2140197E0002630460EE0AEF1370C63451DDD002E37
S2140197F004DBB84202D833D1CC4531DD4FF0FF3619
S21401980014F801EBAEF1300CBCF1090FEDD9AEF155
S214019810410CBCF1190FE6D9AEF1610CBCF1190F80
S21401982003D8AEF1570C6345E1DC731C1CD005B1BF
S21401983040420AB1F6B91160BDE8F08733F0100076
S21401984094F800E0654606F10204C0D1BEF1300F7F
S21401985017D06BBB0A234FF005091A4F9A46BFE78C
S21401986000FB0AC00126CBE722233046C8F80030A9
S214019870002AE1D0611EDEE794F800E00125B41C61
S214019880A2E7207800F0DF00582807D083B9082324
S2140198904FF007096FF060479A46A1E7102394F846
S2140198A001E04FF00F0902346FF070479A4697E7D0
S2140198B010234FF00F096FF070479A4690E700BFEC
S2140198C001970400999999196AE700BF10B4044CEE
S2140198D013460A46014620685DF8044B60E700BF60
S2140198E04061002010B4044C13460A460146206825
S2140198F05DF8044B54E700BF406100200F4B70B584
S2140199000F4DAB42A3EB050607D0B6100024013479
S21401991055F8043B9847A642F9D80A4D24F0D0F8EA
S214019920094B5E1BAB424FEAA60606D00024013463
S21401993055F8043B9847A642F9D870BD1465002037
S21401994014650020146500201865002070B5860790
S21401995047D0541E002A3ED0CAB2034601E0013C5D
S21401996039D303F8012B9D07F9D1032C2CD9CDB29D
S2140199700F2C05EB052505EB054535D9A4F1100C93
S21401998003F1100E1A462CF00F064FEA1C1CB644C3
S214019990C2E90055C2E9025510327245F8D10CF100
S2140199A0010214F00C0F04F00F0C03EB021213D09B
S2140199B0ACF1040323F003030433134442F8045BBD
S2140199C09342FBD10CF003042CB1C9B21C4403F83A
S2140199D0011BA342FBD170BD64461346002CF4D193
S2140199E0F9E703461446C0E71A46A446E0E700BF77
S2140199F0032A30B415D941EA000484460B46A4076D
S214019A0004D0541E0FE0043A032A08D919466046CA
S214019A1053F8044B5CF8045BA542F4D0F1E76046CA
S214019A201946541E7AB1431E0139021901E09A42C1
S214019A3009D013F8010F11F801CF6045F7D0A0EB5C
S214019A400C0030BC7047002030BC704780EA010C27
S214019A501CF0030F37D110F0030C20F0030021F0A7
S214019A60030150F8042B08BF51F8043B0ED08CF0CC
S214019A70030C6FF07F434FEACC0C23FA0CFC51F831
S214019A80043B42EA0C0243EA0C0300BFA2F1013C8C
S214019A909A4201BF2CEA020C1CF0803F50F8042BBE
S214019AA051F8043BF2D04FEA02604FEA1222012835
S214019AB028BFB0EB036F08BF1B0AF4D003F0FF0307
S214019AC0000EC01A704710F0030F0AD010F8012BD1
S214019AD011F8013B012A28BF9A42F4D0A2EB0300F9
S214019AE070474DF8045D50F8042B01F0030521F092
S214019AF0030151F8043B022D26D04DD822F07F45B4
S214019B00B5EB132FA2F1013C2CEA020C0DD11CF08F
S214019B10803C08BF51F8043B0AD185EA0205B5EB43
S214019B20036F0CD150F8042BE8E74FEA13235BE0F0
S214019B303CF07F4C54D10B784FEA126554E04FEA63
S214019B40126503F0FF034FE04FEA0245A2F1013C24
S214019B504FEA15452CEA020CB5EB134F18D11CF051
S214019B60803C08BF51F8043B07D185EA0205B5EBF6
S214019B70034F09D150F8042BE6E75FEA0C4C2FD1CE
S214019B800B884FEA12452FE04FEA03434FEA12458E
S214019B904FEA134328E000BF02F0FF05B5EB136F51
S214019BA0A2F1013C2CEA020C0DD11CF0803C08BF4E
S214019BB051F8043B0AD185EA0205B5EB032F0AD119
S214019BC050F8042BE8E74FEA13630DE012F0FF0F9D
S214019BD006D051F8043B4FEA122523F07F4303E0F9
S214019BE04FF0000020BC704705F0FF0203F0FF00B5
S214019BF0012828BF904204BF2D0A1B0AF4D0A2EB0D
S214019C00000020BC704700BFCAB384460B4630B57F
S214019C1004460843800719D09CF800000C78A0423F
S214019C2012D150B3012A28D0E64603E01CEB030FFD
S214019C3023D010B31EF8010F11F8014FA2EB0E034B
S214019C40A04203F1FF33F1D0001B30BD032A07D831
S214019C50E2E7043A11D01EF0803F0ED1032A10D954
S214019C602068194653F8045BA446A0F1013E04346B
S214019C70A8422EEA000EECD0CEE7002030BD1046FA
S214019C807047A4461946C7E7844641EA000313F025
S214019C90030349D1403A23D30B6803604B68436002
S214019CA08B688360CB68C3600B6903614B69436152
S214019CB08B698361CB69C3610B6A03624B6A43623A
S214019CC08B6A8362CB6AC3620B6B03634B6B436322
S214019CD08B6B8363CB6BC36340304031403ADBD23E
S214019CE030320BD30B6803604B6843608B6883602C
S214019CF0CB68C36010301031103AF3D20C3205D362
S214019D0051F8043B40F8043B043AF9D2043208D037
S214019D10D2071CBF11F8013B00F8013B01D30B88A9
S214019D2003806046704700BF082A13D38B07B1D063
S214019D3010F00303AED0C3F10403D21ADB071CBF35
S214019D4011F8013B00F8013BA4D331F8023B20F89F
S214019D50023B9FE7043AD9D3013A11F8013B00F8D8
S214019D60013BF9D20B7803704B7843708B78837084
S214019D70604670472DE9F04F82468E463F4875464D
S214019D801EF801BB10F80B4014F00804F7D1BBF124
S214019D902D0F5BD0BBF12B0F6FF0004904BF9EF86F
S214019DA000B005F1020E33F0100010D1BBF1300FF8
S214019DB004D0002B5ED10A231F4609E09EF800005E
S214019DC000F0DF0058284ED0002B53D108231F4641
S214019DD00025B9FBF7F6284607FB16980EE0ABF10F
S214019DE0370C63451DDD002D04DB864202D321D1ED
S214019DF0E0451FDA4FF0FF351EF801BBABF1300C22
S214019E00BCF1090FEDD9ABF1410CBCF1190FE6D944
S214019E10ABF1610CBCF1190F03D8ABF1570C6345DC
S214019E20E1DC6B1C0AD004B140420AB1CDB9116025
S214019E30BDE8F08F07FB00C00125DDE72223CAF845
S214019E4000305AB10EF1FF314846F0E79EF800B0F7
S214019E504FF0004905F1020E0124A4E74846BDE88B
S214019E60F08F8146EEE710239EF801B00EF1020E48
S214019E701F46ADE710231F46AAE700BF019704005F
S214019E80242B02D8012B00D074E710B500F06CF833
S214019E9016230360002010BD10B5242A084C134673
S214019EA0246807D8012A05D00A4601462046BDE89F
S214019EB010405FE700F058F816230360002010BD3D
S214019EC04061002010B5242A084C1346246807D8A0
S214019ED0012A05D00A4601462046BDE8104049E75A
S214019EE000F042F816230360002010BD40610020F8
S214019EF0024B014618681AF022BE00BF40610020DE
S214019F00024B014618681AF01DBE00BF40610020D2
S214019F1008B5064B044613B1002100F081F8044B46
S214019F201B6803B19847204619F0BBF821A0010031
S214019F302C490020002301461A46184600F01AB89C
S214019F4038B5074D074C2C1BA41005D0013C55F81D
S214019F50043D9847002CF9D1BDE8384023F0B6BD42
S214019F601C65002018650020014B1868704700BF6B
S214019F7040610020F0B5264C83B006460F462568A2
S214019F8005B36C681F2C3FDCA6B1D5F8880048B332
S214019F90D0F800114FF0010C40F82420022E00EBFF
S214019FA084020CFA04FC4CEA0101C0F80011C2F864
S214019FB0803010D0631C002002346B6045F824709A
S214019FC003B0F0BD13491448216010B10068C1F810
S214019FD08800104DD5E7D0F8043143EA0C03C0F8E9
S214019FE00431E7E70D49CDE9002369B14FF48470E8
S214019FF0FFF77EFF40B100216C68C0E94011DDE942
S21401A0000023C5F88800C5E74FF0FF30D8E700BF4A
S21401A010BC4900203049002000000000F19E0100EC
S21401A0202DE9F04FDFF8B49083B0D9F8006096B30D
S21401A030884601907568D6F888706C1E2BD4013559
S21401A04007F1800B06EB8505B8F1000F26D1736882
S21401A0502A68013BA3423BD000232B60BAB1D6F855
S21401A06004A05FB30123D7F80011A3400B4225D00B
S21401A070D7F8040157F8241003422BD101989047D2
S21401A0807368D9F8002053451ED1B2421CD1013C59
S21401A090043D631CD8D103B0BDE8F08F4FB15BF827
S21401A0A024304345D3D0013C043D621CF3D0002F3D
S21401A0B0F5D1013CEFD3013CFBD2ECE79047736846
S21401A0C0D9F800205345E0D0002AE4D01646B1E77F
S21401A0D07460C3E708469047D2E700BFBC4900203A
S21401A0E0431E033306D8044B984228BF18466428FB
S21401A0F038BF6420704700BF40420F0038B5194B87
S21401A10005461B680C4603B1984744B1236833B132
S21401A1101B68013303D0E3680BB1A3684BB91EF08B
S21401A12084FC00204FF4C172412100F0FFF9212088
S21401A13038BD204602F04AFC00230B4A85F83C3124
S21401A140C5E93743C2E9003363694BB1074A422187
S21401A15010684FF4D272C31A5842584100F0E6F91B
S21401A1600020E5E72C4C0020405E0020904C0020AB
S21401A170F8B5044623F099F9002607460E4B1B68EE
S21401A18093B19E68AEB196F82420D20711D4354615
S21401A1900FCC0FC50FCC0FC523682B6096F8243063
S21401A1A043F0010386F82430384623F079F9304627
S21401A1B0F8BD1B68E4E700BF9461002010B50446B3
S21401A1C018B9054B054A136010BD00F0D9FCD4F848
S21401A1D0E830002BF6D1F4E7D5810300906100202A
S21401A1E0014B1868704700BF405E002008B5024664
S21401A1F00868FFF775FF08604868FFF771FF486059
S21401A2008868FFF76DFF8860C868FFF769FF0B690C
S21401A210C860581C03D00B48834228BF03460B6115
S21401A2204B69581C03D00748834228BF03468869F8
S21401A2304B61FFF755FFBDE808408861104601F005
S21401A2407BBC00BF40420F00D0F8E0302DE9F04162
S21401A25005460C4613B1C38D8B424CD0D5F8DC3085
S21401A260002B4BD09E68002E48D0D868002845D0D9
S21401A270013800B200281ADB002106E0128A591CB8
S21401A280A24217D209B2884211DB0B1803EBD37333
S21401A2905B1003EBC30206EB8202B2F80EC003F1B9
S21401A2A0FF3EA445EAD90FFA8EF08842EDDA212066
S21401A2B0BDE8F0814FF6FF7299B29142F7D09BB29A
S21401A2C003EBC30306EB83062846B6F9122095F87E
S21401A2D03011D5F8F080EFF7CBFA0746B8F1000F4A
S21401A2E004D00023324628461946C047EC85C5F8F7
S21401A2F0E06085F839710020BDE8F0810E20BDE8E8
S21401A300F08100BF2DE9F04782B004460F4616469D
S21401A31001F086FE002863D14F4D2B68D4F8DCA0EF
S21401A320D4F8E0800BB1534576D04FF00009AF600A
S21401A33001F09EFE0128074665D120461EF0B4FABC
S21401A340002851D12B68DAF80010D8F8002013B194
S21401A350186888426BD020461EF058FAC5E900A856
S21401A360D4F8F0508DF80760002D67D00022204603
S21401A37011460DF10703A847204600F0EDFF0546FC
S21401A380B9F1000F0FD076B9D4F88C300BBB012F82
S21401A39005D025B1314B002103205B68984728463C
S21401A3A002B0BDE8F087B5FA85F040F207523321D6
S21401A3B0400900F0BBF83146204601F00BFA284B65
S21401A3C005461B68414620469847D4F88C30002B3A
S21401A3D0DDD000224FF40073204600F0E1FBD6E703
S21401A3E000231D4D6B6098E794F82530DA07A9D550
S21401A3F0D4F894305B05A5D51A4B012200212046DE
S21401A4001B6898479EE70021012000F001FC01F03F
S21401A4102FFE0128FBD190E76B68002B85D04345C2
S21401A42083D1AB689F4215D04FF001097FE7696879
S21401A43011B10968914291D059688CE794F82A10B5
S21401A44094F839313246994228BF1946204600F021
S21401A450D1FE91E70025A2E7405E00209C61002026
S21401A46090610020304C0020F8B50F46054623F0D9
S21401A4701CF8394606462846FFF7E6FE044620B194
S21401A480304623F00DF82046F8BD01F0A7FD224620
S21401A49039462846FFF736FF04460028F0D12846FD
S21401A4A01EF002FA0028EBD095F8253013F00103D0
S21401A4B00DD0D5F8942052050DD5B5F82A21BA420B
S21401A4C005D0B5F82C31DB1BB3FA83F35B09034ADD
S21401A4D082F8C430D4E72346F9E700BF001E00B077
S21401A4E013B5044669461DF0A3FF20461EF0E7F8A3
S21401A4F0FF28024606D020469DF80010EFF736FAF0
S21401A50002B010BD0048FBE70080FFFF38B5044DE0
S21401A510044C054B286021601A6022F01BFC38BDF4
S21401A520C04B002098610020C44B002010B550B9E4
S21401A5300548064B0160064802601868054B18601E
S21401A5401868FFF7E3FF10BD986100201C4D00203E
S21401A550C44B0020C04B00202DE9F0418AB001AC6D
S21401A56005460B462746194A02F1200C2646106876
S21401A5705168083203C662453446F7D1002B08BF3E
S21401A5803B46002710681C463060384603F10C062F
S21401A59090B95FFA87F84246284621881EF087F967
S21401A5A050B942462846E1881EF092F920B9424643
S21401A5B0314628461EF09EF90137032F06F108069C
S21401A5C004F10204E4D10AB0BDE8F0812498040045
S21401A5D0F0B589B005460E461EF09BF9044600BB51
S21401A5E001AC06F10C070FCF0FC497E8070084E80B
S21401A5F0070001A92846FFF7F9FD2846311D1EF080
S21401A60062FB044648B92846074901F057FA044652
S21401A61018B9284601F0C6FD044628463168FFF7FA
S21401A6209BFF204609B0F0BD1C98040001491DF0AF
S21401A63052BF00BF75C1010070B5164E032804460F
S21401A6400D4633781ED023FA04F202F00102AA4224
S21401A6501DD053B10122A240A54023EA02032B4399
S21401A660DBB233704BB1012070BD2DB10A4B012016
S21401A6701B6898473378EDE73570074B00201B6859
S21401A6809847F0E79A07DED003F0FC03E9E70020DD
S21401A69070BD00BF7D5B0020044C002038B5044629
S21401A6A00D4605F077FD60B101F0C6FC48B9012DF5
S21401A6B007D801201EF0D8F80D4B1B6823B15B6844
S21401A6C098470C4B1C7038BD23F049F80A4B1A68A2
S21401A6D0801A186021F0BAFC4FF47A72074B1B6897
S21401A6E002FB00301DF0F5FE012001F0ADFCE8E7AD
S21401A6F0284C0020DE640020FC4B0020004C00208B
S21401A700F8B505460C4622F0D0FE104F06463B78BB
S21401A71033B1012D04D01CB90D4821F0EBFB3C7080
S21401A72021462846FFF788FF0A4B04461B783BB9AB
S21401A7303B782BB91EF08CF810B1074B1B68984775
S21401A740304622F0ADFE2046F8BD00BF7E5B0020FD
S21401A750D84B00207D5B00209C610020054A0B46FB
S21401A760117831B100211170034A0121526818781D
S21401A770104770477E5B00209C610020124B023917
S21401A780012910B518701ED805F004FDD8B101F0E6
S21401A79053FCC0B101F034FAA8B90C4B1C6834B1B3
S21401A7A023689847BDE8104000201EF05DB81DF0F4
S21401A7B08EFE074B186022F0D2FF064B186020462B
S21401A7C001F042FCEEE710BDDE640020284C0020BC
S21401A7D0004C0020FC4B002038B5044680B122F026
S21401A7E064FE01210446084621F026F801210B4AA1
S21401A7F008461AF077FA2046BDE8384022F050BEE7
S21401A80022F053FE05462146012021F015F80120CD
S21401A8102146024A1AF066FA2846EDE7D06F040090
S21401A820F0B585B022F041FE344D04462B7823B1B5
S21401A830334821F05FFB002852D121F0E5FB02AA44
S21401A84003A91DF0EFFF0346002838D01DF0FEFFD8
S21401A850029B98421CD100202A4B03991B682A4E62
S21401A8609942307020D90027C91A012324482B7039
S21401A870264A3346CDE9007722F049FF002837D132
S21401A880234A1378D90701D53178F9B1204611E06A
S21401A8901DF0DAFF029B984228D00023184619497A
S21401A8A0194A0968137003910121FFF7C5FE0023B9
S21401A8B020462B7022F0F4FD002005B0F0BD2046A6
S21401A8C02B7022F0EDFD212005B0F0BD03F0FE0354
S21401A8D01370002BDAD10F4B1B6898472046E9E727
S21401A8E0204622F0DDFD0E2005B0F0BD0220B3E7C4
S21401A8F0032320462F703370F3E700BF7E5B0020F2
S21401A900D84B0020F84B0020DD6400205DA7010035
S21401A9107D5B0020044C002038B522F0C6FD0F4DAB
S21401A92004462B789BB90E4A0E4913700E4B0F4AFC
S21401A9300F481A600F4A5A60F0F724FC0E490F4878
S21401A940F0F720FC0E4B0F4A1A6001232B70F0F72C
S21401A95023FD204622F0A4FD002038BD7F5B0020A9
S21401A9607E5B0020489804009C61002021A801001D
S21401A970C84B002001A7010050980400D04B0020CE
S21401A980044C0020D9A701002DE9F0438F788046BA
S21401A9900F2F0C4685B003D9212005B0BDE8F08302
S21401A9A027B90123374A00201370F6E70D784E7851
S21401A9B0EDB9002EF0D194F90310E08803F00AF8FF
S21401A9C02128E9D055EA0603A088DFF8C89013D0FD
S21401A9D003F064F84FF60403B9F8002001469A42E2
S21401A9E04BD1AE42334638BF2B4600262DE0082D0C
S21401A9F0D2D8082ED0D8DEE703F050F84FF604057B
S21401AA0001464FF60500204A136E9BB2AB4208BFC3
S21401AA100346B1F5803FA9F800300FD90223082577
S21401AA20136680230126C2F880302B4649084FF66C
S21401AA30FF720139914228BF114608E080230126A2
S21401AA4008251666C2F880302B460029EFD1002271
S21401AA5002920122013FFFB2009201972A4608F1B5
S21401AA60F80002F0B7FE1EB14FF48012074B5A658C
S21401AA70074BA2681A60022394E703480266A9F806
S21401AA800030AEE7805B002000C001B800D001B8FE
S21401AA90104C00206264002010B50446D0F818213E
S21401AAA00B4B4FF40061C3F8A82090F82420D20184
S21401AAB002F4006205F0D2FA94F8243013F0100F75
S21401AAC04FF4007314BF034A034A136710BD00BF57
S21401AAD0001E00B0001002B8002002B8431C07D0C8
S21401AAE06FF0FF02034B10401A62A3F58053186201
S21401AAF0704700BF00E000B8F8B504460F4616469A
S21401AB0022F0D3FC0546A047044620B1284622F091
S21401AB10C7FC2046F8BD04F07FFC04220549D1F8A5
S21401AB20D83E23EA07033343C1F8D83E024B1A67DF
S21401AB30ECE700BF001000B0002002B800F01803D8
S21401AB40182B0AD003070AD440F2011310F01000A4
S21401AB5018BF1846034B186570470020FAE7012016
S21401AB60F8E700BF001F00B0044B1868830654BF07
S21401AB70C0F30F204FF6FF70704700BFF84C00205F
S21401AB8038B10368044A002B08BF1346034A136012
S21401AB907047014BFAE700BF1D850300A86100203E
S21401ABA010B4D0E9544122400B4052EA030104D0CC
S21401ABB003495DF8044B096808475DF8044B704784
S21401ABC0A86100200F2938B505460C460ED801F0BD
S21401ABD04FFA01280CD1074A2846D36B23F00F03FE
S21401ABE02343D3631DF0A4FE002038BD2120FCE7DB
S21401ABF00220FAE7001F00B0014B186C704700BF37
S21401AC00001F00B0014B002019647047001F00B000
S21401AC1003282DE9F347884655D82C4B13F80090A6
S21401AC202B4B1E5C2B4B13F800A022F03EFC074674
S21401AC3004F03EFB054640B100230022CDE9003377
S21401AC4001200023002104F079F904F039FB48B112
S21401AC5000230022CDE90033002000234FF40041F9
S21401AC6004F06CF96EB31C4BDC6C04F008041B4B4F
S21401AC703146DC64484604F02DFC524631464846CF
S21401AC8004F092FC164BDC646DB1164B1868D0F8D4
S21401AC909410F83003F06EFA13490868FFF71EFFA8
S21401ACA04FF0FF330B60B8F1000F04D00F4B0021BB
S21401ACB003205B689847384602B0BDE8F04722F0AB
S21401ACC0EFBB3446D3E702B0BDE8F08760980400D6
S21401ACD05C98040058980400004000B8006000B872
S21401ACE0005000B81C4D0020A46100209C6100208B
S21401ACF00F4A136F13F0A00F15D1506F10F0040018
S21401AD0013D10C4BD3F8D83E23F07F4323F0FF0337
S21401AD105BB1D368C3F30362092A07D0B2F10C0012
S21401AD2018BF01207047002070470120704700BF00
S21401AD30000002B8001000B070B50D46064620B9F6
S21401AD401A4B1B68A3B10E2011E001F091F90128FE
S21401AD5029D1174B93F90040C4F11C04641BC4F1BC
S21401AD601C03002BB8BF5B42232B0CDD212070BDDA
S21401AD7081EAE173A3EBE173DBB2232BF6D80C4B2C
S21401AD8019700020F3E786F8285022F08EFB094A56
S21401AD90E402D36904F4FF2423F4FF231C43D461A3
S21401ADA022F07EFBEDE70220E1E700BF1C4D00200C
S21401ADB0815B002000C000B818B9034B93F900006E
S21401ADC0704790F928007047815B002010B5044653
S21401ADD01DF06AFD10B1012001F0D4F92046FFF7FD
S21401ADE05BFE22F062FB0A4A0121D2F8A03004463B
S21401ADF023F02003C2F8A0300222064B08469A60D0
S21401AE00054B5B689847204622F04AFB002010BDA0
S21401AE10001E00B0001002B89C610020064B5A6A62
S21401AE20920207D4D3F8803013F4706F14BF012058
S21401AE300020704701207047004001B8F8B50E4663
S21401AE40D0F8943002EA010423EA01032343C0F850
S21401AE509430464A01F00B0323EA0401D1642340EF
S21401AE60A2F58052D3647207054610D50121FFF77B
S21401AE70D5FF60B104F0D0FA4FF4007314F0040F5C
S21401AE8014BF3B4A3B4A536204223B4B1A67F30604
S21401AE9006D514F0100F14BF00221B22374B5A653B
S21401AEA037061DD5200616D54FF40012304B1A6210
S21401AEB0012203F58053C3F8002122F0F6FA0E2191
S21401AEC00746032003F09EF840F201222B4B38463A
S21401AED0DA6222F0E5FA214605F1F80003F04AF9B4
S21401AEE0F10503D5E2052AD503F05CF8B30503D5D1
S21401AEF0A70527D503F062F816F48C6F1DD014F45D
S21401AF00806224D095F82530DC070CD5EA8DB5F89B
S21401AF102A31934219D0B5F82C31981A434243414D
S21401AF20174A82F8C430D5F8E41028461DF0F7FA1F
S21401AF308022144BD864144B1A610020F8BD03F02C
S21401AF402BF8D3E703F034F8D6E70123E8E77105D9
S21401AF50E9D595F82530DB07E5D5094B114683F889
S21401AF60C4200A4B28461B689847DCE7006000B8F7
S21401AF70005001B8006001B8002002B8004000B8D7
S21401AF80001E00B0001F00B0000002B8304C0020C8
S21401AF90014B1868704700BF1C4C002037B522F0E3
S21401AFA084FA002401230022CDE90034002305465B
S21401AFB01946104603F0C2FF022002F0E7FA064BDC
S21401AFC021461C60054B02205B689847284622F004
S21401AFD067FA204603B030BD244C00209C61002057
S21401AFE02DE9FF4102290D4616469846039004D1E5
S21401AFF0FFF7D4FF04B0BDE8F08122F056FA1E4FE9
S21401B00004463B683BB1B34205D022F049FA00231F
S21401B01021203B60EEE7194B0022C3F800803E601A
S21401B020002301264FF0000810461946CDE90066B8
S21401B03003F084FF124B022083F8008002F0A6FA88
S21401B04043462A46022003A902F0BEFA0D4B039A94
S21401B0501A6008B92046D8E70B4D2B689847212877
S21401B06004D0204622F01CFA0020C3E731466B6864
S21401B07002209847F5E700BF244C0020204C002012
S21401B080835B00201C4C00209C610020044B5B6EFF
S21401B0905B054EBF0120034B187800F00100704796
S21401B0A000C001B8835B00200A78022A11D0101F65
S21401B0B04242424152004B781201022B0BD0191F1B
S21401B0C04B424B415B000549054842EA8312FFF7B4
S21401B0D013BD0122EFE70123F5E700BFF0FFFF00F4
S21401B0E0B9C001000B78022B10D0181F4342434110
S21401B0F05B004A78022A0BD0111F4A424A4152008D
S21401B1000F21044843EA8202FFF7F6BC0123F0E769
S21401B1100122F5E7E5C001002DE9F8430E78044663
S21401B120042E0D4690F830810BD100275FFA87F97F
S21401B130484601F07DFD08B14E4602E00137042F76
S21401B140F4D1304601F074FD002849D094F830312E
S21401B150B34209D1AA88D4F8A8309A4204D16A88A1
S21401B160B4F832319A4238D084F83061AB88304630
S21401B170A4F834316B88A4F83231AB8804F598759D
S21401B180C4F8A830FF2384F82B301DF082FC84F825
S21401B1902A00284601F078FC18BB284601F03EFD3F
S21401B1A0F8B9D4F8E03053B194F83011414506D0DF
S21401B1B02046B3F91220EEF75BFB84F839012046EE
S21401B1C001F09AFE0949A4F834010123084AD1F88E
S21401B1D0FC1004F1F80003F0AFFC0020BDE8F88392
S21401B1E021200C2384F83031F8E700BF001F00B09F
S21401B1F0581F00B0F8B5054690F830010C460C28EB
S21401B200164623D0FF2923D01AB14FF0FF32114B37
S21401B2101A601DF03EFC074695F8300101F068FD06
S21401B220844228BF0446E4B2BC4238BF3C46E0B282
S21401B23085F82B0001F002FEFF280CBF2124002414
S21401B24016B9284601F068FD2046F8BD0224FBE742
S21401B2502124F9E7AC61002010B590F8303104469E
S21401B2600C2B43D0D0F8E03080F82A10D3B3D0F8B6
S21401B270F020CAB990F839318B421BD30022204600
S21401B280FFF7B8FF40BB1A4B1B78022B23D820468A
S21401B29001F032FE17490123174AD1F8FC1004F1D8
S21401B2A0F80003F049FC16E0B0F94220B3F9123079
S21401B2B09A42E3DD0022204694F83911FFF79AFFFF
S21401B2C050B9C4F8E00020461DF02CF84FF6FF7385
S21401B2D09842014601D1002010BD2046BDE810402D
S21401B2E0FFF7C2B8FF2380F82B30F4E70220F3E71C
S21401B2F066640020001F00B0581F00B0F0B51D4660
S21401B300144B04461B780F46164685B05BB1D0F841
S21401B310E030E3B102AAB3F912300092002218F02D
S21401B3203EFC05B0F0BD02A91DF082F89DF808109C
S21401B3303A462046EEF79CFA014626B92A462046AA
S21401B340FFF758FFEDE72046FFF786FFE9E71846C7
S21401B350E7E700BF76710400D0F89C30012B01D1DD
S21401B3600020704770B5044665498CB01DF0C6FBD9
S21401B370D4F8E0600146E58DC4F8E40026B13368F0
S21401B38013B15B68002B71D122F08FF822F088F898
S21401B3900123D4F8E4108DF80630B389D6E90120EC
S21401B3A0EB1A9BB200FB03225648ADF80430036843
S21401B3B000928B4207D020461DF0B1F880225249F8
S21401B3C0524BC8641A61514D00F052FE0128FBD160
S21401B3D0AB689E06F8D420469DF80620009906AB79
S21401B3E003F0E6F800283ED100F042FE0128FBD12A
S21401B3F0464A136FD801FCD493689906F9D4684677
S21401B40006A903F08DFA054668BBE28D404B5A64E7
S21401B41094F8243060F3410384F8243000F0EEFF02
S21401B420D4F8E0305969431E0E68DBB2FD2B029654
S21401B43022D9F31C34D84B68FF2803935ED101262A
S21401B440DA1C25D8024602A920461DF080FAE6B984
S21401B450D4F8543199053FD494F8243043F00203CC
S21401B46084F8243011E002200CB070BD1A68032A5B
S21401B4708AD99B6A5B0E8EE74B6801280393DED060
S21401B4800246204602A91DF062FA00200CB070BDEB
S21401B4900133204B5B6816D0DA1C23D80393D1E71F
S21401B4A01C4B01361B6818BF0126DD1C06D802930B
S21401B4B04B68FF280393C3D00020C3E7FF284B68DF
S21401B4C019D00393C3E7DD1C0FD80246204602A914
S21401B4D003931DF03CFABBE720464FF480311DF084
S21401B4E0BEFBD2E7FF28B2D1E6E7FF28B0D10022A3
S21401B4F0204602A9EDE701200393A1E72A46C0E70B
S21401B500FC1F00B00C4C0020001F00B0000002B869
S21401B510008001B8B461002010B50C4619B11DF0C9
S21401B520C3F900B10434204602F0B8FA024B404297
S21401B530C3F8C80E002010BD001000B0838E70B591
S21401B54093420C4615461CD3836C8B4208BF0024DD
S21401B55021F0ABFF4FF49C530B490646CA68C2F371
S21401B5600362D340DA0702D50B6F9B0304D4012292
S21401B5702946204601F016F8304621F091FF0020BA
S21401B58070BD2120FCE700BF000002B82DE9F84F8E
S21401B590064615460B4611B92120BDE8F88F002A4C
S21401B5A0FAD0032905D8002201F05EF903460028E7
S21401B5B0F2D01C889978B4F5804F01F0070080F02E
S21401B5C0C580A0F1070C1A7993F805A0DF88DCF195
S21401B5D0000343EB0C0305282B7394BF0023C1F330
S21401B5E00013C1F3801C6B738B0985F810C003F040
S21401B5F00203C1F3C00C43EA0C03C1F340116B74A0
S21401B600A974AF82002A40F0828096F81E31013B71
S21401B610DBB2EB74D6F89430DF0600F1838006388F
S21401B62001287FD8B6F81280F76908F1FF38484B31
S21401B630083C04EA08045B6D3B5D0134802B0EBFB9
S21401B6406FF07F03323B5BB2AB730023AB6096F8BF
S21401B650279004EA0804B9F1000F61D1631D03EADB
S21401B66008035A1C02EA0802BA5CFB5C43EA02239E
S21401B670D9040FFA83FB4CD5D6F8E43013B11B6816
S21401B680022B05D841F24D724C210020FEF74EFFE9
S21401B690D6F8E420CBF30B0392F82420DB000AB1A2
S21401B6A0B3FBF2F39A4508D83BB1CAEB0A2ABAFBB8
S21401B6B0F3FA6FEA0A0A5FFA8AF9D6F8EC3023B190
S21401B6C0484695F90E1098478146631C85F80F90F9
S21401B6D003EA0803F95C013303EA0803FA5C013361
S21401B6E003EA080341EA0221FA5C013303EA08038C
S21401B6F0F85C41EA0241002341EA00616A7C304677
S21401B70003F0D8FA06232860AB71002045E7531EE4
S21401B7107EE717F804904FEA49095FFA89F9CCE702
S21401B7209946D2E700230020EB730A4B5A69C2F30D
S21401B7300723120448BF63F0FF035AB212F1800FC9
S21401B7401CBF323B5AB2AA730346DCE7022024E749
S21401B750004000B800C000B838B5148811F00305E1
S21401B7604FEAC40422D13F2C20D9B4FA84F4C4F1A0
S21401B7701903DBB2052B01D8192C15D0052B28BFD0
S21401B780052301240633DBB29C40C4F3CF031380A8
S21401B79003828161448700F02DFF054A631E23431F
S21401B7A0C2F8A430284638BD2B46EAE72125F9E73A
S21401B7B0001E00B011F5004F1FBF01F30E01044B30
S21401B7C0C1F30E01002014BF99642120704700BF09
S21401B7D0008001B8F8B504460E4619B990F8243031
S21401B7E05A063FD44FF6FF73618ED4F8E47099423F
S21401B7F004D0314B1B680BB1204698472F4D2B6860
S21401B800BB424DD02E4B1B683BB11FB13A68002A94
S21401B81048D0BF683946204698470727204601F09A
S21401B8206BFB002E32D006270126264B94F92820E2
S21401B83093F900302449C3F11C039B1ACA69DB0241
S21401B84022F4FF2203F4FF231343CB61D4F8E43040
S21401B8501E4A2B601E4B976720461E701DF068F827
S21401B8600020F8BD4FF6FF71144DD0F8E4702A6839
S21401B87066F386139742418680F8243017D0104B22
S21401B8801B68002BC1D101F037FB072711493B4646
S21401B890114AD1F8FC1004F1F80003F04DF9C2E7A3
S21401B8A00127BBE71746204639469847B5E701F01A
S21401B8B023FB0127EAE700BF184C00200C4C0020B0
S21401B8C0144C0020815B002000C000B8006000B866
S21401B8D0825B0020001F00B0581F00B0054A1268A6
S21401B8E01AB190F81E1119B91047084602F0AABB02
S21401B8F001487047084C002000FEFFFF344B2DE93D
S21401B900F7431C6801F4007900F00103174653EA77
S21401B910090206460D4635D04FF000083BB300231A
S21401B920002200210120CDE9008803F007FB042056
S21401B93001F02CFE41462046FFF7D0FF012241468A
S21401B940208610461CF0A0FCD4F8941004F1F800F0
S21401B95002F010FC1F490868FFF7C0F84FF0FF33EC
S21401B9600B6094F8243043F0040384F82430B9F1D2
S21401B970000F07D0012120461DF071F925F400754E
S21401B98006430D432B4632462046FFF709F9FB07CF
S21401B9900FD51149114A0868002113681160012169
S21401B9A00F4A117003B198470E4B002102205B68C5
S21401B9B0984717F00E0F08D04FF409723B2100206C
S21401B9C003B0BDE8F043FEF7B1BD03B0BDE8F083B8
S21401B9D01C4D0020A4610020204C0020244C002097
S21401B9E0835B00209C61002008B5482200210248A4
S21401B9F0FDF7ACFF002008BDDC1E00B073B5782152
S21401BA006422A0F8141182210C23C0E94112C0E976
S21401BA104322C0F8002107224FF0FF35002680F8A8
S21401BA2030314FF6FF730446C28700F14C02826440
S21401BA301E4AC385A0F8403080F82C304386426306
S21401BA40038780F82860C0F8A850458580F82650FE
S21401BA5003F03EFC2046FFF7C7FF94F92810204666
S21401BA60FFF76AF9602340F6FF71114A2046D36456
S21401BA7002F11C42D162D1650E4A2946D3644022A6
S21401BA800D4B1A67D4F89420FFF7D8F90E2300223D
S21401BA90CDE9003340F202231046194603F04EFA70
S21401BAA001F0E2F8304602B070BD00BF4000FFFF73
S21401BAB0004000B8005000B8002002B810B50C468F
S21401BAC0FFF792FFBCB1A378082B16D8E278082AB4
S21401BAD013D843EA021313F0FF030CBF194661683B
S21401BAE0074AC2F8DC10217882F82011617882F8C2
S21401BAF0233182F82111002010BD2120FCE700BF70
S21401BB00001E00B0012A10B512D8032B10D803EB83
S21401BB1082020123074C934094F82201DBB221B143
S21401BB200343002084F8223110BD20EA0303F8E71E
S21401BB302120F9E7001E00B0034670B50C68B0F886
S21401BB403421013408BFD3F800418D6808BF0C606A
S21401BB504C68F830013404BFD3F80C414C606E1CBD
S21401BB603CD1D3F80841CE688C60751C3CD1D3F823
S21401BB7004510E69CD60013604BFD3F8F8600E613A
S21401BB804E69013604BFD3F8FC604E618E690136FA
S21401BB9004BFD3F810618E618E695EB35A32B24229
S21401BBA038BF32460E688A6116B15A2E38BF5A26F9
S21401BBB0C3F808414C68C3E94065C3E943420A69D2
S21401BBC0C3F8F8204A690C49C3F8FC20D1F8FC10E8
S21401BBD007230A4A02F0B0FF002070BD02F15A04A2
S21401BBE0AC4238BF2C46BEE702F17805B54238BFF5
S21401BBF03546BEE76422D5E7001F00B0581F00B0E7
S21401BC0070B521F052FC04460B4E00F031FA0128C3
S21401BC1005D0204621F044FC0225284670BDF36875
S21401BC2013F0706FC3F30365EFD1B36ADB06ECD58F
S21401BC30204621F035FCF0E7000002B838B521F0C7
S21401BC4034FC4FF6FF710A4A13888B4203D121F068
S21401BC5027FC0E2038BD074C074D1B046566A4F56E
S21401BC6080546366118021F01BFC0020F2E700BFC0
S21401BC7064640020006001B80000FFFF2DE9F7436F
S21401BC8004460F4615461E46FFF732F830B3A38A20
S21401BC9023B320461CF00EFC78B9002E40F0F2804B
S21401BCA0794BD3F8D83E03F03002102A00F0EA8030
S21401BCB003F0C003402B00F0E580DFF80082D8F8DF
S21401BCC01430D90740F1DE8021F0EFFB0646032051
S21401BCD001F058FD30B1304621F0E2FB022003B0FE
S21401BCE0BDE8F083D8F8142012F00608F3D13046E8
S21401BCF021F0D6FB644B4FF400612046D3F8D89E62
S21401BD00D3F8AC6E04F0BEF940B14FF400720121D5
S21401BD105E4B08461A6742461CF0B6FA94F8253080
S21401BD20DA0707D5D4F894305B0542BF4FF40022FA
S21401BD30574B1A6739462046FEF796FB524BC3F817
S21401BD40D89EC3F8AC6E0028C9D194F82430980662
S21401BD5001D4002D57D0C5F3400003F023FB022386
S21401BD6015F4807F1BBF0021494A484A136717BF55
S21401BD70484A13675161136303F04EFB4FF4806327
S21401BD8015F0040F14BF444A444A15F0400F53629D
S21401BD904FF004023D4B28461A674FF0400314BF8C
S21401BDA03F4A404AC2F88830FEF7C8FE20461CF0DB
S21401BDB0ABFC38B14FF4807315F0010F14BF344A51
S21401BDC0324A1367A90647D54FF6FF72B4F84030DA
S21401BDD093420FD0344A3549526E100CC2F3011209
S21401BDE00132B3FBF2F308802B4A2C4930481B047E
S21401BDF048665366003D18BF012594F8243065F364
S21401BE00451384F8243020461CF04EFDF0B1204640
S21401BE101CF07AFCD0B14FF40031204604F032F920
S21401BE20431C03229BB2234801A91CF0F5FD9DF893
S21401BE30042002F00703052B9DF8053015D11207E3
S21401BE400DD443F480731C4AC2F8B830002003B006
S21401BE50BDE8F0431CF0EDBDFFF7F0FECAE713F0B6
S21401BE60040F09D19DF80630EBE703F03002202AD3
S21401BE7005D113F0010FF4E74FF48073E3E79DF863
S21401BE800630E0E70E202AE7001000B0002002B8D6
S21401BE90001002B800400054005001B8006001B81C
S21401BEA000D000B800E000B8004001B8646400208B
S21401BEB00000FFFF08400054001E00B000C001B89B
S21401BEC02DE9F3410646884615461F4621F0EDFA50
S21401BED00446032001F056FC38B1204621F0E0FA72
S21401BEE00E24204602B0BDE8F081042001F04AFC91
S21401BEF00028F2D1204621F0D3FA01232A464146F2
S21401BF003046FFF7BBFE04460028EAD1DFF8C880BA
S21401BF105FB388F8000039463046FEF735FD002845
S21401BF204CD198F80030012B1CD02022244B1A67E4
S21401BF30244BDB6CB3F5817F1FD201201CF0BAFDC8
S21401BF4021F0B3FA204B06461B680193CBB901F0EA
S21401BF5093FC15F0800526D101F0E0FC284603F09D
S21401BF60F5F925E003F008FABBE798F80030012B55
S21401BF70F8D0002BD9D12124B3E78022134B1A61C4
S21401BF80DBE7042001F002FB00230122042001A9C3
S21401BF9001F01AFB0028DAD103F056FA21243046C4
S21401BFA021F07EFA9DE70022094B9A6701F0B6FC64
S21401BFB0084B01215B6800209847F0E7044690E7AC
S21401BFC0001002B8001F00B0104C0020000002B89C
S21401BFD000C001B89C610020805B002008B50C4BB6
S21401BFE0D3F84C114B1C12D011F080410FD1094BE4
S21401BFF01B6813B10320FEF70BFE4FF080624FF46F
S21401C0000071054BDA67054AD16201225A6108BD03
S21401C0100080E00F1C4D0020001002B8004000B860
S21401C0204FF40022034B186F03F500531A67C0F351
S21401C030C0407047000002B8024B586900F001008A
S21401C040704700BF00C001B8084B5A69D10707D531
S21401C05008B901F077BA5B69DA0706D401F064BA69
S21401C0605B69DB0701D40028F8D1704700C001B82E
S21401C0700F4BDB68C3F30363013B0B2B0FD8DFE8E1
S21401C08003F006060C06060606080A08080802203B
S21401C0907047042070470520704703207047054B02
S21401C0A05B6913F0060F0CBF01200420704700BF28
S21401C0B0000002B800C001B8094AD368C3F303639D
S21401C0C00B2B08D06FF49050184100F0010080F05F
S21401C0D0010040007047106F10F48030EDD17047BA
S21401C0E0000002B80C4AD368C3F30363062B07D8D3
S21401C0F0042BD8B20BD8C31E584258414000704793
S21401C100072B06D1D2F830010028ECD17047022067
S21401C11070470020704700BF000002B8094BDB687B
S21401C120C3F303639A1E012A8CBF00220122012B4E
S21401C13002701EBF4FF4026222FA03F303F00103FA
S21401C1400B707047000002B8094AD368C3F3036353
S21401C150032B01D0072B08D1536FDB0605D4906F54
S21401C16080F00800C0F3C00070470020704700BF91
S21401C170000002B8024B002219681CF076BB00BF13
S21401C180C4980400024B1B6803B11847704700BFF0
S21401C1903C4C0020024B1B6803B11847704700BF98
S21401C1A0384C002010B5FF224FF6FF7104461CF0F4
S21401C1B07EFB68B9FF224FF6FF7120461CF088FB14
S21401C1C030B92046BDE81040FF2202491CF092BB60
S21401C1D010BD00BF689804002DE9F0411C46184BBD
S21401C1E005461E680F46904646B1306801F01CFEB3
S21401C1F0F3681BB1B368186801F016FE114B1B6893
S21401C2002BB1DA681AB19B68186801F00DFE9DF82B
S21401C2101830640744EA08425B0503F0BC6342EA4F
S21401C220C7621A432846084942F4C87203F016FF4B
S21401C230002228461146FFF781F90020BDE8F0816B
S21401C240C0980400C49804009007E12D08B5FFF7D4
S21401C2507BFF88B1094BDA6912030DD5186F10F40C
S21401C260003009D19B6F13F0100F4FF010030CBF75
S21401C270034A044A936708BD0220FCE7000002B89F
S21401C280001002B8002002B838B50446F8B1124AC8
S21401C290D3691B031DD5556F104BC5F38115032DAF
S21401C2A0B3F8B4300DD10822083B9BB221460C48A6
S21401C2B01CF0B2FB0020084B25729B6F1B0A6372B1
S21401C2C038BD022D05D1023B2A469BB2EEE721205E
S21401C2D0F6E70220F4E700BF000002B8001E00B037
S21401C2E038400054431EDBB2FD2B14D9FF280B68DF
S21401C2F001D14A68134313F0802F1EBF42F2010298
S21401C300074BC3F8282251F82020054BC3F85022CA
S21401C310C3F8542270470128F5D10023E9E700BF8E
S21401C320004001B8F0B585B06D460E460F4B074686
S21401C33014460FCB85E80F000D4BD3F8480200904A
S21401C340D3F84C2201923EB1631EDBB2FD2B0AD913
S21401C3503060FF2C00D172602246294638461CF018
S21401C360F6FA05B0F0BD012CF4E700BF70980400A2
S21401C3700080E00FF0B585B06E460D4B07460D46C2
S21401C3800FCB86E80F0000F039F831460446024626
S21401C39038461CF055FC4DB140B9FF2C1BBF04AB11
S21401C3A003EB8404009B54F8103C2B6005B0F0BDF1
S21401C3B07098040030B50C4B0546187085B00823FC
S21401C3C080B90A4AC2F8FC3351B96C46084B0FCB08
S21401C3D084E80F00074B2A4621461868FFF7A2FF9C
S21401C3E005B030BD044AEDE7DF640020001002B856
S21401C3F0809804001C4D0020002002B8014B1878DC
S21401C400704700BFDF640020124BD3F8E020D20350
S21401C4101ED54FF480321049C1F8E020A1F58051B5
S21401C420C1F8EC201A6CD1B2C2F30722C3F880100F
S21401C430C3F880200422C3F880200022C3F880209D
S21401C440C3F88020C3F88020C3F88020C3F880207A
S21401C450704700BF0040005400600054F0220A4BB1
S21401C46001219A64A022A3F580539A64074B826C3B
S21401C470C3F8C010FC21C3F89810C3F89C204FF4F1
S21401C4800052C3F8BC207047006000B8004000545A
S21401C490F8B50D461746064621F007F80123042194
S21401C4A0084C094A2363A760E6602561C2F8E010DC
S21401C4B0064AC2F8843120F0F3FF0DB1022323634C
S21401C4C0F8BD00BF004000540060005400E100E0E9
S21401C4D00222024B58611A63704700BF00400054A5
S21401C4E00122044B1A6640F6FF729963D863DA6537
S21401C4F0704700BF004000542DE9F04F042A05465E
S21401C5000B4683B039D901260978141F81615A7800
S21401C51003F1040982619A788261DB78836103689A
S21401C520D0F808B003F0070306339E4006F1FF3A41
S21401C5300AEA0B084768A6EB0802944247F0005740
S21401C5400ED84946224607EB0800FDF79DFB46EA52
S21401C5500A0604EB0B023240AA6003B0BDE8F08F76
S21401C560494607EB08000192FDF78EFB019A384613
S21401C57009EB0201A21B4244E7E7013A032AECD881
S21401C580DFE802F00B08050213F8012B826113F8AD
S21401C590012BAA6113F8012BAA611B78AB6103B0CA
S21401C5A0BDE8F08F38B50C46154601460F4B60B115
S21401C5B001220F48C3F8C0202246FFF79DFF1DB198
S21401C5C004220A4BC3F8C02038BD64B1D3F8A420B6
S21401C5D0A24284BF0122C3F8C0200222C3F8A040B1
S21401C5E0C3F8C020EBE70122FAE700BF0040005481
S21401C5F09840005438B5044620F057FF01211A4AE6
S21401C600638F054611663BB3B3FA83F3C3F119038F
S21401C610DBB2A069C2F8901093660723D066C2F811
S21401C6208C304FF4A02302F50052C2F8E030A2F598
S21401C6308052C2F8EC3000220C4B1A600C4B1B6F78
S21401C6405B0209D54FF480020A4B04F1F8001A6721
S21401C650D4F8941001F08EFD4FF4E0232846E363EE
S21401C660BDE8384020F01CBF00400054404C00207C
S21401C670000002B8002002B82DE9F84305460C4632
S21401C680B1B1D0F81880478F20F00FFFB5F83CC045
S21401C690791E01EA0C0323F00702032C0646DFF895
S21401C6A0F8E042445CD1DEF8004024B920F0F8FE00
S21401C6B00E20BDE8F88324F00104DEF8000020F027
S21401C6C00100A04251D10023CEF8003023889442C5
S21401C6D06FEA43436FEA534323803CD1EB8F08EB69
S21401C6E007091846083880B202F108044C4528BFED
S21401C6F04446082804D9B4F800E0BEF5804F3ED27F
S21401C70063440F431B1A3B409BB2AB87E8871188F3
S21401C71094781C4AC1F30C0151645367C2F88C002B
S21401C7204FF48022184B04F00704C3F8E0200122DE
S21401C730164BC3F88421FFF767FE042C0BD14FF488
S21401C7408002134B05F1F8001B6F124B1A67D5F8E0
S21401C750941001F00FFD304620F0A2FE0020A8E75D
S21401C760601E012898BF1446A7E7E88F4344E31AE2
S21401C77048BFDB1908389842A8DC304696E72246BF
S21401C780B0E700BF004000540060005400E100E044
S21401C790000002B8002002B8404C0020144B10B52F
S21401C7A01968CA8F8B8F488F13440138073B8C69F1
S21401C7B0034023F007031C4402F108030D4A9BB211
S21401C7C0CB87C2F88C304FF480220B4BC3F8E020A5
S21401C7D001220A4BC3F88421A07800F00700042840
S21401C7E003D1074AD3681B03FCD4064B1C6010BD5B
S21401C7F01C4D0020004000540060005400E100E0A1
S21401C800000002B8404C002010B5064C216839B132
S21401C810CB0703D4044B1868FFF72EFF00232360D1
S21401C82010BD00BF404C00201C4D00204FF480324C
S21401C8300B4B0C49C3F8EC20A3F50053C1F8E020DC
S21401C840D3F888109A6E012302F00702063293404D
S21401C850C1F30C01083B994201D8FFF7D5BD7047DB
S21401C86000600054005000542DE9F04780460C4605
S21401C87016468769458F20F018FEB8F83C2005F16A
S21401C880FF3C02EA0C0323F00701032C82463944DD
S21401C890B8F83E0019D1494C24689CB90244073ABD
S21401C8A002EA0C0222F00702BC183B44E31A48BF16
S21401C8B05B19834210DB504620F0F2FD002420462F
S21401C8C0BDE8F08724F00104EFE7012C02D0022C2A
S21401C8D0EBD108380C46E8E7002E3DD08C423FD11C
S21401C8E0374AD2F844903649B8F81270D1F8882001
S21401C8F0C2F30C02934247DA2588B5F5804FDAD2A7
S21401C900A378C5F30C0503F007037A1EA5EB09050A
S21401C9103A43052B337005EA02052DD82DB2E843BC
S21401C92040F241420421C00FFDF700FE7580E37816
S21401C9303374D8F81C207B1E03EA0903D118B160B2
S21401C940A9B213FA85F5AF422FBF0023FF1AB780AD
S21401C950F26024BFB180F360504620F0A1FDAEE73F
S21401C960A4F10802974284BFED0802EBC502B2F8B3
S21401C9700090C9F30C09B6E7124B5B6D003B18BF7C
S21401C9800123A5EBC305C9E70B6C7A1EA3EB0903CC
S21401C9903A431A400C4915B2002DCB680BDCC3F3A1
S21401C9A00363D81E43424341DB0033708B6F7280B2
S21401C9B01B0A3374BDE70823F7E700BF404C00208D
S21401C9C000400054004000B8000002B8054BA82201
S21401C9D0D3F84C013121431C0CBF0120C0F38070F9
S21401C9E0FDF7A4BD0080E00F38B5094D0446286860
S21401C9F040F69702003818BF01202B21FDF796FD5F
S21401CA00FA235C432B680A20B4FBF3F4604338BD79
S21401CA10744C0020174B30B51A68431C164B22D0B5
S21401CA20B2F1407F1FD3154D00F03F04D5F8002129
S21401CA3022F03F021443C3F8C84001F03F042243EA
S21401CA40C3F8D020D5F804310D4A1A400D4B03EA3D
S21401CA50500003EA510110431143074BC3F8CC00C1
S21401CA60C3F8D41030BD00200146C3F8C800C3F88F
S21401CA70D000F2E70080E00F001F00B0000002B80F
S21401CA801FF087E1E0FFFF7F73B5574E044631780C
S21401CA9019B91C225548FCF759FF2378544A618876
S21401CAA0137051804FF0FC62524CFF21C4F8FC20F9
S21401CAB04FF47F02C4F808214F4A022B4F4D1170E4
S21401CAC033D1042307224E49C4F8FC23C5F8FC33AE
S21401CAD0C4F800114FF4C071C5F80011C4F8FC2366
S21401CAE04FF48052C5F8FC33C5F870214FF400525C
S21401CAF0C4F87021C4F808314FF4FF13C4F8FC30B1
S21401CB004FF4BB13C5F8FC308023C4F8703148F2EB
S21401CB10C8023C4BC3F8D8203B4B3C4A0020C3F824
S21401CB20C02F0123337002B070BD394A012BC4F8FF
S21401CB300021384B27D14FF4C072C5F80021D3F835
S21401CB403802D3F83C12FFF765FF0723C4F8FC331D
S21401CB500223C5F8FC334FF48053C5F870314FF407
S21401CB600053C4F870310423C4F808310DEB0300F8
S21401CB70ECF7B6FD9DF80530023B012B9CBF8023E8
S21401CB80C5F87031C3E7244AC5F80021D3F830024E
S21401CB90D3F83412FFF73EFF0723C4F8FC33012312
S21401CBA0C5F8FC338023C4F870314FF4805301A8D4
S21401CBB0C4F87031ECF794FD9DF80530012B05D1D2
S21401CBC09DF8043053B948F25D1309E0FBD9023BE6
S21401CBD0012B9CBF4FF40053C5F8703148F258132F
S21401CBE0084AC2F8D83097E7845B0020C41F00B01B
S21401CBF066640020002002B8E3640020001002B83A
S21401CC00C0F10F00001F00B0001000B0484C00201B
S21401CC10C0F70F000080E00FC0F60F00034B1A6844
S21401CC2002609B8883800020704700BF66640020F6
S21401CC3010B5044601F026F80A4BD3F8F83724B9A4
S21401CC4083F40023C3F3C04010BD012C05D113F4B7
S21401CC50C02F0CBF01200020F6E7A31E5842584102
S21401CC60F2E700BF000002B86FF07F42154BD3F821
S21401CC70FC37934208D0144A03F03F031370F123A4
S21401CC80124A1370124A13701249134B09781A6824
S21401CC90A9B1B2F1A06F12D3D3F850120F4A104BBC
S21401CCA0B1F1FF3F18BF13460E4A136041F66A0200
S21401CCB00D4B1B68B3FBF2F30C4A13607047084B2D
S21401CCC0F2E700BF000002B8E4640020E56400203B
S21401CCD0E6640020E26400200080E00F5082E00F4E
S21401CCE0A4980400444C0020904C0020744C002072
S21401CCF0012807D0022802D030B100207047034B2C
S21401CD0018787047024BFBE7024BF9E7E464002012
S21401CD10E5640020E66400200023F0B590F8304179
S21401CD2085B002462046CDE90133CDF80B30FFF73A
S21401CD30DFFF92F82B30411EC9B28B4228BF0B464B
S21401CD40002C3CD0012C38D1042418464FF00F0C8F
S21401CD50384E0DEB0405B0FBFCF7F75D013CC01B3C
S21401CD60C0B2814238BF00206055002CF3D10524A3
S21401CD700F278DF80830B3FBF7F0305C0344DBB2C5
S21401CD808B4228BF0B462B5501340B2CF3D10F26B3
S21401CD9002F1A800D43215F8013BB3FBF6F14C1CA6
S21401CDA0C1EB01115B1A0133DBB2E4B21B0443EAA7
S21401CDB0045340F8043F8242EDD105B0F0BD04248F
S21401CDC018464FF00F0C1C4F0DEB0406B0FBFCF59C
S21401CDD0EDB27D5D013C401BC0B2814238BF0020F0
S21401CDE0A055002CF2D105240F258DF80830B3FB91
S21401CDF0F5F0385C0344DBB28B4228BF0B46335553
S21401CE0001340B2CF3D10F2502F1A804D43216F805
S21401CE10013BB3FBF5F1481CC1EB01115B1A013371
S21401CE20DBB2C0B21B0443EA005344F8043FA242FB
S21401CE30EDD1C2E79D9804009098040038B5284BC0
S21401CE4005461A7827490C2A02D1FF20087038BDFA
S21401CE5010461BF01EFE04461046FFF749FFA84287
S21401CE6028BF2846C0B2A04238BF20460B78C0B2C1
S21401CE708342ECD0087088B1431EDBB2022A1A49FD
S21401CE800ED14FF0FC62C1F8FC20A1F50051D1F89B
S21401CE90FC2042EA4353C1F8FC30D8E70346EDE7ED
S21401CEA0124A134C1268AC32C4F8C02F4FF47F02FA
S21401CEB0C1F808210F49CA6FD202C8D40F22B3FBAA
S21401CEC0F2F2551CC2EB02129B1A0133D1F808414B
S21401CED01B0443EA05532343C1F80831B7E700BFF3
S21401CEE066640020E3640020002002B81C4D002088
S21401CEF0001000B0000002B82DE9F04F90F8305154
S21401CF000646D0F8A82087B035BB1F2A38BF1F2297
S21401CF10093A4C24844B85481B6A96F82B10C3F3B8
S21401CF208213DC400368DFF82CA29342DFF82882E4
S21401CF307F4B04F0010414D11F78A74211D19AF84F
S21401CF400070AF420DD17B4F3F788F4209D1B8F8C0
S21401CF50040007B0BDE8F08F032A38BF0322023A67
S21401CF60D7E7026098F800001C70FFF7C1FEFF29A2
S21401CF7024D128461BF08DFD07466F493CB3D6F8F1
S21401CF80E4702FB13B68082B40F2CB8097F83870DD
S21401CF901DBB0B6840F27121B3FBF1F35343192219
S21401CFA0B3FBF2F339462A4605A805931BF047FD65
S21401CFB002023C04059842F0110988E0471E8F42A0
S21401CFC028BF0F46012F38BF0127FFB2D5E7012D35
S21401CFD029D0022D01D0B5B327460B6840F2712146
S21401CFE0B3FBF1F353431922B3FBF2F339460122A3
S21401CFF007EB072405A8059307EB04241BF01FFD88
S21401D0007F00032F38BF0327020242EA001242EADA
S21401D0100009033F00F01F0007FA00F0FFF7E4FCE9
S21401D02000F5FA6758E00F23B7FBF3F3581CC3EB80
S21401D0300313FB1A0133DBB2C0B21B0443EA0053ED
S21401D040C3F30747C9E70C6840F27121B4FBF1F45A
S21401D0500F2354431922B7FBF3F3B4FBF2F437481A
S21401D060374A0068A2FB0412013350FA83F313F81F
S21401D070013C0392A3F140012A4603A801931BF049
S21401D080DEFC039F2F4AE41BA2FB04120090302112
S21401D090049204A82A461BF0D2FCDDF810B08146A3
S21401D0A0A4EB0B0401220594102144F2100405A8F8
S21401D0B01BF0C5FC009B1A02019B42EA091244EAD6
S21401D0C00344059B42EA000907EB0B001844FFF7EF
S21401D0D08BFC00F50C57283740F6FF711A4B384683
S21401D0E0C3F8C010A3F58053C3F8C090A3F58053CE
S21401D0F0C3F8C440154C276001F0B0FC4FF47A72B7
S21401D100134B4042986523680A49B3FBF2F3A8F82B
S21401D110043096F82B30B7FBF2F08AF800500B700B
S21401D12017E7002734E700BF004001B8AC610020D4
S21401D130855B0020E0640020904C0020444C0020D9
S21401D14069C2F568911E856B006001B8784C0020B5
S21401D150001F00B0E164002066640020014B1870D7
S21401D160704700BFE264002010B5044603F012F8D1
S21401D17078B1174B1B786BB964B1164B1B784BB162
S21401D180154B1B78013B012B04D84FF40042134B7F
S21401D190DA6710BD124BDB6F1B04FAD420F085F959
S21401D1A04FF400420F4B0446DA67A3F5A0435B68D1
S21401D1B02BB1FEF741FF10B102201BF07BFC0222CF
S21401D1C0094B2046BDE81040C3F8842420F068B916
S21401D1D0865B0020875B00207C4C0020002002B884
S21401D1E0000002B8001002B800D003500122024B22
S21401D1F000201A70FFF7B8BF865B00200022024BA2
S21401D20001201A70FFF7B0BF865B0020F7B506460F
S21401D210504C00F037FD504B2578504F1E7085BBA3
S21401D2202846FFF7A1FF2378013B012B19D8E37BA2
S21401D23001A88DF80430237C8DF80530E9F778FED7
S21401D240C7F884544FF6FF72454BC3F88420F82282
S21401D250A3F58053C3F884200022404BC3F88424EE
S21401D2600DE04FF6FF723E4BC7F88454C3F8842096
S21401D270F822A3F58053C3F88420C7F88454394BA9
S21401D2805BE00020FFF770FF2378013B012B08D8F5
S21401D290E37B01A88DF80430237C8DF80530E9F78F
S21401D2A047FE0023C7F88434002ECBD062685AB3F9
S21401D2B02D4B1B6803EB5203B3FBF2F3013B1B023E
S21401D2C043F0F80326782649022E284A1ED0032E5C
S21401D2D04FF6FF75214826D0012E34D143F00203C4
S21401D2E0C1F88450C2F884300723C0F88434E37B45
S21401D2F001A88DF80430237C8DF80530E9F7ECFDA4
S21401D3000120FFF731FF17E0F823DBE74FF6FF7048
S21401D31043F00103C1F88400C2F8843006220F4BA3
S21401D320C3F88424E3E743F00503C1F88450C2F848
S21401D33084300423C0F884340D4B4FF08042002023
S21401D340DA6703B0F0BDC1F88450C2F88430002318
S21401D350F0E700BF7C4C0020875B002000C0035034
S21401D360006000B8002002B8904C0020005000B8C1
S21401D370001002B8F0B5294F06463D4604460FCECA
S21401D3800FC5336885B02B6000F07CFC0022244B6F
S21401D390C3F88424A17A627A42EA0142C3F890244F
S21401D3A0217CE27B42EA0142C3F88C24217B627B2A
S21401D3B041EA0240C3F888043B78032B2AD8DFE809
S21401D3C003F022020C178DF8041004218DF80520B5
S21401D3D00DEB01000022E9F74BFDE37B00228DF8FF
S21401D3E00830237C042102A88DF80930E9F740FDB6
S21401D3F0637A01228DF80C30A37A042103A88DF8F4
S21401D4000D30E9F735FD074B187805B0BDE8F0405B
S21401D410FFF7FCBE212005B0F0BD00BF7C4C00200C
S21401D42000C00350875B0020034BDB6F002BBCBFA3
S21401D430024BC3F888007047000002B8004000B8ED
S21401D4402DE9F0471BF09AFB4FF47A762D4BB0FB93
S21401D450F6F618604FF4FA73734307462A48190E16
S21401D4601B021818294A4FF0000341F10001FBF78F
S21401D4705BFE274BA0F5807205461A6320B9482249
S21401D4802B21FDF753F801254FF47A724FF0000A6D
S21401D4906A43534650083102FBF746FE1C4B1D4AB1
S21401D4A0B7F57A7F9A601C4B4FEA056819601B4BEB
S21401D4B08946044618604FEA152505D29B222B2182
S21401D4C05046FDF733F801264FF47A73A8FB0301A3
S21401D4D003FB05117308C01841F100010023324611
S21401D4E0FBF722FE0E4B023419600E4B49F1000980
S21401D4F0A408186044EA8974054B013C9C63BDE8A6
S21401D500F08700BF904C002020A1070040420F008A
S21401D51000C001B802110100A04C00209C4C002064
S21401D520984C0020944C00201022044BC3F8842110
S21401D5305A600122024BDA60704700BF00E100E04A
S21401D54000C001B81022064BC3F88421C3F884201A
S21401D550BFF34F8FBFF36F8F0422024BDA60704721
S21401D56000E100E000C001B810B50446A242A2EBFB
S21401D5700000A3EB010104D2034B01399B6B01337D
S21401D580184401F0030110BD00C001B838B50125EB
S21401D5900A4B02019D504FF480730446084A8340AB
S21401D5A053661FF082FF074AA540137823EA050356
S21401D5B01370BDE838401FF073BF00BF00E101B82B
S21401D5C000E001B8905B00202DE9F84F16460546AD
S21401D5D08A461F461FF069FF022E00F090808046A3
S21401D5E01FF070FF594B5A4AD3F82090147D5A6E9B
S21401D5F0E4B2520744BFD3F82090013404F0030488
S21401D6001FF05BFF4846214600F036FA8446DAF8FA
S21401D6100000012E04BF01306044ACEB000C08BFD3
S21401D620CAF80000BCF1804F7DD300F037FA81457F
S21401D630A1EB040188BF454BDFF834C188BF01F177
S21401D640FF3101F0030188BF9B6BA0EB090E0CF8BC
S21401D6500510A1B1F90742BF41F61F723D4B5A674B
S21401D660BA0742BF3B4B3C4A5A677B0742BF002280
S21401D670364B9A673C0742BF0022344B9A65112409
S21401D6804FF0010A314B05F11002120103EB051BA5
S21401D690CBF80C0131499C501A6A0AFA05F4586E07
S21401D6A00B78A2EB0902E4B2234372450B7025D333
S21401D6B04FF48073AB40034220D11CF80520002AAA
S21401D6C040D10EB3264AF807536607D541F61F71B7
S21401D6D040F201101F4B596750675967B90706D5C5
S21401D6E01C4B1D4A1E491F485A6748675A677A07E6
S21401D6F042BF01221C4B1A613B071AD440461FF059
S21401D700CFFE0120BDE8F88F184A2D0142F805A08A
S21401D71042F89C3C1FF0C9FE10490B7823EA04032B
S21401D7200B701FF0BDFE40461FF0BAFE0020BDE89C
S21401D730F88F2120FFF778FE4FF48032034B4046E6
S21401D740DA60DCE7064A40465366D8E700C001B80F
S21401D750004D002000E001B800001F1F905B002074
S21401D76000D001B800000101000002B800E101B8D4
S21401D770885B0020024B1878003818BF01207047DC
S21401D780905B0020034B10300001185800F0010098
S21401D790704700BF00C001B870B50646FEF74CFCE6
S21401D7A0044608B1FFF7CEFE0023084D3046AB61B4
S21401D7B0EB612B6200F072F9054BC9B2197528624C
S21401D7C00CB1FFF7B1FE002070BD00BF00C001B86C
S21401D7D0004D00202DE9F0419DF818800D46B8F166
S21401D7E0000F08BF0022214EB5F5803FB1680746FD
S21401D7F021F4700141F4A001B1609DF820409DF82C
S21401D8001C104FEA042444EA016444EA031444EA7F
S21401D810084444EA02044FF0180140F2E9222CBF02
S21401D820002001207465FCF781FE3564B8F1000F15
S21401D8301AD00F4BBC68D3F888305A2C38BF5A24FC
S21401D8405B0606D500F0F0FB18B10A4BB3FBF0F30C
S21401D8501C44204600F022F90130854238BF0022E0
S21401D860024B34BF5A645864BDE8F08100C001B869
S21401D87000C000B800093D00214B10B51A6E1A66AB
S21401D880596C59B11F49C96800292EDB596D4FF0F3
S21401D890FF3301F00F018B409A4326D1102420203C
S21401D8A0FFF7C2FD184B9C6002F088FB2022174B45
S21401D8B0C3F8842101F0F4FC48B1002200200821BD
S21401D8C0FEF71CF8124B5C66A3F580531C670D4AE5
S21401D8D0D36803F07063B3F1807FF9D9084B0D4A22
S21401D8E05A6741F201429A6710BD01F0D9FC00283F
S21401D8F0F4D0094B064A5366A2F580521367EDE74A
S21401D90000C001B8000002B8001002B800E100E053
S21401D91000E001B8011B01181000002008B5212005
S21401D920FFF782FD4FF48032014BDA6008BD00BF7D
S21401D93000C001B8F8B5184D04462B6A1B0426D55D
S21401D94000F0E6FB2B6AA0FB044613F0787F4FEA53
S21401D9509367C3F34450C3F3044505D140F25A42DA
S21401D9602B21FCF7E3FD0120AD01B5FBF0F010EB38
S21401D970871005D140F25F422B21FCF7D7FD01202D
S21401D9800246002320463146FBF7CEFBF8BD00F0E9
S21401D9904BFBA0FB0401F9E700C000B802460120DA
S21401D9A030B50B4CA0F12003C0F1200524FA05F593
S21401D9B004FA03F32B4304FA00F595428B4100D396
S21401D9C030BD0F2801D00130ECE7FF20F8E700BF9B
S21401D9D040420F0010B50C46FFF7ACFFC30943EAFF
S21401D9E04163C01A61EBD111FFF7D8FFFF2814D0AD
S21401D9F00F220C4B40F01000C3F88820A3F580538B
S21401DA00C3F88800A3F580531B6ADBB2802B06D0CF
S21401DA102046BDE8104000F067BB212010BD022063
S21401DA20FCE700BF00E000B838B51FF04BFD084B1F
S21401DA30084A1D6A147D5A6EE4B2520744BF1D6A35
S21401DA4001341FF03AFD284604F0030138BD00BF3B
S21401DA5000C001B8004D00200346064A103302EB11
S21401DA6000111B01D1F80C01D158C1F340011BF084
S21401DA702CB800BF00C001B8064B1B68434303EB3C
S21401DA808171054B1B68A3FB003013F1004341EB8A
S21401DA9000007047984C0020944C00200C4A20F05F
S21401DAA04043014610B5002014684FF00042E4FBE5
S21401DAB00320084A890F126802FB0300064B9B6B82
S21401DAC0984204D901330131C01A01F0030110BD97
S21401DAD09C4C0020A04C002000C001B8044B01F073
S21401DAE0F071103041F0030100011950704700BF7A
S21401DAF000C001B808B52220FFF796FC4FF480223B
S21401DB00014BDA6008BD00BF00C001B808B5064B7E
S21401DB104FF030401A6805499200FCF7B5F8BDE8A9
S21401DB20084001F0E3B800BFE0980400E498040060
S21401DB3070B50C68651C15D0C4F302669E42C4F32A
S21401DB40074530D1A4B294422DD804EB8506B242E3
S21401DB5029D2141BA50824F003040E59340F04D04F
S21401DB60012C08D00022212402E06B1C51F823204E
S21401DB70C0E9002470BD0E4C34F8133042EA03436A
S21401DB801A686B1C51F8234001EB83014B68224055
S21401DB905E4036F0704404D11B0F032B04BF8B6824
S21401DBA01A430024E4E7013501EB8501C1E700BF14
S21401DBB0B898040007B501A8EBF792FD4822164B6A
S21401DBC05A65164AD2F8D43023F4FC33C2F8D4305E
S21401DBD0134B1B689DF80530023B012B19D84022D8
S21401DBE0104BC3F8FC23104BD3F85C32DBB2FF2B8F
S21401DBF000D10623094A1B03D2F8FC139BB20B4340
S21401DC00C2F8FC33D2F83021084B1A6003B05DF835
S21401DC1004FB00F0E7FEECE7008001B8000002B864
S21401DC20002000B0001002B80080E00F344C002045
S21401DC3000224FF400710F4B10B51A675A679A67A6
S21401DC400D4AD162012102F5E8325161DA6812F01B
S21401DC50706FFBD14FF0304201245A6602F5FC5238
S21401DC6008329C66DA64054B1B689847044B5C6176
S21401DC7010BD00BF000002B8004000B8B06100202F
S21401DC80002002B801230F4A0F49C2F880328A6A7F
S21401DC9022F002028A620D4A53600D4A53600D4A11
S21401DCA05360A2F580425360A2F54042536002F5EC
S21401DCB0C032536002F580425360A2F500425360C1
S21401DCC0704700BF0080005000C0005000D000B870
S21401DCD000500054005001B808B5FFF7D3FF0E4BB3
S21401DCE00E4ADA6700F076FEFFF764FF03220C4B5C
S21401DCF0C3F8E020012203F54043DA674FF460726F
S21401DD005A614FF40072DA67FEF778FBBDE8084007
S21401DD100021FEF74FBB00BF000002B80048F0002C
S21401DD20005001B82DE9F04F054687B002900F4626
S21401DD3057F8044B631C06D1029B2C60E81A80102E
S21401DD4007B0BDE8F08F5FEA147B18BF0123344AA1
S21401DD50C4F3016108BFC4F3074332F81120A4B22B
S21401DD604FEAC30A2F4844EA02440AF104022A444D
S21401DD7082421BD20722CA4002F0010201929A0097
S21401DD8004EB830303930123B94603FA0BF808F067
S21401DD90940305F1080604920593039B09F104090F
S21401DDA0A34208D1049955443944C0E71D4A954217
S21401DDB0E0D80020C4E7059B53B918F0420F19D1EB
S21401DDC018F0280F0BD146F8084C59F8042C21E01E
S21401DDD04FF4206232210020FCF7A8FBF3E740F65F
S21401DDE0042232210198FCF7A1FB04F5805246F883
S21401DDF0082CEAE740F60D2232210198FCF796FB43
S21401DE0004F50052BBF1010F46F8082CDDD159F894
S21401DE10042CD24346F8042C04340836BDE700BF70
S21401DE20B8980400003000B0F8B50546F0B10026F9
S21401DE30154B34461F46154953F8042BBAB9A000B2
S21401DE4000F13040294600F50150FFF76BFF30B96D
S21401DE5040F6AE323621BDE8F840FCF767BB0C4B06
S21401DE600134044447F8265023F81640F8BDAA4268
S21401DE70FCD001360C2E02D031F81640DCE740F615
S21401DE80C83236210020E6E7A44C0020EA540020E0
S21401DE90EC54002070B50446A8B1C1B1384A52F816
S21401DEA0043B984215D1002336498A689206FCD471
S21401DEB09B00354A03F1304303F50153C2F8B030F5
S21401DEC02022324B9A6070BD01330C2B02D1304DAB
S21401DED012E0012352F8041BA142F5D12D4A32F873
S21401DEE01330E1E704D16268C3E90012083403E0A5
S21401DEF0012A01D1043419602268531CE3D0C2F30D
S21401DF00016335F81300110C93B211F0FE0F43EACA
S21401DF10004360680DD00434CAB2022A2168E1D9F0
S21401DF20D4E90160033AC3E9001698600C340C3357
S21401DF30F3E7120F072AD9D8DFE802F00704090D24
S21401DF401013181DC04303F500531860CEE71A6876
S21401DF5042401A60CAE703F58053F6E71AF0AAFDB5
S21401DF60C4E7012203F580538240F2E7012203F55C
S21401DF7000538240EDE71A6830EA0202FBD1B5E7AA
S21401DF80A44C0020000002B8001E00B0001002B829
S21401DF90B8980400EA5400200122014BDA67704762
S21401DFA0001002B80122014BDA677047002002B860
S21401DFB04022014BDA677047002002B84022014B2D
S21401DFC0DA677047001002B80B4B1B68D3F8E430D1
S21401DFD023B11A68022A01D9186A7047074B9A6D4D
S21401DFE090B238B1064BC2F307421B68DB085343B5
S21401DFF0B3FBF0F0704700BF1C4D0020004001B895
S21401E000904C0020064BDB68C3F30363984206D1AD
S21401E010044AD36B23F0F00343EA0111D16370473E
S21401E020000002B8001F00B0054B1B68D3F8E430AF
S21401E03013B11A680A2A01D8FFF7C6BF186C7047D1
S21401E0401C4D00202DE9F74306461AF02CFD00244E
S21401E0508046DFF890901FF028FA0DF1070105467B
S21401E0600DF10600FEF75AF89DF806308BB9721CC2
S21401E07029D01AF018FDA0EB080428461FF010FA64
S21401E0809DF8063013B99DF807303BB3A642E2D897
S21401E09024E0D9F80C3013F4603FE8D0D9F810002A
S21401E0A01AF06EFD731C074603D01AF0FCFCA0EBB9
S21401E0B0080428461FF0F4F917F5007FE0D038462B
S21401E0C003B0BDE8F08328461FF0EAF99DF8063054
S21401E0D0002BC0D19DF80730002BBCD1004FEEE7D6
S21401E0E000FEFFFF00C000B810F1800F04D04D28DD
S21401E0F0CEBF7F20323040B2FF22044BC0B21A623C
S21401E100A3F5805318620020704700BF00E000B8F6
S21401E1100B4A10B5136E0B4C116E03F00703E35C4C
S21401E120C1F3CD0101FB0333126E0748C2F345422A
S21401E13002FB033300688001B0FBF3F010BD00BFA3
S21401E140004001B8B0980400904C0020084910B572
S21401E150D1F89C3040B11C46CA68D1F89C309C422C
S21401E160F9D1C2F30362027003F00F0010BD00BFC5
S21401E170000002B8094B01F080011B6F03F4800315
S21401E1800B4309D14FF40012054B1A62837F1BB172
S21401E1900122044BC3F80021704700BF000002B8FB
S21401E1A0006001B8005001B82DE9F04F404F80469D
S21401E1B085B038680C461AF07DF920B9002420464F
S21401E1C005B0BDE8F08F224600214046FBF7BEFBB6
S21401E1D0384B5D6915F00105F0D1FCF701F80646EC
S21401E1E00028EBD03F6838461AF09CF84FF6FF73CC
S21401E1F0984234D04FF060512F4E304B304AD3F80E
S21401E2002090D6F88C3011624FF00061A2F5805252
S21401E210116224220421C6F88C202A4A4FF4804B2E
S21401E22091604FF480520027DFF8A4A0CAF868B0C6
S21401E230F262A7421ED30421234A9160A2F5F0326E
S21401E240C2F88C304FF060521D4B1A6209EA020385
S21401E2501E4A13624FF480421D4B9A66AFE7314661
S21401E26038461AF003F801463846FCF7FDF8002850
S21401E270C0D0A3E7B26E5104FCD5B268D205F9D579
S21401E280CAF868B0D6F890200135012D0392D0D98E
S21401E290E21B042AA8BF042208EB070003A9019386
S21401E2A00092FBF7F1FC009A019B3A4497B2C0E753
S21401E2B01C4D0020000002B8004000B8004001B824
S21401E2C0006001B8001002B8002002B8005001B882
S21401E2D0006000B84FF604014FF60502044B01201A
S21401E2E01B6C9BB28B4208BF1346024A13667047EB
S21401E2F00080E00F00C001B82DE9F74F81460F46B8
S21401E3004FF0FF35FFF790FB002601908A462C461A
S21401E3103046DFF8D8B006F110031B015BF8033076
S21401E32003F00308B8F1010F15D13046FFF794FB4F
S21401E33002460B4601985146FFF716F9DBF86430A2
S21401E34006F10802D340DB0739D5002F40D000255F
S21401E3502C463E6040460136082EDCD160B3234A87
S21401E3600027D2F808C0916B0CF440330131A4FBAE
S21401E3700141641941F10001B3F5003F30D1536BFF
S21401E3800CF4405C013347F10006BCF5805F22D1F6
S21401E390156B15F5807505FB06F647F1000203FBC4
S21401E3A00266A5FB03323244594304FB0212A3FB67
S21401E3B004341444C9E9003403B0BDE8F08FA84220
S21401E3C071EB0403C6D207B13E6005460C46C1E7B1
S21401E3D03D463C46BEE7320242EA13621B02E3E7D1
S21401E3E0136B13F5807347F10002DDE700C001B837
S21401E3F008B51AF0D9FB044B5A7C0123023293402C
S21401E400024A536108BD00BF004D0020002000589D
S21401E4102DE9F34105460F4668461146FFF76CFFA6
S21401E4200646B0B1AFB1DDE900321B0A43EA02632A
S21401E430A5FB0384094B120A05FB02441A6812B9AC
S21401E4401AF09CFB0246002340462146FAF76CFE72
S21401E4503860304602B0BDE8F08100BF904C002025
S21401E46037B50446FFF70EFCE17822791B4841EAEE
S21401E4700243C0F8CC34E579A37943EA0543C0F8F2
S21401E480D03423784BB18DF8041004218DF8052083
S21401E4900DEB01000022E8F7EBFC63785BB1042189
S21401E4A0A37900228DF80430E3790DEB01008DF895
S21401E4B00530E8F7DDFC227801235AB1084AC2F894
S21401E4C0C834627802233AB1054A0020C2F8C8343B
S21401E4D003B030BD034AF2E7024AF6E700C0035034
S21401E4E000D0035000E0035070B52C4B0C461A7850
S21401E4F012B92B4A926D1A702A4AD26F52054AD522
S21401E5001D78294B05F00F06B0FBF3F040434FEAA8
S21401E510151505D140F27C622B21FCF707F8012086
S21401E520224A0A217243B2FBF0F34843B3FBF1F6E9
S21401E53002EB5002B2FBF0F201FB1633042BD2B20F
S21401E54007D8C3EB8310C3EB80035BB283B96DB20C
S21401E55017E0C3F10B0303EB8303DBB2B3FBF1F369
S21401E5602B44DDB20F2DF2D9013AD2B2053DEEE7CA
S21401E570053B5BB293FBF1F31D44EBB26DB2002D8C
S21401E58004DB002042EA0512226070BD0132053329
S21401E590D2B25DB2F5E70220F7E700BF915B00203B
S21401E5A0008001B8000002B8403B25008096980024
S21401E5B04FF0000C2DE9F84FA2FB017BC84EDFF8A7
S21401E5C05CE3BE1999466BF10003B6457CEB030389
S21401E5D008D240F23E220E216046FBF7A7FF02203A
S21401E5E0BDE8F88FD0F8E4A00C461546BAF1000F46
S21401E5F004D0DAF80030032B00F21B81B94BBA4A7B
S21401E6009B6BD2F8FCA0C3F31408B84BD3F8EC30DC
S21401E6105E00B64B48BF48F400181B6E48EA4568D2
S21401E62058074EBF4FF440039B0503F0E07348EADA
S21401E63003081DF015F8012D0646D0D10028CED0CE
S21401E640AB4B984200F0048103F5122303F5F863FF
S21401E650984200F00381A74B984200F02F810025D5
S21401E66002462B4600204FF00071FAF75DFD2B465F
S21401E670013007FB03F3C8F3130100FB0B33A1FBC7
S21401E6800662A7FB007001FB0522034420339B09A9
S21401E690C9F80030F60C984B46EA423618F4801F4B
S21401E6A01C6008BF7642954B954DC9F8144034441A
S21401E6B01E602C60BAF1000F00F0B980002391496A
S21401E6C0C8F381528A5C194618F0807F18BF640827
S21401E6D0002EB8BF764292066008C2FB06012246AB
S21401E6E0FAF722FDDAF800300E2B08D97F4B7D4A67
S21401E6F0926BD969D3F80C31C90600F1D68018F4AB
S21401E700001814BFC42240F207127F49C0F3130059
S21401E710A1FB04614FEA511102FB01F1C9F80400A3
S21401E720DAF818004FF4FA73B1FBF0F118BF4FF0A6
S21401E730000801FB03F3A4FB0262FA33A3FB0030DB
S21401E74004FB0822B342904138BF0131C9B241F4FB
S21401E750006CC9F808C000297ED0DAF81C00A1FBBD
S21401E760003624B1B4FA84F20E2A40F38880E2031C
S21401E770002E77D1B2FBF3F2530003FB0113A3FB88
S21401E78000764FEA044EBE454FEA144474EB060683
S21401E79009D34E003344A0FB0371BE4574EB01015F
S21401E7A002F10102F6D2C2F30E024CEA023C4CF030
S21401E7B00063C9F808301CF053FF2B68002B00F0EB
S21401E7C08880B3FA83F4D4F102044CBF1C4623FAC2
S21401E7D004F44E4B9C4288BF6408002846D0B4FB24
S21401E7E0F0F3642100FB134201FB02F2904244D88D
S21401E7F05A1E52085B08013B120242EA0313C9F88B
S21401E8000C301CF0F9FE00285CD0B4FBF0F2642159
S21401E81000FB124401FB04F4A0425ED8531E5B08C1
S21401E8205208013A1B0243EA0213C9F810300020CD
S21401E830D6E6042BDAF828807FF4FBAE18F0807F4A
S21401E8400CBF08F0E0734FF4400328F0E078EEE6E2
S21401E85000232F481D460CE72120C1E600232D4842
S21401E8601D4606E70B46002289E7044640F2C242EF
S21401E8702B210020FBF75AFE2346013BB8E7C2F1E5
S21401E8800F0702F1110E06FA0EFEFB4043EA0E03D5
S21401E890A7F1200E26FA0EFE43EA0E03FE400133D0
S21401E8A004FA02F246F1000662E702F4801203F46B
S21401E8B000131A4308BFC0F5801020E7002316484E
S21401E8C01D46D6E640F2E5422B21FBF72FFE621EDF
S21401E8D0A4E70028C9D01C46CFE71446F7E700BFD7
S21401E8E0006CCA88008001B8001F00B0004001B863
S21401E8F000F04902005A6202DC4C0020D84C00208D
S21401E900D44C0020C8980400D34D62103FBE402569
S21401E9100A3BB2DF313641DCD694BFD6807C814AD1
S21401E92010B50B46044686B039B98279016821488C
S21401E9306B460068FFF73CFE6B461F4A1968516339
S21401E9401E4AD2F8FC2062B35A6842B11C4A1D49DD
S21401E950C2F80C115968A2F58052C2F80C119A68D7
S21401E96042B1174A1849C2F8EC109968A2F58052CC
S21401E970C2F8EC101549D868D1F8642122F4EE6289
S21401E9800243C1F86421D1F85C21186922F4EE62D1
S21401E9900243C1F85C21A1F5FF4158692839FFF708
S21401E9A0A3FD0020A2880A4B9A6203F5A0331864DF
S21401E9B006B010BD1C4D0020008001B8001F00B03D
S21401E9C0006001B8FFFF0F00FFF8FF0F000002B85C
S21401E9D0004000B84FF48062014BDA67704700BF11
S21401E9E0001002B84FF48062034BDA67034B1B78C2
S21401E9F00BB1034A93657047002002B8915B002073
S21401EA00008001B840B10368012B05D90069034BAA
S21401EA10002808BF1846704700487047D098040081
S21401EA2010B590B10468012C0FD902696AB111685A
S21401EA30094B102C196051685960916888BFD268DB
S21401EA40996094BFD960DA6010BD10220021024897
S21401EA50FAF77CFFF8E700BFE44C0020084BC1172B
S21401EA601A68A2FB000302FB013310F1807043F128
S21401EA700003400E40EAC310803820EAE070704779
S21401EA80F44C00200722164B70B5DA66154B164A71
S21401EA901D68164BEC08E005C0184FEA153141F128
S21401EAA000010023FAF740FB114B124E18604EF698
S21401EAB06020FFF7D3FF4042C6F884000E48FEF7F9
S21401EAC0EDFF024658B1E301500818184FEA1571D8
S21401EAD04FF0000341F10001FAF726FBF06570BD27
S21401EAE0000002B8904C002065CD1D00B2E60E0075
S21401EAF0F44C0020001F00B040420F0010B5044641
S21401EB0098B10B4BD3F8FC00FFF78AFF4FF47A73EA
S21401EB1003FB04F0074BA0F6AC50DA689B68104480
S21401EB20C01ABDE81040FFF799BF4EF66020F8E71F
S21401EB30001F00B0E44C00202DE9F84305460846C6
S21401EB4014461E46FFF76CFF0DB306F0020716F0DB
S21401EB5004061ED1DFB14FF47A706B685843002B60
S21401EB6040F08C80FFF77AFF60626B69002B00F043
S21401EB708C804B4AD0684FF47A7202FB0300A0F5F2
S21401EB8003501038FFF76AFF2062002E57D1BDE808
S21401EB90F8832869002868D04FF47A735843404BAD
S21401EBA0A0F6AC509B68C01AFFF758FFE061A88B2F
S21401EBB000285DD04FF47A735843394BA0F6AC5019
S21401EBC09B68C01AFFF74AFF2061364BE968D3F805
S21401EBD0008000294FD04FF47A735943304BA1F689
S21401EBE0AC519A685B68891AC91A2F4BC8171A68FC
S21401EBF0DFF8BC90A2FB011302FB003311F1807118
S21401EC0043F10003490E41EAC3118039274B616184
S21401EC10DB6EA361D9F8003053B1404619F044FECB
S21401EC2030B12246D9F800301D49D8F8D8009847A7
S21401EC300021A869FFF762FFA062002F8BD1A868A8
S21401EC4030BB47F23050FFF709FFA0604FF47A70EF
S21401EC502B6858432BB1124B1B6803F51C5310331A
S21401EC601844FFF7FBFEE06091E74EF660209BE755
S21401EC704EF66020A6E74EF66021B6E7084B1B6805
S21401EC8003F51C53103318446CE747F2305079E70C
S21401EC904FF47A735843A0F503501038D3E700BFFA
S21401ECA0E44C00201C4D0020F44C0020001F00B056
S21401ECB0E04C002038B5054608461C4619F016FFFC
S21401ECC00246D5F8E400FFF79DFE4368A018002B26
S21401ECD0044AA8BF4FF4FA721A44034B92FBF3F2AC
S21401ECE0104438BD0CFEFFFF18FCFFFF70B5124C38
S21401ECF088B001AD0FCC0FC594E8070085E8070082
S21401ED008C2200210D48FAF721FED42200210C485E
S21401ED10FAF71CFE0B4B0C4A5A6301F04DFA0B4BEB
S21401ED201B783BB1044E01AD0FCD0FC695E8070029
S21401ED3084E8070008B070BDC41F00B0A01E00B074
S21401ED402C1F00B0001F00B010111111845B0020B1
S21401ED5008B51EF0AAFB0E4B1A78A2B90D4A126826
S21401ED6012F4843F0FD10C4A1021D1671B7863B986
S21401ED70084B1B68DB0508D4074B2022DA67BDE881
S21401ED8008401EF08DBB054AEEE7044BF5E700BFD1
S21401ED90975B002048160020002002B8001002B839
S21401EDA00A4B197801F0FF0229B1002119700849B0
S21401EDB09202C1F8B420597801F0FF0229B100216E
S21401EDC059709302024AC2F8B8307047925B00202D
S21401EDD0005000B8064BD3F8D80E064B5B6F1A01ED
S21401EDE003D4054B9B6E1B0401D500F5807070475C
S21401EDF0001000B0000002B8004000B810B51EF0C8
S21401EE0054FB0E2104460320FFF7FCF840F20122D2
S21401EE10034B2046BDE81040DA621EF041BB00BF3E
S21401EE20004000B808B51EF040FB4FF00042224BF0
S21401EE30C3F88020BFF34F8FBFF36F8F0122C3F853
S21401EE408420BFF34F8FBFF36F8F0222C3F8842055
S21401EE50BFF34F8FBFF36F8F0422C3F88420BFF335
S21401EE604F8FBFF36F8F0822C3F88420BFF34F8FF5
S21401EE70BFF36F8F1022C3F88420BFF34F8FBFF309
S21401EE806F8F2022C3F88420BFF34F8FBFF36F8F9D
S21401EE904022C3F88420BFF34F8FBFF36F8F4FF428
S21401EEA08072C3F88420BFF34F8FBFF36F8FBDE826
S21401EEB008401EF0F5BA00BF00E100E008B51EF0FC
S21401EEC0F4FA4FF00042094B1A6001225A600422FC
S21401EED05A6008225A6010225A6020225A60402244
S21401EEE05A60BDE808401EF0DBBA00BF00E100E052
S21401EEF0012370B5074C2370074B1E68074B324041
S21401EF00D3E9005319402840FCF7F8FC002323708E
S21401EF1070BD00BF955B0020FC4C00204816002009
S21401EF200022044B1A70044B197811B11A70FFF7BE
S21401EF300FBF7047965B0020975B00202DE9F047D6
S21401EF40DDF820A003EA0108099B06460C4602EA02
S21401EF50000703EA0A09BAF1000F40F04E81031FC9
S21401EF600B4300F00E81052871F1000380F0E48068
S21401EF7050EA010300F06081431E0B4300F0248138
S21401EF80FFF750FFAD4AD2E9005323EA040325EA0E
S21401EF9006053D4343EA0807A94BC2E900571E6828
S21401EFA0DFF8F48226EA0A0646EA09061E60FFF73B
S21401EFB0CFFE15F02A4F14BF48F202034FF4004368
S21401EFC0A04AB007D26EA04848BF43F4005383EA74
S21401EFD0020122EA0302C2669C4A0B408166D3669E
S21401EFE0C5F380421203290348BF42F48072EB0640
S21401EFF048BF42F40052964BAC0648BF42F400723A
S21401F0006806D3F80C3248BF42F48062290648BF2E
S21401F01042F400628F4882EA030123EA0203C0F841
S21401F0200C328D4B0A40C7F34024A404C0F80812E2
S21401F030C3F80C22EA0448BF44F48034AB0348BF4B
S21401F04044F48014A80748BF44F4800415F4001F54
S21401F05006D0D8F8000019F07DFE08B944F4002463
S21401F060E90248BF44F40034FA0648BF44F40004F9
S21401F07073077A4B48BF44F004041A6A44F4001438
S21401F08084EA020323F0010375491A400A621C4010
S21401F090CB61744B16F0010F1C62734B734A18BF99
S21401F0A01A46734B7C071B6F48BF42F000627148DB
S21401F0B082EA030123EA020303676F4B0A404166B3
S21401F0C01A676E4A05F00103516CA0F5803081EA9B
S21401F0D0030221EA0301416482631A40684B280255
S21401F0E05A64D8F8002048BF664B92F8F62058BFFD
S21401F0F0654B690748BF43F4806322B115F4C06FBE
S21401F10018BF43F480733207604A48BF43F0004398
S21401F110D2F8EC105E4883EA010222F4A0221140E4
S21401F120C0F8EC101340C0F8E0205A4ABDE8F0479A
S21401F130C2F8EC30FFF7C2BEA0F580630B4306D0E1
S21401F14020F48063A3F500730B437FF419AF1EF020
S21401F150ACF93A49D1E9003223EA060322EA04026D
S21401F16042EA08023B43C1E900324B4A126892F870
S21401F170F610474A09B313F4C06F1ED04FF48073DC
S21401F18011E01EF092F92D4AD2E9003123F0040372
S21401F1903B4341EA080157EA0807C2E900314FF448
S21401F1A080633B4A0BD0C2F8E030A2F58052C2F829
S21401F1B0EC30BDE8F0471EF073B94FF48073C2F827
S21401F1C0EC30C2F8E030F4E71EF06FF91B4AD2E9E2
S21401F1D0003123F001033B4341EA0801C2E9003153
S21401F1E001232E4A57EA08071BBF9363A2F58052F4
S21401F1F05364536408BF9363DBE750EA01037FF46B
S21401F200BFAEBAF1010F7FF4BBAE1EF04EF90C4A49
S21401F210136823F0010343EA090313604FF4806384
S21401F220144AB9F1000F04D05366A2F58052136751
S21401F230BFE713675366BCE7BDE8F08748160020B2
S21401F240FC4C0020004000B8006000B8005000B838
S21401F250004001B8006001B8005001B8000002B8D3
S21401F260002002B8001002B8041C000304180003B2
S21401F27000C001B800E001B800D001B800C000B875
S21401F28000D000B80D0A0A09090A0A09004000540C
S21401F29000600054005000541C4D002000E000B8EF
S21401F2A0024B5868C0F3C000704700BF48160020E4
S21401F2B0024B186800F00100704700BF4816002096
S21401F2C0024B5868C0F3C030704700BF4816002094
S21401F2D010B50446FEF700FDFFF7A4FD2046FDF736
S21401F2E0BDF8FEF7A5FCFEF7ABF8FEF71DF9FFF734
S21401F2F0C9FB13490723134AD1F8FC1004F1F8009F
S21401F300FFF71AFC4FF080710020FEF7E7FB4FF085
S21401F31000720D4B4FF400110120C3F80021FEF7D7
S21401F320DDFBFEF7D7FF20B940F292321421FBF73E
S21401F330FDF819F042FCBDE810400120FDF766BF5C
S21401F340001F00B0581F00B000D001B88023074A44
S21401F3501367082340B11367054AD2F8A03023F09B
S21401F3602003C2F8A0307047024AF4E7001002B842
S21401F370001E00B0002002B810B51EF096F801215C
S21401F38004460020FFF7E2FF044B1961044B5B685B
S21401F39098472046BDE810401EF082B8000002B82B
S21401F3A09C610020F8B5194C0546207840F2E442ED
S21401F3B0B0FA80F03E214009FBF7B8F855B96078FD
S21401F3C040F2E442BDE8F840B0FA80F03E21400940
S21401F3D0FBF7ACB84FF440660D4F0E4DD7F8B4307E
S21401F3E040F2E442C3F381232370C5F8B460607829
S21401F3F03E21B0FA80F04009FBF798F8D7F8B8300C
S21401F400C3F381236370C5F8B860F8BD925B002032
S21401F410004000B8006000B8F8B5084C084D236FEE
S21401F4200423084F2B67236F5B0300D4F8BD042623
S21401F43002203E6719F03EFB2E67F4E7000002B893
S21401F440001002B8002002B8A82238B51A4B1D6F6A
S21401F45003F500531A6710229A60A3F5804302F160
S21401F46000521A675A66FFF79BFC144B1B7813B9B8
S21401F4700320FEF78BF80024114B9C67FFF7CCFFA7
S21401F480104A114BD2F8D81E0B40C2F8D83E0422BF
S21401F4900E4B1A670E4BAA06C3F8AC4008D503F507
S21401F4A08073DB6CB3F5817F22BF8022024B1A6129
S21401F4B0BDE83840FCF7C2BB000002B8945B0020F0
S21401F4C000C001B8001000B0DF0000FF002002B845
S21401F4D0001E00B010B549B930B3164AD3681B0EEA
S21401F4E013F00E0F20D193689A061DD4FFF786FC01
S21401F4F0104C0020FEF72AFE032801D0092805D16A
S21401F500636FDB03F5D4E36D0C2BF2D9FFF784FFB1
S21401F5104FF40072084BDA62012203F5E8335A61B0
S21401F520042203F580531A674FF4C062034BDA6274
S21401F53010BD00BF000002B8004000B8006001B86E
S21401F54008B503210920FEF75DFD2022014B1A6153
S21401F55008BD00BF000002B838B505461DF0A5FF7E
S21401F5600E4B04461868FDF745F835B1FFF7D8FC91
S21401F5702046BDE838401DF093BF094B1B78002B91
S21401F580F6D0084B1D78002DF2D1FFF7C9FC2A46AC
S21401F5904FF480400021FFF7ABFCE9E71C4D00204B
S21401F5A0965B0020955B00202DE9F84F5C4B0646E4
S21401F5B00D4614461B6F002A40F0AE8013F0A00FD4
S21401F5C014BF4FF001094FF00009FCF737FBA023E9
S21401F5D04FF0000ADFF868810320C8F87030FDF7A5
S21401F5E0D5FF0420FDF7D2FF4E4FFFF799FC4E4B97
S21401F5F04FF0040B7B67C7F878A0FFF70DFF4B4B66
S21401F6004FF48071D3F8A020494842F02002C3F895
S21401F610A020FF22C8F80820414A1161D0F8D82E50
S21401F62044491140C0F8D81EC8F870B0C3F8ACA061
S21401F6307B6913F0060F04D0FEF75CFA5846FDF717
S21401F640A5FFB9F1000F08D04FF400623A4B1A67D4
S21401F6504FF40042A3F5E0339A6666B1374BDB6C94
S21401F660180701D4FFF7CAFBFFF76AFF0420FDF76E
S21401F6708DFFFFF795FB2A4B5A69D10747D5DA6804
S21401F68012F0706FFBD12E4B2E4A1A672E4AD36B9F
S21401F69023F0F003D36315B12046FFF75DFF2B4B34
S21401F6A0D3F84C315A1C01D05B0002D50122244B01
S21401F6B05A6164B3214BDA6E03F500539A6603F57B
S21401F6C0D0331B6A1E4A23F00103D361204BD3F8C3
S21401F6D00C1203F50053C3F8081203F50053D3F8D0
S21401F6E0841003F5005399671A4BD3F8EC1003F511
S21401F6F00053C3F8E010184B596C03F50053996397
S21401F700164903F5803359664FF608431367002000
S21401F710BDE8F84FFCF736BD4FF0000955E700BFCE
S21401F720000002B800C001B800000101001E00B0D0
S21401F730001000B0DF0000FF001002B8004000B863
S21401F740002002B810003000001F00B00080E00F5B
S21401F750004001B80040005400C000B85000002F1F
S21401F7609B4B2DE9F04F9F6EDB6E85B01F40994B8A
S21401F7709F66994BD3F8E050D3F8EC301D40974B79
S21401F780C3F8E050964BD3F80822D3F80C3202EABD
S21401F7900309944BC3F8089203F52043DA691B6A00
S21401F7A002EA0308904B08F47702DA618F4BD3F82C
S21401F7B00422D20605D4D3F80431C3F30016DB06BF
S21401F7C051D51DF072FE8A4B5A695E6E1B6F12F0A0
S21401F7D0060F06EA0306874A26F0007314BF4FF0A9
S21401F7E0010A4FF0000A23F400637407536604D538
S21401F7F0814A137D0133DBB213751DF051FE002FD4
S21401F80000F0E28017F4004300F0D3801DF04DFEB7
S21401F8100146FFF7DFFA0446784BD3F800B0DBF871
S21401F8200020DBF800309A42FBD0DBF800209A4239
S21401F830FBD0FFF7CFFAA04217D108461DF030FEE5
S21401F8406F4B1C606F4BD3F870B01BF4E0520ED1B7
S21401F85024F07F4424F0DF040CB9FFF7F5FD4FF0E8
S21401F860807B002414E0B246C9E70446D7E701923C
S21401F870FFF7EAFD5C4B019A1BF480541A6740F0CF
S21401F8809A801BF4806F0CBF4FF0805B4FF0806B4B
S21401F890B80715D55B4A5448126F02F460410167F8
S21401F8A0002900F08B80110400F18B8012F4005FB8
S21401F8B00CBF4FF000524FF0006200244BEA020BDF
S21401F8C0C7F340377F00504A2A40002A4AD015F431
S21401F8D0206F0AD040F6A31206210020FAF726FE72
S21401F8E00020FFF739FE25F48025EB0506D5FF211C
S21401F8F03D4A4BF4C06B9160FFF780FA15F0090F93
S21401F9000AD040F6B81208210020FAF70FFEFFF7DA
S21401F91017FE0121304A116315F0106F0CD040F626
S21401F920C11209210020FAF701FEFFF709FE0022A5
S21401F93011461046FCF736FE15F4202F0AD040F685
S21401F940C91207210020FAF7F1FD0020FFF704FE97
S21401F95025F48025E80301D5FCF768FF002DB8BF24
S21401F96047F0080769070DD51B4AD26A12F4005FF3
S21401F9704FF4005217BF19492449CA624BF4000BD1
S21401F98008BFCA626A0548BF4BF0040B15F4802312
S21401F990019300F0A480FCF701FF0138062837D850
S21401F9A0DFE810F028012B0128012E013101340176
S21401F9B034019B4655E74FF0804B52E74FF00072FB
S21401F9C07BE74FF0004278E7BB463C467BE700BF4B
S21401F9D0004000B8006000B80040005400600054C9
S21401F9E0004001B8006001B8002002B800E100E064
S21401F9F000C001B800E001B8004D00206498040082
S21401FA00F84C0020000002B8090B0B890050005486
S21401FA1040F6FA1203210020FAF788FD01218548F5
S21401FA20826ED0F8883002F00702063201FA02F23E
S21401FA30C3F30C0CA2EB0C0292B2072A12D97E4A2F
S21401FA40126F53020ED47D4B826B806D5B6D5BB182
S21401FA5002F0070206329140C0F30C00091A89B27F
S21401FA60072901D84BF4007B754A1278002A36D054
S21401FA70704AD2F8E02012F4A02F30D1714A7249B0
S21401FA8012789AB9F20411D40A787AB14FEADB02F5
S21401FA906E4842EA447282F00102D0F8D80E02F0B3
S21401FAA00102520020FA02F2930718D10420FDF752
S21401FAB06DFD674A67485067FFF732FA62490A7870
S21401FAC04AB9654A127832B1644A654912680BEA46
S21401FAD002020A4201D14BF4804B26F48056B9F15A
S21401FAE0000F1DD019F4805F18BF4BF4802B19F45A
S21401FAF0807F18BF4BF4002B19F4005F18BF4BF042
S21401FB00100B19F4007F18BF4BF0200B19F4806F0F
S21401FB1018BF4BF0400B19F4006F18BF4BF0800B69
S21401FB20B8F1000F48D018F4001F0AD04D4A1368E8
S21401FB303BB1414A4C48116F00680022C1F3C061D5
S21401FB40984718F4802F18BF44F4007418F4803FC7
S21401FB5018BF4BF4805B18F4801F18BF4BF4003BB2
S21401FB6018F4800F18BF4BF0020B18F4003F18BFB3
S21401FB704BF4801B18F4000F18BF44F0100418F45F
S21401FB80002F19D0394AD2F8A02012F0C00F13D096
S21401FB902949CA68C2F30362032A01D0072A05D19C
S21401FBA04A6FD00602D48A6F120732D54FF400216D
S21401FBB02F4A28F40028D161002E00F01B8133055E
S21401FBC040F18F802B48DFF88890C2782A49002AB6
S21401FBD058D04FF40063013AD2B24B66C27032B9C4
S21401FBE0264A1278C2B140F60141254A51670022E1
S21401FBF0002173E04BF4803B10E74BF4006B0DE7FC
S21401FC004BF4806B0AE74BF4807B07E74BF0080B5D
S21401FC1004E74BF4001BCFE7D9F8782012F4A05F75
S21401FC2015BF4FF4807240F60142C9F85820C9F852
S21401FC307820DCE700400054000002B8004000B81D
S21401FC40975B0020965B0020995B0020001000B0B7
S21401FC5000C001B800000101985B00204816002092
S21401FC60088D0100304C00201C4D0020001E00B005
S21401FC70002002B8885B002000E001B8945B0020F9
S21401FC8000D001B80320FDF781FCD9F81420A84B59
S21401FC9012F0060F04BF41F61F72A649A64808BF18
S21401FCA04A674FF40061A34A5166D9F8142012F04E
S21401FCB0060208BFC9F878205A8A12F4006162D099
S21401FCC022F400625A82027802F0FF09002A5ED10D
S21401FCD0FDF710FFFFF7B8FB4A4620214BEA020B5F
S21401FCE00C43B00009D52E20FDF79EFB4FF00051C6
S21401FCF0904A44F0080411675166F10606D52B2098
S21401FD00FDF792FB10218B4A1167516616F0306F92
S21401FD1005D1F20463D5BAF1000F00F0C0803301BB
S21401FD2017D52920FDF780FB844A526C12B11021A9
S21401FD30834A9160FFF7B4FA48B1824A82487D4906
S21401FD404A66026700F54050C068400422D444F079
S21401FD50040416F0007A28D00420FDF717FC2720AB
S21401FD60FDF762FBFFF770FB4FF00071714A5166B9
S21401FD70764AD2F8D82E520679D40221704A91607A
S21401FD8044F0020428E002784FF40052A6E74FF44C
S21401FD9000422DE70A6720204A66FDF745FB2D2025
S21401FDA044F00C04FDF740FBD3E716F0807FDFF844
S21401FDB08C9147D00420FDF7E9FB2820FDF734FBA2
S21401FDC0D9F87820002A3AD1FFF73EFB594A5D4917
S21401FDD044F00104116751660021584A9165720585
S21401FDE008D55B498A78002A00F0D880013A8A70E3
S21401FDF000221743574AD2F8A020130603D55846C7
S21401FE002146FCF7C7F93A4658462146FFF770F8EF
S21401FE10019B0BB1FCF7F8FC01224F4B05F00435B2
S21401FE20C3F8E0504D4B18F4002FC3F884211EBFD1
S21401FE304FF40022424BDA6105B0BDE8F08FC9F8F5
S21401FE4078A0C3E7F104C7D50420FDF79FFB444A19
S21401FE50C9F87420FDF74EFED9F8642012F0407FF1
S21401FE60BAD12A20FDF7E0FAFFF7EEFA80E7394A21
S21401FE70D2F8A0108B0683D402203A4988603A490A
S21401FE80096891F82510C8077FF57AAF92F8C42063
S21401FE90002A3FF475AF8021344A116170E7344A75
S21401FEA01268013202D04BF0010B98E728490A7913
S21401FEB052B1013AD2B20A7112B9234A2D49516799
S21401FEC000224BEA020B8AE70420FDF75FFB0320C2
S21401FED0FDF75CFB194A224951671DF0E6FA814697
S21401FEE00DF10F00FEF732F9234A824612780AB165
S21401FEF0FEF784FFBAF1030F0ED1DFF870A00020E1
S21401FF00FEF724F9032807D1DAF87420D103F6D4D2
S21401FF10DAF85C200C2AF2D99DF80F20032A2FD19B
S21401FF200121164A484611701DF0BAFAC8E700BF0B
S21401FF30004D002000E001B8945B002000C001B82D
S21401FF40002002B81000002000D001B8001000B058
S21401FF50885B0020001E00B00060005400E100E055
S21401FF6000000101001002B81C4D0020000002B87C
S21401FF70A46100200000010D9A5B0020965B002022
S21401FF80094AD2F8E02012F4A02FC9D1FEF7C8FF23
S21401FF9048461DF085FA4FF4804292E70220FDF7AD
S21401FFA0F5FA012225E700BF004000540122024B6A
S21401FFB01A62DA61704700BF002002B80D4B10B517
S21401FFC0DC691A6A14400C4A24F47F01D161E20705
S21401FFD006D5D9684FF0FF30C1F3036118F0F7FD7D
S21401FFE0630706D5BDE81040042200200021FEF775
S21401FFF07FBF10BD000002B8002002B80C4A08B549
S214020000936B526C13400B4A9363DB070FD50A4B74
S21402001040F663421878122100F00100FAF786FAD9
S214020020BDE80840002201200021FEF761BF08BD9E
S21402003000C000B800E000B848160020054AD2F812
S2140200408430DB07FBD4936FD2F884201340024A35
S21402005093677047008001B800A001B870B51446D7
S2140200600D461DF022FA064BD3F8A06074402C40D1
S2140200707440C3F8A0401DF013FA06EA050070BDEE
S214020080001E00B0034BD3F8A03099430CBF0120EA
S21402009000207047001E00B02DE9F04117460A43C3
S2140200A0012A1D469DF818409DF81C60DDF8208048
S2140200B029D8B44227D2082E25D8032B23D8B8F144
S2140200C0000F20D00A460021FBF71CFDFF21EB00A3
S2140200D09940C943DFF834C008F1FF38FF00E2B2A6
S2140200E0964202D80020BDE8F0813D190CEB85054A
S2140200F0D5F8E02018F8010F0A4098401043C5F8DA
S214020100E0000134EBE72120EDE700BF001E00B05F
S214020110034B1868034B002808BF1846704700BFF9
S214020120184D0020B4B904002DE9F843DFF86090BA
S2140201300646D9F8008008461746B8F1000F03D0E5
S2140201400E242046BDE8F88306B3336801331DD17A
S214020150E1B1FAF70DF805460028F1D0C9F800001B
S214020160FAF72CF8284618F046F8044640B14046FE
S214020170C9F80080FAF722F8284618F037F8E0E7C0
S2140201803560002FDDD02846B847DAE72124D8E7C5
S2140201901C4D0020024B1868003818BF012070471B
S2140201A01C4D0020002108B5024B08465B689847A4
S2140201B0002008BD9C6100200523064AA2F84A30AA
S2140201C092F8493003F0010363F0730382F8493072
S2140201D0704700BF001F00B00023F0B585B0CDE920
S2140201E001330393124B134D1B78134E8DF80430D4
S2140201F01DF068F92A78337804469A420F4F0CD0DD
S2140202003178386801AA297018F016FD50B140F608
S21402021008210B481DF048FA04E0386818F0ECFC98
S2140202200128EDD020461DF048F905B0F0BD00BF0C
S214020230B8640020EF640020F0640020384D0020EF
S214020240D56F0400F8B52B4B1B7823B140F6FC3172
S21402025029481DF029FA1DF035F9284B07461C8857
S21402026014F0060409D001214FF480701CF0DEF869
S2140202703846BDE8F8401DF020B921464FF480709C
S2140202801CF0D4F8204600F0ABFF022808D18022EA
S2140202901B4B8021186818F078F8FFF79DFFE7E7F8
S2140202A0204600F09DFF054638B1012807D040F6EB
S2140202B0314111481DF0F8F9DAE70246E8E7FF2275
S2140202C00F4E104B30681A70FFF76CFF306818F04C
S2140202D093FC0128CCD02A462946306818F08EFCBA
S2140202E021462C201CF0CEF821460A201CF0CAF823
S2140202F0BEE700BFA05B0020D56F040006550020B5
S214020300384D0020EF640020002101481CF0D4BEC6
S2140203101C6200207F2837B5044610D14FF6FF73C3
S214020320022217480DF10601ADF80630EBF778FB0E
S214020330BDF80640E2054CBF6FF04A0464B21DF0F9
S214020340C1F8104B05461C700F4B1B88DB0710D5F7
S2140203500E4B1B78002B0E4B0CBF21466FF07F0115
S214020360186818F037F820B140F6786109481DF091
S2140203709BF9284603B0BDE830401DF09EB800BF8A
S214020380641002C0E764002006550020A15B00202E
S214020390384D0020D56F040010B513F0FCFB60B199
S2140203A013F0FBFB0B4A80B141F20D03BDE810408F
S2140203B041F20D0107481CF08BB9074B1A781B79DE
S2140203C09A4204D100220023F0E70D23EEE7034A07
S2140203D0F9E700BF400D0300B8640020488D010015
S2140203E0F8B5164E0D46337802F0010423B140F2FA
S2140203F0C53113481DF058F9124B134F1D60134DAB
S214020400A4B1134B997801B1012120201CF00EF8FB
S2140204102B783B700F4B1C780F4B00211C7004236B
S21402042033700E48BDE8F8401CF046BE2146202038
S2140204301BF0FCFF2B783B70EEE700BFA05B0020B2
S214020440D56F0400284D00209D5B0020F16400203B
S2140204502C4D00209E5B00209F5B00201C6200202B
S2140204602DE9F8431DF02EF8DFF8A0810546B8F80E
S2140204700030614C13F4807F03D0237873BBFFF700
S214020480E1FE002108461BF0FDFF5C4B1A78FF2AAE
S21402049013D01A7802F0FF0632BBFF221A702378B6
S2140204A0052B0AD10023284623701DF006F8304695
S2140204B018F052FC1DF006F805462378504E062B1F
S2140204C009D13378FF2B06D03378022B15D10021C1
S2140204D04C481CF0F1FDFF2333702BE000214FF453
S2140204E080701BF0A3FFCCE71A78012A4FF0FF02B8
S2140204F014BF33264C261A70D4E7337813B13378F8
S214020500012B22D11CF032F807463E4896F800909E
S21402051001F0DCFBFF235FFA89F9337077B1B9F19A
S214020520010F44D16421374884F800901CF0C4FDC2
S214020530FFF752FE28461CF0C0FF06E0284627704A
S2140205401CF0BBFF384618F007FCB8F800301B0654
S21402055005D5002180201BF069FF16F0F1FE01F0A0
S214020560F1FA294E308000B32778012F42D11CF0D1
S214020570B7FC054610B301301DF079F900F440606F
S214020580B0F5006F1AD10422394628461CF0E8FB63
S21402059028441DF06CF94FF6FF7398420ED10020E6
S2140205A0318800F0FFFC00233380BDE8F883002387
S2140205B0284623701CF081FF3F20C4E7114801F053
S2140205C085FB002108462170012500F09DFC23785A
S2140205D00BB9FFF737FE0020318800F0E3FC00235A
S2140205E03380002DE1D020780028DED1BDE8F84324
S2140205F018F0FDBC0025EAE7A05B0020EE640020B0
S214020600ED6400201C6200200455002006550020E0
S21402061008B513460A461946064B186817F067FFD0
S21402062030B1BDE8084040F2F44103481DF03CB842
S21402063008BD00BF384D0020D56F040008B513462C
S2140206400A461946064B186817F04BFF30B1BDE84C
S214020650084040F2FB4103481DF026B808BD00BF23
S214020660384D0020D56F0400024B1878431E5842BE
S21402067058417047A05B002008B5064B1B7823B193
S21402068040F2255104481DF00FF8FFF7DBFD00206D
S21402069008BD00BFA05B0020D56F040008B5054B5F
S2140206A001EB81011868490017F096FE002818BF72
S2140206B0212008BD384D002008B5044B1868F9F70C
S2140206C00FFF0A2390FBF3F040B208BD384D00201E
S2140206D0014B1878704700BFF064002008B5044B41
S2140206E0186817F0E4FDB0FA80F0400908BD00BFB4
S2140206F0384D002038B5124D0C462B78012B04D904
S21402070040F246510F481CF0CFFF21460020FFF76B
S214020710E5FF90B10C4B1C702B785BB9FFF792FD8E
S2140207200A4B93F900100A4BC901186817F028FE05
S214020730002038BDFFF750FDF2E72120F9E700BFA1
S214020740A05B0020D56F0400F0640020A25B0020AE
S214020750384D002008B5074B186817F0A6FD30B1D3
S214020760054BB3FBF0F083B20BB1184608BD01206F
S214020770FCE700BF384D002040420F002DE9F3474A
S2140207805C4E01201CF08DFF3388990704D440F696
S2140207903F4159481CF088FFDFF8808198F8003006
S2140207A0053B012B04D940F6414153481CF07CFF1F
S2140207B0524F3B6823B940F644414F481CF074FF41
S2140207C0348814F0200478D0012122201BF05AFE2F
S2140207D04FF47A74FFF7BEFF3B681B780933434336
S2140207E004EBC30498F80030A5B2062B0BD11CF01C
S2140207F085FA0446FFF7AEFF602358430C2303FB3B
S2140208000400284485B2D7F800903D4B99F8008042
S2140208101C7808F1FF381FFA88F8002C52D133886A
S2140208205A0505D409F101001DF021F8C0F3401461
S2140208303449354A887812784B7812FB00F2334FE7
S21402084093423B70A4BF9B1A3B703B78CA78BD604C
S214020850934238BF13463B7013F0A5F9002833D0F5
S21402086013F09FF9012814BF1025082525430023FD
S214020870DFF8ACA00093802243464946DAF800002F
S21402088017F0DCFD20B14FF43B611B481CF00CFF57
S2140208901F4BDAF8000019781E4B197033889B0636
S2140208A014D52A461C4B009718F0C4F9C0B900208C
S2140208B002B0BDE8F0471CF0F4BE214622201BF031
S2140208C0E1FD87E70024B3E72546D0E72A460F4B2B
S2140208D018F0AEF9014618B925201BF0D3FDE6E75D
S2140208E0214626201BF0CEFD40F6F43102481CF0CD
S2140208F0DBFEDCE706550020D56F0400284D0020FD
S214020900A35B0020B86400209D5B0020CC61002021
S214020910F0640020EF6400202C4D0020A05B002035
S214020920384D0020184B10B51B889B0704D440F6A0
S214020930A66116481CF0B8FE154B1B78053B012B2A
S21402094004D940F6A76111481CF0AEFE114B1B6895
S21402095023B940F6A9610D481CF0A6FE00240E4BF2
S2140209600E4921201C701BF08DFD014618B9BDE80A
S2140209701040FFF703BF022804D12046BDE810400E
S2140209801BF016BE10BD00BF06550020D56F040032
S214020990A05B0020284D00209B5B00203D0B020040
S2140209A0F8B55A4C23889A0704D54FF43E71584836
S2140209B01CF07AFE574801F089F91CF083FD238863
S2140209C005465B070DD54FF0FF3017F07EFD524B04
S2140209D01B68C01AB0F5717F03D9002104201BF0F2
S2140209E025FD28464D4D1CF068FD2B78042B32D190
S2140209F01CF068FD238806465F0708D54548002197
S214020A001CF05AFB3046BDE8F8401CF056BD1CF000
S214020A1054FD1CF057FD424B06461B78414F13B956
S214020A20238859050FD50523012102202B701BF0C0
S214020A30FDFCFFF777FF30461CF03FFD3B68DA7897
S214020A40394B1A70F8BD386801301CF010FF820668
S214020A50E9D50623E8E7062B4DD1344B1B78FF2B4E
S214020A60F0D1334E13F0A1F83378002B3DD01CF0B2
S214020A7029FD238805465B0705D5264800211CF07C
S214020A801BFB2846BFE71CF018FD3378013B33708A
S214020A901CF018FD0446012102201BF0C7FCFFF7DC
S214020AA041FF20461F4C1CF008FD206801301CF058
S214020AB0DEFE00F44060B0F5006F13D12468012119
S214020AC0042220461CF04CF920441CF0D0FE0146BD
S214020AD0184B04201A783378D21AD2B2BDE8F840FE
S214020AE01CF08CBE4FF6FF71F2E740202B70BDE87B
S214020AF0F84018F031B9012BA4D100232B700E4B0D
S214020B001868FFF74FFB3F20F1E700BF06550020AD
S214020B10D56F04001C620020244D0020A05B00203C
S214020B20A35B0020284D00209C5B0020ED64002083
S214020B309D5B0020F1640020384D002008B50A4B6A
S214020B401A7882B9012210281A7004D040F69D61E4
S214020B5006481CF0A9FD002120201BF067FCBDE81A
S214020B600840FFF70BBE08BD9B5B0020D56F040054
S214020B7008B5094B1B88DB0604D440F2C35107486C
S214020B801CF092FD102000211BF050FC044B18684C
S214020B90BDE8084018F045B806550020D56F040099
S214020BA0384D0020012208B5074B1146186818F088
S214020BB025F800212C201BF065FCBDE8084000212A
S214020BC00A201BF05FBC00BF384D0020014B4008D6
S214020BD0185C7047E964002008B513460A461946B1
S214020BE0064B186817F089FC30B1BDE8084040F69D
S214020BF0E94103481CF058BD08BD00BF384D00202F
S214020C00D56F040008B5044B186817F0F5FF0138D5
S214020C1018BF012008BD00BF384D0020054B10B597
S214020C204C0022460146186817F0C4FB031B5842C4
S214020C30584110BD384D002070B505461CF042FCE8
S214020C400E4B0F4E1B880446DA07357008D50D4B3F
S214020C500D4D1B78012B08D90121286818F076F86B
S214020C602046BDE870401CF028BC1BB112F091FF74
S214020C70C305F1D4317881F00101EEE70655002074
S214020C80E8640020A15B0020384D00200C4B10B514
S214020C901B880446DB0711D5FFF77EFB094B84F061
S214020CA0010208211868D20017F06FFB30B1BDE8C8
S214020CB0104040F6367104481CF0F6BC10BD00BF6A
S214020CC006550020384D0020D56F040008B5044BA9
S214020CD00146186817F01CFC003818BF012008BD32
S214020CE0384D002010B50A4C23787BB1FFF75AFF27
S214020CF0002104201BF09AFB002102201BF096FB29
S214020D0000232370BDE81040FFF79CBA10BD00BF59
S214020D10A05B002038B5094800F0E8FC0024084D26
S214020D2095F84430E0B2834200D838BD05EBC000E7
S214020D30043000F0DBFC0134F2E700BFDC4D00209B
S214020D403C4D002008B5104602494822F8F79CFFA1
S214020D50002008BD944D002008B505481CF01AFE78
S214020D60014620B9BDE8084001481CF0A5B908BDF7
S214020D703C620020002238B51C4B15461C461A70F1
S214020D800132082A5D609D8043F8085FF8D1482248
S214020D9000211748F8F7DAFD4FF6FE73A4F868301C
S214020DA06FF48033E365134B00211A88124B1868E0
S214020DB0F8F7CCFD114BC4E91255C4E9283584F87E
S214020DC0445084F85050656584F8A850EAF792F9C2
S214020DD0FF220B4B012118700A4B00201A70E3F712
S214020DE04FFE0020FFF7B8FF002038BD3C4D002024
S214020DF0944D00205C640020FC6000200000FFFF91
S214020E00A45B0020F95B002010B5AC24084B04FB61
S214020E100030836C53B990F850403CB931B1C0E908
S214020E2012122046FFF798FF204610BD2120FCE74D
S214020E303C4D0020AC2370B503FB00F5094E731938
S214020E4093F850405CB9204610F0AAFC735D204629
S214020E5043F002037355FFF77FFF204670BD012063
S214020E60FCE700BF3C4D0020AC235843024A135C0B
S214020E7023F00303135470473C4D002070B516460A
S214020E801F4A04461278C2BBAC211E4D01FB00511C
S214020E908A6C92BB91F850203AB1022B2DD191F870
S214020EA04410072907D91C2026E091F84410072988
S214020EB0F9D8012B08D0AC2000FB0450CA00011D53
S214020EC00C30F8F7EDFB0021AC2303FB04F0002402
S214020ED09DF8143000EBC1012944CB71049B8E802F
S214020EE08B602B1893F84420204601328C7183F8CD
S214020EF04420FFF731FF204670BD0120FCE700BF0B
S214020F00A35B00203C4D0020F8B5234B04461B781B
S214020F100F46002B3ED1AC23204D03FB0053B3F803
S214020F20A03023B940F245311D481CF0BDFBAC226F
S214020F3002FB0452D2F8A46036B192F8A3303946C6
S214020F400020B2F8A020B047AC2300216343EA1881
S214020F50A2F8A010C2F8A410482192F8A82001FB1B
S214020F6002322A44D2F89820964213D0EB5C9B07B2
S214020F700CD5AC226243AB5C204623F0020343F05E
S214020F800103AB54BDE8F840FFF7E6BE10F02AFCBA
S214020F900028EED1F8BD00BFA35B00203C4D002028
S214020FA02C7004002DE9F04F89B0059008460D46D6
S214020FB01BF096FF044618B9212009B0BDE8F08F51
S214020FC028461BF0A9FFC0B20838215C221892F806
S214020FD002A00491D1785268277803920022B4F8CE
S214020FE00130ADF81E20434A029192F800B0BBF1E0
S214020FF0000F08D0404B1B681BB120464FFA8AF2FE
S21402100098470020D9E703F00703022B70D001347B
S2140210100922594620461BF0A3FE023F3F1A3B0612
S21402102006465FFA87F8C7D4344FD7F89090B9F1DE
S214021030000F27D100210DF11E0B4346224608461B
S214021040CDF800B010F0E4FAC3B20546002B4BD13F
S214021050BDF81E0017F0C4FEE0B9BDF81E0017F07A
S214021060BBFF8146BDF81E0017F0BAFEF0B906EBCC
S214021070080201232146584692B200F07BFDD0B109
S21402108019209AE75B465A4601212846C847002897
S214021090D0D191E7D7F89430BDF81E00002BDCD0F3
S2140210A0A11998470028D8D1022086E7424648462A
S2140210B0A119F8F7E9FDBDF81E001BF011FF029B0F
S2140210C0059A0372049B80F809A08372039B1BBADD
S2140210D0C360AC2303FB027393F85020BDF81E00D6
S2140210E022B1DB6C03B19847E8B266E7BB6FF9E75B
S2140210F0012062E7A35B0020204D00203C4D00202B
S2140211002DE9F84308460F46164602F1010917F084
S21402111068FF8046384617F05CFE042856D13846EB
S21402112017F07BFE48F661054FF6FF7248F641035C
S214021130294C904208BF1D46B4F85C10301D1CF0C6
S21402114098FB384617F069FE0146B01D1CF091FB6D
S214021150B4F85E1006F108001CF08BFB06F10A04D8
S21402116038460DF067FF10B145F01005ADB22946BE
S21402117048461CF07EFB384617F02EFF42460146D4
S2140211802046F8F781FD384601211BF0E1FE444473
S214021190074660B11BF0C0FE054638461BF0A0FEAF
S2140211A0EDB201462A462046F8F76EFD2C440B4A5D
S2140211B0A41B13780134591C1170F3703470304636
S2140211C0BDE8F843092201211BF0CABD48461CF0BF
S2140211D04EFB4C460546C3E73C4D0020A45B002070
S2140211E0AC2210B548245043094B1A1892F8A8109E
S2140211F004FB0100034493F87700022806D092F815
S21402120050301BB9032818BF012010BD0020FCE790
S2140212103C4D002070B508B1012070BD234C94F8F7
S214021220A850002DF8D12946B4F85C20FFF706FA3C
S21402123029462846B4F85E20FFF7EAF929462846EA
S21402124004F16002FFF7C8FC94F87730002BE3D075
S214021250284694F85860FFF73BFA864215D10020DC
S21402126094F95A50FFF728FA854216D10020FFF764
S214021270B7FF044600201BF029FD0028CDD02146EA
S214021280BDE870400020FFF7F7B9284694F85810DA
S214021290FFF730FA0028E2D0BFE7002094F95A1090
S2140212A0FFF7FCF90028E1D0B7E700BF3C4D00206D
S2140212B00346AC2010B51446164A00FB032292F8E9
S2140212C0770002280CD1E07F022809D141B11249E9
S2140212D00978012913D992F85810227891420ED132
S2140212E018462178FFF7FAF990B1482221460B48B2
S2140212F0F8F7CAFC00201BF0E9FC08B9002010BD74
S214021300044B93F8A8000028F8D1FFF783FFF5E70F
S2140213102120F4E73C4D0020BE640020944D0020BE
S21402132038B5AC230D4C054603FB004300205A6D2E
S214021330D86483F8500012B15865FFF719FCF5F728
S21402134039FBFF281EBFAC2303FB054484F8A80024
S2140213500020FFF75FFF002038BD00BF3C4D002095
S2140213607FB51D4C94F8A83023B1002084F8A8005D
S214021370FFF750FF94F85A30B4F8A0608DF80F309B
S21402138026B940F2FD2115481CF08EF9144B314661
S2140213901D6800202A46FFF7B3FEE46F02469CB1A2
S2140213A00DF10F0301930023294630460093A04710
S2140213B002462C7854B920462146FFF7A5FD204662
S2140213C0FFF7CAFC04B070BD0122F2E729460020EE
S2140213D0FFF706F8F6E700BF3C4D00202C7004002D
S2140213E0FC60002038B5494B1C78002C58D1484880
S2140213F000F06CFC20461BF069FC002850D0454CDF
S2140214002378D90733D594F850201AB123F0030372
S214021410237045E023F00103237010F0CBF9237804
S21402142005469A0701D510F0BBF9294600200FF0B1
S21402143053FF40B92378284643F001032370BDE8E2
S214021440384010F0ADB90023482284F8A33094F84F
S214021450A83084F8A25002FB0343D3F89830A4F8CD
S214021460A000C4F8A430BDE83840FFF779BF94F86E
S2140214704400B0B104F1A003251D95E8030083E8FB
S2140214800300FFF76DFF94F844202846D20004F1CB
S2140214900C01F8F705F994F84430013B84F844301F
S2140214A038BDA26C62B99B0711D52378002023F0C1
S2140214B0020343F001032370BDE83840FFF74CBC3B
S2140214C00123A06484F85030904723789EE710F0FA
S2140214D089F90028E9D194F8A83073B1F5F76AFAC9
S2140214E094F85030002BDBD1FF2818BF84F8A800F0
S2140214F0BDE838400020FFF78DBED4F88C30002BB4
S214021500ECD098470028CBD1E8E700BFA35B0020C9
S2140215103C6200203C4D002070B5044600201BF0C3
S214021520D5FBAC235C430B4E351995F850300BB106
S214021530002070BD0028FBD007481CF02BFA0028BC
S214021540F6D1335D002BF3D195F84400B0FA80F063
S2140215504009EEE73C4D00203C62002010B5084AE8
S214021560034617F04CFD14684FF6FF7203EB400378
S2140215709C42184603D9018802339142F8D010BD26
S214021580F84D00202DE9F047204F05463B88A3B3CF
S214021590B0F90230002B30DBDFF87C801C49D8F82B
S2140215A00000F8F753FA20B94FF4EA7119481CF014
S2140215B07BF80026DFF85CA0DFF860903A88B3B2CA
S2140215C09A4204D84FF4EB7150461CF06DF8D9F8E5
S2140215D00030B2B253F83200D8F8001003EBC2045F
S2140215E068B943F83210A38828460133A38017F05F
S2140215F006FDE38803EB4003E380BDE8F087F8F7D7
S21402160025FA01360028D9D1EDE700BF085500209B
S214021610F96F0400037004005C620020EC4D0020A9
S21402162038B5094C094D22682B689A4204D94FF402
S214021630877107481CF038F828682368C01A20F01B
S214021640010080B238BD00BFF84D0020004E0020D9
S2140216500370040038B5124C124D21462846F5F7A1
S2140216602FF823680BB12B681BB9DE210E481CF03D
S2140216701BF82A680D4B0E491A60236823F00103F3
S21402168013440B600B4B1A602AB9BDE83840F821A8
S21402169005481CF009B8FFF7C3FF6428F5D938BD22
S2140216A0F04D0020F44D002003700400FC4D002095
S2140216B0004E0020F84D002038B5094C094D22682E
S2140216C02B689A4204D34FF48A7107481BF0ECFF4A
S2140216D028682368C01A20F0010080B238BD00BF17
S2140216E0FC4D0020004E0020037004002DE9F0415E
S2140216F01D4B04461B78012B24D100881BF0D2FB1D
S2140217000546D8B10426DFF864802C461BF0DAFEC4
S21402171007462046FFF736FF638843EA08036380DE
S214021720A05B1BF0BFFB044638461BF0C6FE1CB18E
S214021730B4F90230002BE9DA062E01D1BDE8F081B9
S2140217400626E2E7022BF9D11BF0BCFE02462088F1
S2140217501BF0A8FB18B10388C3F30E0323801046C0
S214021760BDE8F0411BF0A9BEA55B00200080FFFF8C
S2140217702DE9F04F0024BA4B97B006461C801BF0AA
S214021780A1FE0123DFF8EC82B64F3B70B8F80030BA
S214021790A8F80040ADF81630B34B1B6801931BF057
S2140217A08CFEB24B21461A88B14BD2001868F8F765
S2140217B0CDF80DF11600FFF799FF002E3CD1DFF8A9
S2140217C0B8924FF0000B0125D9F80040019B9C42CD
S2140217D039D3BBF1000F39D1002DF2D0D9F8004031
S2140217E0DFF898A225462246019B9A4273D302232B
S2140217F00DF116003B70FFF779FF002E40F08F8048
S214021800D9F800603246AA4280F0A28090881BF087
S21402181049FB18B10388C3F30E039380D0881BF0EC
S21402182041FB18B10388C3F30E03D3801046FFF7BB
S21402183095FE0246E7E79847E3B256F823300134AE
S214021840002BF8D1BBE7BBF1000F3ED00BF1FF3304
S2140218505FFA83FB16AB03EB8B0252F8402CB2F90D
S214021860020051880028B1DA4B04AFD4924641F404
S2140218708040931D2AF8020F02933AF8020F1BF0DB
S21402188011FBF0B1B0F902E0B0F802C0BEF1000FF1
S21402189017DB6FEA4C4C6FEA5C4CA0F802C0039070
S2140218A0FFF770FEBBF10F0F8FBF002516AB039A32
S2140218B003EB8B009EBF0BF1010340F8402C5FFA4E
S2140218C083FB029B9A45D8D180E72046FFF746FE67
S2140218D022460446C3E7104617F091FB8346B2F948
S2140218E00200118800280AEA010108DA20461BF0E5
S2140218F0CFFA084381B204EB4B0402EB4B051046C9
S2140219001180FFF72BFE02466EE798475FFA8AF3CE
S21402191056F823300AF1010A002BF6D170E74FF091
S214021920000AF3E73046FFF719FE82467EB1B6F9A3
S21402193002307188002B0ADA3088C0F30E001BF0E2
S214021940B1FA864203462DD1C1F30D017180564687
S214021950AE42E7D3DFF81CA11BF0B4FD0021064619
S214021960504617F0AFFB1BF09DFA0546002800F024
S214021970878030461BF0A1FD284617F040FB06463E
S21402198020461BF085FA81467600324629462046D6
S214021990F7F786FE002249460DF116001BF0D2FF2D
S2140219A03444D9E71BD9304617F029FBC1F30D01A1
S2140219B0420071801846314692B2F7F771FEC6E7CA
S2140219C05046FFF7CBFDD146854203D9B0F9023027
S2140219D0002B01DA824603E0FFF7C0FDF4E7B146CA
S2140219E0554507D9BAF80000C0F30E001BF05AFAA4
S2140219F08245E5D3B9F1000F30D0B9F80000C0F344
S214021A000E001BF04FFA034638B93346CB469945CB
S214021A1013D8B1459BD0D946ECE7484617F0EFFA03
S214021A20B9F802204946C2F30D02A9F80220420084
S214021A3092B21846F7F734FEE7E718460193FFF727
S214021A408DFD019B9B46854203D9B0F90230002BDF
S214021A5001DA0346DBE7FFF781FDF4E7CB46DAE778
S214021A600A550020A55B0020F84D002008550020EE
S214021A70EC4D00200C550020FC4D00200080FFFF9E
S214021A80BDF816303870A8F80030044B30461C609B
S214021A901BF013FD17B0BDE8F08F00BFF84D002015
S214021AA02DE9F04105461BF0FDF90F460446D8B174
S214021AB01BF032FF20B940F2FB4120481BF0F4FD38
S214021AC028461BF029FA05462046FFF747FDBD4289
S214021AD0064609D004D840F2035118481BF0E4FD2C
S214021AE02588ED0B02D02781BDE8F081678020466D
S214021AF017F085FA074604EB40081BF0E3FC104B90
S214021B001A68B2420AD1C3F800801BF0D6FC2A46F5
S214021B104046BDE8F041FF21F7F718BFA6EB0806DE
S214021B20B5B21BF0CAFC072DF1D90023083D44F8D4
S214021B301730C8F80430A8F80250D5E7037004003E
S214021B40F84D002038B51BF0BDFC002105460448C0
S214021B5017F0B8FA044628461BF0AFFC204638BDFC
S214021B600C550020024B1888B0FA80F040097047E6
S214021B700C5500202DE9F74F044600881F461BF03F
S214021B8091F98846154606461BF0C6FE20B940F275
S214021B90FE613F481BF088FD3388DB0B009306D0BE
S214021BA033892B443381002003B0BDE8F08F2088B0
S214021BB01BF0B2F982463046FFF7D0FC01901BF0CC
S214021BC081FCDFF8D0B0019BDBF8002081469A4208
S214021BD01DD1FFF725FDA84204D248461BF06DFC36
S214021BE01A20E1E70AEB050373803FB120881BF059
S214021BF077F92A4641465044F8F746F83046FFF74A
S214021C00ADFCCBF8000048461BF057FCCBE71BF0B8
S214021C1054FC20881BF080F92844009980B21BF0FF
S214021C20D3F906460028DBD01BF05AF981462088F5
S214021C301BF056F9824620881BF06EF95146024682
S214021C404846F8F721F83046AFB11BF049F9074687
S214021C5020881BF061F92A4641463844F8F714F802
S214021C60012120881BF074F90121024630461BF040
S214021C7083F9268097E71BF033F9804620881BF00D
S214021C804BF92A4639464044F7F760FEE8E700BFBC
S214021C9003700400F84D0020342101481BF004BDF7
S214021CA017700400036910B55BB18268064B9A424E
S214021CB001D1002010BD44691BF0EFFC201AF9D5B3
S214021CC0F7E74FF0FF30F5E7991C020082681C4BDD
S214021CD070B59A420446056819D11BF0F3FB2369D6
S214021CE023B1A34206D100222A601A61BDE87040E1
S214021CF01BF0E3BB1A4611461269A242FBD12A68C0
S214021D00A24208BF29600B6100232361EEE7036944
S214021D1093B198426E6803D19D210A481BF0C4FC19
S214021D202B46B44209D122699D4218BF1A614FF070
S214021D30000308BF6A60236170BD33463669F0E768
S214021D40991C0200177004002DE9F047074600258B
S214021D504FF0010A154EDFF858808AB0347914B96C
S214021D600AB0BDE8F087D6F8009087B900972A46F1
S214021D70B8F80010234603A81BF07BFE224648460E
S214021D8003A9E9F779FE2544EDB20836E6E72246CE
S214021D9003A94846E9F744FECDF800A023462A46A2
S214021DA0B8F8001003A81BF064FEECE7E0B90400E4
S214021DB00E5500200148FFF799BC00BF0E550020C3
S214021DC09C46174BF7B5054608461988164611B1C4
S214021DD0144B1C78CCB1014662463046BDB103B006
S214021DE0BDE8F040E9F71CBE1C44E4B208373B7974
S214021DF0002BF0D03A689642F6D185F001052246CD
S214021E0000951BF036FE03B0F0BD074FEFE7E9F78B
S214021E1033FEB0B203B0BDE8F04015F095BA00BF8D
S214021E200E550020F2640020E0B9040010B5074CFD
S214021E30238843B10020FFF787FF0020FF22044BD0
S214021E4020801A7010BD0220FCE700BF0E5500204D
S214021E50F2640020142810B518D8082805D115F009
S214021E60EFFAC401E4B2204610BD0E2802D115F0E6
S214021E70EAFAF6E7064B53F82040002CF3D00A287D
S214021E802478F0D107F0C2FB0443EBE7FF24EAE72D
S214021E9030BA0400014BB3F8680070473C4D00208E
S214021EA000487047A64D0020014B1878704700BFC7
S214021EB01C5B0020014B1878704700BF1F5B002098
S214021EC0014B1870704700BF1F5B0020204B022892
S214021ED010B5204C187002D00438012822D8237876
S214021EE0042B0BD000211C481BF0E6F82378033B9A
S214021EF0012B03D9002119481BF0DEF8184B1B688A
S214021F009A0022D513F0805F40F6114418BF4FF4B2
S214021F104164204615F046FEC8B92046BDE810408A
S214021F2015F010BA0C48FFF7D1FE0C48FFF7CEFEAC
S214021F3017F041FB2378033B012B03D815F02CFE48
S214021F401624E6E70DF0BAFFFAE71524E1E710BD1E
S214021F50235B0020245B002080620020283F0020B4
S214021F60BC3F0020024B187800F00F00704700BFFD
S214021F70235B0020034B187800F00F00831E5842A4
S214021F8058417047235B002008B517F0FFFAC0B12E
S214021F9017F015FBA8B10FF01BFD90B90A4817F011
S214021FA048F870B1094817F044F850B115F050FAE5
S214021FB038B115F0F9FD20B9BDE80840044817F01D
S214021FC0FBB8002008BD00BF105500204455002075
S214021FD0044E002030B505460C4693B081B910B9C0
S214021FE0002013B030BD1023214A69460120FFF7B6
S214021FF0E7FE9DF805305A1E052A28D91720F0E775
S214022000182200212046F7F7A1FC002DEBD1FFF79E
S214022010B1FF30B315F0C1F86A4601460020FEF75C
S21402202091FEBDF80430204623819DF80230A3724B
S2140220309DF80030E37217F087FC002304F11401C8
S214022040237304F1100004F0F7FDE081C8E7094AA3
S2140220509DF8041012789142D0D12B70002CD6D164
S214022060BEE7054B1B78033B022BD3D9C6E700BF5E
S21402207064EE0100C5640020235B002030B593B0F7
S21402208005460C46FFF776FF20B90C4B1B78033B40
S214022090022B10D815F081F86A4601462846FEF74C
S2140220A051FE00209DF80230607023709DF80030CB
S2140220B0A37013B030BD1720FBE700BF235B0020E0
S2140220C0054B1878012805D000F0FD00A0F1310379
S2140220D058425841704700BF235B00202DE9F34168
S2140220E00E46002105461BF027FC0023124FADF8D2
S2140220F006002B800DF1060016F09BFF044610B179
S21402210002B0BDE8F08121460DF1060016F0DAFFB6
S21402211080461AF0E5FE438AB34207D99B1B4382E8
S2140221202246414628461BF00DFCE3E743895B073F
S214022130E0D53B88F3E700BF5E64002008B50A4896
S214022140FFF7C4FD09484FF47A71FFF7C7FF074847
S21402215016F06FFF30B9BDE808404FF47A710248B6
S2140221601AF0AABF08BD00BF606200206C6400209F
S2140221701FB50146002201A81BF06EF8064801A909
S2140221801BF03DFC20B11AF0ABFE4089C0F34000C4
S21402219005B05DF804FB00BF6C64002030B585B066
S2140221A00D460022014601A81BF056F8084801A970
S2140221B01BF025FC50B11AF093FE04460146082295
S2140221C02846F7F76DFA6089C0F3400005B030BDC7
S2140221D06C64002010B5044C204616F061FF63883C
S2140221E0181A80B210BD00BF6C640020F8B5054610
S2140221F0F8B100210F481BF09FFB0446A8B10D4F13
S21402220020461AF06DFE06461BF012F8830705D428
S214022210082229463046F7F7EBFB38B12146384606
S2140222201BF0AEFB04460028EAD10024201E18BF8D
S2140222300120F8BD6C64002010B50C460146064825
S2140222401BF0DDFB30B11AF04BFE43891C4214BF73
S2140222500120002010BD00BF6C6400201FB514468C
S214022260024601A81AF0F8FF074801A91BF0C7FBAF
S21402227040B134B11AF034FE142201462046F7F774
S2140222800FFA012004B010BD6C6400201FB5014691
S214022290002201A81AF0E0FF094801A91BF0AFFBD3
S2140222A058B11AF01DFE4389024613F0020004D00C
S2140222B0507B80F00800C0F3C00005B05DF804FB58
S2140222C06C6400200146014817F010B86C640020C8
S2140222D0F8B504460E46142000211AF075FE05468F
S2140222E0204616F0DDFE6388834225D925B33146A3
S2140222F0204616F0FBFF08BB28461AF0F1FD0746FB
S2140223000A223146F7F7CCF9082206F10A0107F14C
S2140223100A00F7F7C5F90A4B1B887B82238823B984
S2140223204FF47A7107481AF0C7FE20460022294663
S2140223301BF008FB0020F8BD1C20FCE72E20FAE765
S2140223405E6400206062002010B5044686B0B0B11C
S2140223501AF06EFF10F0020011D1CDF80E0061687F
S214022360CDF81200ADF81600206801AB03C322892F
S214022370044801A91A80FFF7ABFF06B010BD212062
S214022380FBE700BF6C640020F8B50D4616461F46F4
S214022390044648B31AF04CFF30BB2046FFF792FFC4
S2140223A0E0B1214611481BF02AFB1AF099FD438939
S2140223B005734673877343F00203218943812046DF
S2140223C001F0F2F9FF28044606D001F0F3F818B13E
S2140223D00022074B43F82420002004E02046FFF7A3
S2140223E0B3FF0028DDD0F8BD2120FCE76C64002096
S2140223F0F83C0020F7B59DF824400D4601949DF860
S2140224002040064600941F460DF076FC4FF6FF71FC
S2140224108842044610D0BB0711D4284600F0CCFFF1
S21402242020461AF07DFFFF281FBF084A32F81030F8
S21402243023F4804322F81030204603B0F0BD024653
S2140224402946304616F059FFEAE700BFD45400206A
S21402245073B50E46014614481BF0D1FA0546D8B1AC
S2140224601AF03EFD43890446334012D09B0736B22B
S2140224700BD5002E09DAA17B437B0289007B0191F2
S214022480012100912146FFF7B5FF638923EA06037F
S2140224906381628912B1012002B070BD29460248EA
S2140224A016F02FFEF7E700BF6C6400200148FFF726
S2140224B01DB900BF6C6400201FB50C460B4A0146CE
S2140224C001A81AF0C9FE01A8FFF7FCFE60B101A937
S2140224D007481BF094FA1AF003FD0368236043686A
S2140224E00020636004B010BD2D20FBE79EBA0400F6
S2140224F06C64002013B53E4C12F016F9D4F8FC3189
S2140225001020C3F307430193FFF7A4FC000650D53F
S2140225100020FFF79FFC01064BD5019B802B3ED186
S214022520236A9A0704D440F61544204602B010BD2A
S214022530E3699B07F7D52F4815F056FE012016F0E3
S21402254026FC12F004F904460028EED100F086F9C3
S214022550294816F00BFE00F0F1F9E8F7CBFB12F073
S214022560E2F80AF0F1FC0AF043FDF4F705F9F4F795
S214022570B9F9F4F7D3F904F003FD14F063FF14F08D
S21402258064FF15F014FB1D480CF00CFC07F092FEDD
S21402259015F0CCFA0028C8D015F0CAFAC5E7019B98
S2140225A0812BC0D1D4F80C315B00BCD5D4F80C31E9
S2140225B0BFE71020FFF74EFC0006BCD40020FFF752
S2140225C049FC0106B7D5019B802B05D1084B1A6A38
S2140225D0D207A8D5DB69ACE7019B812BA3D1044BBC
S2140225E0D3F80C21002A9EDAD3F80C31A1E700BFFB
S2140225F00080E00F690345EC044E002071210200C2
S21402260010B516F0D5FF70B301F0B8FB80F00104E8
S214022610E4B20020FEF7F6FA44EA800424B216F08A
S214022620B5FF10BB0220044316481BF0B3F944EA78
S214022630401415481BF0AEF924B244EA00141348BD
S2140226401BF0A8F924B244EA801411481BF0A2F940
S21402265024B244EA40240F481BF09CF924B244EA10
S214022660C02080B210BD0124D3E70B4816F0E1FC6F
S2140226700028D7D0094816F0DCFC80F00100C0B272
S2140226804000D0E7C0620020A4630020C03F0020C4
S2140226902463002084630020105500204455002047
S2140226A008B501F047F90EF0DFF8FDF7D9FE154838
S2140226B016F0BFFC08B906F065F9134816F0B9FC27
S2140226C008B907F0E1FD03F059FC0CF01DFD0F48B8
S2140226D016F07EFD0E4B1B78043B022B09D80D48E4
S2140226E01BF058F928B1FFF78BFF102801D109F02B
S2140226F07DF914F0AFFE16F00EFEBDE8084006485F
S214022700FFF736B81055002044550020044E00202E
S214022710245B0020A4630020A8BA0400014B1868BA
S214022720704700BF384D0020F8B54FF6FF77104BC4
S21402273006461B780C46033B012B0F8009D8304611
S2140227400AF0BAFC4FF6FF73984220800ED00020A3
S2140227500DE00CF023FEB84205462080F7D1304645
S21402276000F002FDA8422080F1D1E8E72D20F8BD56
S214022770245B00204FF6F77370B5984204460D4668
S21402278086B05AD816F0C8FDA04207D108222C49B6
S2140227902846F6F785FF002006B070BD294EB6F82B
S2140227A06830A3420AD10022082106F16A0016F018
S2140227B045FD18B9082206F16A01E9E7ACB1224BD9
S2140227C01B78033B012B1AD8002301221946204608
S2140227D000930AF01BFBFF2823D1294620460AF065
S2140227E0BFFC80F00100C0B2D6E7184B1B689B07FF
S2140227F0E5D4284608F0DCF90028E0D0CBE72046EE
S21402280000F06AFFFF2806D129462046FFF754FE4D
S2140228100028D9D1BFE7294600F080FF0028F3D070
S214022820B9E702A917F0A6FF0028D6D1DDF80D30C9
S2140228302B60DDF811306B60ADE70120ACE700BF1E
S214022840A65B00203C4D0020245B0020BC3F0020FD
S214022850014B1870704700BFC564002010B5054CC8
S214022860082221460448E9F7DBF8204616F08EFDDA
S21402287010BD00BFA65B002034B608C000487047F3
S214022880A65B0020082208B50349F7F7B1F8B0FAAC
S21402289080F0400908BD00BFA65B0020014B1870FF
S2140228A0704700BF175B0020074B44F6FF701A788C
S2140228B040F6FF73012A18BF1846044B1B780BB16B
S2140228C040F40040704700BF245B0020175B0020E6
S2140228D0F7B50D46044616461F460021284601F067
S2140228E0F1FF0B4B002183F859402A463346204617
S2140228F000970EF0AFFC014630B10222204603B02C
S214022900BDE8F04000F006B8012003B0F0BD00BFFD
S2140229103C4D002013B513460C461AB1022A0CBFD2
S214022920134601230021044A019100922246FEF733
S214022930A5FA02B010BD00BF9396030000B50020B2
S21402294093B0FEF717FA1E4B18880CF031FA1D4B9F
S2140229501D491A7800200EF0A1FD34220021684697
S214022960F6F7F4FF0B238DF800306FF480330193F3
S2140229704FF6FE73ADF8103003238DF81D30134B5F
S214022980134A0893134B10680993134B51680D931F
S214022990124B6A460E93124B0F93124B1093124B26
S2140229A0119302AB03C300210846FEF781FC6A4678
S2140229B001210020FEF77CFC13B05DF804FB00BF8B
S2140229C056640020D8640020BC7E0400E52D020078
S2140229D0A65B00202F9403005D6602008D2F020086
S2140229E05D7D020093960300AD600200014B1878ED
S2140229F0704700BFAE5B0020014B1888704700BFCF
S214022A00706400202DE9F74F814610460E46904628
S214022A101AF02DFFDFF840B105469BF8003033B9B7
S214022A204A4B1B681BB94A4B1B68002B7FD015F418
S214022A30406A05F040071BD19FBBB5F5804F61D2B7
S214022A404FF48074B9F1400F73D0B9F1800F63D0A0
S214022A50B9F1100F6BD100239BF800003D4AD9B2A2
S214022A60884264D932F8021B0133A142F7D166E0EC
S214022A7008F103001AF0FBFE4FF6FF73984214BFEC
S214022A800124022487B1052705F44043B3F5004F1D
S214022A9044F0080425D0B5F5804F24D244F480745F
S214022AA021E054460327EFE7B5F5804F4FF00507C0
S214022AB0F4D3BAF5406F14BF0220082038444044CD
S214022AC01AF0D5FE019016F044FC019B05F4404531
S214022AD098420CBF44F0080444F00404B5F5004FD5
S214022AE001D144F08004BAF5006F0FD108EB07005D
S214022AF01AF0BDFE054616F00FFCA842A2D144F01D
S214022B0010049FE7544603270220D7E7BAF5406F22
S214022B1008BF44F0200495E70C4B1B683BB100222B
S214022B20D1B233F8110033F91110002903DA00206C
S214022B3008E0074BF1E7A04202F10102F0D106B12C
S214022B403480012003B0BDE8F08F00BF144E002091
S214022B50184E00206E550020F65B0020034B1A78B4
S214022B60022A04BF09221A70704700BFAF5B00201A
S214022B700C22034B1A211A700320002202F024B8FA
S214022B80AF5B00200C2208B5054B1A211A700022F2
S214022B90104602F019F80022024B1A6008BD00BF68
S214022BA0AF5B0020204E00200C2270B50D4B054670
S214022BB01E781A7030B93046BDE8704000221A21DD
S214022BC002F002B8084B1C78E1B21A29F3D825FAAB
S214022BD004F3DB0703D54422304601F0F5FF013447
S214022BE0F2E700BFAF5B0020F46400200C22024B29
S214022BF01A7014F0D2BF00BFAF5B0020F0B50C888D
S214022C0005460E468BB0E4B94FF6FF77ADF8247052
S214022C1014F0D6FF10B902200BB0F0BDCDE9034088
S214022C20CDE90544134A0294B2F85C30603201934F
S214022C3000923B464CF60101FF2009AA18F0E3F881
S214022C403080284616F0FEFC0B4C70B1237863B138
S214022C50013BDBB22846237016F0F4FC38B120782C
S214022C60B0FA80F04009C0B2D6E70523F2E70120A9
S214022C70F9E700BF3C4D0020F3640020034B1146E9
S214022C801B6803B1184714F01BBB00BF204E002080
S214022C900C22024B1A700AF0F1BC00BFAF5B002098
S214022CA00148FEF723BD00BF125500207FB505463A
S214022CB00C4616461AF0E4FB00286BD1062D03D804
S214022CC05223EB40DB071AD4B4F1006F05D3E30EB0
S214022CD01C3B032B18D94F202EE000222F4B1A60E4
S214022CE02F4B1D7016F0D3FA03460A2D54D8DFE890
S214022CF005F02D183E49182518535341360002F0A8
S214022D003BFCB4F1006FE2D20022244B042D1A6081
S214022D10234B1D70E6D1022001F02EFC16F0B7FA06
S214022D200346012202921F4A01921F4A00921F4A3C
S214022D30314620460EF088FE04B070BD314620466D
S214022D401B4A04B0BDE870400EF066BE314620460F
S214022D50184B194A04B0BDE870400EF041BE00227E
S214022D600292164A0192104A0092154AE0E702229F
S214022D700B4B1A7000221046124904B0BDE8704090
S214022D80FEF742B8002202920F4A0192064A0092C9
S214022D900E4ACDE74D20CFE70120CDE7204E00209A
S214022DA0AF5B0020A92B0200E52D02007F960300F0
S214022DB0912C0200852B02007D2C0200ED2B0200D6
S214022DC0FD2B02005D2B0200712B020041960300D0
S214022DD008B50EF069FE0C22014B00201A7008BDE1
S214022DE0AF5B0020F0B585B0ADF8060018B97621C5
S214022DF064481AF059FCBDF8060015F0EAFF0446CE
S214022E00BDF8060015F0E5FF082846D00C2CBDF8E4
S214022E10060042D116F0E0F807461AF028FD0DF13A
S214022E200F010646BDF8060014F0F2FA002879D023
S214022E3009220021384619F093FF9DF80F3010330F
S214022E40C518BDF806001AF067F8EDB2854269D2D9
S214022E502946BDF806000EF035FF06F44C4416F47B
S214022E604066054614D0F81C1AF001FD4FF6FF73B3
S214022E70984208BF44F04004B6F5006F08D1781DAA
S214022E801AF0F5FC4FF6FF73984208BF44F01004A0
S214022E909DF80F305BB3072D44D1BDF8060015F040
S214022EA08EFF0446BDF8060015F093FF082817D0DB
S214022EB0A30615D524F0200189B2BDF8060015F048
S214022EC069FFBDF8060016F087F80021092219F0FE
S214022ED047FF00F1100189B20DF1060018F0BCF8A8
S214022EE00022BDF8061028481AF02CFD1AE0082D1C
S214022EF016D8BDB1013D072D14D801A353F825F00D
S214022F005D2F0200692F0200252F0200292F0200E2
S214022F10252F0200752F02009B2E02007B2F020037
S214022F207C2D24D005B0F0BD24F48844A4B2B4F5B8
S214022F30084FF7D1BDF8060015F046FFBDF806109B
S214022F400BF0D0FF0028A8D0BDF8060015F0A7FFAA
S214022F500022014602201AF051FCE3E724F48064C2
S214022F60A4B2B4F5484F97E7B4F54C4F94E7B4F5DE
S214022F704C4F92D04CF6500301E04CF640439C4234
S214022F808AE700BF25700400105500202DE9F7439C
S214022F900F4690469946064619F0A2FF044630466A
S214022FA019F0BAFFC5B2083D2C44E178094BA27865
S214022FB01970094B31461A70002043463A46CDF83E
S214022FC0009012F05DF8003818BF012003B0BDE88B
S214022FD0F08300BFD35B0020D25B00202DE9F04FC8
S214022FE0DFF84081DFF8409198F8002099F8003029
S214022FF006469A4285B004D340F2191142481AF0A6
S21402300053FB30460DF10F011AF03EF920B14FF492
S2140230108E713D481AF048FB98F800709DF80F40F4
S2140230203D1B15F0FF0530D04FF0FF3C374B01211A
S2140230301B78A140184699F800304FF6FF790CFA33
S21402304003FC0023324A01F1FF3E0193C1F1000A5C
S2140230509DF80430984243D8122004FB00002D4B02
S214023060A0F1120105EBC5025200194404F1010950
S2140230701844F6F715FB4FEA89092748A9F1040117
S2140230800144AA004844F6F70BFB224904EBC402AB
S21402309001EB420321F81260204A013712784FF6FC
S2140230A0FF71DA731A745A7412025A801C4A0D207F
S2140230B012781A7110225A7100229A73C3F80620E7
S2140230C0C3F80A20144B43F8242088F800701AF03C
S2140230D095FB0EB908F05CFF204605B0BDE8F08F00
S2140230E013884B450AD053680AEA030B03EA0E0319
S2140230F00B4403EB4B0343EA0C035360019B083279
S21402310001330193A4E700BF38700400D2640020A4
S214023110543D0020C4520020F83C0020D35B00201F
S214023120B05B00201D5B0020D06400202DE9F0413A
S214023130074600250A4B0B4E93F80080ECB2A045DA
S21402314003D8FF242046BDE8F08108223846B11D88
S214023150F6F74EFC01350028F4D01236EEE700BF33
S2140231601D5B0020C452002008B5FFF7DFFFFF28D2
S2140231701DBF00B2044B00EBC0004FF6FF7018BF35
S21402318033F8100008BD00BFC452002007B50DF189
S21402319007011AF079F830B19DF80730034803EBBF
S2140231A0C30300EB430003B05DF804FBC4520020E7
S2140231B02DE9F843294E044633785D1E2D1A8342C4
S2140231C0EDB204D84FF4A17125481AF06DFA012326
S2140231D0A3404FF0FF305F1E3B4400214FF6FF7EB8
S2140231E06FEA03081F4A92F800C01F4A12789040FE
S2140231F01E4ACBB29C4523D8BDB127B204EBC40409
S2140232001B48640005EBC50204F11201014452009A
S2140232102044F6F745FABF001648AA00391D0144B5
S21402322002F0FC023844F6F73BFA33780022013B00
S21402323033704FF6FF71BDE8F8430E201AF0DEBA7F
S2140232401388734507D0536808EA03093B4003EB2B
S21402325059030343536008320131CAE71D5B00205D
S21402326038700400D2640020D0640020543D002050
S214023270C4520020F83C002010B50A4C207858B9F9
S214023280094B1B781A2B03D9992108481AF00CFA15
S2140232900322074B1A7010BD0138C0B2FFF788FF31
S2140232A0ECE700BF1D5B0020D064002038700400ED
S2140232B0195B00202DE9F04705461AF0B6FBFF28F9
S2140232C0044624D1DFF884901E4B99F800201B7820
S2140232D09A422BD22846BDE8F047FFF77FBE3888D1
S2140232E03B79504518D86F2B4FEA131214D85B0758
S2140232F010D0123708F1010899F800105FFA88F624
S214023300B142ECD80023104ADEB28E4214D32046D5
S214023310BDE8F087022AECD90DF0E2F90028E8D1E0
S21402332029463046BDE8F04716F0CDB94FF0000802
S2140233304FF6F77A044FDFE7107901338F28EFD87C
S2140233401232E1E7D0640020C45200201D5B002048
S2140233504FF6F773984210B514D8FFF7ABFFFF2865
S21402336010D0134C00B200EBC00004EB400412F085
S214023370E1F8104938B962880B7802EB0313A3EB25
S2140233801213638010BD227C637C09789A42E27332
S2140233902374617407D98B4203D213468B4228BF2B
S2140233A00B461B02EDE78A42F8D31346F9E700BF45
S2140233B0C4520020D35B00202DE9F04106460F469A
S2140233C000240E4DDFF8388098F80030A34201D86A
S2140233D0BDE8F081082229463046F6F709FB40B9D7
S2140233E035F8063CBB4204D02046FFF7E1FE013C1E
S2140233F0E4B20134E4B21235E6E700BFCA52002056
S2140234001D5B0020F8B5054608460E46FFF78EFE01
S214023410FF2830D01D4B294653F820703046FFF760
S214023420CBFF2846FFF746FFFF28044625D10CF0BF
S21402343083F8FF280AD1164C207838B113F0B0FE74
S2140234402378B0FBF3F202FB1300C0B2294616F053
S2140234503AF9044623B20F4D03EBC30305EB4305CB
S21402346008223146A81DF6F71BF92B79204603F0F1
S2140234700F032B71F8BD0027D3E7074B1B78002BF1
S21402348018BF0027014B43F82070E3E7F83C002002
S214023490D0640020C4520020F564002038B50B4BDF
S2140234A004461B780D46834204D840F25A21084847
S2140234B01AF0FAF8074804EBC40400EB4400294665
S2140234C0BDE8384008220630F6F7EAB8D064002095
S2140234D038700400C452002070B5044608460E46F2
S2140234E01AF0A3FAFF28054610D02046FFF71EFE64
S2140234F0FF2807D0084B1B7823B9084B53F8202027
S21402350043F8252021462846FFF7C8FF31462046C5
S214023510BDE87040FFF750BFF5640020F83C00207D
S2140235202DE9F8430024804601272646114DDFF890
S2140235304C9099F80030A34210D83E430134E4B2CE
S2140235401A2C4FEA470705F11205F2D14FF0FF3069
S214023550094B1B7898403043BDE8F8832B884345D7
S214023560EBD0284616F007F90328E6D82B796F2BFE
S214023570E3D8E3E7C4520020D06400201D5B00209D
S21402358010B5084C00EBC00004EB400423795B073F
S21402359007D1204616F0EFF8237923F007031843E5
S2140235A0207110BDC4520020014B1878704700BF2E
S2140235B0F6640020014B1878704700BFF5640020BF
S2140235C070B51A48FEF782FB194B1B78033B012B9A
S2140235D028D805F0A3FB03F057FBBDE870404FF474
S2140235E07A51124819F068BD23798F2B4FEA1311CE
S2140235F011D80131204616F0EEF8062901D8032923
S21402360009D12379002223F007034FF6FF710F201A
S21402361023711AF0F3F8123401353278EBB29A427B
S214023620E2D8D6E70025034C034EF6E78062002078
S214023630245B0020C45200201D5B00200022084BA1
S2140236401878084BD1B2884203F1120300D87047AB
S21402365013F80D1C013221F0100103F80D1CF1E7DE
S2140236601D5B0020C45200202DE9F04702261227D7
S214023670DFF85C90DFF85C8099F8004000250CE0EB
S21402368007FB05F338F803A00021504616F088F829
S21402369010B15CB1013CE4B2013599F80030EAB2EF
S2140236A09342EDD8A34204D14FF6FF7A5046BDE8C6
S2140236B0F08713F075FD99F80030012EA3EB040392
S2140236C090FBF3F202FB1300C4B2EDD00126D5E75D
S2140236D01D5B0020C452002010B504461AF0A5F95E
S2140236E0FF2808D1204619F01BFEFF281FBF024BF9
S2140236F01B78C018C0B210BDD0640020044B002155
S2140237001A78044B04481B781A449200F6F71EB93E
S214023710D0640020D7640020F83C002010B5134B7C
S2140237200C461B7886B0834212D9114900EBC000C2
S21402373001EB4001082220460631F5F7B1FF0022D0
S2140237400821204615F07AFD80F00100C0B206E09E
S214023750C01A01A9C0B20CF02BFA10B1002006B0B4
S21402376010BD01AB03CB20606160E8E7D0640020A7
S214023770C452002008B5074B024653F820308B424D
S21402378006D915204FF6FF711AF038F8002008BD4A
S2140237900120FCE7F83C0020024B013143F82010E0
S2140237A0704700BFF83C00202DE9F34781460C46DF
S2140237B000272A4EDFF8ACA09AF80030FDB2AB42E2
S2140237C010D86946204617F00AF9C0B3082269469F
S2140237D04846F6F70DF990B34946204616F0A1FA88
S2140237E0FE2537E006F10608082241464846F6F767
S2140237F0FFF890B94FF6FF739C422BD03388A34252
S21402380028D0204619F08CFDFF2814D149462046C0
S21402381002B0BDE8F047FFF7F5BD14B9123601371E
S214023820CAE73388A342F9D100220821404615F0A0
S21402383005FD0028F2D12846FFF7BAFCCCE7494638
S214023840002019F03DFDFF28054603D0044B1B78E7
S2140238500344DDB2284602B0BDE8F087C452002019
S214023860D06400201D5B002008B5FFF7E7FE054B7D
S2140238701B78013B012B03D8BDE808400CF084B945
S21402388008BD00BF245B00200F4B1B7883420CD878
S214023890C01A0E4AC0B232F81030D90411D443F41A
S2140238A0805322F8103001207047094B00EBC0000D
S2140238B003EB40035A79D10603D442F010025A7140
S2140238C0F1E70020704700BFD0640020D4540020E7
S2140238D0C4520020F0B5134B06461B78FBB10025F8
S2140238E01148DFF84CC090F800E0104807781F44F3
S2140238F0E8B2864501D80020F0BD7C1B94FBF3F0AD
S21402390003FB10440CEBC4003CF83440B44204D130
S214023910002AF1D184788C42EED00135E8E71846C9
S214023920EAE700BFD2640020A83F00201B5B00200D
S214023930543D002070B510F0E8FE14250F49104ED5
S2140239400B78328830809B1A03449BB2B3FBF5F4A3
S21402395005FB14330B700B49E2B20B78934292BF0D
S21402396000239B1ADBB2032A0B7088BF002306498A
S2140239709EBFD2000B68D3400B6070BDB35B0020C5
S214023980145500201A5B0020A83F0020084B186838
S214023990084BC2B21B789A4208D2074BC0F30720E4
S2140239A01B78984234BF00200120704701207047E0
S2140239B0A83F0020D2640020B25B0020F8B505467E
S2140239C01746FFF7E3FF064610B9184B1A783AB9BE
S2140239D0212001224FF6FF7119F010FF0020F8BDDA
S2140239E01348DFF854C003780133B3FBF2F402FB4A
S2140239F0143303700F48DCF8002000EBC30420F8F1
S214023A00335002F10132A1703846CCF80020FFF79D
S214023A1087FDE670606015F07FFCA84201D10120A8
S214023A20DDE7E3780133E370F9E700BFD2640020F4
S214023A301B5B0020543D0020A83F002010B50B4C15
S214023A400B4A2378063B137010F05FFE0022094BE8
S214023A50FF211880084B09481A602278D200F5F731
S214023A6075FF0422064B1A7010BD00BFD2640020F8
S214023A70B25B002014550020A83F0020543D0020D1
S214023A801A5B002048B139B1044B1B780B70044B0B
S214023A901B7803700120704708467047B15B002010
S214023AA0F76400202DE9F843074619F0F6FD0546AF
S214023AB01A4819F06FFF1A4B48B31C683C1B2C447B
S214023AC0A4B20022174BDFF864901B78164D99F8C3
S214023AD0006005EB03155FFA82F8464509D9AB8804
S214023AE005F11000A34215D9B21A29461201F5F7BC
S214023AF0D7FD013689F80060AC80B8F1000F03D11B
S214023B003946064819F0D8FA2846BDE8F8833C46F6
S214023B101D60D6E705460132DDE700BFA062002041
S214023B20244E0020B55B0020F83B0020B65B002048
S214023B302DE9F74F19F0B1FD4FF0000E284D294F31
S214023B402978294C97F800A004EB011303EB0A121C
S214023B500092F3465246DFF898801FFA80FC06462B
S214023B60B8F80000ACEB0009A0EB0C001FFA89F9CC
S214023B7001900098984217D1BEF1000F00D029702C
S214023B80524503D200203A70FDF7E6F83B7823B39D
S214023B902B78164804EB0314A188C8F8006003B01B
S214023BA0BDE8F04F19F088BAB3F804C0CC450FD878
S214023BB04FF0010E93F802C001310CF1FF3C013ABE
S214023BC0A3F804B083F802C0C9B2D2B21033D0E769
S214023BD001988444A3F804C0F8E703B0BDE8F08F68
S214023BE0B55B0020B65B0020F83B0020A0620020F8
S214023BF0244E00207FB56C461E4B1F4D1E78013E9C
S214023C00F6B21E7095E80F0084E80F001B4B28469C
S214023C101A7805F1100132441201F5F741FD9DF8BC
S214023C20026016F00F0511D1BDF808000EF0C4F9B7
S214023C30360918BF29464FF00002BDF8000008BF3B
S214023C40039904B0BDE8704003F0F4BCBDF804006C
S214023C50FFF728FF0346828804ADADF8042022460B
S214023C6003CAAA4218605960144603F10803F6D143
S214023C7004B070BDB55B0020F83B0020B65B0020A8
S214023C80F8B50024084D094F094E3B783178E2B268
S214023C900B449A4204F1010400DBF8BD2846FDF706
S214023CA025FD1035F1E700BFF83B0020B65B00208B
S214023CB0B55B002070B5134B06460D4610461249FA
S214023CC01A78124B09781B780B44934206DB1F20A6
S214023CD04FF6FF7119F092FD002070BDFFF7E2FE6D
S214023CE0013506808570044619F0D2FCE0800EF09D
S214023CF069F940F602432081E3600020FDF72CF8C4
S214023D000120EAE7CF640020B65B0020B55B002006
S214023D102DE9F84386460023144FDFF85C803E7890
S214023D2098F8005012497219DCB294421CDA4FEA33
S214023D30041C31F80C900133F14501EB0410F3D169
S214023D40631CD21A0CF1100C12016144F5F7A8FCA0
S214023D50A5428BBF05F1FF3506F1FF3688F8005005
S214023D603E700CB9034B1C70BDE8F883B65B0020AE
S214023D70F83B0020B45B0020B55B0020044B054AEC
S214023D801B781278D3420CBF01200020704700BF78
S214023D90B55B0020B65B0020024B1878003818BFCF
S214023DA001207047B55B0020002108B5084B094882
S214023DB01970094B1970094B1970094B1A781201C0
S214023DC0F5F7C4FDBDE808400648FDF77FBF00BF13
S214023DD0B65B0020F83B0020B55B0020B45B0020F9
S214023DE0CF640020A062002010B50B4C23784BB1A4
S214023DF00A4803F0ABFD58B1084B0121188815F0AC
S214023E00CDFB08B9002010BD0122054B1A70FAE757
S214023E10FFF7F0FEEAE700BFB55B0020F83B0020A4
S214023E20B45B002010B50E4B1B78BBB10D4C23883B
S214023E3083424FF0000311D10B4AE160137049B977
S214023E40A3781033A37015F09FFE18B9A37823F059
S214023E500F03A370FFF7CEFE012010BD1846FCE745
S214023E60B55B0020F83B0020B45B002070B592B032
S214023E700C46064613F091F9E17A05460020FCF757
S214023E802DFC28B394F90A0015F0E6F910BB134B83
S214023E90E27A294683F85820A27A83F85A206A469C
S214023EA0FCF750FF4FF6FE739E420CBF4FF6FF73B1
S214023EB023896A4629460020ADF80660ADF804302C
S214023EC0FDF7F6F940B92289054B5A8012B070BD4B
S214023ED05520FBE75620F9E72120F7E73C4D002066
S214023EE0284E002010B50446014608220948F5F778
S214023EF0D7FB237B022B0AD8002B14BF31220122C8
S214023F0005490B7017234B61044B1A7010BD002332
S214023F100122F5E72C4E0020284E0020235B0020CD
S214023F20014610230120014AFDF74ABF64EE010054
S214023F30014B5861704700BF284E0020014B18788D
S214023F40704700BF284E002010B5054C2378112B71
S214023F5003D0E221034819F0A7FB4123237010BDCA
S214023F60235B002043700400064B01461B78042B9B
S214023F7004D1054A137E053313767047034819F0B9
S214023F809BB800BF245B0020284E0020C0620020A1
S214023F9008B50648FDF7AAFB0548FDF7A7FB13F090
S214023FA046FABDE8084001F003BB00BF10550020EA
S214023FB044550020064B1878332806D000F0EF0050
S214023FC0A0F143035842584170470120704700BF92
S214023FD0235B0020002208B5074B4FF6FE701A70CE
S214023FE015F0A6F94FF6FF7015F0BFF9034B5869A6
S214023FF0BDE8084013F0A6B9235B0020284E002037
S21402400008B5064B187838B10548FDF74BFE4FF455
S2140240107A73B0FBF3F0C0B208BD00BF185B002095
S214024020683F00202DE9F0438BB0074615469846B8
S2140240300E469DF8489049B9104605AC19F070F93D
S21402404021460BF0B5FD172818BF2646B9F1000F1A
S2140240500AD1124B1B781BB9284616F0E5FCD0B9DC
S2140240602846FEF713F902E0284616F0DDFC80F03B
S2140240700104E4B29DF850302A4602939DF84C3073
S2140240803146CDE9009338464346039415F0E4FBE7
S2140240900BB0BDE8F0834C46ECE700BF1F5B002088
S2140240A02DE9F04F97B099469DF88830BDF880B05C
S2140240B0219D08939DF88C300E4658460FA904920F
S2140240C0079317F02BF905B3002800F0208195F826
S2140240D001A00FACCAF3400A8E4B19F0800F1B7872
S2140240E014BF4F4649F08007022B17D04FF6FF78D1
S2140240F0002D40F087810225584614F065FE2B46B7
S2140241004246214615F081F9BCE0584614F0DDFE21
S2140241100446002800F0FB80AA46DDE71EB97E4B67
S2140241201B78002BE2D00DF13A012046FEF7FCFA8E
S214024130584614F0DDFE012838BF0120C3B20593AD
S21402414095B3281D19F093FB804609F0020320461A
S214024150069315F0BCF8214609908146002019F016
S214024160AFF8069A099B12BBFF2820D1F2F7D4FAC1
S2140241706A4A1278824200F032814FF6FF72099B39
S214024180934214D1FEF726F8002800F028814FF655
S214024190F773984523D915F094FD11A98146FEF7C9
S2140241A0E9FA0028F7D02EE0BDF83A80CDE74FF6C0
S2140241B0F772904520D8934211D898450FD01946E9
S2140241C022460AA819F048F80A980B9913AB03C3BB
S2140241D0BDF83020022113A81A80FEF739F94046AE
S2140241E011A9FEF7C7FA024628B9082111A815F048
S2140241F025F8002866D0C1464FF6F67209F1FF335D
S2140242009BB29342C7D8BAF1000F03D1444B1B7836
S214024210002B60D1584614F0D7FD059B4A46019301
S2140242200123214600933B46FEF7E4F84FF6FF7360
S2140242309842804600F0D380014600220AA819F070
S2140242400BF80A980B9913AB03C3BDF83020022172
S21402425013A81A80FEF7FCF8002D3FF44DAF002E8F
S21402426040F0D28045460123C7F3C0074246CDE957
S214024270016321462B4604980397CDF800A015F05B
S214024280EBFAA846BAF1000F0FD04FF6FF73984527
S2140242900BD0404619F044F8FF281FBF214A32F8D7
S2140242A0103023F4804322F81030089B7BB315F0BD
S2140242B033F8249B014600934246234607980CF0A7
S2140242C0EDFC24E00822204611A9F5F791FB002810
S2140242D07FF461AF8FE7002D64D0134B1B689807FD
S2140242E027D5049B0F2B21D0281D19F0C0FA0223D4
S2140242F00121CDE901310023C7F3C007024600932E
S21402430021464FF6FF730498039715F0A5FA17B0E7
S214024310BDE8F08F235B0020185B00201C5B0020AA
S2140243201F5B0020D4540020BC3F0020079B012BBB
S214024330DAD1281D19F09BFA804618F0F1FF099091
S214024340404619F072FB4FF6FF71BDF83A208A42DA
S21402435056D04245099B53D1FF2B4AD0184616F039
S21402436079FB784010F0EF0F14BF01230023BDF84D
S2140243703A00099318F0D4FF0690BDF83A0019F0F7
S21402438054FB099B66B14FF6FF7CBDF83A106145B7
S21402439006D0414504D0069A0240D2B2FF2AA3D1E3
S2140243A0002BA1D1224649460AA818F055FF0A98C2
S2140243B00B9913AB03C3BDF8302058461A8014F08D
S2140243C003FD3A460146059B13A8FDF7DDFF30B90B
S2140243D04FF6FF73BDF8548098457FF43DAF4FF615
S2140243E0FF789DB10126281D19F041FA4546804600
S2140243F039E7FF2804D0069BB3FA83F35B09B6E7D6
S2140244000023B4E70226EEE70026ECE7012573E672
S2140244100022014B1A767047284E002008B50B4B37
S2140244201B78022B10D10A4B1B78033B012B0BD9AE
S214024430084B187800F00100FEF730FA0023064A0F
S214024440C2E90133538008BD0020F3E7235B002056
S214024450245B0020185B0020284E002038B5174D3C
S2140244602B78033B012B1CD8154BB3F868204FF66C
S214024470FF739A4215D10320FDF728FD02F0CEFB0A
S214024480FFF7CCFF2B78033B012B01D909F0FCF890
S214024490002018F01BFC78B1BDE83840002014F06C
S2140244A0A9BDFDF7FDFC0446FDF7F4FC01462046D7
S2140244B008F05EFB0220DFE738BD00BF245B002069
S2140244C03C4D002008B5114A114B58611378032B56
S2140244D01BD0D3B1332B01D0432B10D10D4B1B78FD
S2140244E0033B012B05D803231370BDE8084012F0E6
S2140244F029BF12F027FFBDE80840FFF7AFBF212310
S2140245001370BDE8084002F09DB908BD235B002089
S214024510284E0020245B002038B504461348FDF7D9
S214024520D5FB134B1B78013B012B1DD8114D5CB9F3
S2140245302B7823B140F619402C7012F003FF0024AA
S214024540FFF76CFF204638BDFF2C05D04FF47A717A
S2140245500648614318F0B0FD2B78002BEFD10123FB
S21402456040F618402B70E8E70224E9E7683F00208F
S214024570245B0020185B002038B5114D04462B78CA
S214024580834218BF287013F013FB80B124B920466B
S21402459013F010FB02220DE0012013F00BFB2B7828
S2140245A01A1F012A05D9062BF4D1032202E0002C99
S2140245B0F5D10122BDE838400021084615F072B850
S2140245C0245B002030B5044685B068460D46FFF7EA
S2140245D0A7FC94B100212846144A02F043FB144B70
S2140245E020681B7861688DF80430124B1B788DF8B2
S2140245F0053002AB03C306F0B1FA0F4B93F858200E
S21402460093F85A308DF803208DF8023014F0A1FE8C
S214024610ADF8000014F080FE1023ADF806006946DF
S2140246200020064AFDF7CCFB05B030BD00F8FF07B8
S214024630C5640020245B00203C4D002064EE01008F
S21402464010B5144B04461A78134B002083F85820F2
S21402465018F03CFB10B1002014F0CCFC00210846F8
S214024660FFF7B0FF0D4B1B78033B012B0ED813F060
S21402467093FA2046FCF754FE40F6174012F062FE0C
S2140246800023074A1380074A138010BD0BF016FC5E
S214024690EFE700BFB75B00203C4D0020245B002004
S2140246A0EA540020E85400201FB504466846FFF787
S2140246B037FC54B100238DF80530102369460020DC
S2140246C0064AFDF77DFB04B010BD14F025FEADF8DA
S2140246D0060014F03EFEADF80000EEE764EE0100C0
S2140246E010B5014604460020FBF7F8FF90B10C4BCC
S2140246F01B78023B032B0FD80A4B1C7018F0C0FE27
S21402470060B9094A0949FCF77FFB003818BF012047
S214024710800010BD5520FCE70220FAE74D20F8E79E
S214024720235B0020B75B0020057E020041460200A4
S214024730F8B5064618F0A4FE044668B918F0C6FA9C
S21402474050B1064D204695F8587085F8586014F01A
S21402475051FC10B185F858704D20F8BD3C4D002034
S2140247602DE9F04180461846033B012B0E461746BC
S21402477002D918B121243CE0FFF7FEFE294B1B7834
S214024780012B4CD0284B1D78022D08D0032D46D184
S214024790B8F1000F03D1254B1B689B073FD433208B
S2140247A0FDF794FB01F0E8FCB6F1006F34BF204B36
S2140247B0052231464FF0060038BF1A78FEF776FA21
S2140247C0044628BB1B4D2873012000F029FF14F075
S2140247D0C0FD68802846B8F1000F0DD0022300F80D
S2140247E0043B15F0B1F86C732F613946304612F06F
S2140247F0E3FC2046BDE8F081012300F8043B15F0F7
S214024800A3F86C732F613946304612F0D4FCF0E7F9
S2140248102846FDF75BFBB8F1000FF4D0E5E702246B
S214024820E7E700BF245B0020235B0020BC3F00209C
S214024830F8640020284E0020034B187818B9034B62
S214024840034A1B78D05C7047225B0020245B002062
S2140248509BBB040038B5174B04461B78033B012B61
S21402486006D8437BDB0703D590F9090013F093F9CA
S2140248700025114B83F859502079FFF759FFFFF7AF
S214024880DBFF61882488034622462846FEF720F886
S214024890044620B11720FFF715FE204638BD172321
S2140248A0064DC82106486B6118F006FC03232B76DA
S2140248B0F3E700BF245B00203C4D0020284E00207A
S2140248C0C0620020F0B51A4D06460C4693B0A5F815
S2140248D0680005F16A0729BBC5F86A10796012F00C
S2140248E05CFC6A4601460020FCF72CFAD5F86A30D2
S2140248F0ADF81060CDF812307B68CDF8163012F0A5
S2140249004CFC6A4601460020FCF7D2FC4FF6FF73C9
S214024910B5F86800984203D014B1064912F04FFC6D
S21402492013B0F0BD08223846F4F7BAFED7E700BF48
S2140249303C4D0020A64D00202DE9F041DFF8B8805E
S2140249401F4698F8003005460C4616461BB102254F
S2140249502846BDE8F081531E052BF8D818F090FDC6
S2140249600028F4D13B7B032B14D14FF6FE739C42F6
S21402497012D1012E09D0022EE9D114F0CDFC4FF649
S214024980FB73984203D814F0C7FC044604E015F003
S21402499098F9FAE7012EDAD0EDB939462046FFF744
S2140249A065FA05460028D3D198F80030332B03D099
S2140249B0532B1CBF0E4B18613046FFF7DDFD00215E
S2140249C04FF6FF70FFF77EFF0A4B1B78002BBFD017
S2140249D00BF048FABCE7397B721ECB1E594259418E
S2140249E05042504107F054F905460028D5D0AFE7AB
S2140249F0284E0020F9640020235B00202DE9F843AE
S214024A0005468846914614F087FC3F4E04463378A6
S214024A10033B012B06D86B7BDB0703D595F9090010
S214024A2013F0B9F814F078FC384B394F188014F0AC
S214024A3090FC384B1880FDF72DFA374B1880FDF79F
S214024A402FFA082201463548F4F72AFE14F02DFC08
S214024A50334B18702879FFF76BFE00216888FFF742
S214024A6031FFFDF72DFB60B14FF6F672631E9BB267
S214024A70934206D915F025F9B7F868300446834202
S214024A80F8D0204614F054FC288814F06EFC4946F0
S214024A90B7F86800C047044628B91920FFF712FD88
S214024AA01920BDE8F883B7F8681014F0CCF9002393
S214024AB01C4D87F859302B7803F0FB03022B02D0EB
S214024AC0204614F0B9FE002220461146FFF7F2F8FF
S214024AD00446A8B117236B613378042B09D1C82189
S214024AE0114818F0E9FA03232B7684F00100C0B2CD
S214024AF0D7E74FF416710C4818F0DEFA0023F3E7F6
S214024B001720FFF7DFFCF0E7245B00201A55002091
S214024B103C4D00201855002016550020B85B00209A
S214024B20C05B0020284E0020C0620020F0B50C4674
S214024B301E460B462049074689B004F1140053F876
S214024B40045B834241F8045BF9D11B8802AD0B80FB
S214024B50D4F80E00D4F81210238803C5ADF810302E
S214024B6023798DF812208DF8133000233A468DF8FB
S214024B7014304FF6FE71012002ABFFF7DDFEC8B916
S214024B8002A8FFF7AFF9237B4BB10C4D0C4B01AAE1
S214024B9029460120019312F0DAFF2A781AB9204634
S214024BA0FFF758FE03E020460199FFF727FF08B9F2
S214024BB0044B1E7009B0F0BD1C550020284E002084
S214024BC05F990300C15B002001232DE9F341304EBB
S214024BD005460F4600202F491446737300F0EEFC7C
S214024BE012F0DBFFDFF8AC8038B9012D01D9042DB5
S214024BF00FD12146384612F069FB102000210AF038
S214024C007FFC00283CD0002002B0BDE8F041FCF753
S214024C10A3B8002CF1D1204B1B78212B03D0062BF6
S214024C2001D0532B02D101F00DFEE6E7FDF748FA5C
S214024C300028E2D000F0EEFC28B9307BC0F1180064
S214024C40FFF740FCD9E7154B41462046019300F09A
S214024C50B5FC20B140F61901114818F025FD01AA4D
S214024C600B4998F80C0012F072FF32781AB909480C
S214024C70FFF7F0FDC1E701990648FFF7BFFEBCE764
S214024C80FFF78AF80028BED102B0BDE8F08100BF67
S214024C90284E00201C550020235B00205F9903004D
S214024CA0437004001FB5144B04461B88DB0707D469
S214024CB04FF6FF700021FFF705FE002004B010BD7E
S214024CC00A230E4A012001A9FDF77AF84FF6FF7370
S214024CD0BDF80C209A42EBD00822FF2101A814F05E
S214024CE0ADFA0028E4D10CB90120E7E7BDF80C00C4
S214024CF001A9FFF7E7FDF7E73455002026E101009A
S214024D0038B50C46154614F013FB03F0AFFE2946E1
S214024D102046FFF7D7FD00F07DFC48B1074BDB7954
S214024D200E2B28BF0E230133DBB2054A137038BDA3
S214024D30044B1B78013B18BF0123F6E71C550020E5
S214024D40D75B0020245B002038B5002208210446E9
S214024D5014F074FA0546C8B914F0DEFA2A464FF67D
S214024D60FF71FFF7CDFF2046217CFFF72BFC62691F
S214024D70E189207C01F076FF054B1B78012B01D1DF
S214024D8007F0F6F8FFF76AFB002038BD0120FCE7C3
S214024D90245B002038B51D46FFF7CEFD0446C8B991
S214024DA02B7B2846032B03D1BDE83840FFF7CCBF48
S214024DB0FFF798F8084B25469C8114F076FA0121F5
S214024DC0064B81401A780620FDF770FF044608B1AC
S214024DD0034B1D70204638BD284E0020F864002084
S214024DE0235B002030B5012087B0FFF75BFF6B46E0
S214024DF00446144A1068516803C384B905F0BCFE21
S214024E0002A8FFF78DF84FF6FF752246BDF80E0092
S214024E102946FFF775FF12F0D8F907B030BD6B468A
S214024E20094AD2F86A00D2F86E10B2F8685003C384
S214024E3005F0A2FE02A8FFF773F86A46BDF80E0058
S214024E40E6E700BF60FB03003C4D002073B53A4B1B
S214024E5004461B781BB10224204602B070BD18F02F
S214024E600FFB0028F7D100F0E5FB14B12288334B84
S214024E701A8000210DF10700FDF7ACF8002856D184
S214024E8014F053FD04460028E6D12D4D9DF8070088
S214024E90FFF772FB2B785A1E012A1FD8FFF7A2FFD4
S214024EA02B78033B012B01D801F014F9FFF7D6FA51
S214024EB0012014F0C1F9034600283AD12A78033AB1
S214024EC0012AC9D81D4A108810F0020521D00522F1
S214024ED001201C49FFF744FC0446BDE7033B012BB7
S214024EE004D82046FFF7DEFE0028D7D12B78053BF4
S214024EF0012BB1D8FFF776FFFFF7B0FA2B78052B18
S214024F000CBF04200520FCF7E1FF012014F094F901
S214024F10E2E70D4E0223314601200C4AFCF750FF11
S214024F2033885B0798D5284601F0E8F894E71724FB
S214024F3092E7044690E700BF235B0020345500202A
S214024F40245B002000F8FF07E654002027E101005A
S214024F507FB50024184E194D3278E3B29A4201D832
S214024F6004B070BD4FF6FF73B5F868209A421AD0A7
S214024F70134B1B88DB0714D5124AB5F86830106845
S214024F805168ADF80C3001AB03C30F4A0A23002068
S214024F9001A9FCF715FF022300200C4A0C49FCF776
S214024FA00FFF0134D8E700220821064814F046F91C
S214024FB00028F6D1DCE700BFD16400203C4D00207B
S214024FC034550020A64D002026E1010027E101000D
S214024FD0E654002010B501F0CFF802F013F8D8B16D
S214024FE00E48FCF773FE0E480E4C017A0E30FFF7A1
S214024FF0E9FA23781BB100F0BFFA002323700022DF
S214025000094B1A73FFF72AFA08F056FD01F044F925
S214025010BDE81040FFF79CBF10BD00BFC062002075
S2140250201C550020C15B0020284E002010B52548E4
S214025030FCF74CFE01F0E6FF30B1234B1B781BB9A0
S214025040BDE81040FFF7C6BF01F0DCFF78B11F4C89
S214025050237E83B1C8211B4818F02EF80021237E38
S2140250600846013B2376BDE81040FBF7E3BEFDF79A
S21402507027F80028EBD1FDF723F8154B1B7858B913
S214025080112B03D003F0FD03412B19D1BDE81040CC
S2140250900E4B5869FFF716BA332BF7D10D4B18880B
S2140250A014F046F90C4B188814F05FF90B4B0C49B8
S2140250B01888FFF707FC0B4B1878FFF739FBE5E774
S2140250C010BD00BFC06200201F5B0020284E0020DB
S2140250D0235B00201A550020185500201655002084
S2140250E0B85B0020C05B00202DE9F04F0F4685B06C
S2140250F002AD044629463846914616F00FF94FF09F
S214025100000B82463846CDF804B013F065FF4678A9
S214025110022C804606F0020609D85CB1FCF7D0FFE6
S2140251200446002848D1754B01241B7865E0043CF0
S214025130022C3AD9FCF7C4FF384613F0C6FE002408
S2140251400546A046DFF8D8A1384613F045FF50F8CA
S21402515009300DF10500019318F089FB9DF807B0A0
S2140251600746B8F1000F4DD1BBF1000F5BD0DFF858
S2140251708C9199F800300BB1002E63D0002C61D0D0
S2140251805F4B1B78022B5DD1BBF1000F53D1384623
S21402519014F0CEF858465946FFF714FA08F08CFC7D
S2140251A040F6074012F0CEF834E014F08DFBFCF720
S2140251B087FF0446F8B15C464EB1524B1B78012B72
S2140251C002D0043B012B0BD805B0BDE8F08F4B4B49
S2140251D01B782BB14B4B1B7803F0FB03022BF3D04F
S2140251E0BAF1000F404608BF002516F08AF84FF0C5
S2140251F001088246A8E7414B1B78002BF0D0002E10
S214025200EED1E1E7BAF1000FAED05046FDF73AFB19
S2140252100028A9D1002017F059FD0028D4D000207C
S21402522013F0E8FED0E74FF6F7739F429FD9172098
S214025230FFF748F9EEE7FCF743FF48B13248FCF7C0
S21402524045FDF4E7FCF73CFF10B1BBF1000FF5D1CA
S214025250FCF736FF0028DDD02846FDF767FFFF285B
S214025260DFF89CA0294C03D09AF80030012B04D119
S2140252702946B4F86800FEF7C5F8FEF781F92A4613
S2140252803846B4F86810FFF73BFD214B214A93F9E4
S21402529006301B0213809AF80030012B19D0312BEE
S2140252A014BF432311238AF800301B4B1648196893
S2140252B017F002FF00F00EFF0023124C99F80010C0
S2140252C0237641B9104817F0F7FE40F61B43636198
S2140252D0A0E71123E7E7B8F1000F03D016B1FFF7F6
S2140252E079FEF2E70D4B1B78042BEED1052106481A
S2140252F017F0E2FE09232376E7E700BF1F5B0020D4
S214025300235B0020284E0020C06200203C4D002077
S2140253101C55002032550020E0620020245B00204D
S214025320A65B00202DE9F043084693B00E4613F024
S21402533053FE09220021804617F012FD044630462D
S21402534013F0C3FD052207460DF1090330460AA9EC
S21402535012F052F8022881461DD09DF809303146D7
S2140253601C440023E4B204F1100218F80450012091
S2140253700093D2B20FF084FE68B1072D09D855B15A
S214025380013D062D07D8DFE805F00918068A06252E
S21402539041007C2D45D013B0BDE8F0835B4B1B78F3
S2140253A0013B012BF7D8304613F00EFD00233246A0
S2140253B01946009414F08CFAEDE7554B1B78012B36
S2140253C0E9D1544B18780028E5D122463146FFF73A
S2140253D08BFEE0E74D4B1B78013B012BDBD83846B2
S2140253E009F0DCFF4FF6FF739842044606D03046BB
S2140253F013F0EAFC2246394613F0F6FF444B1B78BC
S214025400022BC8D1384611F05FFFC4E73F4B1B782A
S214025410013B012BBFD8494630460AAA00F01EF9C6
S214025420B9E73A4B1B78013B012BB4D8A04498F855
S214025430012098F80230652AADD16D2BABD13046EB
S21402544017F06AFD1334E4B28442A4D20822394625
S21402545003A8F4F725F9214630460DF10A0215F0A5
S214025460A0FE002897D1BDF80A30002B93D005A8DD
S21402547009F0B0FA0123284DBDF80A002B7017F088
S2140254804BFD0446BDF80A0017F02AFDE2B20346B9
S21402549005A903A811F0B2FE00232B707BE71B4B75
S2140254A01B78013B012B3FF676AF062200214046D1
S2140254B017F056FC404418F0DAF90746FCF758FE97
S2140254C0044600287FF467AF304613F078FCC30426
S2140254D07FF561AF46F204030121ADF81430384679
S2140254E00223CDE9004405AA15F0AAFE05460028C7
S2140254F03FF451AF394613F0A6FC304613F064FC75
S21402550022462946FDF706FA45E700BF245B00203F
S214025510235B0020284E0020F25B002008B5084BD3
S214025520187050B1074B1B883BB14FF47A7106488E
S214025530594317F0C1FD002008BD0120FCE700BF5B
S214025540165B002072640020683E0020014B18782B
S214025550704700BF165B0020014B18800020704782
S2140255607264002008B5FCF7B1FB0022014B1A70EA
S21402557008BD00BF165B002010B50024044B05488A
S2140255801C80054B1C70FCF7A1FB204610BD00BF1B
S21402559036550020E4620020CB5B002008B50348A5
S2140255A0FCF794FBBDE80840FFF7E6BFE462002084
S2140255B00148FCF79BB800BF36550020F7B5134BE1
S2140255C004461B780E46EBB183421DD900211048D3
S2140255D018F0B2F9002501460D4F09B9012009E07D
S2140255E0AC4209D10024162322463046009418F015
S2140255F040FA204603B0F0BD384618F0C1F901352E
S2140256000146EAE71820F5E72720F3E7CB5B002000
S21402561036550020014B1878704700BFCB5B002040
S21402562025289DBF024B187000202120704700BF1E
S214025630FB640020012307B51846064A0DF1070150
S214025640FCF7BEFB9DF80720034B1A7003B05DF80B
S21402565004FB00BF29E1010074640020F8B5074688
S2140256600E46144613F031FC1A4B05461B78022BE5
S2140256702FD1194818F08EF958BB284611F0DCFED7
S21402568038B322463146384611F0D2FE08B311F03E
S21402569087FD0446384613F097FB104B012E1A7806
S2140256A04FF00F0303FA02F39BB2B4FBF3F203FBD1
S2140256B0124404F10104A1B206D1094B094A1E7034
S2140256C02B6813606B6853600348BDE8F84017F018
S2140256D0F3BCF8BD235B0020883F0020FA6400205C
S2140256E0CA5B0020C25B002084B010B502AC84E81E
S2140256F00F00082227480DF11601089CF4F778F9E6
S21402570008BB9DF815309A0705D4234B1B7803F087
S214025710FD03312B1DD121496378097803F00F026E
S2140257208A4203D0012922D1022A12D1227882B9D2
S2140257301B09022B0DD11A4BA0781B78022B1AD10B
S214025740C0F3800006E000220821124813F076FD1E
S21402575020B90020BDE8104004B07047114BBDF8D8
S21402576008205B889A42CCD0002BCAD0F1E70229E7
S214025770EFD1012AD9E7030609D40B4BB3F8682008
S214025780BDF80A309A42E4D1FEF714FCE2E70120A3
S214025790E0E700BF2C4E0020235B0020C5640020FB
S2140257A0245B0020284E00203C4D0020284BF0B5FC
S2140257B05D88002387B08DF80830264B0DF10B006C
S2140257C01B7805F0010743F020038DF8093014F02A
S2140257D0BBF86FF07F43ADF813308DF8153014F038
S2140257E031F91D4B8DF816001B7805F01006DB000C
S2140257F0DCB2F0F791FF194B1B7883422CBF44F0C2
S214025800040344F084032FB1A9061ED426B143F044
S214025810020301E0AA07F9D4002108468DF80A30EF
S21402582017F0D2FBADF8060058B101230F2202A9E9
S2140258300DF10600FCF79EF918B90DF1060012F0FC
S21402584083F9BDF8060007B0F0BD43F00103DDE7BB
S21402585074640020C5640020D75B00201C5B002017
S21402586010B5FCF733FA0A4B1B78022B0CD1094B06
S2140258701B78033B012B07D9074C207828B1002060
S21402588011F0DDFD0023237010BD13F080FDF9E753
S214025890235B0020245B0020CA5B002084B02DE935
S2140258A0F0478EB016AC84E80F00DFF878C1594B8B
S2140258B0BCF802009DF85DA010F001049DF962207C
S2140258C0BDF870E09DF875909DF976709DF8785059
S2140258D09DF97A109DF95E809DF860601B7835D040
S2140258E09DF87D00C0F34004C0F38000002B4AD030
S2140258F0494B1B78022B09D18A4244DB24D1A81BD0
S214025900C0B280288CBF0020012016E0434B1B78D3
S214025910012B01D1002C7AD078B19CF800301E33CE
S2140259205BB29F42D4BF002701279845D4BF00230D
S2140259300123BB4206D18A42E0DA0EB0BDE8F04748
S21402594004B070473846F8E70020F6E710F0020F7A
S21402595018D0C3B1490814BF01200020520814BF52
S214025960012300238342E8D1AB1BDBB2802B0AD98A
S214025970AE42E9D1B84506DB49D1CA452CBF002064
S2140259800120DAE70BB90120D7E7AE4216D002AC07
S2140259901CAF0FCF0FC497E8030044F8040B218016
S2140259A0DDE91A0116AB0090ADF804100FCB12F029
S2140259B0C5F80028E7D1AE42A1D1BEE7BDF85830FF
S2140259C073451ED008AC0DF1700CBCE80F000FC476
S2140259D09CE8030044F8040B2180114C638873454D
S2140259E00FD10822211D0DF12E00F4F701F8024610
S2140259F038B90821201D13F021FC10B96388002B4A
S214025A00C1D1B845BFDBC2D1CA45BCD3BFE7204629
S214025A1093E700BFCB5B0020245B0020235B0020C3
S214025A20284E00207464002084B02DE9F04F8FB019
S214025A306A4E18AC08AD84E80F00162200212846EC
S214025A40F3F784FF33783BB90024654B32781B7832
S214025A509A4239D2002726E00021624817F06CFFEE
S214025A6000270446B846DFF87C91002C45D13FB1AA
S214025A70224639465B4813F044FB3378013B3370C9
S214025A803378002BE0D0002156484FF0000917F07B
S214025A9053FF4F468046CA46DFF848B1B8F1000FBA
S214025AA06CD1002FD1D01621002218A813F0AFFA1D
S214025AB0014648B1002F00F08B802246494813F079
S214025AC0C6FA337801333370454B32781B789A42E4
S214025AD007D944480022018813F013FB3378013BB0
S214025AE033703378012B03D13F49404817F0E4FA6C
S214025AF00FB0BDE8F04F04B07047002221461623CF
S214025B002846CDF8008017F0B4FF1622294618A8BA
S214025B10F3F76EFF0028EBD09DF864209DF8243042
S214025B209A4225D1BDF86020BDF820309A421FD196
S214025B3008220DF12E010DF16E00F3F759FFB8B9E8
S214025B4002AF0DF1600CBCE80F000FC79CE8030023
S214025B5047F8040B39800EAB13E903000090ADF84A
S214025B60041095E80F00FFF799FE0028C0D02746DC
S214025B702146484617F004FF044676E7162300221D
S214025B8041462846CDF800A017F073FF02AF0DF18C
S214025B90600CBCE80F000FC79CE8030047F8040B34
S214025BA039800EAB13E903000090ADF8041095E8B7
S214025BB00F00FFF773FE074620B1B9F1000F04BFCE
S214025BC0444681464146584617F0DAFE804665E767
S214025BD03A46044817F0B6FE73E700BFCB5B0020D8
S214025BE0FB6400203655002020BF0200E46200203D
S214025BF02DE9F04F002104469FB00DF14008162211
S214025C0040460E91CDE90C11CDF83B10F3F79EFEFF
S214025C10052220460DF11F0316A911F0EDFB0228FE
S214025C20074600F0F880204613F0D6F9064617F02D
S214025C301EFE8146F01C17F01AFEADF84000701DDD
S214025C4017F015FE012FADF84200204640F0E68020
S214025C5013F0C2F90546204617F042F90D35022325
S214025C602D1A0093214643460820EAB20FF008FA9E
S214025C70002800F0D080204613F0B3F9012F8346A7
S214025C809DF84D3040F0E38000252F4643F0010397
S214025C908DF84D3016AE3388022B4DD1F178204662
S214025CA002310CF00FF81B2846D1F178204603315A
S214025CB00CF008F819283FD1F178204604310CF090
S214025CC001F84A2838D14FF0050AF178204601310A
S214025CD051440BF0F7FFF1780590514420460BF043
S214025CE0F1FF059B00EB032083B200F03F02932BEB
S214025CF0059240F09B800023F778214602375744EE
S214025D00FFB23A4600930CA80F2317F0B2FE07F133
S214025D100F01204615F0DBF907F111010546204672
S214025D2015F0D5F9ADF84200059B023353445FFAED
S214025D3083FA33795345C8D806360DF17603B34253
S214025D40A9D19DF84D20C5F3C03363F34102204626
S214025D508DF84D2013F0D7F88DF84400204613F046
S214025D60C7F88DF84500204613F0C7F89DF8323084
S214025D70BBF1190FC3F3C3028DF84720DDF83320B9
S214025D808DF84600CDF84E20DDF83720CDF85220AB
S214025D9094BF00229DF83E208DF8482003F00302AF
S214025DA08DF84A206E4A1278022A9DF84D200CBFC2
S214025DB0C3F38003DB0963F382026A4B8DF84D203E
S214025DC01B78022B57D1BDF8406013F0C2FA864208
S214025DD051D108A813F0B8FDBBF1190F48D9082213
S214025DE00DF14E0108A8F3F703FE00283DD1B9F5E0
S214025DF0004F02D0B9F5624F0DD140F6FF7325F47D
S214025E0040459D4207D1002208210DF14E0013F0B5
S214025E1015FA00283FD01FB0BDE8F08F13F0DCF86B
S214025E200546204617F05CF8073518E7412B7FF445
S214025E307BAFF1782046023151440BF043FF4A4BC8
S214025E401B78C3F1B30318448DF849006CE76FF36F
S214025E500003F01D8DF84D3017F009FD0CA905461C
S214025E60204613F0A5FD0B276BE700F0B3FFBEE755
S214025E7000F0B0FFCFE7B9F5004F02D0B9F5624F98
S214025E80C9D140F6FF7325F440459D42C3D1BBF10C
S214025E90190FC0D9B7E7BBF11A0F06D007F11F01D9
S214025EA042462046C9B211F051FE304C304D637B5B
S214025EB0DBB12B78012B1DD1012323730CAB02938C
S214025EC014AC94E803000090ADF8041098E80F00B4
S214025ED0FFF70AFC90B194E803000090ADF80410B6
S214025EE098E80F00FFF7A0FD08E0FCF7E9F80028A5
S214025EF0DFD0E1E703F0FD03042BDDD02B78012B86
S214025F0001D0042B87D11B4BDDF84E001B78DDF841
S214025F1052108DF82230BDF84030ADF820309DF892
S214025F204D30C3F340038DF823309DF8313003F033
S214025F300F038DF82C309DF848308DF82D3009ABC4
S214025F4003C30D4B1B681BB1414608A8984762E77E
S214025F509DF946209DF8451008A811F0B3F95AE7B6
S214025F60245B0020235B0020D25B0020284E00200A
S214025F70AF5B0020D15B00201C4E00202DE9F043D1
S214025F80424B434C1B7885B0033B012B22D817F0BB
S214025F9084FB2378022B31D13E4A1468A0422DD0CE
S214025FA03D4910600A68121B10443C4A0860127889
S214025FB072B1013A93403C2253434FF47A725343F0
S214025FC098421BD9032005B0BDE8F043FBF77EBF1D
S214025FD00A23F2E717F061FB2378022B0ED12D4A33
S214025FE01568A8420AD00027DFF8BC802C4E106045
S214025FF0451B98F80030FCB2A34202D805B0BDE8B3
S214026000F08356F8243020462B4446F8243017F006
S214026010DFF9C3074FF0000910D5204609F0FEF954
S21402602070B156F82430242B08D9102200232046BB
S214026030CDF8009009F00CFA46F824900137D8E71C
S214026040184B1B5D13F00F031FBF03F1FF32022331
S21402605093403C220CBF0A2353434FF47A725343B5
S21402606056F824209A42E9D9204609F067F902A98F
S21402607014F0B5FC28B1204609F060F902A911F027
S2140260809FF8204614F041FDD8E700BF245B0020AD
S214026090235B0020B43F0020B03F0020C0640020F5
S2140260A0CC3D0020C85A0020D7640020064B1B882F
S2140260B0DB0708D50022054B43F82020044A135C70
S2140260C063F00F031354704738550020CC3D002070
S2140260D0C85A002008B517F0E0FA0022024B1860F2
S2140260E0024B1A6008BD00BFB43F0020B03F00203C
S2140260F0014B1868704700BFB03F002008B50C4837
S214026100FBF7E4FDFBF736FF80B10A4B0322B3F838
S2140261106810012011F03CFD4FF47A71064B0448DA
S2140261201B885943BDE8084016F0C6BF08BD00BF2D
S214026130046300203C4D002054640020014B18806C
S2140261400020704778640020044A054B18701388B4
S21402615023F00303184310800020704738550020B0
S214026160C1640020034B1888C0F30E00003818BF25
S21402617001207047E654002008B5FFF7F3FF30B160
S214026180002004490223044A0880FBF719FE002077
S21402619008BD00BFE654002027E10100024B188824
S2140261A0C0F30E00704700BFE65400200023084AE2
S2140261B001201370074A08491370084B084A1B78D7
S2140261C043F0040313800223064AFBF7F9BD00BF1F
S2140261D0CE5B0020CD5B0020E6540020C164002088
S2140261E03855002027E1010013B514468DF8071034
S2140261F0DAB9CAB20E2A18D80E4B1B881341DB072F
S21402620013D517F08DF8FF2811D09DF807200A4BFA
S2140262100DF107011A5400F58330012200F5807053
S214026220E5F72AFC204602B010BD0124FAE7022454
S214026230F8E700BF78640020C85A002030B5012174
S21402624000240B2385B0104D019400918DF80C307C
S2140262508DF80D000323B5F8680003AA8DF80E40EA
S21402626014F0EEFF68B1B5F8681013F08AFC40B17E
S2140262700522064B64211A70054B06481C7016F060
S2140262801BFF05B030BD00BF3C4D0020CD5B00209B
S214026290CE5B002024630020064B1B78033B012BB9
S2140262A006D8054B1B781BB9044B1878FFF7C6BFF8
S2140262B0704700BF245B0020CC5B0020C064002037
S2140262C010B51548FBF702FD144B1978F9B9144AB4
S2140262D013787BB1013B1370124B1B78042B02D14F
S2140262E00846FAF7A7FDBDE810404FF496710A4833
S2140262F016F0E2BE0C4A128802F00302022A0AD103
S214026300BDE81040032201200849FEF729BABDE87D
S2140263101040FFF7C1BF10BD24630020CE5B0020F3
S214026320CD5B0020245B0020E654002000F8FF0727
S2140263301FB50C238DF80C300B4B0C461B88012125
S21402634023F004038DF80E3000238DF80D00CDE9FE
S21402635000132046032303AA14F072FF10B121464D
S21402636013F00FFC04B010BD38550020F8B50646F1
S21402637012F095FD0546304614F086FF411C044691
S21402638089B230460BF09EFC02340746A1B2304674
S2140263900BF098FC394602462846FFF725FF0228EE
S2140263A016D02946FFF7C4FF0A4B1B8803F00303E7
S2140263B0022B0DD1284616F0B3FFFF2808D0002284
S2140263C0054B43F82020054A135C63F00F03135471
S2140263D0F8BD00BF38550020CC3D0020C85A00202A
S2140263E0084B1A785AB10223013A93404EF66022BD
S2140263F0534303210448B3FBF1F116F05DBE42F2AB
S2140264001073F6E7C06400202463002070B50546CA
S2140264101748FBF75BFC0122164B28461A7014F04D
S21402642033FF411C044689B228460BF04BFCA11CE4
S214026430064689B228460BF045FC0F4C0223208004
S214026440214600200D4AFBF7BBFC86B9238803F0E1
S2140264500303022B03D1FFF73DFEFFF7C1FF23889C
S2140264605B0704D5BDE870400548FFF747BE70BD20
S21402647024630020CE5B0020E654002027E10100C2
S214026480046300202DE9F0431F4C0546238889B09B
S214026490002B33D01D4E00214FF4807009F09CFA79
S2140264A03378DB0728D50121208816F051FD0746F0
S2140264B0208812F091FD023017F0D9F905A980461E
S2140264C0208814F0E7FF3378384613F0020F104B9B
S2140264D018BF0025B3F8009016F01EFD0646384693
S2140264E016F0FEFCF6B20290424606212846CDE998
S2140264F0009605AB10F0A4FE00232380054809B0E1
S214026500BDE8F043FBF7E2BB40550020CF5B00201E
S2140265103C550020446300202DE9F047304F80466A
S2140265203D880E4614469946ADB3104612F062FCFC
S214026530B0F5006F2FD1204612F06FFC824616F09F
S214026540EFFEFF2827D02EB1264A32F810302B4312
S21402655022F81030B5F5007F36D0B5F5806F33D00F
S214026560B5F5807F17D1204B1B88A3421CD14FF66E
S214026570FF718A450FD0204612F065FC284609F0C6
S21402658059FA50B93046FFF77DFF0023174A1380A9
S214026590174A3B801370BDE8F0870220002108F0FE
S2140265A0AFFF0028EED1F0E7104D2B88A342F2D1C0
S2140265B04FF6FF718A45EED024B1204612F043FC16
S2140265C000232B800023E3E70023094A3B80137055
S2140265D031464B4622464046BDE8F04713F059B8CE
S2140265E03A550020D4540020405500203E55002045
S2140265F0B45B002010B5044640F62140FFF742FF88
S21402660001214FF4807009F0E7F978B10022084BB7
S2140266101C80084B1A700BF0D5FCBDE81040064BE8
S2140266201880064B0648198816F046BD10BD00BFF6
S21402663040550020CF5B00203C55002056640020C9
S21402664044630020044A137818B943F00103137018
S214026650704743F00303FAE7CF5B00202DE9F04FC3
S214026660DFF84C9187B099F80060002E40F08C80DD
S214026670DFF840B1DFF840A19BF80030F4B2A34245
S21402668007D80022424B1A8007B0BDE8F04FFDF74C
S214026690ABBB20463AF8145008F0C0FE80460028ED
S2140266A060D0204608F04AFE15F40071074645D031
S2140266B001464FF6FF720E2013F086FB05460028B1
S2140266C050D0394612F0BFFB4FF400730027304E0D
S2140266D0204633803AF8142022EA03032AF81430BC
S2140266E010220023009708F0B3FE2A4B1B88DB0714
S2140266F007D5294B294A43F82470135D63F00F032C
S2140267001355182000216043254B264C0093019117
S21402671001232A46205CFAF7B1FB002814BF0123A6
S214026720002389F8003005D13388B3F5807F01D184
S2140267301D4B1880404607B0BDE8F08F680513D59C
S214026740059113F0BEFA012205990346009207202E
S2140267503A46CDE90111FDF765FC4FF48063054624
S214026760002DB3D1013687E7104B18880028F9D0E0
S214026770EA05F7D5394612F066FB0C4B1D880A4B24
S2140267801D804FF48073EBE74FF00008D2E700BF9E
S2140267903A55002038550020CC3D0020C85A00202B
S2140267A019650200801300203E5500204055002047
S2140267B0B45B0020D7640020D4540020042230B5F5
S2140267C001F0400387B0002B054614BF01240024C5
S2140267D08DF80C208DF80D1004D004A914F0FFF8E3
S2140267E038B304ABCDE9004301210223284603AAAD
S2140267F014F026FD0446F0B1104B1B78033B012B28
S21402680004D80F4BB3F8681012F01DFB4FF6F7735F
S2140268109D4209D9322202212046FDF74BFA80F02A
S2140268200100C0B207B030BD2946204613F0A9F9D0
S214026830F5E70120F6E71920F4E700BF245B002005
S2140268403C4D002010B5FFF797FC04F0DBFF12F07A
S214026850F1FF002014F0BEF816F012FE08B1FCF7A5
S214026860B7FA204C2378532B12D10323237000232C
S214026870FF2219460120FDF773FF002016F026FAC4
S21402688010B1002012F0B6FBBDE8104011F084B93A
S214026890062B01D0212BF0D10120FDF705FF4FF684
S2140268A0FE7012F045FD4FF6FF7012F05EFD0020FE
S2140268B0FDF732FE0020FDF75FFEFDF7AFFD00F0AC
S2140268C087FB11F06CF92378212B02D1FDF782FBAE
S2140268D0D3E70020FBF7FAFA00214FF4004013F04A
S2140268E07BFECAE7235B002010B50A4C0A48FBF77A
S2140268F0EDF92378062B02D10120FDF7D5FE237889
S214026900062B01D0532B03D1BDE81040FFF79ABFE8
S21402691010BD00BF235B0020646300202DE9F84F02
S214026920DFF8CC8004460E461746FFF725FC98F89B
S214026930005015B90220BDE8F88F212DFAD0DFF8F5
S214026940B49099F80030012B01D1A306F2D427485F
S21402695017F020F80028EDD114F02004394630460E
S214026960DFF894B0DFF894A005F00F051BD010F006
S21402697025FC012D8BF80070AAF8006033D1212384
S21402698088F80030FFF75EFF0020D4E7212388F85E
S2140269900030FFF757FF00214FF6FE70FDF792FF1B
S2140269A0FEF7D6FAF0E710F008FC012D8BF800701F
S2140269B0AAF80060EAD0062321464FF6FD7088F852
S2140269C00030FFF7FBFE40F6020240F2262199F85D
S2140269D000300648033B012B88BF114616F06CFBBD
S2140269E0002CD1D1D7E75323E6E700BF646300202B
S2140269F0235B0020245B0020D05B00207A6400200A
S214026A002DE9FF410F460546511C38460BF05AF950
S214026A100446384612F0E0FA0646023016F027FF21
S214026A20424B80461B7804F04002022B02D0043B05
S214026A30012B06D83E4B1B68580205D5A10603D487
S214026A4052B304B0BDE8F08132B33A4A1278D11E8E
S214026A50012917D8384BB3F86830AB42F1D17378B6
S214026A60180714D5304614F04CFCFBF70BFF002831
S214026A70E7D00122294604F0200004B0BDE8F04128
S214026A80FFF74CBF022ADCD1DF01DAD4E7E712F0C7
S214026A9043FC4045D5D1ECE7264B1B78013B012B46
S214026AA0CFD87378D906CCD502A9384614F036FC6E
S214026AB0002002A916F004FCFF2806460BD0A20608
S214026AC001D412F0A4FF304608F038FC04F0BAFEF7
S214026AD0304614F01AF8284616F0A7FFFF280DD005
S214026AE0FCF766FB14F0200608D112F015FC28B15C
S214026AF033460222284602A905F0E0FF12F00CFCFB
S214026B0000289ED1A3069CD402A94FF6FF73022248
S214026B1028460EF076FA4FF6FF7203460092284693
S214026B20022202A910F03CFC8BE700BF235B002088
S214026B30BC3F0020245B00203C4D002038B50446B4
S214026B400D4616F0EDFBFF28034615D00B4A1278C9
S214026B5042B10B4A32F81020520403D513F0D5FF87
S214026B60002038BD184612F052FF204645F040017C
S214026B70BDE83840FFF722BE0120F2E71F5B002087
S214026B80D454002038B5054612F026FA04462846A4
S214026B9014F07AFB411C89B228460BF093F84206A1
S214026BA00DD563781B070FD5204614F0AAFB0146C5
S214026BB0002016F085FBBDE8384013F0A6BF034858
S214026BC0BDE83840FFF790BE38BD00BF64630020C2
S214026BD038B54FF6FF75A842044617D012F0B9FB37
S214026BE0A04213D04FF6FD72094B198891420DD977
S214026BF0084A1288AA4201D0A24207D11C804FF44A
S214026C007A71BDE83840044816F056BA38BD00BF5F
S214026C10606400207C640020483F002008B50448D9
S214026C20FBF754F84FF6FF72024B1A8008BD00BFFE
S214026C30483F00206064002037B505460C4608230E
S214026C4069460120064AFBF7BBF815B19DF80630E7
S214026C502B700CB1009B2360BDF8040003B030BD5E
S214026C6025E1010007B508238DF80600ADF80410EB
S214026C70009269460020034AFBF7A2F803B05DF8CB
S214026C8004FB00BF25E10100024A13780BB1013B69
S214026C9013707047125B002008B512F066FB0021E5
S214026CA04FF6FF72054B08461A80FDF78BFCBDE8CF
S214026CB0084040F6164010F045BB00BF6064002056
S214026CC008B5FBF703F80A4B1B78023B032B08D8E0
S214026CD04FF6FE73074A108898424FF6FF7301D1AB
S214026CE0138008BD9842FCD0BDE80840FFF7D4BF29
S214026CF0235B00206064002010B5084B1B78042B31
S214026D000AD012F009FB002104460846FFF794FF5A
S214026D10231A5842584110BD0020FCE7245B00208D
S214026D20F0B5002689B00546CDE90566ADF81C60CB
S214026D3014F0AAFA0A23024604462946009605A833
S214026D4016F097FE9DF815309DF814701F2B27D865
S214026D5003A812F0F9FD08220DF1160103A8F2F7B6
S214026D6047FE0646E0B9092F1CD1FFF7C5FFB8B1AA
S214026D70144B1B78A3B1144B1A884FF6FD739A4234
S214026D800ED9124C124A23780433DBB223701278DF
S214026D90013AB3EB820F03DD58B20EF088FB267081
S214026DA009B0F0BD0A34E4B2214628460AF08AFF4A
S214026DB012F053FE611C284614F089F9FFF708FF0B
S214026DC0EEE700BFD964002060640020125B00205A
S214026DD0BF64002038B5134B1B78033B012B20D928
S214026DE0114B4FF6FF711B78ABB1104D2B888B42BF
S214026DF017D112F0AEFA4EF6602104460C4816F091
S214026E005BF94FF6FE7322462B800021BDE8384020
S214026E10092012F030BE074A13888B421CBF01338A
S214026E20138038BD245B0020D964002060640020F3
S214026E30483F0020E254002010B5044661B1FF210D
S214026E4012F06BF80021204612F06DF811F09BFF4D
S214026E500146204612F06DF82146BDE81040002299
S214026E60014816F06FBD00BF445500202DE9F041E1
S214026E700D461746044612F0AFF806782846FBF78A
S214026E8077F929468046204611F0DDFF12F044FAD3
S214026E90A84206D120460121FFF7CEFF0120BDE819
S214026EA0F0812846B8F1000F0AD0FBF7EFF950B987
S214026EB0144B3A462046BDE8F0411978FCF7FABE74
S214026EC013F0B2FDF3E706F00306012E08D012F027
S214026ED023FA00232246294602F030FF0028D9D1A1
S214026EE0204611F06CFF430505D52046BDE8F0416B
S214026EF0002112F053BB204613F069FDB0FA80F071
S214026F004009CCE7BD64002010B586B0044614F0F4
S214026F10BBF9104B0246186819790290D3F805009F
S214026F205B7A01328DF8143000238DF80C10049031
S214026F302146009392B2052304A816F09AFD052274
S214026F4004A902A8F2F754FDB0FA80F0400906B090
S214026F5010BD00BF04BB040008B50748FAF7B6FE2A
S214026F60064B1B78033B012B05D8BDE808400021E1
S214026F700846F9F75FBF08BD84630020245B002043
S214026F8008B5114812F0F7F8104B1B78012B06D8FB
S214026F90FF2009F0FDFBFCF751FD08F09DFCFCF715
S214026FA06BF902F06BF9FFF701F914F004FB0BF032
S214026FB05BFBFCF7F9FE0BF085F810F003F9BDE871
S214026FC0084003F0B1B900BF044E0020BE640020A2
S214026FD008B5EFF7EFFCFF2803D0094B1B78012B0F
S214026FE006D9002009F0D4FBFCF728FD08F074FC53
S214026FF0FCF742F902F042F9BDE8084003F094B902
S214027000BE640020064B1878112806D000F0FD005A
S214027010A0F141035842584170470120704700BF13
S214027020235B00202DE9F0410446FCF7AFFC18B1C3
S21402703000263046BDE8F0811D4B1B78033B012B32
S21402704009D81C4BB3F868104FF6FF739942EFD07D
S214027050204611F0F8FE184B022120461A88FCF74B
S21402706029FE06460028E3D0204611F0B5FF90F828
S21402707007800546043016F0FAFB074612F04CF974
S214027080414602463846FCF799FCA81C16F0EFFB70
S2140270904FF6FF73984202D12046FFF7ABFA2B78E1
S2140270A09B07C6D101212046FFF7C6FEC1E700BFF7
S2140270B0245B00203C4D0020425500202DE9F04F75
S2140270C0002585B00746039511F086FF0646043074
S2140270D016F0CDFB8046B01C16F0C9FB337804468A
S2140270E04046009316F01CF982464046FBF740F8ED
S2140270F03378BAF1FF0F0CBF83464FF0010B9A07A5
S2140271000AD112F009F9404514BFD9464FF00109D9
S214027110B3791BB90320B9E0A946F9E712F0FCF8E7
S214027120A04205D112F0F8F80446994B1B7836E0D7
S214027130984B1B78052BF8D0033B012B03D8964BB4
S214027140B3F86840F1E7204616F08CFC737840B33B
S21402715013F00402DFF838820BD198F800301A4494
S21402716021463846D2B2FFF781FE0028D2D0002050
S2140271708CE0384614F04AF80146054638460AF0CE
S214027180A1FD421C52002946384602F0FE0212F0C9
S214027190B8FC737823F00403737098F8003000226A
S2140271A0DDE75B0726D5384614F030F8014606467A
S2140271B038460AF087FD824606F101091FFA89F968
S2140271C0494638460AF07EFDDFF8C481BAF1000F60
S2140271D001D0FF2805D10022494638460AF086FD2E
S2140271E0DBE7B11C01EB4001C9B2384613F06FFF72
S2140271F00446D2E7204603AA02A913F065FD054617
S214027200B9F1000F4AD0009B03F0C003802B0ED1C9
S214027210FF2320468DF809300BF03EFAFF281BD0DC
S2140272200DF109020DF10A010BF02AFC14E0402BC5
S21402723034D19DF808308BB3FF2320468DF80930F1
S2140272400BF02AFAFF2807D00DF109020DF10A0108
S2140272500BF016FC2D281CD13378404603F03F0372
S214027260337016F0FFFB10B912F056F88046002372
S21402727042461946204608F04FFE00283FF44AAF21
S214027280C822072138460AF055FF012005B0BDE89E
S214027290F08F9DF80930FF2BDED12546039838B9CA
S2140272A09DF80820002A62D1394B2C461B7856E7F7
S2140272B009F032FA039AFF280346127908D1CDE97B
S2140272C000204FF4E171354816F0EEF9DDE90023AF
S2140272D0B9F1000FE4D002F03002102A0AD0202AB8
S2140272E0DED1BBF1000F24D05146184609F016FC39
S2140272F00028D5D1DFF8A89099F80030012B45D0A8
S214027300204610F025FC28B92A4621464046F37945
S21402731013F05DFCA54212D1039A137923F00C03F5
S21402732013719DF80830ABB92C46194B1B783022E6
S21402733015E7039B1B7913F00C0FDBD1B0E799F826
S2140273400030022BE8D0039A137923F00C0343F0A3
S2140273500403E5E70121204612F022FA20B920466E
S2140273600BF09AF9FF280FD0094B1B78DFE70121B3
S214027370204612F015FA00287FF4D7AE20460BF00E
S2140273808BF9FF287FF4D1AE02207FE7A542D9E72A
S21402739042550020245B00203C4D0020B9700400BA
S2140273A0D45B002038B50E4B04461B780D46033BD3
S2140273B0012B10D900F108039BB2012B0DD811F056
S2140273C0ABFF002302462946204608F0A5FD80F0C2
S2140273D00100C0B238BD0120FCE70220FAE700BF78
S2140273E0245B00202DE9F041064610460D4613F0B8
S2140273F04BFFA0F11004E7B256FA84F42146EA1BCA
S21402740004F10E00F2F74CF92823DFF84480F35516
S21402741098F80030637301F045FF611C02460120B4
S21402742010F0D0FB08220949601DF2F739F998F8E6
S214027430000013F03FF905F10E0130463B460022EC
S214027440C9B201F0E1FF1220BDE8F081A65B002080
S2140274501E5B00202DE9F04F89B0044611F0BCFDFA
S2140274600546204611F01BFD0746281D16F0FFF9BB
S2140274708146A81C16F0FBF90390384695F807A03B
S21402748016F0F0FA2B780490990761D12146042071
S21402749002F0C2F800285BD0204613F0F5FE014643
S2140274A020460AF00FFC820752D1204613F0ECFE6B
S2140274B0014620460AF006FC10F00303059347D166
S2140274C02046FFF721FD002842D0204613F0D1FFC8
S2140274D0461C204615F020FDF6B206F10A0B83453F
S2140274E080F29F80504A06AB1068516803C3711C35
S2140274F020460AF0E7FB3146804620460AF0E2FBC9
S214027500594600EB082820460AF0DCFB8346059B1A
S2140275102146B21C009306A8082316F0AAFA1FFA00
S21402752088F8204611F0BBFC5A46414610F03EFB56
S2140275300122404606A901F09BFB002871D10220D9
S2140275400BF036F8013003D1404606A9EFF700FBF0
S21402755011F0E2FE48453A46514608D112F04EF97D
S21402756000285ED109B0BDE8F04F01F077BB48466F
S21402757012F044F9002854D12C4B1B781BB939461B
S214027580484612F0D8FA3A4651464846FCF716FAEA
S214027590002846D0297811F0030102D12046FFF7D1
S2140275A04BFCAB79002B3CD0214B1B78DA1E012A10
S2140275B037D9062B35D06B78DB070DD503982E7A94
S2140275C013F017F910B3F30803F01C0326F01F0696
S2140275D0334343F001032B724FF6FF71204611F03E
S2140275E032FC049BDBB90FF0DBFD00F03F02022108
S2140275F02046FCF75FFB4FF6FF73039A9A4210D1C0
S214027600204609B0BDE8F04FFEF7F4BF06F01C03B3
S2140276101C2BE1D0042B04D9043E2E72DCE7002298
S214027620E5E709B0BDE8F08F60FB03001A5B0020B7
S214027630245B00202DE9F04385B004460E4617462B
S21402764011F0C7FB0C2820467BD111F0C5FC09229D
S214027650002115F085FB00F11005EDB22946204603
S2140276600AF030FB042853D006D8012815D0022889
S21402767022D005B0BDE8F0837C28FAD1204615F06A
S2140276804BFC0546204615F02BFC02463046E9B276
S21402769005B0BDE8F0430FF0AFBD46B91321204652
S2140276A013F015FD05B0BDE8F04311F05EBE05B05F
S2140276B0BDE8F043FCF7ACBE9D4B1B78013B012BAB
S2140276C0D7D82046E91C0AF0FDFA074686B978B9EB
S2140276D0691C204613F0FBFC0546214612F0D8FF33
S2140276E03A462946102005B0BDE8F04316F086B8A3
S2140276F0002508232146152200950DEB030016F0FF
S214027700B8F9284602A915F0DBFD13F0FEF9B0E73A
S214027710884B1B78022BACD146B9FEF73FFDC20759
S2140277200AD5FEF7D7FC002F08BF3F26304605B025
S214027730BDE8F0430FF06CBDFEF714FD0028F0D054
S214027740F1E711F049FC8046043016F090F807463F
S21402775008F1020016F08BF84FF6F77398420546CA
S2140277600CD8754A138801339BB213800BB9734A3F
S21402777013801EB1714A13880133138098F8009063
S21402778009F00309B9F1010F40F08380204613F097
S2140277907BFD014620460AF095FA043809283FF692
S2140277A068AF01A353F820F0D17702007376020087
S2140277B073760200F5770200737602007376020093
S2140277C073760200DD77020073760200DD77020030
S2140277D0204605B0BDE8F043FFF7D4B9544B1B78FA
S2140277E0042B7FF446AF0021084605B0BDE8F043FF
S2140277F0F9F720BB4E4B1B78013B012B3FF639AF06
S214027800404613F07EFD00274D4B01465B898DF8FE
S2140278100A70ADF8083000283FF42BAF384615F052
S2140278204FFD0546204613F02FFD421C032321463A
S214027830009792B202A816F01CF99DF80A30E6B933
S2140278403C4A1278022A18D1BBB9FF2DBDF808406F
S2140278500AD03C4A214632F81530284623F4806383
S21402786022F8153013F030F9204613F00EFA0022F3
S2140278702146102015F0C2FFFBE6022B3FF4F9AEBC
S2140278802BB9304B33F815305B053FF5F2AE284680
S2140278903BE7B9F1000F7FF4ECAE3146204604F028
S2140278A0BBF8002E3FF4E5AE4FF6F7739D423FF667
S2140278B0E0AE98F80160284616F0040620D113F0D0
S2140278C031FA044628467CB113F0AEF80346F0B906
S2140278D00C2200902946384612F08BFA0C2200231E
S2140278E039462846009308E013F09EF80346B8B9D6
S2140278F0154A009012782946384612F07AFAB8E607
S21402790013F092F8034678B90B220090F3E70622AA
S214027910334629463846009612F06BFA0622DEE710
S214027920234600940622E6E74B46CDF80090F9E798
S214027930245B0020235B0020EA540020E854002049
S21402794004BB0400D4540020FD6400202DE9F04F4F
S21402795005888BB00446284611F03EFB804604306C
S21402796015F085FF074608F1020015F080FF05A90D
S2140279700190284613F0D2FC284613F085FC0146F7
S214027980064628460AF09EF998F80030029003F060
S2140279900303012B0CBF82464FF0FF0A15F078FE58
S2140279A0B4F806B0814611F0B7FC98F8073000909C
S2140279B03846039301F08AF8002838D1019801F07E
S2140279C085F8002849D1FCF7B9FAA9EB0B0B1FFA88
S2140279D08BFB8146FAF774FB002844D1FFF712FBB3
S2140279E0002840D1A14B1B78033B012B42D8BAF1A9
S2140279F0060F00F0BE80BAF1040F00F0BA80FFF75F
S214027A0001FB20B1029B03F00303012B32D0FAF7ED
S214027A10B1FA28B9964B1B7803F00F03062B6FD1E9
S214027A20944B2846B3F8681011F00DFA22E0284667
S214027A3011F0D2FA023015F01AFF4FF6F773984299
S214027A4006D9039B23B92846FFF75EFA0028B5D16C
S214027A50A37823F00F03A37054E0019816F002F8FF
S214027A600028B0D1F4E7A9F104095FFA89F9B9F15F
S214027A70020FB7D8BAF1010F40F0A280284611F0E3
S214027A80CCF94FF6FF7398426AD100233146284656
S214027A9007AA13F05DF880460028D9D042799DF8EF
S214027AA02530934209D9711D284689B20AF01EF97B
S214027AB0A37823F00F030233A3700FF071FB7E232B
S214027AC0B0FBF3F202FB130303F58073A3809DF869
S214027AD0263013F0180F0BD0A378190708D1009B95
S214027AE0BB4205D0384698F8052005A90FF0A0FB42
S214027AF09DF82700003818BF01200BB0BDE8F08FB4
S214027B002823A3800020F8E7584B1B78033B012B61
S214027B105FD940F6B8339B459AD80FF041FBFF2356
S214027B208DF81330002300F03F00C0F5FA70A080F5
S214027B3007A90DF113008DF81C30FBF7A3FF0546CD
S214027B4098F80710384611F04DFE002D80D09DF8AB
S214027B501C20013A032A7BD8DFE802F0807A697D8E
S214027B604FF6F773019A9A4224D898F80130DA074A
S214027B7020D4284611F051F915F011FF012808BF4C
S214027B803D4BA27809BF1B78FA2303EB830303EB72
S214027B90830302BF9B00FA339BB212097FF458AFED
S214027BA05B45FFF455AF0FF0FBFA00F01F001030F4
S214027BB0A08053E02D4B1B78033B012BA9D8D8E7B6
S214027BC04FF6F773019A9A429ED898F80130DB076F
S214027BD09AD4BAF1020F53D10123314607AA284696
S214027BE012F0B6FF074611F097FBBDF82230984216
S214027BF036D1002F3FF42CAF01227B88314628462F
S214027C0008F00EFB1D4A13780133DBB288F8073002
S214027C1013707B88BDF81E209A421FBFA37823F0FC
S214027C200F030233A3704FF4C873A38016E0009BC1
S214027C30BB4213D000283FF40BAF426801323FF438
S214027C4007AFC2789DF813309A42BFF401AF05E041
S214027C50009BBB4202D0A2781209EBD101204CE76E
S214027C60184615F0FFFE0028C3D182E7245B0020E9
S214027C70235B00203C4D0020CF640020215B0020C7
S214027C80BAF1030F7FF475AF009BBB427FF471AF6E
S214027C90711C284689B20AF015F80C287FF469AFE1
S214027CA0FBF7E2FC4FF6FF73984201463FF461AFE2
S214027CB0284611F0C8F85CE72DE9F341044600882F
S214027CC011F08AF90546043015F0D1FD0646A81CC7
S214027CD015F0CDFD074615F0DBFC05463046B4F838
S214027CE0068000F0F3FE064648B9384600F0EEFE7F
S214027CF058B9194AA3781278033A012A0BD8A378FE
S214027D00002623F00F03A37021E0384615F0AAFEE2
S214027D100028EED1F3E71B09F1D1A5EB0805ADB2B9
S214027D20B5F5C86FEBD80DF10301384601AA0193E9
S214027D3012F0CAFF9DF80350014645B94FF6FF738D
S214027D40984204D00126208811F07DF8A58030469E
S214027D5002B0BDE8F08100BF245B00202DE9F041AF
S214027D6005460C4611F035F8082802D10120BDE878
S214027D70F081201D15F07BFD0646284694F8078004
S214027D8011F08DF80746284611F019F8010612D5AB
S214027D90184B1B78042B0ED1174B1B78022B0AD1DB
S214027DA0164BB3F868204FF6FF739A4203D00021B1
S214027DB00846F9F73FF8124B1B78002BD6D1A01CC9
S214027DC015F055FD4FF6F773984202D86378DA0736
S214027DD00DD523789B070AD13A464146304611F024
S214027DE00DFD80F00100C0B200F00100BFE70120E7
S214027DF0FAE700BF245B0020235B00203C4D0020F6
S214027E00D65B00202DE9F04F9DB0044610F0E1FF4E
S214027E100546204610F0DDFF08285AD14FF40043ED
S214027E20102200212046ADF8503011F06AFE20469E
S214027E3015F056F80DF060FB002321461A460C207A
S214027E4000930DF01DF998B3204615F049F814A9D1
S214027E5002461020FAF7D6FD0501204615F040F836
S214027E6014A902464020EDB2FAF7CCFD10B1204626
S214027E700FF0AAF9204615F033F814A9024680201E
S214027E80FAF7C0FDB8B99DB1102517A806F0A2FDF5
S214027E902046BDF8507015F03FF80646204615F00D
S214027EA01FF829460090F3B2384617AA0FF02AFAAE
S214027EB01DB0BDE8F08FBDF8503017A8ADF85E4093
S214027EC0ADF85C300FF06CFE0028DCD145F0800582
S214027ED0DBE7204610F0D0FFB0F5006F40F00581DA
S214027EE0204610F0DCFF0646042D40F001812046B5
S214027EF010F065FF80F40060C0F3C0200022314617
S214027F00400015F07BFC954B1A78022A0DD0FFF73D
S214027F1079F850B902F0FD03312B06D0043A012A53
S214027F2003D98F4B1B78002BC2D02146022001F0CA
S214027F3073FB05900028BBD02046ADF8464011F0F2
S214027F404BF80446BDF8460010F0A9FF0546201D72
S214027F5015F08DFCA31C83461846039315F087FC88
S214027F6012A90746BDF8460013F0D8F963780690C2
S214027F70BDF8460094F80080099313F085F96378FB
S214027F80064608F0030828460C93FAF7F1F8B8F10B
S214027F90010F0CBF032302230E93724B08BF4FF050
S214027FA00B091D80237818BF4FF00A0903F03C0323
S214027FB0082B0D907FF47CAFBDF8460014F0ACFFA2
S214027FC0B0427FF675AFB8F1010F03D02378980759
S214027FD07FF46EAF644BB3F86830AB420DD1634AA0
S214027FE0634BB2F9001093F90030002900F0A58027
S214027FF001EB0313A3EB211313804FF0010AA6F142
S2140280001003DBB207938DF8453010224846BDF8C0
S2140280104610CDF800A00DF145030DF031F800280A
S2140280203FF446AF099B13F002030A9300F00A815D
S214028030504B1B78002B3FF43BAFBDF846904846AA
S21402804013F022F9002308904846CDE91733199316
S214028050ADF8683010F023FF089B039003F10E0181
S214028060484689B213F0E3F8002870D00023494648
S214028070089A009317A80E2315F0FBFC50460DF144
S2140280805D010FF0ADFD9DF869300B9004939DF8ED
S2140280905C30282B5BD10DF16100FAF7F3FB0F90F1
S2140280A0002854D1049812F005FB0F9B002867D1D4
S2140280B0314B049A1B78D31A190648D404F04CFDA7
S2140280C050453CD115F0E9FA2C4E0546346824B1E9
S2140280D004F048FD2C1B844239D30023FF221946A4
S2140280E01846FCF73DFB356031E04FF6FD76FBE6C1
S2140280F04FF6FF70301A18BF0120002231464000AA
S21402810015F07CFB0C2D0DD12146012001F084FADE
S21402811000283FF4CDAE214600201DB0BDE8F04F4A
S214028120FDF700B92DB920461DB0BDE8F04FFDF7AA
S2140281305FBD042D7FF4BCAEE5E61B025CE704F0EF
S2140281400BFD022803D104F0E9FC0028BAD0002275
S2140281501920039915F052FBAAE600BF235B002004
S214028160D65B0020605500203C4D00203255002092
S214028170D25B00201F5B00201E5B00204C4E0020BE
S21402818010214846089ACDF800A012F0D1F800282F
S214028190DDD0A64B049A1B78934240F0AA8003993E
S2140281A00DF1610214A815F057F8012114A8FAF788
S2140281B043F8824648F2030114A8FAF749F9BAF1DD
S2140281C0000F03D0082114A80FF0A5FC484613F0B0
S2140281D079F803990DF16100FBF7E6FAFE2882466C
S2140281E0B5D0FF280AD1039815F01FFCFF28824657
S2140281F000F087800DF16101FBF750F98B4B049A72
S2140282001B78934200F0A38050460B99FBF7B2FA14
S21402821000283FF44DAE50460B99FBF7BDFA237883
S2140282209A070FD1484613F02FF80146484609F040
S21402823049FD00F00300012804D103980DF1610105
S214028240EEF786FCBDF8460010F0B9FD030440F1D7
S2140282508580204615F00BFB40F4007189B220465B
S21402826015F007FB00224FF40041BDF8460010F05F
S21402827097FDDDF81490012310220093BDF84610F6
S2140282800E980DF145030CF0FBFE00283FF410AEED
S214028290032866D1204615F0EAFA40F4007189B246
S2140282A0204615F0E6FA284615F0DCFB002840F0DA
S2140282B0B780DDF81490B8F1010F40F0C1800320BA
S2140282C0BDF8461001F0A8F9002840F0B980314602
S2140282D0BDF8460009F0F6FC0F2801467FF6E8AD29
S2140282E04FF6F7739F423FF6E3AD284611F06DFC5A
S2140282F0DEE55046049903F049FD00287FF44FAFAF
S21402830025E7237803F00303012B08D1484612F031
S214028310BBFF0146484609F0D5FC082892D0444BDC
S2140283201A78444B1B789A4209D20DF161010398E0
S214028330FBF768F8039815F078FB82465EE7A01C08
S21402834015F095FA4FF6F7739842EED9FFE65046C7
S214028350FBF79AFA00283FF457AF5CE74FF00009A4
S21402836089E7284615F07EFB0028A4D00A9B002B3E
S21402837058D1B9F1000F53D1B8F1010FBDF846003C
S2140283809DD0314609F09EFC8246DFF8B09099F8FF
S2140283900030002B5FD010F0BFFF87427FF488AD1D
S2140283A0B8F1010F40F08280BAF1070F78D8BAF11F
S2140283B0050F7FF67DAD204B1B78022B02D0043BC7
S2140283C0012B03D899F80030002B4BD00C9B980653
S2140283D040F1BB800D9B002B40F0B380284614F082
S2140283E09FFFFF2840F0AD805D457FF461AD069BA0
S2140283F0002B00F0A48012AB46F204020124ADF872
S2140284005C200193214602232846009417AA12F004
S21402841017FF00283FF44CAD214611F0BFF847E5A0
S214028420DDF81490284607F053FD44E71E5B002053
S2140284301D5B0020D0640020235B00201F5B002011
S2140284403146BDF8460009F03DFC0A9B824613B948
S214028450B9F1000F99D0A84B1B78022B02D0043B2F
S214028460012BB3D8284600F031FB814600287FF462
S2140284701FAD10F051FF854222D1A04B1B78033B63
S214028480012B19D89E4BB3F8684010F045FF4B46B7
S21402849001460D222046CDF8009011F0AAFC07E511
S2140284A0AAF10E03DBB2012B85D901E50AF003031C
S2140284B0012B7FF4FDAC7EE7012000F0A5FBF7E47C
S2140284C0284615F0CFFA58B910F043FF4FF6FF735F
S2140284D0984205D014F0D4FF10B92846FAF738FFB0
S2140284E0284615F0BFFA88B110F033FF4FF6FF7337
S2140284F098420BD014F0C4FF40B9B8F1010F02D174
S214028500BAF1060F02D0284607F04CFA069BA3B92A
S21402851019460122584600F0ABFB814600287FF43C
S214028520C7AC204612F0EDFE4A460146384600F039
S2140285309FFB00283FF44AAFBAE412A9E9E7069B7C
S2140285405AE7637823F0200363704FF6FC739F426A
S21402855075D16A4B1B78033B012B7FF6A9ACA37936
S2140285600BB1013BA3716378590727D50023584600
S21402857017AA14A9179312F0A7FB1798F0B108F0E0
S214028580CBF88146384614F0CBFE179A014613798B
S21402859003F03000102806D003F00C0008281CBF99
S2140285A023F00C031371137903F03303202B05D148
S2140285B0FF2903D00122484608F078FA284614F02C
S2140285C0AFFEFF281EBF00224E4B43F82020099B19
S2140285D003F001094FF6F7739F4200F21381B9F1D7
S2140285E0000F40F01C812946584611F0A4FA10F0FC
S2140285F093FE874200F0DF80384615F033FA0028F3
S2140286004AD0B8F1010F30D1BAF1010F20D14A4653
S2140286103146BDF8460007F05FFE384615F022FAEE
S214028620394B1B78002B78D1584615F01BFA0028D8
S21402863070D1384615F016FA00286BD138E44FF69A
S214028640FD739F428BD12D4B1B78042B87D12FE4D1
S214028650384615F007FA50B3BAF1030F27D1314660
S214028660BDF8460011F0FDFB22E4384615F0FAF993
S214028670384612F0D9F9002848D000233946584621
S214028680BDF8462001F05AFB00283FD00021BDF875
S2140286904600FEF7D1FB0BE4384615F0E3F918B1B5
S2140286A0B8F1010FD8D0E3E7B8F1010FE0D1164BCD
S2140286B01B78002BB8D0BAF1050F2ED110F02CFE85
S2140286C08DF85C0010F028FE000A8DF85D0001238C
S2140286D0022217A90DF14600F9F74CFA00287FF49A
S2140286E0E7AB711CBDF8460089B209F0D9FA0378E7
S2140286F00133037011E000BF235B0020245B0020DF
S2140287003C4D0020CC3D0020D66400209A4B1B78BE
S214028710002B89D0B8F1010FCDD063785A070CD55B
S214028720BDF84640204612F071FD411C89B2204633
S21402873009F0B6FA0378013B0370904B1B78033BB3
S214028740012B30D8B8F1010F06D1BAF1050F1FD1AF
S21402875010F0E2FD834522D1BDF84600FEF7AEFCDE
S21402876002281CD10021584617AA08F021F930B178
S2140287700379458003F03C0343F040030371002372
S2140287807F4A009339465846127811F032FB06E0CB
S214028790BDF84600FEF792FCBAF1030FE0D10022C4
S2140287A039461C20D6E4BDF84600FEF787FCB8F131
S2140287B0010FD5D1F0E7B8F1010F7FF467AF0AF1E8
S2140287C0FF330C2B00F2AA8001A252F823F000BF5E
S2140287D033880200338802005F860200498802005E
S2140287E0598802007D8802009F880200CB8802001A
S2140287F0E1880200E1880200ED8802000589020095
S21402880011890200B8F1010F00F09480B9F1000F4F
S21402881008D1BDF84600FEF71DFEFFF749BBB8F1CA
S214028820010FCCD0237A03F00303012B7FF440AB75
S214028830EFE7AAF102035A423146BDF846005A4112
S21402884007F04AFDFFF734BB32465846BDF84610DD
S214028850FEF7D6F8FFF72CBB711CBDF8460089B2AE
S21402886009F030FA0236F6B20246BDF846305846ED
S214028870009612A90AF054F8FFF71ABB3F4B1B7872
S214028880013B012B3FF614AB079B0121009300200E
S2140288902346BDF8462011F01BF8FFF709BB374BFD
S2140288A01B785A1E012A07D90120079ABDF84610DE
S2140288B0FCF71AFCFFF7FCBA022B7FF4F9AAF9F7C9
S2140288C0FFFB0028F0D1FFF7F3BABDF8460006F02A
S2140288D069FEFFF7EDBABDF84600FEF721FA98E703
S2140288E0BDF84600FEF71CFAFFF7E2BA234B1B78E8
S2140288F0013B012B3FF6DCAABDF84600FDF736FD2C
S214028900FFF7D6BABDF84600FDF780FDFFF7D0BAEE
S214028910BDF846000FF03EF9FFF7CABA33462246C4
S2140289205046BDF846100FF007F900287FF4C0AA9B
S2140289305146DAE40AF1FF330C2B3FF6B9AA01A23C
S21402894052F823F033880200338802005F86020062
S21402895049880200598802007D8802009F8802002A
S214028960CB880200D7880200D7880200ED88020072
S2140289700589020011890200D6640020245B0020CB
S214028980FD64002010B50021114810F09BFB044640
S214028990E8B110F0ADFA0F4B1870204610F0ADFAA1
S2140289A00D4B1870204610F0AEFA0C4B187020468D
S2140289B010F0AEFA0A4B1860012014F072FE204640
S2140289C0FFF720FABDE81040002014F06ABE10BD82
S2140289D010550020D35B0020D25B0020D15B002024
S2140289E0444E002070B5164E044633680D46E3B179
S2140289F010F0EFF90C2818D1204610F0EDFA0922F3
S214028A000021044614F0ACF9235C042B0DD10D4B67
S214028A101B78033B012B08D80B4C25B10B4B227855
S214028A201B789A4203D300232370002070BD0848A7
S214028A30316814F041FB2378012001332370F5E7F7
S214028A40484E0020245B0020D55B0020FC640020FA
S214028A5084630020014B93F90100704732550020D1
S214028A60014BB3F8680070473C4D002070B50024F7
S214028A70124D2C70EDF750FEE6B2B04212D8104BF3
S214028A801B78013B012B04D800214FF6FF70FBF741
S214028A9019FF00220B4B1A700B4B198801B11A8072
S214028AA0012070BD304614F093FCC30748BF2B78F4
S214028AB004F1010444BF01332B70DBE71C5B00208A
S214028AC0245B0020135B0020E454002038B50B4BD7
S214028AD005461B7873B101335C08094B188814F0FD
S214028AE0FFF9002330F81320AA4205D00133DAB288
S214028AF0A242F7D3002038BD0120FCE7135B00201A
S214028B00E454002030B5054685B008460C4614F0FD
S214028B10A5FFFF280CD011F0D4F80122002103464D
S214028B20CDE90112009221462A460720FBF77AFA7F
S214028B30284614F0F5FBFF2804460FD014F048FC34
S214028B40C2070DD5204614F043FC830708D40B4A0F
S214028B5032F8143043F4806322F8143005B030BD86
S214028B6011F0AFF8012200210346CDE9011200926E
S214028B7007202A46FBF756FAF0E700BFD454002037
S214028B804FF6FA72431E9BB2934270B504462AD839
S214028B90FFF79CFF38BB194B1B78042B23D02046CB
S214028BA014F043FFFF2801D0FAF702FB204612F02A
S214028BB064F808B107F0C6FD2046114E04F046FAE6
S214028BC020460EF033FB31780E4D69B1288814F03A
S214028BD087F9054601461E220230F0F761FD2C8019
S214028BE033781E2B07D970BD202014F0EDF92880AB
S214028BF00028EBD1F7E702333370F4E7245B00205A
S214028C00135B0020E454002037B5134B05461B784F
S214028C10022B1FD110F080FB044610F07DFBFFF7FD
S214028C20AFFF11F04EF810F083FB0020FBF73CFD7F
S214028C3040F607400EF086FB3DB100230D2221468A
S214028C404FF6FD70009311F0D4F803B0BDE8304043
S214028C5004F032BF03B030BD245B0020034B1B7808
S214028C6013B90120FFF7D0BF704700BF1A5B002080
S214028C70F7B504460D46174610F04EFB0646002D85
S214028C8047D04FF6FB739C4243D82046FFF71EFFA1
S214028C9030B1A64204D1204B1B78033B012B38D9B6
S214028CA02046FFF713FF10B1012003B0F0BD2046A7
S214028CB00EF08CFAC0B1A642F6D00CB36946204636
S214028CC0F9F758FD0246D8B90821684610F0B6FAF8
S214028CD0B0B9082269462846F0F78AFE80B12946CE
S214028CE0204611F01EF8DFE7A642E6D12846F9F73D
S214028CF0C9FD28B90120FFF787FF06F0DFFDD3E79D
S214028D003FB121462846FAF7E7FB2146284604F0FB
S214028D10B9F90020C9E700BF245B0020044A137893
S214028D202BB1013BDBB213700BB9024A13807047BA
S214028D30135B0020E45400200148F8F7D7BC00BFBC
S214028D40E45400202DE9F047804617460D468CB0C5
S214028D5061B903AE00211B4814F0EEFD4FF0000986
S214028D600446DFF860A01CB920461DE00E46F1E777
S214028D700022214624233046CDF8009014F079FED6
S214028D80082241463046F0F733FEA8B9337C9BB939
S214028D906FB945B92A4621460A4810F0B2F90A4A7E
S214028DA01388013B138001200CB0BDE8F0873B8896
S214028DB0B28953405B06ECD52146504614F0E0FDDE
S214028DC00446D0E74855002046550020024B188836
S214028DD0003818BF012070474655002040232DE971
S214028DE0F04397B0074611A88946ADF80E300EF04C
S214028DF036FB02238DF84430002304AE3146384653
S214028E0004937360F9F7B6FC0546002840F0958097
S214028E1038460EF09DFE804610F07EFA0446002884
S214028E2040F0BB8099F80130042B40F0B980EDF792
S214028E307FFC022840F08480EDF77AFC022840F09E
S214028E408B8096E8030003238DF8443012AB83E848
S214028E5003009DF85130002143F00603102209A8B2
S214028E608DF85130F0F772FD09A911A80EF089FCB1
S214028E7040B111A80EF0F3FA30460DAB09AA11A9BB
S214028E800EF084FDBDF846300DA943F0040311A888
S214028E90ADF846300EF0CEFC102209F10A010DA8FC
S214028EA0F0F7A6FD0546002872D1EDF741FC022830
S214028EB006D13146FF2009AA0EF08AFC00286AD1A4
S214028EC034240025EDF734FC022808D19DF85130F1
S214028ED01B0704D430460DF10E0111F042F921466B
S214028EE0304611F067F910238DF8183004238DF8F8
S214028EF01A303346002203CBCDF81B00CDF81F10E4
S214028F0006A80B218DF8195010F081F8024638B1E8
S214028F10002D14BF012303233146384603F078F8A8
S214028F20B8F1000F09D0342C07D106A832463946CC
S214028F3014F092F906A80EF0F1FD17B0BDE8F08322
S214028F40234621463046009411AA01F05FFE00280F
S214028F503FF472AFAD25C6E7EDF7EAFB012891D1E3
S214028F60104B1B6803F08403842B8BD196E8030016
S214028F7002238DF844301023ADF8463012AB83E856
S214028F8003009DF8513043F002038DF8513079E723
S214028F903324AD2596E7052494E72C46A325A2E7BD
S214028FA0AA25A0E7BC3F00202DE9F04336488DB045
S214028FB0F8F78CFE14F071FB344D2B68C41A4FF48C
S214028FC07A73B4FBF3F4A4B214B114F066FB28600F
S214028FD02F4F4FF6FF763B88DFF8B880ADF80A30A1
S214028FE000233B8000210DF10A0010F06BF80546C5
S214028FF058B9284B1B882BB14FF47A71224871431B
S21402900014F05AF80DB0BDE8F0834FF0000924239F
S2140290104A462946CDF8009003A814F02AFDBDF86A
S2140290201A30A34294BFDB1A1B1B9BB2ADF81A3050
S214029030CBB910F071F9BDF8183003F040031843AD
S21402904080B218B9322103A80EF062F9BDF81830C2
S2140290501B0602D508980EF068FBB8F80030013BF4
S214029060A8F80030BEE79E4228BF1E4601234A46A5
S2140290702946009303A8242314F0FBFC4A462946FB
S214029080384614F05FFCADE7C83E0020504E002084
S2140290904855002046550020F0B50446304A8DB0AB
S2140290A01068516801AB03C3A378012B54D1162272
S2140290B000210DF11A00F0F749FCD4F82110D4F87B
S2140290C01D0003AB03C32388190644BF62680892D7
S2140290D0DA050BD5221D08AE04F1140735461068D2
S2140290E05168083203C5BA422E46F7D1ADF8183099
S2140290F013F0040318BFA3690593EDF737FB0023AB
S214029100ADF81A008DF81C3010F006F9E0B906A981
S21402911003A811F026F80022242103A80FF077FFF7
S2140291200446D8B10020FFF73FFF002221460D4833
S21402913014F008FC0C4A0020138801331380FFF752
S21402914033FF00200DB0F0BD082201A903A8F0F7F6
S2140291504FFC0028DFD0DAE70220F3E71920F1E718
S21402916060FB03004855002046550020F7B504462C
S21402917000200E46FFF718FF104B1B88A34202D8AA
S214029180212003B0F0BD00210D4814F0D5FB0025C8
S21402919001460B4F0029F3D0A54208D10024242310
S2140291A022463046009414F064FC2046E9E738462E
S2140291B014F0E6FB01350146ECE700BF46550020F9
S2140291C0485500200148F8F791BA00BF48550020DC
S2140291D0014B1888704700BF4655002030B5154A27
S2140291E08DB051680546106801AB03C307A80EF0A0
S2140291F036F9DDE90101032308AC84E803008DF8A3
S2140292001C309DF8293003A943F0020307A88DF805
S21402921029300EF0B6FA10B12D200DB030BD23461F
S2140292202868696803C303A907A80EF08FFA002806
S214029230F3D0F1E760FB030070B50C4611460E4A08
S21402924023781278064613F0200542EA03022270BB
S21402925018BF611D0822F0F723FA002D0CBF052067
S2140292600D20D4F80130B3602378337303F018036B
S214029270082B08BF013070BD1F5B0020042307B512
S21402928001200DEB0301054AF8F79AFD019B044AFB
S2140292901B03136003B05DF804FB00BF63E5110017
S2140292A0AC3F002010B5064C2368C3F30B0313B97A
S2140292B00448E2F7A5FB2068431C236010BD00BFEC
S2140292C0AC3F002063E51100014B1868704700BFF1
S2140292D0AC3F002007B50020054B064A1860042361
S2140292E00DEB03010190F8F76BFD03B05DF804FB8C
S2140292F0AC3F002063E511007FB511230A4A012026
S21402930001A9F8F75DFD094B9DF814201A70084B69
S2140293101B780BB1052B05D10DF041FF012007B0DC
S2140293205DF804FB0020FAE779EB01001E5B0020E3
S2140293301F5B00202DE9F04F0646CBB0884600881A
S2140293400121174613F004FE2E4B3A463188ADF83B
S214029350160006A810F0C1FF0DF1280B5A4641462A
S214029360C419308810F043FFE4B208EB0003A342AE
S21402937008BF044605464FF004091CBFA4EB0804C8
S214029380E4B223465A460121CDE900090BEB050A51
S214029390CDF808B02D1B06A8EDF734FEEDB20BEBA8
S2140293A004030093019523465A464146308810F03E
S2140293B04CFF34883946204608F084FC394600F0D3
S2140293C0F802204608F092FC0121308813F0C0FD16
S2140293D001234A46514680B10DF11600F8F7CAFB42
S2140293E001210446BDF81620308813F0C5FDB4FAF4
S2140293F084F040094BB0BDE8F08F3046F8F7BAFB70
S2140294000446F4E7A65B00202DE9F04FC9B00446F7
S21402941088469246C118224A04A81F46FFF70CFF48
S2140294204FF00409C519EDB208AB0293A5EB0A0B7F
S214029430A8EB0A035FFA8BFBA8EB0506DBB2F6B2D3
S21402944004EB0A02009301215B46CDF8049004A8BF
S214029450EDF7D8FD06F590730DEB03025A44A2F51C
S2140294608072136808A844F80830E35D324623F099
S2140294700703E3552C442146F0F706FC08ABCDE97A
S214029480019308AA00230121009604A8EDF7BAFD6D
S2140294903246204608A9F0F7F7FB49B0BDE8F08F40
S2140294A0A65B0020F8B5064611F0E3FF811C0546D0
S2140294B089B2304611F0BBFEF0B1EDB12946304616
S2140294C008F000FC1228074616D80C4B691C1C5CD8
S2140294D089B2304608F0F6FB2C44052FE4B205D1DB
S2140294E0052809D8064B1B5C1C44E4B221463046CC
S2140294F0BDE8F84011F09BBE0020F8BD4ABB040050
S21402950044BB0400F8B5054611F0BEFE04462846E4
S2140295100FF062FDA11C074689B2284611F087FEAD
S21402952000283ED0002C3CD02146284608F0CAFB34
S2140295300646611C284689B208F0C4FB0F2E30D8B6
S214029540194B9B5DE118731E89B2092B0ED8DFE812
S21402955003F009050D0D120D0D181E1EC40644BF9C
S214029560083189B2820601D5083189B22846BDE89B
S214029570F84011F05CBE7B78DB0612D501EB4001A9
S214029580F3E700F01F0000EB40000144EDE71F2860
S21402959005D8092E0ABF4000022080B2F5E7C82887
S2140295A0E4D00020F8BD00BF5DBB0400F8B5064657
S2140295B00FF012FD09220021054613F0D1FB00F13F
S2140295C01004284614F053F9E4B207462146304602
S2140295D008F078FB0546304613F09EFCBA05A0EB71
S2140295E00403DBB20AD47C2D0AD0082D0AD8064A18
S2140295F0505D98428CBF00200120F8BD1220F8E78B
S2140296000320F6E7FF20F4E76EBB0400014B187850
S214029610704700BFFE64002038B5114B04461B7825
S21402962008469BB9012038BDA24205F101050FD1BB
S21402963003EBC1035B6898470028F3D11E2022463D
S2140296404FF6FF7114F0DAF80020ECE70025054B20
S214029650E9B213F83120002AE6D11446EEE700BF3D
S214029660FE64002014BB04004FF6FF7307B5022207
S2140296700DF106010348ADF80630E2F7FDF903B036
S2140296805DF804FB603202E0002307B5ADF8043053
S214029690134B984221D10B88DA0703D5232003B057
S2140296A05DF804FB9B0748BF4FF47F434FF002026E
S2140296B00C480DF1060148BFADF80430E2F7B0F9E8
S2140296C04FF6FF73BDF806209A42E7D102220548FC
S2140296D001A9E2F7D1F90020E1E72120DFE700BF88
S2140296E01FD1BACA603202E0002313B502220380F9
S2140296F004460DF106010F48E2F792F92D2801D033
S214029700112805D14FF6FF73ADF80630FFF7ACFF10
S2140297109DF80630BDF806201BB1238843F00103EE
S21402972023800020FF2A82BF238843F0020323807F
S21402973002B010BD603202E0034B1B78002B14BF50
S214029740442056200E3070471F5B00202DE9F04F54
S2140297508DB0179C06468946CDE90223BDF858709F
S214029760D588ADF816103CB9EC0605D500970DF075
S2140297706DFE0DB0BDE8F08FC5F380242B054FEAD1
S214029780043448BF44F40064A80511D544F08004AC
S2140297900A2E00F26981DFE816F09A002F00170001
S2140297A0370067016701370010009A0037009E00F5
S2140297B0E90548BF44F04004EAE74FF001084FF0DD
S2140297C0020B4FF0000A14E008A95FFA89F010F0C5
S2140297D0D1FFDDF82500DDF8291006AB03C3A44B44
S2140297E033F81930ADF816304FF00008C3460DF1C5
S2140297F0180A002F5DD125E006AA0DF116015FFAC0
S21402980089F003F003FCEFE74FF6F773994540F251
S2140298102B8115F4026F40F02781964B1B78022BA2
S21402982003D0043B012B00F2218147BB032E4FF0ED
S21402983001080CBF4FF00C0B4FF0080BBA4624F48D
S214029840C074A4B28C4B18884FF6FF73984206D0A9
S2140298508A49F8F78FFF10B124F48054A4B2039B10
S21402986038460093BDF81620534644F4027108F0B9
S21402987051FAADF82000002838D1192079E7384689
S21402988013F04AFB0246FFF757FF032E08BF0138C4
S214029890824201DD38206CE7032E4FF001080CBF30
S2140298A04FF00C0B4FF0080B4FF0000A24F4C07474
S2140298B0A4B2029B1B889BB91A463946062000931F
S2140298C00BF001FC0028BDD140F6014051E74FF0F5
S2140298D00008C34675E74FF001084FF0030B70E728
S2140298E0002339461A4607200093E9E74FF6FF732E
S2140298F0614A118899421CD00FF06EFB03465E4AFD
S21402990004301188039313F0B4FF5D49039B097872
S21402991014F4805FD9715949574A1FBF0868986086
S2140299204868D8604FF6FF7313804FF0FF330B6022
S2140299304B605946029A08A808F0A8FA00289CD05C
S214029940504C2378002B3CD1A7B1384613F0E4FAEA
S2140299500746BDF8200013F0DFFA23780744002BF1
S21402996014BF12220022EB1003F0040317443B44F8
S214029970842B8FDC15F400570AD0BDF82040204611
S2140299800FF01DFA40F4806189B220460FF002FA09
S214029990A6F10803012B05D801221021BDF82000EC
S2140299A00FF0FEF9179BBDF8204043B32046BDF8E2
S2140299B016100FF048FABDF82030179A00201380D0
S2140299C0D7E6AA06C0D56B0103F020030A2E14BF01
S2140299D043F0010363F07E03DBB2B8F1000F08D058
S2140299E000215246009108A800F086FE0028ABD05F
S2140299F0BFE61A46514608A810F09AFDF6E720463A
S214029A0011F042FC179B02462146042000930BF0FD
S214029A105AFB00283FF458AF0A2E18D84FF4D963E1
S214029A20F340DB0713D5072E0AD00A2E08D0BDF85E
S214029A30200010F090F880F00100C0B2800098E696
S214029A4008A80EF088F80028F1D0042091E617B195
S214029A5025F04005ADB22B463146BDF820005FFA30
S214029A6089F201F01BFF84E6012082E6162080E6DA
S214029A702C520020235B00207E640020FF6400201E
S214029A80E15B00201F5B0020F7B50F469DF828100B
S214029A900446DDE90B061D46F1B94FF6FF739C42FC
S214029AA01CBF174B1C804FF000041CBF154B1A70CE
S214029AB0BDF8240008F080FA00232A46CDE90043C8
S214029AC0394606209DF82030FFF740FE10B90EB149
S214029AD0AB7A337003B0F0BD78B14FF6FF739C4299
S214029AE01FBF074B1C80074B1A7000220FF08FFA1D
S214029AF004460028DCD11920ECE72120EAE700BF63
S214029B007E640020E15B00202DE9F04788469DF840
S214029B102810074616461D469DF820A0BDF824903C
S214029B200B9839B158B300220FF071FA044610B9F7
S214029B30192025E00C464FF6FF739D421FBF114BBE
S214029B401D80114B83F800A04FF6F7739E4208D88B
S214029B500E4B4FF6FD761A784FF6FF73002A18BFA3
S214029B601E46484608F028FA00233A46CDE908433E
S214029B7031464346BDE8F0470320FFF7E7BD212004
S214029B80BDE8F0877E640020E15B0020C25A002018
S214029B902DE9F04786B09DF838600546DDE90FA846
S214029BA00C4617469946B6BB374B1B78022B1DD17F
S214029BB025BB4FF6F7739C4214D80026484608F099
S214029BC0FBF900233A46CDE900632146FF232846E7
S214029BD0FFF7BCFD38B9B8F1000F04D0BB7A88F89D
S214029BE0003000E0012006B0BDE8F087043B012B00
S214029BF0DED908460DF0ACFF10B31DB3022D31D1ED
S214029C00ECF784FDA042EDD9204B33F814204FF632
S214029C10FD739A4219E0BAF1000F32D01A4B1B7844
S214029C20022B05D1FFF788FDB042E6D23820DAE7EC
S214029C30043B012BF6D908460DF08AFF0028F1D125
S214029C401620D0E74FF6F7739C42CBD8002EB4D03E
S214029C503146002250460FF0DAF906460028ADD10A
S214029C601920C0E7012DBDD104AA0DF10E01E0B204
S214029C7003F0CCF9064B1B78A342B3D9BDF80E20ED
S214029C80C5E72120AFE700BF235B00202C5200204F
S214029C90CA64002030B5104B87B005460C461868DB
S214029CA0596803AA03C298680C4910609A88DB8830
S214029CB052BA23F04003ADF812300023CDE9004338
S214029CC0ADF81020FF23098803AA0720ADF80E502E
S214029CD0FFF73CFD07B030BD54550020605500200C
S214029CE038B50C461146124A124D108022682A6078
S214029CF062686A60A268AA60E288500616D5EA8898
S214029D00520613D561B1002218460FF080F90146BB
S214029D1050B16088FFF7BEFF0522074B1A7038BDA8
S214029D20084611F0F2F9F2E71920F5E70220F6E705
S214029D306055002054550020F25B00202DE9F04FBC
S214029D40074689B0104615461C468A4611F09CFA0C
S214029D500146284607F0B6FF064628460FF03CF9AD
S214029D60043013F084FD80460FF0D6FA804550D0BA
S214029D70B2074ED1DFF8AC80284605A9B8F800B085
S214029D8011F088FB9DF81930A8F8007003BBBDF8E7
S214029D901430EBB928460FF01FF9023013F067FDB6
S214029DA04FF6F773984294BF4FF000094FF001093F
S214029DB001230134E4B22A463846CDF8009005A9BC
S214029DC0039303F0C5FE039B40B901339C421ED2A7
S214029DD00020A8F800B009B0BDE8F08F022CF8D138
S214029DE0012BF6D10C4A0D4BA3F800A01378591C90
S214029DF011700B4A7F3B16F00C01137007D1BDF8A9
S214029E001A305B0603D5BDF81600FFF743FF0223A0
S214029E10D1E70020DFE700BF215B00207E64002040
S214029E20E15B0020605500202DE9F04FABB00F46F5
S214029E30ADF81E000FF0D0F800F1020A06465046B2
S214029E4013F015FDBDF81E400546204611F01CFA1B
S214029E500146204607F036FF814600F00308301D13
S214029E6013F005FD434C20800FF056FAA8422DD081
S214029E704FF6F7739D4229D87378DA0726D4284618
S214029E8010F0D2FD30B101232946BDF81E202088ED
S214029E90FFF754FF0FF040FA364B1B8883420FD170
S214029EA0BDF81E40204611F0EFF90146204607F0A5
S214029EB009FF10F00C0103D1BDF81E0001F0ACFD45
S214029EC000222D4B1A602BB0BDE8F08F2B49BDF84F
S214029ED01E0011F0DFFA2A49BDF81E0011F01EFA24
S214029EE00028274B08BF0023234ABDF81E00136034
S214029EF00EF0FEFF234B1870BDF81E000EF0FDFF9D
S214029F00214B1870BDF81E000FF002F81F4B1860A8
S214029F1000238DF82230002F3ED0184BDB889B069C
S214029F203AD50FF0F9F910B3194B1B689D071ED4EA
S214029F30B8F1010F14BF082318230DF12202009274
S214029F4000220DF11E00114600F0D6FB20B3B8F138
S214029F50010F9FD10F4B1B78112B9BD110F087FB63
S214029F60002897D140F61D40F9F7E2FF92E7082352
S214029F70E3E700BF60550020584E002054550020ED
S214029F80D95B0020D35B0020D25B0020444E002029
S214029F90BC3F0020235B0020504613F068FC82463C
S214029FA0BDF81E0012F0B8FFA0F11005EDB22A4669
S214029FB031460AA8EFF768FEFF238DF82F304FF6DA
S214029FC0F7739A4540F2DF80B8F1010F00F0E780A0
S214029FD0B8F1020F00F04681B8F1000F7FF45AAFD5
S214029FE0A44DBDF81E00EB88ADF8240004930EF0D5
S214029FF0F3FFBDF824600746304611F045F90146E6
S21402A000304607F05FFE8DF82300B81C7E7813F00A
S21402A0102EFC07460FF080F906F00106B4F8009011
S21402A02003906C88002E7FF435AF4FF6F77A4246DF
S21402A030494657458CBF0620082013F0DFFBBDF8C3
S21402A04024B0584611F020F95946024643460420E9
S21402A050CDF800800BF014F8574583460AD8B5F9B8
S21402A0600620EB88002A05DB580603D54146204623
S21402A070FFF710FEBBF1000F3FF40CAF2B88002B4E
S21402A0805AD16B79002B57D14FF6F7730DF1260193
S21402A0909F42BDF8240094BF4FF0000B4FF0010B17
S21402A0A010F0C7FBDFF8D8A100F1FF38BAF800308D
S21402A0B01FFA88F10593EB88BDF82600069307F091
S21402A0C001FE069B04990190009322465B46059882
S21402A0D0C1F340110DF049FD00283FF4DBAE042326
S21402A0E006200093BDF82610624B5FFA88F20AF04B
S21402A0F0C7FF00283FF4CEAE48F202036A889A42AF
S21402A10005D1BDF82410BAF8000000F08DFF594DB5
S21402A11009AA29460DF123000DF025FD0346002865
S21402A1207FF4B8AE2104BAF80000BDF8242060D54A
S21402A1302346294610F092FB9DF823304D4D03F03E
S21402A1400C030C2B75D1288910F053FB00283FF422
S21402A150A1AE039B002029894B4514BF0226032685
S21402A16002F02CFE444B18704FF6F7739F42BDF870
S21402A170240075D8A4F138025342534132463D4971
S21402A18004F066FC86E6B8F1020F6BD0394BB3F9E1
S21402A1900630002B26DAB8F1010F7FF41DAF0FF060
S21402A1A0BBF8238883423FF475AE0520BDF81E1027
S21402A1B0FFF732FA00283FF46DAE2E4AD3885B06CC
S21402A1C007D50023CDE900330A20FF232188FFF7B5
S21402A1D0BDFA3A469DF822302188BDF81E0002F0EC
S21402A1E023F957E629460AA800F070F80028D2D0CC
S21402A1F050E60221DFF88C8088F800102946CDF858
S21402A20000B003F0A5FC132C96D0EB885D0493D423
S21402A2101A4B1B78D80703D598F80020022A8BD051
S21402A22099077FF537AE98F80030012B7FF432AEEF
S21402A23082E700222B79124800936B791146008838
S21402A24002F0E4FD0C4B18709DF8233003F00C036B
S21402A250082B89D1039B4B4514BF0426052683E7AA
S21402A26001238BE74846BDF81E20024901F048FB51
S21402A27010E600BF54550020F15B0020C45A0020AF
S21402A28060550020E25B002010B5002108480EF061
S21402A29019FF044650B101460420FFF7BDF928B164
S21402A2A02046BDE810400121FFF7BEBD10BD00BF2D
S21402A2B044550020034BFF211A7803489200EFF71B
S21402A2C045BB00BFCB640020E43B002070B54518B8
S21402A2D004464FF0FF31AC4212D1104B10481A78A8
S21402A2E005460023934211DB0E4C2078431CB3FB39
S21402A2F0F2F602FB163345F82010237000200CE01D
S21402A30014F8010BE0F70CFD0146E4E750F8044BA5
S21402A310A14201D00133E5E7012070BDCB640020E5
S21402A320E43B0020E35B0020042307B501200DEB8D
S21402A3300301054AF7F744FD019B044A1B03136019
S21402A34003B05DF804FB00BF23E11100544E002069
S21402A350014B1868704700BF544E0020014B186826
S21402A360704700BF544E002010B5064C2368C3F356
S21402A3700B0313B90448E1F743FB2068431C236030
S21402A38010BD00BF544E002023E111002DE9F04F0E
S21402A39093B003930023DDE91C79069399F8003005
S21402A3A083460DA804930E4615460DF058F899F804
S21402A3B0003013F003043ED0039B0DF1250A8DF8FE
S21402A3C024300022082138460EF038FF002870D0CC
S21402A3D028880EF001FE99F800301C074CBF0430A6
S21402A3E0023013F044FA07A98046F7F7D7FE9DF825
S21402A3F024300446980633D5288806F10D0110F05D
S21402A40016FFA8B100230093384608232988721D38
S21402A41013F02FFB99F8003003F01803182B4AD1DB
S21402A420B8F1000F47D0A94BB3F86830434542D085
S21402A43040F60A4327E02888711D10F0F8FE00282F
S21402A440F6D0009405233246298809A813F011FB9A
S21402A4509DF824300DF1240A03F018030393B0E7A5
S21402A46014BB39464046F8F785F90028D2D099F849
S21402A47000309907DCD0402322462146404610F0A1
S21402A4809BFA40F6094399F8002012F0030440F0C4
S21402A490F780288803930EF002FD224601461A2012
S21402A4A013F0ACF9039BEBE007AB03CB38607960A3
S21402A4B0B0E74FF6FF780DF039FB044620B10421D1
S21402A4C03846F7F793FE04461E9B002B5AD0092304
S21402A4D01E990DA88DF834300DF038F9209B0BB17B
S21402A4E0209B0693039B002B40F08E800DA8ECF772
S21402A4F0EBFD99F800309A0700F09880FFF734FFDA
S21402A5005146024601200DF05DFB99F800309B078C
S21402A51010D55946288810F083FF0BF1090350FA2C
S21402A52083F35FFA83FB5946288810F050FF00EB4E
S21402A5300B06F6B299F8003013F0C20F0AF10403C4
S21402A5400DD09DF82420624942F020028DF8242086
S21402A5500A68CAF804204A685A600AF10C03012203
S21402A56009A800921B1A324629889BB213F081FA78
S21402A570324659462846FEF7DDFE002800F0A48043
S21402A58000237DE01F9B5BB19E460DF1340CBEE8B6
S21402A5900F00ACE80F00DEF80030CCF800309DE784
S21402A5A0049B594603F020032888049307F08AFB8D
S21402A5B010F0030F0CBF012300230593049B059A9A
S21402A5C0003B18BF012342EA430300930DAA06ABE1
S21402A5D038461F9900F01AFB049A034682B10028F7
S21402A5E080D0059B0DAA0093384606AB1F9900F053
S21402A5F00DFB034699F8002022F0200289F800207D
S21402A600002B3FF46FAF3EE7039B102B06D1BDF83D
S21402A610363043F00103ADF8363067E7039B182B5C
S21402A6204FD1BDF8363043F00203F4E701200DF1B6
S21402A63025010DF0D5FA99F80030824613F0040F82
S21402A640288821D1069B1BB3002C35D00EF027FCA0
S21402A65000220146162013F0D1F884B17FB14FF6DE
S21402A660FF7398450BD000230DA91A4638460DF005
S21402A6708DF9394640469DF835200DF06FFA0123D4
S21402A680184613B0BDE8F08F002CDFD1104F01E062
S21402A690002CDBD100233246009359463B460FF08E
S21402A6A047FE00283FF4C4AE002C3FF469AF069A7A
S21402A6B00AF10103136063E71B685345C6D80124F9
S21402A6C0E8E740F60A43DBE71923D9E73C4D0020CA
S21402A6D0A65B0020002307B5054A0648136004223D
S21402A6E00DEB02010193E1F7C7F903B05DF804FB35
S21402A6F0544E002023E111002DE9F04F0446B1B07C
S21402A70000888DF82F3016468A4610F0BDFD0146A9
S21402A7108146208810F05BFE00EB0908208810F0C6
S21402A720A8FE00239DF82F505FFA88F815F001075F
S21402A7300790ADF8363008D101460DF13602208872
S21402A74010F02FFD08B1ADF8367016B9CDE90E66D9
S21402A7500EAEFEF73BFB18B145F020058DF82F50E4
S21402A7600023CDE9033302930DF12F03CDE90063F5
S21402A7702246534641464846FFF708FE054600284D
S21402A78000F0CA809DF82F3013F0010747D123F05E
S21402A79020038DF82F300EF0BFFD68B17C4A10AB57
S21402A7A01068516803C3184600F002FA0546FEF721
S21402A7B00FFDBBB298423BD83A9B13B100233A9A9C
S21402A7C01370BDF83630CBB10121208812F0C0FBE1
S21402A7D027880546002800F0CA800121384612F074
S21402A7E0B7FBBDF836700546384612F095FB0023D7
S21402A7F000903A461946284610F056FC0023CDE94A
S21402A800033302930DF12F03CDE90063224653462C
S21402A81041464846FFF7BAFD054600287CD00EF0B2
S21402A8207BFD002840F0BA80284631B0BDE8F08FA4
S21402A83018AB14AA26A9F8B20DF0FDF8002840F0CD
S21402A8409480082210A927A8EFF7D2F88346ADB164
S21402A8509DF8A53013F0020F08930FD0082212A914
S21402A86027A8EFF7C5F848B9089B590706D53A9BBB
S21402A87013B101233A9A1370089507E03A9B002B0E
S21402A88061D1BBF1000F70D1002308930DF1740C57
S21402A89014AB0FCB8CE80F00BDF83630CBB10121DC
S21402A8A0208812F055FBB4F800B000284FD00121E2
S21402A8B0584612F04DFBBDF83620834610460992E4
S21402A8C012F02AFB00231946099A0090584610F007
S21402A8D0EBFB304B0DF1740B0493002303930DF145
S21402A8E02F03CDE900632246534641464846CDF83B
S21402A8F008B0FFF74BFD002837D1002D33D012AA3F
S21402A9005B464FF482714FF4005000F0D9F8089B72
S21402A91013B126A80CF09BFE0EF0FEFC88B11E4B6F
S21402A9201B689A070DD4FEF751FA50B1184A18ABB5
S21402A9301068516803C3002226A918A80FF0D5FB99
S21402A94000BB002570E700233A9A137099E7BDF81A
S21402A95036200A901046099212F0DEFADDE9092343
S21402A96007990090B2E72A46CAE701371FE7BDF803
S21402A97036B0584612F0D0FA2B4600905A46384661
S21402A980079939E726A918A80FF0EBFBD3E700BF13
S21402A99060FB0300B83F0020BC3F00209DF82F302C
S21402A9A003F01103102B7FF43FAF3E4B1B78432B73
S21402A9B07FF43AAF3C4B1B685B067FF535AF2088C9
S21402A9C008F1050110F033FC834600283FF42CAF53
S21402A9D04146208807F076F9344B10F0200F08BF66
S21402A9E01E4612A800F0E4F80822314612A8EEF736
S21402A9F0FFFF002852D0314612A80DF070F801234E
S21402AA0026AE00933246002314A912A800F0FEF8E0
S21402AA1000287FF409AF12AB0DF12F07CDE90360D2
S21402AA200290009322465346414648460197FFF756
S21402AA30ADFCA8B3BDF89A30102043F0080318AA5C
S21402AA4014A9ADF89A300FF02DFB00287FF4ECAE77
S21402AA5012ABCDE90360CDE901700093224653465E
S21402AA6041464846FFF792FC054600287FF4DCAED6
S21402AA7018AB4FF49071002012AA00F021F84FF0A4
S21402AA80005100200FF0A8FDBBF1000F3FF459AFB4
S21402AA904FF0805100200FF09FFD52E78346AEE74D
S21402AAA014ABE6E7235B0020BC3F0020A64D002047
S21402AAB001461A230120014AF7F782B924E1010070
S21402AAC0F0B5164691B0074609A80D461C46FFF794
S21402AAD0EFFF3EB1336845F04005CDF82630736887
S21402AAE0CDF82A301B4B1A6822EA070242EA050111
S21402AAF019604B040DD5BDF824200B0A03F4E2437B
S21402AB00C9B222F4E3420B4322F07F021343ADF8AC
S21402AB1024301A230020104A09A9F7F751F9B4B1D4
S21402AB2004A80CF09CFC02236A468DF810301546E9
S21402AB30234604F11006144618685968083303C4FD
S21402AB40B3422246F7D1294604A80CF0FFFD11B005
S21402AB50F0BD00BFBC3F002024E1010047F2FF1019
S21402AB60044B196841F48042014041F480411A6066
S21402AB700FF032BDBC3F002000B589B0FEF7BCFB2B
S21402AB8001A8FFF795FF0948BDF8042001681302E3
S21402AB9021F0FF0103F4E2030B43D2B2134343F462
S21402ABA08043036009B05DF804FB00BFBC3F002091
S21402ABB010B50C4B0446186888B0830706D54FF0CC
S21402ABC0FF3323600120636008B010BD10F0400020
S21402ABD0FAD001A8FFF76CFFDDF806302360DDF837
S21402ABE00A30EFE7BC3F002008B5074B02461B6859
S21402ABF013F0400305D118461946FFF761FF0120FE
S21402AC0008BD0020FCE700BFBC3F00202DE9F0474E
S21402AC109EB080460C461D4691469DF898A0A2B16D
S21402AC20164630460CF01BFC1AF0020F0FD004B981
S21402AC3017AC22463146404601AB0CF0DAFE0DB1A7
S21402AC4000232B601EB0BDE8F0870DAEE9E701AB2E
S21402AC503146404605AA0CF099FE73780AF0010ABE
S21402AC60FF2B26D0002840F0B68054B105AA09AFC3
S21402AC70134603CBBB42206061601A4604F1080407
S21402AC80F6D125B17278554B03EB82032B60BAF1ED
S21402AC90000F01D10020D5E7BDF80430D906F9D45B
S21402ACA018204FF6FF71727812F0A8FD40F60E409B
S21402ACB0C8E74B4F3DB10EF02FFB10B13B689A0729
S21402ACC02BD500232B603B6803F03003102B01D0FA
S21402ACD0202B24D117A8FFF7EBFE082240460DF1E1
S21402ACE05E01EEF785FE20B13B6803F04403402B7D
S21402ACF015D0BAF1000F15D109A80FF071FC022386
S21402AD003370002C4CD1B9F1000FC3D00EF004FB07
S21402AD1060B3301DFFF74CFFBCE7324BD2E740F67C
S21402AD200A408FE73B68DB03E6D509A80FF058FC1C
S21402AD300223337074BBB9F1000FB1D00EF0ECFAF7
S21402AD40F0B1301DFFF734FFAAE73B6803F0840337
S21402AD50842B2CD009AB0DAF1A4603CABA42206028
S21402AD606160134604F10804F6D105E025463B6807
S21402AD7003F08403842B28D0301DFFF719FF26E04A
S21402AD803B68012503F08403F4E73B68012503F0E2
S21402AD908403DDE70EF0C0FA0028F6D00125D9E7D5
S21402ADA00EF0BAFA05460028CFD00025D2E712A840
S21402ADB00CF055FB022312A88DF84830ECF784F904
S21402ADC0224608214046ECF7D9F810237380002D5E
S21402ADD03FF460AF64E72D2034E700BF403B00201D
S21402ADE0BC3F0020B83F002049B9084B197849B14A
S21402ADF04EF66023594328B1054812F05DB941F278
S21402AE008831F8E70248F6F761BF00BFC35A002050
S21402AE10083F002070B586B005460EF07DFA10B9E0
S21402AE20022006B070BDF7F745F80028F8D001A852
S21402AE30FFF7BEFE06460028F2D08DB92E4B1C68E0
S21402AE4014F0020406D02D4B1B78112BE8D12C4BA4
S21402AE50B3F868404FF481630221ADF80C3023E06A
S21402AE602846F7F70FFD0028DAD1234B1C6814F0AA
S21402AE70020406D0214B1B78112BD1D1204BB3F8FC
S21402AE8068400822294601A8EEF7B2FD0028E1D064
S21402AE904FF4027300260A21ADF80C302B68CDF869
S21402AEA00E306B68CDF81230002203A80EF0AFF811
S21402AEB0024608B91920B4E70F4B196801F03003AF
S21402AEC0102B17D0202B14BF01230323490001F0B7
S21402AED004010B432046002101F09AF80028E9D02D
S21402AEE000210120FFF780FF16B10122054B1A70E0
S21402AEF0002096E70323E9E7BC3F0020235B0020FF
S21402AF003C4D0020D85B002030B5002585B0CDE949
S21402AF100055F6F7DBFE0EF0FFF91E4C60B905F0A1
S21402AF20AFFF0D25002108462170FFF75DFF294679
S21402AF3068460CF0EDF918E023784BB3164917482B
S21402AF400A780078904223D90132012B0A700ED17A
S21402AF502A464FF4A071284602F012FDC0B2B8B9D4
S21402AF6041F288310E4812F0A7F805B030BD022B28
S21402AF7009D1284602A9F7F7FDFB0028EED102A860
S21402AF80FFF748FFEAE7032B02D101F0FBF9E5E7FA
S21402AF900425C7E7E45B0020E55B00200765002088
S21402AFA0083F002070B51B4A1B4D044651681068C6
S21402AFB086B02E7801AB03C31EB10224204606B02B
S21402AFC070BDF6F7CFFF0228F7D10EF0A5F90028DC
S21402AFD0F3D003A800F03AFE082201A90DF10E00F4
S21402AFE0EEF706FDA0B10D4B32464FF4A071304687
S21402AFF01C7002F0C5FC04460028DFD10123084A73
S21402B00041F2883107482B70137012F055F8D5E7D5
S21402B0102324D3E777BB0400E45B00200765002007
S21402B020E55B0020083F0020F0B50C4600219BB0EF
S21402B0302B4F0646492207A80691EEF787FC3B7877
S21402B040012B34D19EBB0DF10E0120460FF0F1FB11
S21402B0500546BDF80E0011F05FFF441BE4B2BDF8D2
S21402B0600E1023462A46009606A812F002FD304627
S21402B07004A9F7F77FFBD0B9CCB19DF81920B2B975
S21402B080BDF8233003F47E43B3F5285F1ED3B3F531
S21402B090385F0ED31349BDF80E000B6843F4000365
S21402B0A00B6029460CF035FD18B104233B701BB02B
S21402B0B0F0BD01220C4B04A81A70FFF7ABFE41F25A
S21402B0C088310A4811F0F8FF0223EFE711463A707A
S21402B0D0FFF78AFE1E2104A80CF01AF9E7E700BF64
S21402B0E0E45B0020BC3F0020E55B0020083F002018
S21402B0F0014B1870704700BFE55B0020014B1878C3
S21402B100704700BFE45B0020014B1870704700BF19
S21402B110E45B00202DE9F04F0446408891B00E29EA
S21402B1208846ADF81A0079D094F80890A7790DF001
S21402B13053FF09A90546BDF81A00E67910F0AAF9E8
S21402B140BDF81A000DF03BFE420542BFBDF82A309C
S21402B15043F40053ADF82A30E379DB0642BFBDF86C
S21402B1602A3043F48053ADF82A30BDF82A309806C8
S21402B17013D5022F57D10CA9207A0FF0FBFADDF86F
S21402B1803500DDF8391007AB03C307AA00210423F4
S21402B19000910DF11A00FFF7AFFA0121BDF81A006F
S21402B1A011F0D6FE022F824649D1474B33F819508A
S21402B1B0B8F1000F7ED0BDF82A2051067AD54FF698
S21402B1C0FB739D4276D8414B1B78033B012B04D878
S21402B1D03F4BB3F86830AB426CD0D30502D5284655
S21402B1E00FF0AAFCBDF82A30D80463D5002F33D15D
S21402B1F0BDF81A000DF0E3FDC10663D548F234032C
S21402B200BDF826209A4209D1324E3078FF2805D062
S21402B21003222946FBF782FBFF23337000232360B9
S21402B22011B0BDE8F08F012F01BF237A2A4A03EB43
S21402B230430302EB830314BF00229A1CA6E7012FE6
S21402B24005D10C2303FB09F3234AD55AB0E7A81C01
S21402B25012F00DFB0546ABE7284601F0F7FEBDF8F7
S21402B2601A000DF0ACFDC206C8D463895046059399
S21402B27011F052FE8346504611F032FE059B0290B4
S21402B2805FFA8BF04A46394601900093404609AB76
S21402B2900BF0D6FFB8F1000F14BF0B20092016F0F2
S21402B2A0030218BF02F1FF32294618BFD2B212F0CB
S21402B2B0A5FAA3E7BDF81A000DF081FDC3069DD4DA
S21402B2C0002FD2D1A946D0E72C520020245B0020C2
S21402B2D03C4D00200B6500206C51002038B5002440
S21402B2E00F4B104D2A78A24205D8C2B9BDE83840A5
S21402B2F00D48F6F7EBBC598869B9013AD2B2A242B8
S21402B3002A70EFD0121B184603F110011201EEF755
S21402B310C7F90346E6E701341033E4B2E2E738BD84
S21402B320443B0020E85B0020A463002070B51A4B63
S21402B3301A4A1D780023DCB2A54200D870BD144616
S21402B34066880133864202F11002F4D1E379A588B9
S21402B350E16003F040028DB9CAB123F00403E37141
S21402B3600DF03AFE037803F07F030370218800296C
S21402B370E4D1BDE870400A4811F09EBE0021658007
S21402B380A180002AE9D1BDE87040FFF7A7BF20469A
S21402B390FFF7C0FEF7E700BFE85B0020443B002053
S21402B3A0A46300202DE9F047044686B040880F4685
S21402B3B015460DF011FEA3798046082B52D8DFE819
S21402B3C003F0052E1851515151510500023012F06A
S21402B3D04EFA002D4ED06946F7F7CCF9002841D137
S21402B3E0684601F0DDFEB0FA80F0400906B0BDE81E
S21402B3F0F08702A9207A0FF0BDF96B466E46DDF89B
S21402B4000D00DDF81110334A03C3237A32F8139085
S21402B410314AD05C75B131460FF0D0F9E6E7237AAF
S21402B4202E4903EB430301EB830231F82390907A13
S21402B430961CEFE74FF6FB7AD14515D9304603F056
S21402B440ADFF4FF6FF739842054615D001463046CB
S21402B45001F018FE554508D9E379DA060ED440F60F
S21402B4602243E3600020C1E74D46294608F1020068
S21402B47012F0FFF90120B9E74D46EDE74FF6FC78EA
S21402B480454512D103F00C030C2B1CD1DFB130461C
S21402B4904FF6FD7101F0F6FD40F61F412046E160D1
S21402B4A0FFF738FEFFF71AFFDCE74FF6FD739D4203
S21402B4B009D10023304619461A4602F02DFB4146B2
S21402B4C0304601F0DFFDE37943F00C03E37140F60A
S21402B4D02343C6E72C520020CF5A00206C5100208E
S21402B4E073B5044640880E460DF076FD023012F023
S21402B4F0BEF90CF02DFB18B1A11C201D0CF02DFB83
S21402B500E6B1E5790135EDB2E57115F0400514D0E6
S21402B510EBF7F6F80122054600212046FFF742FF28
S21402B52018B1394B1B882B449DB2384B1B78042B21
S21402B53001BF354B1B885B199DB225800022314620
S21402B5402046FFF72FFF20B360880DF045FDE27915
S21402B5502F4922F00C03E3710B7805460133DBB268
S21402B5600B70C3712B4BA61C1B780BB3E3799806A2
S21402B5701ED52949097871B159060CD592070AD504
S21402B58000220423114630460092FFF7B5F810B1A8
S21402B590E06002B070BD00220123114630460092E0
S21402B5A0FFF7AAF820B1E37943F00303E371EFE76C
S21402B5B030460CF0D0FA0028EAD16088FBF77EFD10
S21402B5C00328E6D8DFE800F0020D1D19E37943F000
S21402B5D00403E3711B06DCD5104B1A78104B1A7065
S21402B5E0D7E740F62443E360E37943F00803E371C8
S21402B5F02B7803F07F032B70CBE740F62543E360FE
S21402B600C7E740F62643FAE756640020245B00208C
S21402B610215B00201F5B002008650020C75A00201F
S21402B620E75B00202DE9F74F064612F031F85F4B34
S21402B6300546B3F8009018805D4BA0EB09041B7812
S21402B640A4B2A34298BF00234FF000084FF6FF773C
S21402B65088BF1B1B564A88BFDBB21370DFF864B183
S21402B660A9EB00030093534B5FFA88F219789142D4
S21402B6700ED80EB1FFF732FE4FF6FF739F4200F070
S21402B6808E8039464C4803B0BDE8F04F11F014BD29
S21402B690BBF80220002A3CD0484B9BF807201878BB
S21402B6A0BBF800A0042818D00020BAF1000F08BF8B
S21402B6B0A2462044504523D2BBF80010009B1944F2
S21402B6C0ABF80010002E4ED002F04802482A4AD1AB
S21402B6D000215846FFF704FF45E00192F6F790FF77
S21402B6E030F01003019ADFD1FAF702FD344B019ACB
S21402B6F0B3F800C08445D7D9ACEB000080B2D4E7DB
S21402B70002F00C00042807D10022ABF800200BF14F
S21402B710100B08F10108A6E7510602F0030C02F02E
S21402B72008000ED528B3BCF1030F25D1DEB1DBF835
S21402B7300C105846002908BF4FF44261FFF7EAFC96
S21402B74011E040B3BCF1010F25D11206EED44FF43E
S21402B750C862ABF800209BF8072022F0030242F0F2
S21402B76002028BF80720BBF80020974228BF174634
S21402B770CDE703208445D9D213060ED50C4B1A7892
S21402B7800AEB0200844208DA4A44521B0AEB020120
S21402B790ABF80010E7E70120ECE7012199E706483D
S21402B7A003B0BDE8F04FF6F791BA00BF4A55002045
S21402B7B0E75B0020E85B0020A4630020245B0020F7
S21402B7C056640020443B0020F8B500250A4E0B4F75
S21402B7D03378ECB2A34204D8BDE8F8400848F5F73F
S21402B7E085BF07EB0414A01CF5F780FF201DF5F7B4
S21402B7F07DFF0135ECE700BFE85B0020443B0020FC
S21402B8004055002070B500240B4D0C4E2B78A342F9
S21402B81008D81B1BDBB22B706BB9BDE8704008481A
S21402B820F6F754BA06EB041040F621410134FFF74E
S21402B83071FCE4B2EAE770BDE85B0020443B0020FE
S21402B840A46300202DE9F041002506462F46114C40
S21402B850DFF8448098F80020EBB29A4203D8BDE89D
S21402B860F041FFF73BBD60880DF0B6FB023011F0E9
S21402B870FEFFB0420AD16088F8F74AFA00230E218A
S21402B8801846628803F086F92780678010340135EF
S21402B890E0E700BF443B0020E85B0020F8B5154E09
S21402B8A0DFF858E035789EF800E0134FAE454FEAD1
S21402B8B0051C07EB051419D0002503F4835343EA4D
S21402B8C01323A1712272E371608027F80C50A580C1
S21402B8D006F078FB40F60243E3603378608101337A
S21402B8E028463370FFF79EFE2846F8BD40F6034012
S21402B8F0FBE700BFE85B0020443B0020C964002051
S21402B9002DE9F04F344B0D461C78174685B05CB9CE
S21402B910B1F90680DFF8C890DFF8C8A0DFF8C8B033
S21402B92099F80030A34202D805B0BDE8F08F0AEBC2
S21402B9300416B08800B9708801A90FF0ABFDAA7A88
S21402B9409DF80E309A4244D1B8F1000F0FDA297AE8
S21402B9509DF80C202B89914209D82048007808448B
S21402B960824236DA521A1B0A1341D90731D53846B3
S21402B9700FF07FFDBDF80A3004469A0602D5EB8822
S21402B9809B06D1D5F37903F00C03042B08D17088FB
S21402B990F8F7BEF9002372881946184603F0FAF83B
S21402B9A000213046FFF7B6FBFFF798FC384611F049
S21402B9B0B3FA844208D2337A01228BF80030294641
S21402B9C00023384603F044F8B8F1000FACDA00243E
S21402B9D0A6E70134E4B2A3E7E65B0020C8640020D1
S21402B9E0E85B0020443B0020F15B002008B511F024
S21402B9F04FFE074B1B88C01A80B2B0F5807F05D970
S21402BA00BDE808400021034811F056BB08BD00BF40
S21402BA104A550020A46300202DE9F04788B004466A
S21402BA200D460FF031FC0146204606F04BF910F0A9
S21402BA30030340F0848010F00C0F06D129462046FE
S21402BA4008B0BDE8F047FFF771BC20460DF0B7F925
S21402BA50C10659D420460FF017FC0146204606F0D0
S21402BA6031F9074620460DF0B7FA0646023011F0C5
S21402BA70FEFE05A98046204607F00C0796F806A0AB
S21402BA800FF008FD73780C2F0CBF03270627012141
S21402BA9013F0010F204618BF032711F059FA2B4B5B
S21402BAA081461B78033B012B1DD9BAF1010F1AD927
S21402BAB04FF6F773984502D8337A1F2B13D9301DE9
S21402BAC011F0D5FEF17982460DF08CFE0646504600
S21402BAD0F7F726FDDEB173685A1C04D0834340F69E
S21402BAE0284308BF1D461A4B1B88A34212D1B5FA3B
S21402BAF085F04009FAF7A6FD20460DF08EF90022E1
S21402BB000146072011F07AFE08B0BDE8F08740F63D
S21402BB102845E8E706F056FA8246484611F0FCF950
S21402BB200646484611F0DCF9F6B20290424639461D
S21402BB302846CDE900A605AB0BF082FBDCE7012B1D
S21402BB40E2D110F00C0FDFD178E700BF245B0020B3
S21402BB5040550020002210B5094B1C78094BD1B283
S21402BB608C4201D8002010BD197A814202D19979FF
S21402BB70022902D010330132F1E70120F3E700BFB9
S21402BB80E85B0020443B00200146002210B5084B2B
S21402BB901C78084BD0B2844201D8002010BD187A17
S21402BBA0884202D198790128F8D010330132F1E7A1
S21402BBB0E85B0020443B0020002210B40A4B1C78AD
S21402BBC00A4BD1B28C4203D85DF8044BFFF786BB12
S21402BBD0197A814205D19979012902BF002119807B
S21402BBE0598010330132ECE7E85B0020443B00202A
S21402BBF0044B1B6813F0300F03D0202130200EF0C8
S21402BC00EBBC7047BC3F0020002310B50446084931
S21402BC101A4601EA00414FF07F60FEF751FFE30744
S21402BC2003D5002130200EF0D7FC002010BD00BF47
S21402BC3000007207044B5B8823F4784323F08D03DD
S21402BC4003800020704700BFBC3F002008B50022DA
S21402BC500346C3F80220C3F806200B4A02301268D5
S21402BC60D1B212F0200F18BF41F0100119809307CD
S21402BC7001D4FEF79DFF054B1B78023B032B8CBFBE
S21402BC801720002008BD00BFBC3F0020235B002019
S21402BC9038B505460C46FDF72FFB98B10E4B1878C3
S21402BCA078B10E4B1B681A040FD58CB113F0420FF5
S21402BCB000D17DB103F44073B3F5407F0CBF002082
S21402BCC0232038BD40F60840FBE740F60B40F8E775
S21402BCD02046F6E72320F4E71F5B0020BC3F002047
S21402BCE0F0B504468DB007A80D4616460BF0B7FB16
S21402BCF01022002103A8EDF729FE5CB1234603AC0F
S21402BD0003F11007224618685968083303C2BB427B
S21402BD101446F7D1012703A986EA070307A88DF878
S21402BD201C708DF81D300BF002FD80EA070401A896
S21402BD30E4B2EBF727FAB6B101A88DF80650EBF796
S21402BD404DFA64B1002303A907A88DF81D300BF045
S21402BD50FDFC0C4B1B78432B01D1F7F7CFFC0A4BAB
S21402BD601D700DB0F0BD01A88DF80750EBF736FA3E
S21402BD70002CF6D003A907A88DF81D700BF0E6FC80
S21402BD80EFE700BF235B00201E5B0020F0B5012515
S21402BD9093B007460DA80C460BF061FB05A90DA84B
S21402BDA0ADF834500BF0EDFC01A8EBF7EBF909A95E
S21402BDB00DA88DF835509DF806600BF0E2FC0DA834
S21402BDC09DF807500BF073FC70BB731BDBB2802B25
S21402BDD028D91FB1A64225D0A54223D105A90DA870
S21402BDE00BF0B4FC03A8EBF7CDF903A88DF80F60AF
S21402BDF0EBF7F4F90122294609A8FFF771FFF7F7D6
S21402BE0033FD01214FF4007003F0E6FDFDF75CFA06
S21402BE10B0F1004F01D9FDF75DFA044B18780BF02C
S21402BE2075FA012013B0F0BD0020FBE71E5B002070
S21402BE3070B50E46144605460320FFF765F946F030
S21402BE400402294620460BF0DBFC0022014B1A6056
S21402BE5070BD00BFB83F0020F0B587B00788054622
S21402BE601022002102A8EDF771FD3E4B1B78002B35
S21402BE7076D1BC055ED407F08403842B63D00022FF
S21402BE80394C11461046FFF72BFF17F4045F276064
S21402BE9005F102061CD0B9040AD5304605F0A4F90D
S21402BEA000284ED1236823F4005343F480732360A2
S21402BEB030460EF01FFC002842D10BF0CCFA18B91F
S21402BEC0236843F480332360236843F0200323600F
S21402BED022680DF1060042F400432360FFF7AAFE33
S21402BEE012F4805FBDF8063031D043F02003ADF87F
S21402BEF006302168334611F0400218BF05F12302CE
S21402BF004FF07F60FEF7DCFDBDF80630DA0703D59A
S21402BF10002130200EF060FB23689B0506D5012227
S21402BF2095F8221005F11200FFF7DAFE00200F4BFB
S21402BF30186006E005F112000EF0DCFB00289AD02D
S21402BF40292007B0F0BDB80799D52320F9E723F0DA
S21402BF502003ADF80630FDF7BDF9FEF7BBFBC8E7D8
S21402BF600220EEE7235B0020BC3F0020B83F002003
S21402BF7008B5054B1B7833B1FFF73AFEBDE808401B
S21402BF800248FEF731BE08BD1F5B0020A65B0020FC
S21402BF9010B5154B1B78D3B1144B1B78033B012B02
S21402BFA015D900200EF069FE044698B1EAF7D8FBD0
S21402BFB0237913F0300F0AD148B1012803F0CF02DB
S21402BFC006D0811E4B424B415B011343237110BDC9
S21402BFD01023FAE7F7F7DAF80028F8D021462046C9
S21402BFE0BDE8104004F096B81F5B0020245B0020DA
S21402BFF008B50DF091F9054B18B91868C0F3800022
S21402C00008BD1868C0F30050FAE700BFBC3F002026
S21402C0102DE9F04F064689461046002189B015469E
S21402C020984605F04FFE102807460AD86A4B034189
S21402C030DB0706D4C8F340049DB9002009B0BDE86A
S21402C040F08F664B1C78002CF6D0FFF7D1FF002845
S21402C0500CBF4FF4F0744FF4D074FC4004F00104AB
S21402C060EAE74FF0000A18F0010F534652462946F7
S21402C0704FF00500CDF800A00CBF4FF0080B4FF4B0
S21402C080027B09F020F80028D7D0C8233246009356
S21402C09059465346284605F03DFEADF80E000028E8
S21402C0A0CBD018F0080A4AD14FF6F773A7F10F0261
S21402C0B0D2B29E428CBF09230123012A01D843F043
S21402C0C04003474A8DF810301378591C11708DF8CA
S21402C0D01130002C4FD09DF81030052F43F020036E
S21402C0E08DF8103033D03F4B1D78002D5AD04FF6C6
S21402C0F0F77300259E424FF00F0248D9012304A988
S21402C1000DF10E00F5F736FD002896D1002C4DD124
S21402C110BAF1000133463A4618BF0121BDF80E00B7
S21402C120CDF800900BF01EFDADF80E00002884D06E
S21402C13018F0040F4DD031460DF023FD7EE7494638
S21402C1400DF10E0005F02AF80028ADD175E70121A1
S21402C150BDF80E0010F0FCFE012105F0B3FD012330
S21402C160834013F0620F1CD11E4B1B78E3B14FF6CF
S21402C170F7731825BEE71B4B25461B780222002BB9
S21402C180BCD04FF6F7739E42B8D8052FB6D0BAF198
S21402C190000FB3D19DF8103043F040038DF81030F5
S21402C1A0ACE710250F22A9E71825FBE7BAF1000F26
S21402C1B00AD002234A46009029460DF10E00FEF7E9
S21402C1C09BFA0028A4D038E741235246CDF800A0B7
S21402C1D0F2E70DF0C0FC31E79FFEFEFF1F5B00207A
S21402C1E0205B0020115B00202DE9DF431E46144B26
S21402C1F080461B680F469B0791460A9C1BD4204626
S21402C20014B10BF097FCC0B20622CDE902403B46C1
S21402C2100020CDE900890B490EF0B6FF024650B168
S21402C2200021002E0CBF01230323084604B0BDE8FC
S21402C230D043FFF7EDBE002004B0BDE8D08300BFB8
S21402C240BC3F0020517004002DE9F04F8DB08146AE
S21402C2508A461F4693469DF85C803AB903A8FEF7C5
S21402C260A7FCB0BB00200DB0BDE8F08F154600223B
S21402C270232110460CF0CBFEADF80A000028F1D0C0
S21402C28010F02EFE0523044618F0100F00F8023BAD
S21402C290677020D011220021EDF758FB04F1130637
S21402C2A0032F4FF0080237D159463046EDF7F8F91A
S21402C2B0C8F3801306F1090533720BF037FC002829
S21402C2C03ED000232B706B700123033505F8013C2A
S21402C2D036E003ADCBE7012610221699EDF7E0F91A
S21402C2E006FA07F313F0620F02D104F11206D7E73B
S21402C2F007A80BF0B4F805A88DF81C60EAF742FF11
S21402C3009DF8162018F0200F9DF8173008BF134628
S21402C31004F11306A374C3E751463046EDF7C0F99D
S21402C320012306F10802121B28460093BDF80A10E4
S21402C330082392B211F09DFB042F06F11005BCD023
S21402C3402D1BA9B20DF10A000EF086FE002889D137
S21402C35018F0040F0BD0484610F0E2FFFF281FBF6C
S21402C360074A32F8103023F4804322F8103043464E
S21402C37051464846BDF80A20FFF74AFE73E700BF5B
S21402C380D454002070B5032690B08DF807600CF0E8
S21402C390C3FF18B90224204610B070BDF5F78AFD17
S21402C3A00028F7D002AD2846FEF702FC0028F1D09E
S21402C3B01B4B1C6814F00204ECD140F20F43194ADE
S21402C3C0ADF82430136804A8CDF826305368CDF8AB
S21402C3D02A300BF044F895E8030005AB83E8030027
S21402C3E0062304A88DF81D308DF81060EAF76CFE5F
S21402C3F001210DF12E020DF10700EAF7BFFD2246DC
S21402C4001A2109A80CF003FE024608B91924C2E74D
S21402C410012329462046FFF7FBFD0028BBD1F5E79E
S21402C420BC3F0020A65B00202DE9F04F06460F46D3
S21402C430002199B01F2210A803930F91EDF786FAF8
S21402C44030460EF021FF0146304605F03BFC8DF8E3
S21402C4501B0030460CF0C0FD9DF81B304578814627
S21402C460C5F340059806304648BF45F002050FF072
S21402C47000F80446304610F04FFD0023001B5FFA1A
S21402C48080FA00935346232B28BF232322463146A5
S21402C4900FA811F0EEFA002840D19E4B9DF83C8082
S21402C4A01B789DF83DB0002B3BD0FFF7A1FD00287E
S21402C4B00CBF4FF4F0734FF4D07323FA08F3D90786
S21402C4C02FD5AA072DD4B8F1080F24D1BBF1040F3B
S21402C4D024D1FAF797FD08BB012322460093314682
S21402C4E005200DF11B0308F0CBFDB8B1A8F1050835
S21402C4F0B8F10D0F12D8DFE818F02800A001C70126
S21402C500EC01F5011100110011001100FB019D0262
S21402C510A902D702D702B8F1050F08D019B0BDE8B4
S21402C520F08FB8F1100F05D1039B002BF6D0FAF767
S21402C53069FDD1E7FAF766FD0028CDD0B8F1050F00
S21402C540CAD0B8F1110FC7D0E8E7BBF1050FE5D89E
S21402C55030460CF0A4FC059009F1020011F087F9B0
S21402C56081460DF11E00FFF765FB01239DF83D7025
S21402C570BB4013F06203039305D0BDF81E309B0741
S21402C58001D5AE07CAD50CF0C7FE0028C6D0FAF70A
S21402C59039FD08B9002DC1D00DF13E0A50460EF005
S21402C5A0A9F8039B0490BBB1032F9DF84EB01AD195
S21402C5B00DF14F040CF0B0FE814540F01781032DBB
S21402C5C0ACD19DF856105246003918BF01210DF124
S21402C5D04E000BF0D4FAA1E7032FDDF80CB07BD1A6
S21402C5E00DF14E04E6E74C4B1B689C0729D5FF224B
S21402C5F008210DF157000CF021FE804608BB0346C9
S21402C60001460DF157020220FEF75AFA0CF084FE9C
S21402C61081450DF157060DF14F0422D04FF6F77300
S21402C620994540F2E8800022082120460CF006FEDA
S21402C630002800F0E080002259465046FFF750FBE3
S21402C6406CE70DF157060DF14F0430460DF0ECFF86
S21402C650002846D00CF060FE814540F0C8804FF0BE
S21402C66000082046F6F70EF9002800F0C080012FD9
S21402C67058D0042F7FF452AF0DF0F9FF10B1032DFE
S21402C6807FF44CAF049B002B7FF448AF3246022166
S21402C6905046FFF7CDFB214B1B7863B1FFF772FEC6
S21402C6A0FEF72CFD022806D10120FEF721FD01210E
S21402C6B00846FEF799FB1A4B1B78022B1FD1032163
S21402C6C030460AF025FEFEF719FD014600287FF4E3
S21402C6D025AFFEF789FB21E70DF156060DF14E0454
S21402C6E0B3E70F4B1B78432B7FF418AF012F7FF471
S21402C6F015AF0CF011FE814579D1B846B1E7412B52
S21402C7007FF40CAF044B1B6858057FF507AFF8F7AC
S21402C71061FC03E71F5B0020BC3F0020D85B0020C3
S21402C720235B0020B64C2378022B22D02378412BA1
S21402C7303FF4F4AE049B33B9FAF764FC594602465A
S21402C7405046FFF7CDFAFAF75DFC00283FF4E6AE56
S21402C7500DF08DFFAB4F98B13B681A0502D42378D3
S21402C760432B0DD1AB070BD440F61A40F7F7E0FB8C
S21402C770D4E60DF07CFF0028D8D0A907D6D4CDE6A3
S21402C780386810F0020002D1059903F0C3FC237842
S21402C790112B16D13B685F0513D50020FEF73AFB36
S21402C7A0044600287FF4BAAE0DF08EF840F61C4020
S21402C7B0F7F7BEFB21462046FEF716FBF7F7C4FB4B
S21402C7C0ACE6AC0701D5FFF713FAB8F1000F9ED01E
S21402C7D00AF041FE18B94FF480310DF0FDFE00223A
S21402C7E0894B30461A600DF016FF90E70026039B31
S21402C7F0002B7FF413AF4FF6FF73204608A9ADF85F
S21402C8002030F5F791FF20B120460CF060FDADF820
S21402C81020004FF6FF73BDF8200098423FF47EAE2C
S21402C820049B3246002B0CBF042315232146CDE978
S21402C83000A33B46FFF708FD70E60CF06DFD0028EE
S21402C8407FF46CAE714B1B78002B3FF467AEA807E3
S21402C85004D46C4B1B6899013FF560AEBAF10C0F1D
S21402C8600DF1450094BF002412AC11F000F8024608
S21402C8709DF8470003283FF651AE394600940DF165
S21402C8803D0304F00BFA49E60DF13D00F5F7FAFF19
S21402C89028B1022239460020FAF740F83EE65C4B01
S21402C8A01B78013B012B3FF639AE0DF13D0002F03D
S21402C8B075FD4FF6FF739842044606D10DF13D0012
S21402C8C00CF005FDA0423FF429AE0021FAF736F936
S21402C8D024E6EA077FF522AE2A4638460FA904F078
S21402C8E0DBFA1BE69DF83D100120FFF74FFA15E62E
S21402C8F0474B1B78013B012B3FF610AEEB077FF54B
S21402C9000DAE0DF13D0002F049FD4FF6FF73984261
S21402C9100546804640F080800DF13D000CF0D7FCC5
S21402C92040450546074677D10DF13D00F6F71CFC5B
S21402C930B84205463FF4F2AD304610F0EDFA00225A
S21402C9400934E4B2071BFFB2394610460CF05FFB0F
S21402C950ADF81C0000283FF4E1AD4FF001090023BA
S21402C9602A460821CDF8009005F0D4F9ADF81E004D
S21402C97000283FF4D3AD214630460EF051FD4FF06D
S21402C980000A80461622514609A8CDF820A0ECF7E8
S21402C990DDFF434622463146CDF800A008A811F036
S21402C9A068F84B46424608A90DF11E00F5F7E2F874
S21402C9B000287FF4B3ADA7EB0807FFB2394607A8F5
S21402C9C00EF04AFB284610F0ABFCFF2818BF114AAF
S21402C9D0444418BF32F81030E4B21CBF23F480433C
S21402C9E022F81030BDF81C0023463246002100977C
S21402C9F00EF05AFB2946BDF81E000DF0C2F88DE572
S21402CA00235B0020BC3F0020B83F00201F5B0020B5
S21402CA10245B0020D4540020284610F081FCFF2816
S21402CA20074689D0F6F7C6FD002885D0384603F0BB
S21402CA3099F881E71E4B1B78013B012B3FF66EAD42
S21402CA402A4638460FA9FCF7C9F967E5194B1B7841
S21402CA50022B20D1002F7FF461AD08A8FEF7A8F8BC
S21402CA6000283FF45BAD144B1F709DF83D30002B41
S21402CA7014BF64246524FEF741FB032806D138461A
S21402CA803946FEF7B1F93846FEF73EFB214608A8BE
S21402CA900AF03EFC42E5043B012BDBD938460BF09C
S21402CAA057F80028D6D139E530460BF053F835E56D
S21402CAB0245B0020235B0020D85B00202DE9F34195
S21402CAC005460E46174698460DF0D1FD044640B17F
S21402CAD001233A4631462846CDF80080FFF784FB0C
S21402CAE004460DF0C4FD30B1FFF782FA78B10A4B66
S21402CAF01B689B010BD400233A4631462846CDF8E4
S21402CB000080FFF771FB002C0CBF0446012404F0E2
S21402CB10010002B0BDE8F081BC3F002070B58AB0CB
S21402CB2005A80AF09CFC022301AA15468DF81430CB
S21402CB30084B03F11006144618685968083303C4F4
S21402CB40B3422246F7D1294605A80AF0F0FD0AB0FC
S21402CB5070BD00BF7FBB0400014B1878704700BF52
S21402CB6009650020014B1888704700BF80640020CA
S21402CB704FF6FF732DE9F043994280460D4685B085
S21402CB800BD000274FF6FD791C4EE9F7BFFDFCB22D
S21402CB90A0420BD84FF6FF701DE0F5F773FE002893
S21402CBA0EFD005B0BDE8F0430CF0B6BB36F8143053
S21402CBB04B4517D8694620460DF0A0FD082241468F
S21402CBC00DF10500ECF714FF4FF6FF7360B99D42B6
S21402CBD004D136F8140005B0BDE8F08326F81450E8
S21402CBE00DF055FD0137D0E79D42FBD036F81430E4
S21402CBF0AB4208BF26F81490F4E700BF2C52002080
S21402CC002DE9FF4706460F4600254FF6FD79DFF869
S21402CC103C80DFF83CA0E9F779FDECB2A04202D8EE
S21402CC2004B0BDE8F08738F814304B450CD8694696
S21402CC3020460DF063FD082231460DF10500ECF7A3
S21402CC40D7FE08B90AF804700135E4E72C52002032
S21402CC50CF5A0020014B33F8100070472C520020A8
S21402CC60F0B5064600250D4F85B0E9F74FFDECB24C
S21402CC70A04201D805B0F0BD37F81430B3420BD14C
S21402CC80694620460DF076FD9DF80030022B1CBF4B
S21402CC904FF6FD7327F814300135E6E72C520020D4
S21402CCA030B585B004460D46E9F730FDA0420FD9EF
S21402CCB0084B33F814204FF6FD739A4208D869469B
S21402CCC020460DF057FD29460DF10500FFF750FFEF
S21402CCD005B030BD2C52002030B585B00446E9F7C9
S21402CCE015FDA04219D92046FEF734FF0546B0B915
S21402CCF0694620460DF002FD9DF800302BB16946CC
S21402CD0020468DF800500DF017FD4FF6FF720020FA
S21402CD10044B23F8142005B030BD2820FBE740F66C
S21402CD200440F8E72C5200202DE9F0410B78054626
S21402CD300E461BB9BDE8F041FFF7CEBFE9F7E6FCA9
S21402CD40A84231D92846FEF705FF78BB374617F8C2
S21402CD50058B4FF6FF713846FFF70AFF0446384642
S21402CD6000F01EFAB0FA80F04009B8F1000F15D0B4
S21402CD70B8F1030F15D04FF6FF724FF6FD739442CB
S21402CD8008BF1C460B4B314623F815400A4B585534
S21402CD9028460DF0D1FC0020BDE8F0814FF6FF7466
S21402CDA0F0E74FF6FE74EDE72820F5E740F604407C
S21402CDB0F2E700BF2C520020CF5A00202DE9FF4197
S21402CDC00D4604464FF6FE780F4F0E0AE9F79EFC14
S21402CDD0A04204D8FF24204604B0BDE8F08137F80C
S21402CDE0143043450CD1694620460DF087FC9DF869
S21402CDF00520EBB29A4203D19DF80630B342EAD040
S21402CE000134E4B2E2E700BF2C5200202DE9F04FD5
S21402CE100C461746984600254FF6FD7B87B09DF8D0
S21402CE2040A0DFF85C900190E9F770FCEEB2B042E9
S21402CE3001D8FF2616E039F816205A451ED8304685
S21402CE4002A90DF05BFC3FB99DF80920424515D1B9
S21402CE509DF80C20524511D144B939F81620019B91
S21402CE609A420BD1304607B0BDE8F08F0822204622
S21402CE700DF10D01ECF7BCFD0028F3D00135D3E728
S21402CE802C52002010B514460DF038FC2046BDE8A2
S21402CE90104008220149ECF703BC00BFA65B002045
S21402CEA02DE9FF47074615460846082224491E462E
S21402CEB0ECF79EFD044600283FD14FF6FF7ADFF8D6
S21402CEC08490E9F723FC5FFA84F880450BD385B398
S21402CED0384608F0B7F901250C9B1870012035700A
S21402CEE004B0BDE8F08739F8183053451FD06946BC
S21402CEF040460DF003FC7A789DF801309A4216D12E
S21402CF007A88BDF802309A4211D13A799DF80430F7
S21402CF109A420CD108220DF10501781DECF768FD46
S21402CF2028B9002DD7D1404608F0A7F9D3E7013437
S21402CF30C7E7FF2008F0A1F9CEE70020D0E700BF40
S21402CF40A65B00202C520020F0B50025154E164F89
S21402CF5085B0E9F7DBFBECB2A04201D805B0F0BD24
S21402CF60694620460DF0CAFB9DF80030032B06D911
S21402CF700023694620468DF800300DF0DDFB9DF853
S21402CF80002062B14FF6FD734FF6FE71032A08BF0A
S21402CF900B4626F81430002301353B55D9E74FF6E9
S21402CFA0FF73F6E72C520020CF5A0020F8B50E4643
S21402CFB004464FF6FF770C4B0C4D1B7803EB4303EE
S21402CFC005EB8305A54202D800242046F8BD238837
S21402CFD0BB4206D008223146A01CECF709FD002809
S21402CFE0F3D00C34EEE700BFCA6400206C51002078
S21402CFF0044BFF211A78044802EB42029200ECF737
S21402D000A5BC00BFCA6400206C510020F8B50446D7
S21402D0100C4B0D461B781046A3420DD90C27022155
S21402D02017FB04117C43084E08223144ECF738FB08
S21402D030335B00202B80F8BD0023136053604FF64D
S21402D040FF73F6E7CA6400206C51002038B5044628
S21402D0504FF6FD75FFF704FE0022084B1878084BC2
S21402D060D1B2884200D838BD33F80C1C0132A14236
S21402D07008BF23F80C5C0C33F2E700BFCA6400203A
S21402D0807851002070B505460E460846FFF7DEFFCB
S21402D09031462846FFF76CFD29460648FFF786FF0D
S21402D0A000B970BD044624F80C6B0DF0F0FA294660
S21402D0B02046F3E76C51002010B5082286B02349BB
S21402D0C00446ECF795FC20B906B0BDE810400CF01B
S21402D0D023B9082220461E49ECF78AFC20B91D4BCC
S21402D0E0B3F8680006B010BD0023012221464FF6B1
S21402D0F0FF700093FFF78AFEFF2806D0164B33F820
S21402D10010004FF6FB739842ECD903A8FEF79EFD7B
S21402D11058B9BDF80C305B0607D5082221460DF13A
S21402D1200E00ECF765FC0028DCD021460B48FFF722
S21402D1303DFF40B14FF6FB724FF6FF7300889042F8
S21402D14088BF1846CEE74FF6FF70CBE7A65B0020F7
S21402D150A64D00203C4D00202C5200206C51002091
S21402D16070B5002204464FF6FB7608460A4B1D7839
S21402D1700A4BD1B28D4201D8002009E01988B1428B
S21402D18007D8A14205D10822991CECF789FA01209A
S21402D19070BD0C330132ECE7CA6400206C510020EB
S21402D1A037B5014605460E48FFF700FF044640B174
S21402D1B0807A29460DF002FB80F00100C0B203B06F
S21402D1C030BD03460090012229464FF6FF70FFF756
S21402D1D01DFEFF2816BF034B2046185CE9E700BF7A
S21402D1E06C510020CF5A00202DE9F341224B044611
S21402D1F01B780F468342154638D9FEF7C5FCB8BBE6
S21402D2004FF6FD739D421D4E0ED004EB440326F8E6
S21402D21023504FF6FF739D421FD12046FEF7CCFCEB
S21402D220002002B0BDE8F0810DF106013846F5F7A0
S21402D2307BFA4FF6FF72BDF806303846934218BFA7
S21402D2401D460C236343F55206EB0308FFF7A8FFBF
S21402D250B0FA80F0400988F80A000C2303FB046049
S21402D260082239460230ECF71BFAD9E72820D8E71D
S21402D27040F60540D5E700BFCA6400206C51002086
S21402D28038B504460D46FFF7BBFC21460448FFF7B7
S21402D2908DFE00B938BD857221460C30F7E700BF17
S21402D2A06C5100200023074A1370074A1370074A7E
S21402D2B0118801B11380064B1A880AB100221A801F
S21402D2C0704700BFEA5B0020E95B00205055002053
S21402D2D04E5500202DE9F04F4C4C9846238889B0D5
S21402D2E005900F4610469DF848A05BB952B10DF066
S21402D2F0CCFE20804FF4FA61454809B0BDE8F04FF5
S21402D3000FF0DABEDFF81C91B9F80050002D69D094
S21402D31028460FF001FEC0F3470428460FF0E0FD52
S21402D320DFF804A10294BAF80030DFF800B10193E6
S21402D330BBF80030054600930022434601203549DB
S21402D3400DF022FFADF81E0010B305EB44080124D1
S21402D350454512D1E4B9BDF81E50CDB12E4B1B780F
S21402D3602BBB2B4600223946059800F043FA0023D1
S21402D370ABF80030AAF800300AE0012329461A4624
S21402D3800DF11E00F4F7F6FB023504460028DFD046
S21402D3900023224AA9F800301378013BDBB213704F
S21402D3A0002BA7D109B0BDE8F04FFFF77BBF0BF00B
S21402D3B07CFF0146284604F085FC0A218046284662
S21402D3C004F080FC0646A64202D8FF2CCFD1C8E75E
S21402D3D0284604F10B0104F075FC8045C1D80134DF
S21402D3E0E4B2F0E70E4C237823B910F049F808B9F6
S21402D3F001232370524641460520F5F757FC0028C4
S21402D400D0D1207009B0BDE8F08F00BF5055002083
S21402D410C463002057700400EB5B0020EA5B002028
S21402D420E95B00204E550020E8540020EA54002014
S21402D43030B5154D87B02C889CB923464FF4A072A0
S21402D44048F2380103A80DF09CFA21462046F9F767
S21402D450F3FB22460D4B009403A9FFF73BFF07B0F0
S21402D46030BD20460BF0B8FD043010F000FA03A9D8
S21402D470044628880EF00EF80023009320462A88D9
S21402D48003A900F065FBEAE75055002000F8FF0705
S21402D49037B5002001A9F9F7CFFB0D4C01462378DA
S21402D4A00C4D7BB10C4B019A1878F9F7DBFB207810
S21402D4B0F7F716F9002323702B700848F4F706FCDA
S21402D4C003B030BD2B78002BF7D0FFF7B1FFF4E79F
S21402D4D0ED5B0020EA5B0020EC5B0020C4630020CA
S21402D4E008B50548F4F702F90448F4F7FFF8BDE872
S21402D4F008400348F4F7FAB8505500204E5500206D
S21402D5004C5500202DE9F04F89B089460446CDE9F6
S21402D51005239DF84870139E30B316F801ABBAF196
S21402D520000F23D00AF1FF34A400E4B231460120F2
S21402D5300AF056FBC00E1BD1DFF838B13146012087
S21402D5400AF04EFB9BF8005034442279BDB1002FFE
S21402D55047D180234846CDE90277CDE900773E4A97
S21402D560059900F047F93CE08246DFE75446DDE7DE
S21402D5701B28ECD9314601200AF032FBE7E7DFF838
S21402D580F880FF2A00EA08080BD14246E379A1791F
S21402D590607901EB032189B209B0BDE8F04FF9F7D3
S21402D5A061BB2E4909688B070AD5FE2A35D10123AD
S21402D5B00135EDB2202D4FEA43030AD1FF250AE0DA
S21402D5C0294628460792F9F737FB4845BFD1079AFE
S21402D5D0EBE79845ECD1224B1B78FF2B04D0AB42ED
S21402D5E004D009B0BDE8F08FFF2DFAD029460020FE
S21402D5F0F3F774F80028F4D09BF800306479002B17
S21402D600EFD1FFF74FFE17484FF410510FF054FDBD
S21402D610154B8BF800501C70E3E7052A97D8BAF131
S21402D620010F94D8B8F1000F91D0002FD9D1737999
S21402D630002BD6D00D49098821B9082B28BF08230C
S21402D6400B490B70434648461292DDE9051209B0B3
S21402D650BDE8F04FFFF73EBE57700400BC3F002007
S21402D6600A650020C4630020EC5B002050550020B1
S21402D670EA5B0020ED5B002000F8FF07014B1880F4
S21402D680FFF7D6BE4E55002037B5184B1B78022B37
S21402D69003D01725284603B030BD00210DF1070040
S21402D6A0F4F798FC05460028F3D1114B1B78013B92
S21402D6B0012B01D90225EDE7F4F7F6FB0028F9D095
S21402D6C009F06EFD0446F4F7EFFB0A4B4FF47A714D
S21402D6D018700B23B4FBF3F203FB12440A34A4B211
S21402D6E0614305480FF0E8FCD4E700BF235B002047
S21402D6F0245B0020145B0020E83E00202DE9F04366
S21402D700384B00241E784FF4F813374FA5B0039316
S21402D7103D78ADF81040F7F78FF8BDF90E30ADF84A
S21402D7201200A342ADF8144006DB304B1C780134DD
S21402D730E4B21C7044F080048DF82C40A946022402
S21402D7404FF000088DF82D60B14529D300222146FE
S21402D7500BA83D708DF82D800BF059FCE8B1B8F19E
S21402D760000F09D000234FF6FC71CDE9000303AA8F
S21402D770FF230620FBF7EAFFB5422FD209F010FD81
S21402D7800B23B0FBF3F24FF47A7102FB13000A305C
S21402D79080B2414316480FF08FFC25B0BDE8F083F7
S21402D7A0484606A902F004FA98B9512C11D804F199
S21402D7B090030DEB0302083406AB013508F10108AD
S21402D7C003CBE4B242F8640C42F8601CEDB25FFA96
S21402D7D088F809F101095FFA89F9B5E70448F4F710
S21402D7E075FADAE7145B0020155B0020EF5B002079
S21402D7F0E83E00200CB42DE9F04F8BB014AA0E467A
S21402D80052F8041B07460992002940F08F80BDF8A3
S21402D8105400ADF82200002800F0A18033794FF6BC
S21402D820F778002B40F0868047458CBF4FF00908FA
S21402D8304FF008084C4B1C78FF2C40F08380B6F95A
S21402D8400230002BA9BF494B347A1C780134A2BFA0
S21402D850E4B21C7044F08004DFF81CB122460021BA
S21402D86004F044FA9BF80030BDF82200002B6CD07E
S21402D870DFF808A14FF00009BAF8003007930FF05E
S21402D8804BFB0546BDF822000FF02AFBEBB2CDE9B2
S21402D8900193FF23CDE90309009322463346394616
S21402D8A00798FCF7F1F84FF6FF7305468BF80090E1
S21402D8B0AAF80030382D33D13246394640460DF1AB
S21402D8C022030AF04DF900284BD04FF6F7739F4219
S21402D8D026D8B6F902307088002B21DA48F2040204
S21402D8E02349244B4FF00008904214BF89469946BC
S21402D8F00BF012FD494603468A220120CDF800802D
S21402D9000DF042FC814658B12246414604F0EEF93B
S21402D910FF23324639464046CDE90098FBF716FF0C
S21402D92028460BB0BDE8F04F02B0704701200DF05C
S21402D93008FC6EE7002347458CBF4FF00608984662
S21402D940337177E7FF221A7086E7CDE90003324685
S21402D950FF2339464046FBF7F9FE0546AAE7192596
S21402D960DEE70546DCE700BF0C650020EF5B002023
S21402D970687004005D700400EE5B002052550020C3
S21402D98070B54FF4003300240546164688B0ADF84D
S21402D9901A100DF10F0204A90593ADF81840ADF860
S21402D9A01C4004948DF80F400AF0B1F89DF80F3031
S21402D9B028460193049B044A009305A93346FFF7C1
S21402D9C019FF08B070BD00BF6170040030B54FF497
S21402D9D08035002487B00395BDF82850CDE90012A3
S21402D9E08DF81030074A034603A9BDF82C008DF8BF
S21402D9F01140ADF81250ADF81440FFF7FBFE07B029
S21402DA0030BD00BF6D700400B1F1006F2DE9F04328
S21402DA1014462CBF392238228BB01D464FF0000325
S21402DA20ADF81E204FF480022CBF4FF00109994634
S21402DA30FF2C0646ADF81C300892ADF824304FEAAB
S21402DA4011471FFA81F80FD10BF0FCFFB9F1000F56
S21402DA5019D1154ACDE9020543463046CDE9007490
S21402DA6007A9FFF7C7FE1AE0FE2C0AD10BF0EAFF61
S21402DA700130C0B20BF0F1FFB9F1000F12D00B4A21
S21402DA8002E0E8B2F8E70A4ACDE903050123304688
S21402DA90CDE90174CDF8008007A9FFF7ABFE0BB005
S21402DAA0BDE8F083034AD5E7657004006B70040096
S21402DAB0647004006C7004004FF498124FF0806398
S21402DAC010B586B0CDE903230023ADF814300BF071
S21402DAD023FC0446F6F7B0FE054B01900093054A78
S21402DAE0234603A94FF6FD70FFF784FE06B010BD6D
S21402DAF0A65B00207170040008B5064B1B78022B4B
S21402DB0002D0043B012B03D8FFF7D6FF002008BD46
S21402DB100220FCE7235B002030B500244FF480652A
S21402DB2087B0CDE900128DF81030084A034603A9E3
S21402DB304FF6FD708DF811400394ADF81250ADF813
S21402DB401440FFF757FE07B030BD00BF75700400E3
S21402DB502DE9F04F9BB00E4605460EA91046CDE9BC
S21402DB600A329DF890700CF064FEBDF838A080462C
S21402DB7050460FF0D1F9B6F902300446002BB6F83B
S21402DB800690B6F802B004DA0022B24B1A700020F1
S21402DB9049E050460FF0C0F94045F5D3A4EB08041F
S21402DBA0E3B2002F18BF4FF4A079152B099328BFB4
S21402DBB015230024013308F1FF325146DBB292B23C
S21402DBC0009414A80FF055FF6FEA4B436FEA5343D5
S21402DBD0A1499DF8502008684968ADF846300FAB59
S21402DBE003C3ADF84840ADF84440ADF84A90ADF8EE
S21402DBF04C20BBF1000F24D10DF15100F4F742FE88
S21402DC00A0B10BF089FB5C4606460DF1590A0DF1F0
S21402DC1051030A9A9AF80080012A2DD157B384F04C
S21402DC20010404F001001BB0BDE8F08F0DF15100B5
S21402DC3001F0B4FB4FF6FF74011B4C4206464C4102
S21402DC40E3E7BBF1010F40F09480BDF851600BF0A2
S21402DC5063FB86420AD030460FA90CF0C0FE80F065
S21402DC600104E4B20DF1530A0FABD2E77B4B0DF180
S21402DC70530ACEE70A9CD4E797B3002C75D1B8F1C5
S21402DC80010F72D837D10BF047FB0BF045FB22464B
S21402DC9006469AF80170714B00210120CDE9006119
S21402DCA002976F490DF070FAADF83A0000285CD082
S21402DCB0002C53D1B8F1010F50D12646DFF8B8A197
S21402DCC09AF800305FFA84F8434538D940460FF098
S21402DCD07FFBC20702D5BFB1013FFFB20134EFE7B7
S21402DCE0B8F1010F05D1002CCDD081229AF801702F
S21402DCF0D2E7002CF9D1B8F1010F94BF002201221D
S21402DD009AF80170D201C7E7404601F017FB0123DB
S21402DD10ADF8340002220DA90DF13A00F3F72AFFFE
S21402DD2018BBBDF83A000FF0F7F8804648460CF0EC
S21402DD30F2FB08F1010801368045F6B2CEDBB6B139
S21402DD4032460C21BDF83A0003F0D0FF00222846E6
S21402DD50BDF83A3011A9FFF74DFD06E00C210DF192
S21402DD603A000DF079F90028F0D001205BE70D218A
S21402DD70F5E70A9B002B7FF40AAF7388342B57D142
S21402DD80099B092B7FF403AF002F7FF400AF9DF9A8
S21402DD9059603A46B41008210DF1510004F02004EF
S21402DDA00BF04CFAD0B12F4B1B78012B3FF4EFAEA1
S21402DDB0022B27D12C4B1B6813F0807F25D12A4BD0
S21402DDC01B685B0201D5002E30DA00232846274A5C
S21402DDD011A9FFF70FFD264B1C70D8E60DF1510076
S21402DDE0F4F750FD0028DED10DF1510001F0D6FA0D
S21402DDF04FF6FF73984208D02146F8F79FFE034677
S21402DE0018B903E0033B012B06D9C8232846174A54
S21402DE1011A9FFF7EFFCBAE6164BB3F86830AB422F
S21402DE20CDD0114B1B6813F0805FC7E78D23EDE75B
S21402DE30099BCDE9059204930DF15103CDE90283C6
S21402DE4031462846CDE9007A0B9B11AA00F058F815
S21402DE509DE600BFE25B002060FB0300A65B00209D
S21402DE6079700400245B0020BC3F0020F8270400E1
S21402DE700B6500203C4D0020D7640020024B18782A
S21402DE8040F08000704700BFEF5B002038B50A4BB9
S21402DE9005461C7824B10BF03FFAB0FA80F4640908
S21402DEA0F8F72AFF08B144F04004E8F73BFC44EADE
S21402DEB04020284038BD00BF1F5B0020014B188061
S21402DEC000207047886400204FF6FF7103460288E0
S21402DED01B798A4217BF074901200A8041881EBF64
S21402DEE0054A00201180FF2B1EBF044A0020137033
S21402DEF0704700BF8464002082640020F05B00202C
S21402DF002DE9F04FB7B09946BDF80431439C0D9306
S21402DF109DF8083183460E93BDF8143120460F93C0
S21402DF209DF81831B1F802A00F4690469DF80051B0
S21402DF3010930FF09CFCBAF1110F064600F28A808D
S21402DF400BF0EAF9B04200F08F80BAF1060F19D151
S21402DF504FF6FD739E423ED0DDB9BC4B1B78033BA9
S21402DF60012B36D930460FF0DBF9FF2814BF892380
S21402DF70812300224146CDE900625846B44AFFF7A3
S21402DF8039FC06E02DB9BAF1030F08D8BAF1010F31
S21402DF900AD80022AF4B1A7037B0BDE8F08FAAF14C
S21402DFA00403022BF5D8D8E7A84B1B78033B012BBA
S21402DFB00DD930460FF0B4F9FF2814BF8923812308
S21402DFC041465846A44A0096FFF714FCE1E7802330
S21402DFD0F6E78023CDE7A14B1B7859074CD40BF00C
S21402DFE09BF90026034632460120994900960DF019
S21402DFF0CBF82379ADF86C000F930028CCD0DDE97E
S21402E0000E320D9803EB42090EF086FF5FFA89F98D
S21402E01009F10507FFB28742BED239460D9803F0D2
S21402E02051FE109007EB40070D980EF075FF8742E1
S21402E030B2DADDE90F321343DBB2002B40F0328254
S21402E040002DA9D12F463A460421BDF86C0003F0F4
S21402E0504DFE76E1814BBAF13A0F1B7811D948F2A0
S21402E0603B039A4508D014E07C4B1B785A070BD525
S21402E070AAF10403022B07D8FB8843F48043FB80F3
S21402E0808AE7BAF11B0F1ED8AAF102039AB2132A24
S21402E0905ED9109B494602930F9B5046CDE900532A
S21402E0A00E9A5B4609F040FD0F287FF475AF0122F9
S21402E0B0684B1A70694B1B789B0740F1D982002D7A
S21402E0C07FF46AAFD8E7AAF11C021E2AE1D801A1A2
S21402E0D051F822F0F9E8020093E0020093E0020011
S21402E0E019E5020093E00200F9E50200F9E50200F4
S21402E0F093E0020093E0020093E0020093E0020045
S21402E10093E0020093E0020093E0020093E0020034
S21402E11093E0020093E0020093E0020093E0020024
S21402E12093E0020093E0020029E6020029E60200DC
S21402E13095E8020093E0020093E00200AFE80200D6
S21402E14093E0020049E902005FE902006DE902007D
S21402E150132B9ED801A252F823F000BFADE10200B5
S21402E16075E2020093E2020071E30200DFDF0200C2
S21402E17093E0020093E0020093E0020093E00200C4
S21402E18093E0020093E0020093E0020093E00200B4
S21402E19093E0020093E0020093E0020093E00200A4
S21402E1A0B3E4020093E0020025E9020000241BAB60
S21402E1B05A4648460E9900931DAB1D948DF86C4046
S21402E1C009F0A6FC0BF0A8F8204B05461B78012B9D
S21402E1D003D0022B14BF02240124E8F7A3FA162860
S21402E1E094BF0020012044EA4014F6F725FB1C4B9E
S21402E1F00646B3F800A0FBF79FFA1A4B07464FF6FF
S21402E200FF70B3F80090FFF741FE174B9DF86C20A5
S21402E2101988124B1B7813F002031CBF134B1B7892
S21402E2200B921D9ACDE90701CDE9093240234146FA
S21402E230CDE9014358460023CDE90579CDE9036AC5
S21402E2400B4A0095FFF7D6FAA6E600BF245B00202D
S21402E2505D700400E25B002068700400C45A00206F
S21402E260886400208464002082640020F05B002022
S21402E2707F7004000BF050F8A34BA44A1B88CDE92C
S21402E280400300234146584637B0BDE8F04FFFF73B
S21402E290B1BAA4781DA9631EDBB2EF2B204610D9B3
S21402E2A0F22C0ED007F04EFF82240BF035F8002336
S21402E2B04146CDE90003964A23465846FFF79AFAA6
S21402E2C06AE607F03FFF002850D00BF025F89DF8CD
S21402E2D078209DF87A100492BDF8762049000392C1
S21402E2E0BDF87420C9B2CDE901429DF879200346F3
S21402E2F05200D2B208320A44009201200022854916
S21402E3000CF042FF9DF87930ADF86C008DF867305E
S21402E31000283FF441AE002601230DF167011A469C
S21402E3201BA8F3F727FC054600287FF435AE9DF8B8
S21402E3306730EAB2934209D89DF87A308DF8673092
S21402E34016B1BDF86C3033E00126E5E731462046CB
S21402E35007F0FAFE0123ADF8680002221AA91BA8EC
S21402E360F3F708FC01350028E1D015E683249CE784
S21402E3700AF0D2FF044607F006FF2346009000226A
S21402E380012063490CF000FF00283FF405AE00258B
S21402E3902C46ADF8740007F0F6FEEEB2B0420DD889
S21402E3A022460421BDF8740003F0A0FCBDF87430C8
S21402E3B0002241465846FFF71DFAEDE5304607F0C3
S21402E3C0BFFEFF288DF86C000AD0012301341A46DE
S21402E3D01BA91DA8E4B2F3F7CDFB00287FF4DCAD41
S21402E3E00135D8E75046B4F8029007F0A9FEFF2898
S21402E3F08DF8680000F0CF821DA907F0A3FEBDF8D5
S21402E40074304B4507D04FF6FF72914540F0C382F9
S21402E4101B0400F1C0829DF8793012930E9B0533DF
S21402E420DBB213930F9B1493002311934FF0000952
S21402E4304B4613E017934900139BC9B219440D9833
S21402E44089B20CF044FE4FF0000A179B1590129901
S21402E4505FFA8AF28A4217D309F10109149A5FFA1F
S21402E46089F19142E6D39DF87A201292169A139277
S21402E470002B40F08582119B002B40F08C820123FA
S21402E4801193109B1493D1E711999DF86800179386
S21402E49007F05AFE159A179B0AF1010A824208BF34
S21402E4A00123D4E709F106095FFA89F33746169382
S21402E4B072E2A71C39463046A57A08F089FE012288
S21402E4C039463046FAF7D4FB30460CF0DEFB3846C7
S21402E4D000F064FF2288824207D04FF6FF72904215
S21402E4E003D00EF01DFF0CF010FB85F00804C4F3F9
S21402E4F0C00421463846FEF7C3FE2146384637B0EA
S21402E500BDE8F04F09F03DBB866400208C70040025
S21402E5105D70040090700400AD4B1B78033B012B2A
S21402E5207FF63AAD0AF0F8FE58453FF435AD08F0EE
S21402E53037FE0B23B0FBF3F24FF47A7102FB1300A3
S21402E5400A3080B24143A3480EF0B6FDF3F7ACFCA6
S21402E55000283FF421AD0123002218469E4994F874
S21402E56000A00CF011FEADF8680000283FF414ADD0
S21402E5700026354634460E9B1BAF01330E93F2B28D
S21402E580524514D3002C3FF407AD01232A461DA999
S21402E5901AA8F3F7EFFA00287FF4FEAC224602210F
S21402E5A0BDF8680003F0A2FBBDF8683000E74FF044
S21402E5B000090E99D200D2B20A4408230D993846B1
S21402E5C0CDF800900FF055FA394648460EF078FE20
S21402E5D0FF280FD0814B1B5C0F2B0BD997E803004B
S21402E5E005F1D8036B44643B83E803000835013425
S21402E5F0EDB2E4B20136C2E7002D7FF4CDAC1807C7
S21402E6003FF53AAD534622464146584603F066FE6B
S21402E61000287FF4C1AC842341465846704A37B07E
S21402E620BDE8F04FFFF7E6B823780F9810930BF08B
S21402E63072FF00210646584604F0BAF9644BBAF156
S21402E640310F1B780746A3F103030BD1012B13D915
S21402E650644B654A1B7812781344DBB20D9316237B
S21402E6600E930DE0012B03D9604B1B780D9353BB21
S21402E670002D7FF491ACCEE701231621CDE90D31B2
S21402E6800024109B224600930120234658490194F9
S21402E6900CF07AFD00283FF47FACF61BF3B2264658
S21402E6A0544FDFF85C911193ADF86C000F940D9BFC
S21402E6B0E5B2AB4209D832460221BDF86C0003F03F
S21402E6C015FB0F9AC0E40523CAE7162200211DA8EF
S21402E6D0EBF73CF9BAF1320F3DD13B7903F0030276
S21402E6E0032A21D18DF87620109B0136F6B2B3426A
S21402E6F015D2BDF86C000EF00FFC0E9B1844119B51
S21402E70098420CDC01230E9A1DA91BA8F3F732FAD5
S21402E71000287FF441AC0F9B0133DBB20F93013428
S21402E720083709F11209C2E7B9790029DCD1324962
S21402E730C3F3C203CB5C1DA8012A08BF43F0010342
S21402E74039888DF876300FF094F879880DF17700D5
S21402E7500FF08FF8C8E71DA80BF0F6F84FF0FF335E
S21402E760CDE91F331F4B1B78AB4261D999F80430B1
S21402E7706F2BD4D828461FA9F4F7D0FF0028CED096
S21402E7801E4BB9F80020B3F8683092B9003B18BFA8
S21402E79001235B0143F004038DF8863002238DF8D3
S21402E7A08730B9F802301B0A11468DF8893021A845
S21402E7B0CEE79B1A18BF01235B0143F005038DF8D1
S21402E7C0863002238DF887300F238DF88830E8E7ED
S21402E7D0245B0020E83E00209A700400C85A0020FD
S21402E7E0F82704001D5B00201C5B0020D564002077
S21402E7F0987004003E54002090BB04003C4D00205C
S21402E800C45200200132D2B2551EEDB228461393EE
S21402E81012920EF0DDFDDDE9122310F0010FF1D0A9
S21402E82063490978611A994205D00133DBB2E9E7F8
S21402E83001220023E8E75F4B1FA918782844C0B2DC
S21402E840F4F76CFF00283FF46AAF284600F076FD26
S21402E850129028460EF0BCFD10F0010F129A0FD14E
S21402E86016238DF88630544B1B780133DBB20F2B00
S21402E87028BF0F238DF88830504B33F8153092E7B7
S21402E880284612920EF0A4FD10F0020F129AE7D15B
S21402E8901223E6E71A073FF5EFAB23465A464146F0
S21402E8A00F9803F073FD00287FF476ABE0E695B18F
S21402E8B0434B1B78033B012B7FF66EAB0AF02CFD15
S21402E8C018B9BBF1000F7FF467AB207837B0BDE80C
S21402E8D0F04FF5F721BE0AF01FFD20B1384B1B782A
S21402E8E0033B012B01D8802396E62B464146584629
S21402E8F0344AFEF77FFFE8E70AF00EFDB0427FF4E7
S21402E9004BABA01CF3F7BEFF00283FF445AB0AF062
S21402E91003FD04460AF000FD2B4B2C4ACDE94003CA
S21402E9202346AFE420460EF0A2FFFFF7AFFA002818
S21402E9303FF432AB4090002341465846244A37B053
S21402E940BDE8F04FFEF756BF4B46424659460020FA
S21402E950CDE9405437B0BDE8F04FFEF7D3BD4B4685
S21402E960424659460120CDE94054F3E72B464A4633
S21402E97041465846409437B0BDE8F04F09F006B914
S21402E98001231AA91A461BA8F3F7F4F800287FF405
S21402E99003AB0137FFB2013607F0F5FB5FFA86FAE2
S21402E9A050453FF61FAD002F3FF44AABFFF74BBB77
S21402E9B01D5B0020D0640020D75B0020C6540020D8
S21402E9C0245B0020F8270400A65B00209D7004004C
S21402E9D068700400F8B5164B04461D88154B20F8DF
S21402E9E0025B196879B10822EAF75AFE124B0C202C
S21402E9F01B78124EA372124B19780023DAB2914298
S21402EA0005D8FF2209E0C4F802104160EEE70133A0
S21402EA1000FB03F7F75BAF42F0D10A4BE2721B78BA
S21402EA202373094B1B786373084B1B682361F8BD7D
S21402EA3060550020584E0020F15B002060510020F7
S21402EA40CA640020D35B0020D25B0020444E002024
S21402EA50F0B589B006460C4615460CF00AFD0DF1D7
S21402EA600A02014630460CF09CFB144F0346F0B9EE
S21402EA7001223A702288BDF80A102AB10246009096
S21402EA80072006F0FDFA90B103A8FFF7A3FFBDF832
S21402EA900A000EF041FA0646BDF80A000EF020FA09
S21402EAA021460090F3B2284603AA08F0C3FB0023CF
S21402EAB0034A3B70136009B0F0BD00BFF25B002052
S21402EAC0584E002073B5ADF806000DF106000AF0A8
S21402EAD0B0FA014608B102B070BD0DF106000AF0A8
S21402EAE0F1FA04460EF0FCF9C67A002EEDD1204665
S21402EAF00BF086FFFF28E8D00EF052FC054BD3F849
S21402EB008850002DE1D03346224641213046A847A0
S21402EB10DBE700BF3C4D002073B5002200210C202D
S21402EB2000F0C2FC002119480EF006FF012504463B
S21402EB30164E84B120460BF063FFFF2805D121460E
S21402EB4030460EF01DFF0446F3E70422002300952C
S21402EB5000F07EFCF3E721460D480EF0EDFE01259F
S21402EB6004460B4E0CB902B070BD20460BF048FFAF
S21402EB70FF2804D008220023009500F069FC2146F5
S21402EB8030460EF0FDFE0446ECE700BF645500205A
S21402EB90665500202DE9F84F10460E461746994650
S21402EBA00AF028F9254A264B0021B0F5006F14BF5B
S21402EBB09046984640460EF0BFFE4FF0000A0446C6
S21402EBC0DFF880B00CB9BDE8F88FBC4228D12046E9
S21402EBD00EF086F9857A80F80BA0013DEDB28572BB
S21402EBE016B13F2E00D02DBB0EF06CFC054620461B
S21402EBF00AF000F9B0F5006F4FF00002214615D179
S21402EC000F480AF07EFAFFF787FF28460EF055FCFB
S21402EC10DBF8885025B14B463A4631460020A847D5
S21402EC20214640460EF0ACFE0446CBE703480AF007
S21402EC3068FAEAE7FFF770FFF2E700BF66550020C2
S21402EC40645500203C4D002000232DE9F34706467C
S21402EC500F464FF6FF78284CDFF8A090ADF8063046
S21402EC6020460AF0E6F9054648B9294620460EF03F
S21402EC7063FE82460EF034F90389B34217D94C4537
S21402EC8001D1FFF749FF002120460EF055FE05464A
S21402EC9007F1FF3A5FFA8AFAD5B94C4516D1BDF8A4
S21402ECA00600FFF70FFF404602B0BDE8F0877B1E66
S21402ECB0DBB2FD2BD4D9294620460AF003FA2A46AF
S21402ECC051460DF106000EF03DFEC9E74C46C7E779
S21402ECD0BAF1FD0F09D928460EF002F903899B1BEB
S21402ECE09BB2984528BF98460381294620460EF0D7
S21402ECF047FE0546D0E700BF665500206455002053
S21402ED0008B50EF0C5FC0B4AFF2113881080C31A03
S21402ED1098B2FFF799FF4FF6FF73014699420648ED
S21402ED2003D1BDE80840F2F7D1BFBDE808400EF0B7
S21402ED30C3B900BF68550020E4630020174B0028C3
S21402ED402DE9F041164D18BF1D460F4628464FF0D6
S21402ED5000010CBF4FF008084FF002080EF0ECFD61
S21402ED60044610B92046BDE8F08120460EF0B8F8F9
S21402ED70C37A064623B1214628460EF001FEEFE787
S21402ED8020460AF066F8424601463846EAF730FE62
S21402ED900028F0D1B378002BEDD1E3E764550020CC
S21402EDA066550020014B1860704700BF5C4E00207D
S21402EDB010B504460548F2F789FF0023044A13807B
S21402EDC0044A1380044B1C8010BD00BFE46300207D
S21402EDD066550020645500206255002008B5044898
S21402EDE0F2F784FCBDE808400248F2F77FBC00BF99
S21402EDF066550020645500202DE9F34104468846F6
S21402EE000EF046FC324B074620461E880BF0F8FDF5
S21402EE100546204609F0EEFFB0F5006F32D1FF2D11
S21402EE2006D00123042200932846002300F010FB9C
S21402EE30B8F1000F1DD10EF045FB214605462548C8
S21402EE400AF0FCF828460EF038FB23480EF0A2FD26
S21402EE50224BA8B31988711A17FA81F086B2204697
S21402EE600EF03EF8032306818372002002B0BDE84E
S21402EE70F0810EF027FB00222146054615480EF0CB
S21402EE8061FDDFE716480AF00BF904281ED8FF2DAD
S21402EE9006D00123082200932846002300F0D8FA61
S21402EEA0B8F1000F05D10EF00DFB214605460C48C1
S21402EEB0C6E70EF007FB0022054621460848DEE7B5
S21402EEC0314605481F800EF0F7F8C8E71C20CDE74C
S21402EED06255002064550020E46300206855002037
S21402EEE0665500202DE9FF4708460C4609F067FFE5
S21402EEF000F48058204609F0E8FF0546204609F04F
S21402EF00BBFFB0F5404F1BD1B8F1000F14D0294615
S21402EF100020FFF713FF054670B10DF0E1FF002356
S21402EF20404A81780446009218462A460193F1F731
S21402EF30A5FF08B90123E372012004B0BDE8F087FB
S21402EF4028460EF094FC81460EF0EAF9FF280746A2
S21402EF5037D00125A0F12006C0F12003324925FA58
S21402EF6003F305FA06F61E438540D1E900232A4339
S21402EF703343C1E900230EF0EDF9044638B13846B2
S21402EF800EF026FA10F00C0F14BF01240024B8F17C
S21402EF90000FD1D04FF0000A03A90120ADF80C9063
S21402EFA0FFF7CCFE81460DF09BFF8046B9F1000FBD
S21402EFB01ED1BAF1000F14D1FF2FBDD0002CBBD149
S21402EFC028E01A4B1B684BB148469847044628B1BE
S21402EFD0B8F1000FB0D000252E46DBE7B8F1000FDF
S21402EFE001D10020A9E7002501242E46A246D3E738
S21402EFF074B100230B4A8178009218464A46019360
S21402F000F1F73CFF002897D1012388F80B3093E7ED
S21402F010FF2F91D0064BD3E9001229433243C3E9AE
S21402F020001289E795EB0200601600205C4E002075
S21402F0305816002038B5044609F0DCFE0546204680
S21402F04009F007FFA5F500630446014658425841F9
S21402F050FFF774FEB0B9B5F5006F01D0002038BDD9
S21402F06020460EF004FC0EF05BF9FF28F6D0064BA5
S21402F07000B21B6833F8100000F4E260003818BFD4
S21402F0800120ECE70120EAE7604E00202DE9F74375
S21402F0904FF000090746ADF804900EF099F910F00B
S21402F0A00C0F29D04FF00208154D2B88A5F80090BA
S21402F0B0ADF806300DF1060009F0BBFF044630B18C
S21402F0C0B8F1010F14D04FF001080E4DEDE72146BE
S21402F0D00DF1060009F0F6FF06460BF091FCB84269
S21402F0E02246314614BF284601A80EF02BFCE1E763
S21402F0F0BDF80400FFF7E6FC03B0BDE8F08300BFEE
S21402F10066550020645500202DE9F04FDFF8208177
S21402F11085B0D8E9003213437CD105B0BDE8F08F44
S21402F12002EA040103EA0700014327D022EA0402A6
S21402F13023EA0703C8E90023DAE9002304EA020502
S21402F14007EA030C55EA0C056FEA04006FEA0701AA
S21402F15024D130460EF03CF9C2070FD530460EF0E9
S21402F1601FF9DBF89C30002B45D11D46304600F0D7
S21402F170E5F8DBF884300BB12946984724197F411D
S21402F18009F10109284B5FFA89F61B78B342C4D904
S21402F190D8E9002352EA0301C2D1BEE702400B407F
S21402F1A03046CAE900230EF013F9C307E6D51F4B13
S21402F1B030461B6833F8163003F48873102B10D0D1
S21402F1C00EF0EEF8DBF89C3013BB1D46012310222E
S21402F1D000933046002300F03BF90020F1F7BCFD17
S21402F1E0C4E70EF0DDF8DBF89C300125002BBDD01D
S21402F1F00122039502E000252A4603950392002188
S21402F20030469847039A002AB0D0002DAED1DDE7EB
S21402F2100025EDE74FF0000901244F46DFF814A061
S21402F220DFF814B0AEE700BF0D650020604E002088
S21402F23060160020581600203C4D0020F8B5034604
S21402F240084613B309B3402A1FD8114900260B609B
S21402F25010490027086010494FF0FF350A70002158
S21402F2600C460433914205DB00215200EAF76EFB9E
S21402F2700020F8BDC3E9036703F8044C23F8024CE8
S21402F2801D605D6001311833ECE72120F1E700BF15
S21402F290644E0020604E00200D650020F0B5144C30
S21402F2A0DDE905672568EDB1F0B9124800788842B5
S21402F2B01AD901EB41014FEAC10C05EBC10415F85E
S21402F2C0311011B92169C90710D4002005F80C00C5
S21402F2D062801A6846F0010662605A68C4E90467EA
S21402F2E0A260F0BD0220FCE72120FAE72E20F8E714
S21402F2F0644E00200D6500200E4B30B51A68A2B190
S21402F3000D4B1B78834212D900EB400002EBC00380
S21402F310C100002400200025C3E9044550544FF0E4
S21402F320FF3258805A609A6030BD0220FCE72120E6
S21402F330FAE700BF644E00200D650020094B1B68EB
S21402F34063B1094A1278824208D900EB400003EB07
S21402F350C0031A69D20701D5588870474FF6FF7066
S21402F360704700BF644E00200D650020094A034620
S21402F370106870B1084A12789A4209D903EB43031F
S21402F38000EBC303186910F0010002D0181D704785
S21402F39000207047644E00200D650020F8B50E4B25
S21402F3A005461C6834B128B100260C4B1F78F3B210
S21402F3B09F4202D84FF6FF7009E008222946201D18
S21402F3C0EAF716FB20B92369DB0701D56088F8BD8A
S21402F3D001361834EBE700BF644E00200D650020AE
S21402F3E00C4B1B689BB14FF6F77291420DD80A4A36
S21402F3F01278824209D900EB400003EBC0031A6977
S21402F400D20704D500205980704721207047022079
S21402F410704700BF644E00200D6500200A4A03466E
S21402F420106878B1094A12789A420AD903EB430364
S21402F43000EBC300036913F0010003D0C3F300100E
S21402F44070470020704700BF644E00200D65002004
S21402F45070B51C46124B9DF810601968D1B1114B5D
S21402F4601B78834218D900EB4000551E01EBC00101
S21402F4702543D1E9040301D0C5070FD52EB11043A9
S21402F4802343C1E90403002070BD20EA020023EAF8
S21402F4900403F6E70220F7E72120F5E72D20F3E73D
S21402F4A0644E00200D650020134BF0B51B6803B3B5
S21402F4B000266FEA000C6FEA010E104C2778F4B2B1
S21402F4C0A74201D80020F0BDD3E9044514F0010F8D
S21402F4D007D014F0020F04D132B104430D43C3E93E
S21402F4E0044501361833EAE70CEA04040EEA050579
S21402F4F0F5E70220E7E700BF644E00200D65002016
S21402F5000B4B70B51B682BB100240A4A1678E2B280
S21402F510964201D8002070BDD3E9042502400D4072
S21402F5202A4304F1010403F11803F0D00120F2E7A4
S21402F530644E00200D6500202DE9F0470026FF27C7
S21402F540B246164DDFF8588098F800305FFA86F912
S21402F5504B4502D83846BDE8F0872B792F2B0FD9BA
S21402F56028460AF008F92B796C7903F0070304F0B1
S21402F570030483422CBFE4182418E4B2A24506D939
S21402F5805446B946A2464F4612350136DCE728886D
S21402F59001F0A6F80028F3D1F4E700BFC452002019
S21402F5A01D5B00202DE9F04F89B0814609F077FCFB
S21402F5B0029048460BF068FE0024411C054689B2BC
S21402F5C0484602F07FFBA246A346A046274600F026
S21402F5D01F00023500EB4000EAB27D4E50FA85F578
S21402F5E0EDB2AA4274D9DFF8FCA19AF8003033B122
S21402F5F0A400E4B2B4FBF3F4042C08BF032402987C
S21402F600F3F7C4FD054600283CD1FFF795FFFF2817
S21402F6105BD0704B05B2049018780AF093F88742D4
S21402F6202CBFE1192118002F14BF01230223684EB4
S21402F63005EBC50506EB450553FA81F32846039309
S21402F6400AF099F895F804C06B790CF0070103F0FC
S21402F650030388422CBF1B185B18039ADBB29A423C
S21402F66033DA049A2FB921B19AF80030033B5B458E
S21402F6702BDC104602990AF026F805B205EBC50502
S21402F68006EB45052B791E09002F00F081803946CE
S21402F69028460AF09AF8032128460AF09CF8B8F1A0
S21402F6A0000F09D1002E40F0868007F079FDC0F3E6
S21402F6B00B0149480DF000FD6B79484623F0030321
S21402F6C01C446C7109F080FBA87309B0BDE8F08F8A
S21402F6D050D0424B49461B8807A8ADF81C304FF065
S21402F6E000038DF81E3000230093032303920EF0CE
S21402F6F0C0F99DF81E30BDF81C101B09039A18BFEE
S21402F70008F10108CDE9041318BF5FFA88F80392DE
S21402F71009F002FE0499039A8842059B03D19DF8DC
S21402F7201E7007F00F072E4890F800C016E016F875
S21402F7300E0C10F0070003D00BF1010B5FFA8BFBE7
S21402F740AA4207D036F812EC8E4503D113B108B19F
S21402F7500134E4B20AF1010A5FFA8AFAAA4206F111
S21402F76012060BD1D4450FD916F80E0C10F007006E
S21402F770E2D1EFE700234FF6FF71D4E736F8120C1A
S21402F780884201D8D445D2D80332123ED2B228E7F4
S21402F790022E14D95B0707D0394628460AF01BF812
S21402F7A0B8F1000F81D087E7032128460AF013F844
S21402F7B0B8F1000F80D1062E3FF677AF7CE73146D0
S21402F7C028460AF008F858EA06063FF46EAF73E7D2
S21402F7D0C4520020D35B0020283F002098BB0400C0
S21402F7E01D5B0020D06400202DE9F043082300248E
S21402F7F085B08DF808300646022301214FF6FC70CC
S21402F800CDE9004402AA0BF01BFDADF80A00D8B100
S21402F8102746DFF8A080DFF8A09099F80020E3B230
S21402F8209A4224D8BDF80A4020460BF02DFD411C12
S21402F83047F06002204689B202F058FA0022BDF86C
S21402F8400A001146F4F736FA07F0AAFC184AC0F383
S21402F8500B01137801F55A51013113B1013B8908A6
S21402F8601370304605B0BDE8F0430DF025BC18F81D
S21402F8700E5C6F2D17D8404630F8123D2D01ADF8BC
S21402F8800C3009F078FF05F0700528448DF80E005C
S21402F8900123032203A90DF10A00F2F76BF90028EF
S21402F8A0D2D10137FFB2013408F11208B5E700BF22
S21402F8B0195B0020D65200201D5B002010B5054CB7
S21402F8C02046F2F703FA2046BDE8104000210DF06C
S21402F8D0F3BB00BF283F00202DE9F0432A4D87B036
S21402F8E0F6F7F8FB2A7829492948FFF7A7FC0921E9
S21402F8F02A782848EAF72AF80026244FDFF89C8060
S21402F900DFF89C902B78F4B2A34202D807B0BDE889
S21402F910F08304F582300B2203A900F5C070DCF7F1
S21402F9207FF84FF6F670BDF814209DF81630511E7B
S21402F93089B2814215D80020C3F3C003DB1840EB1E
S21402F9400001CDE90031214603ABFFF7A7FC0028F2
S21402F950DCD14FF4805327F8143048F8240029F8F5
S21402F960140004F5833001220DF10A0100F58070BF
S21402F970DCF756F8BDF80A20064B01361A558022E7
S21402F980054B1A55BEE700BFD7640020D4540020AA
S21402F99080130020C85A00200A5B0020CC3D0020BD
S21402F9A0C654002010B50A4B1C780DF0B9FCFF288F
S21402F9B00DD0012C38BF0124064A230232F810105B
S21402F9C019B101EB1313A3EB111322F8103010BD7B
S21402F9D0D35B0020C65400202DE9F04700250646DA
S21402F9E00F46AA46DFF84490DFF8448099F80030C4
S21402F9F0ECB2A34202D85046BDE8F08720460DF08E
S21402FA00E7FCC2070CD520460DF0E2FC830707D4BC
S21402FA1038F8143037B133434FF0010A28F814305F
S21402FA200135E3E723EA0603F6E700BFD7640020C2
S21402FA30D454002010B5084B084A1C780023D9B2CB
S21402FA408C4201D8002010BD32F8021B013330EA86
S21402FA500101F4D10120F6E7D7640020D454002037
S21402FA60F0B50C464FF6F77187B08A4286461D46B9
S21402FA709DF8306002D9002007B0F0BD59681868BA
S21402FA800DF10C0CACE803002C49ADF814200978F3
S21402FA90A142F0D900218DF81660B61006F00206D3
S21402FAA00191704621460096FFF7F8FB0028E2D146
S21402FAB0234B244A43F824009DF83830224E1B027A
S21402FAC022F814304FF4A04304F582300B2226F8B5
S21402FAD0143003A900F5C070DBF7CEFF9DF8343072
S21402FAE01A4913F0040F17BF0123194B0B5536F8AA
S21402FAF014300CBF1B7843F0080304F583300CBFA8
S21402FB000B5526F814300122214400F58070DBF7ED
S21402FB10B3FF00210F4B104A1B782846234442F8B5
S21402FB202310E7F701F80D4B1855284607F086FC18
S21402FB300B4A01201378013313709DE7D764002027
S21402FB40CC3D0020C6540020D4540020C85A0020C1
S21402FB50C0640020D0640020F83C00200A5B00202D
S21402FB601C5B0020054B1B78834206D90021044B00
S21402FB70044A1B78034442F823107047D7640020D7
S21402FB80D0640020F83C0020074B084A187800236F
S21402FB90D9B2884200D870471188013321F48051C7
S21402FBA022F8021BF4E700BFD7640020D4540020DA
S21402FBB030B585B004460D46E6F7AEFDA04202D843
S21402FBC0172005B030BD20460DF002FCC007F7D561
S21402FBD004F582300B2201A900F5C070DBF720FF86
S21402FBE09DF80E2001AB03CB69609107286030D4E4
S21402FBF012F0080F0CBF042303232B722046FFF7D4
S21402FC009DFB154B68811B5D20466B730DF0C8FB90
S21402FC10124A2873135D4FF47A7103F00F03AB7325
S21402FC20135D002013F00F031FBF03F1FF32022300
S21402FC3093403C2218BF5343094A08BF0A2352F88E
S21402FC402420B2FBF1F29A422CBF00239B1A2B61AE
S21402FC50B7E70223D1E700BF0A5B0020C85A00209C
S21402FC60CC3D0020F8B51F4E04463378834237D089
S21402FC70FFF764FB4FF6FF77B84231D02046347068
S21402FC80FFF704FA2046FFF759FB054609F044FB46
S21402FC90012301461A4628460BF08FFC2046FFF742
S21402FCA02BFB0546E0B9104A1378013B1370F4F7B4
S21402FCB0B5FB294620460AF007FF80220B4B20465A
S21402FCC023F814500A4B1A550A4B23F8145009F01D
S21402FCD0AEFA2A46394611200DF090FDFF23337006
S21402FCE0F8BD00BF0E6500201C5B0020D454002027
S21402FCF00A5B0020C65400202DE9F04F0E4615463A
S21402FD004FF000098BB01F469DF854309DF850A066
S21402FD10DFF84CB1049005939BF800205FFA89F453
S21402FD20A24207D84FF6F7739D421CD817F0020B73
S21402FD303FD01AE02046FFF701FB804604F58230EA
S21402FD400B2207A900F5C070DBF76AFE4FF6FF72BA
S21402FD507EB9904516D14FF6F7729DF82630954239
S21402FD6003F0EF0311D94FF6FF7528460BB0BDE836
S21402FD70F08F904506D00822304607A9E9F738FEEC
S21402FD800028E8D009F10109C6E79F4207F00208F9
S21402FD902CD0F3F70FFC002857D12D4B2D4A1B7899
S21402FDA0234412F823B020460AF0AFFEB8F1000F43
S21402FDB0DBD1E6F7B1FC284B1B788342D3D0002177
S21402FDC008460DF07DFAFF280446CCD0059B014676
S21402FDD0CDE901A32A46334604980097FFF740FE72
S21402FDE00028C0D0F4F71AFBD8460FE02046FFF7EB
S21402FDF0A5FAA842CDD1B8F1000FB6D13046E6F743
S21402FE0093FE164B1855304607F018FB514620460F
S21402FE100AF02EFE2046FFF791FA054609F07CFA14
S21402FE2000230146012228460BF0C7FBF3F7C2FB6C
S21402FE3028B9074B074A1B78234442F823802046FA
S21402FE400BB0BDE8F04FFFF779BA4FF0000BAAE708
S21402FE50D0640020F83C00201C5B00200A5B0020D7
S21402FE60D7640020F8B50026104F3C78F5B2AC42B5
S21402FE700FD800250E4B6400224629460D481D70F9
S21402FE80E9F764FD22462946BDE8F8400A48E9F744
S21402FE905DBD2846FFF7FAF8002128460AF014FE50
S21402FEA02846FFF729FA0136DFE700BFD7640020AD
S21402FEB01C5B0020D4540020C6540020024B802134
S21402FEC01A780248E9F742BDD76400200A5B002090
S21402FED038B50DF025FAFF28044616D00B4D35F836
S21402FEE010301B0711D50A4B0A491B7801220B5406
S21402FEF0014400F5833000F58070DBF7BDFD35F870
S21402FF00143023F0080325F8143038BDD4540020EA
S21402FF10C0640020C85A00202DE9F04F794B0546F0
S21402FF201B788946022B17468BB004D00026304633
S21402FF300BB0BDE8F08F0DF095FD06460028F5D112
S21402FF404FF6F9739D4262D04FF6F8739D4276D013
S21402FF502B0A28460DF11E018DF81C308DF81B5019
S21402FF60F2F708FC002814BFB0464FF02008B3464C
S21402FF7014BF06230E23022229463846039300F0B6
S21402FF80EBFC01220446039B002840F0B880DFF811
S21402FF9080A18DF818209AF800204946CDE9000085
S21402FFA08DF81A208DF81D0006AA4FF6FC708DF803
S21402FFB019800BF045F981460028B7D009F0ACF954
S21402FFC0B8420FD0484609F007F8394604300DF01B
S21402FFD050FC384604A90AF002FD70B1484604A94E
S21402FFE00BF0BCF9484B1B78033B012B2BD84FF682
S21402FFF0FF71484609F0C5FD06469AF80030FF2B09
S2140300000EBF01230133DBB28AF800308FE74FF0CF
S21403001008084FF0200B3C4B1B78033B012B85D97C
S21403002009F07AF9B84281D109F076F9FC238DF804
S2140300301B30FF2305468DF81C3006239BE74FF045
S2140300401008C346E7E70AF029FE80460028D4D006
S21403005009F062F9A8422DD12C4B1A7852BB032122
S2140300604846F3F727FE0028C7D09AF80030A8F8CA
S214030070007088F80430002388F8053088F80830C4
S21403008009F04AF9A84202D1204B1B7853B109F074
S21403009043F9B84206D12CB1237923F0030343F086
S2140300A00103237100224FF6FF710C200DF0A6FB0F
S2140300B00126A2E75946284608F1070200F078FC15
S2140300C00446002899D0002203214846F3F7F2FDA0
S2140300D00028CAD1237903F00303012B8DD109F03D
S2140300E01BF9A84203D1094B1B78002B85D0237933
S2140300F043F0030323714FF6FF7323807DE7164611
S21403010015E700BF235B0020245B00200F6500205B
S214030110F35B002037B50E4B05461B780C46033BB6
S214030120012B11D9E6F71CFB01280FD0821E534280
S2140301305341590128460DF1070200F039FC18B166
S214030140002144800AF091FD03B030BD1021F1E791
S214030150245B00202DE9F0438BB0857AB0F8069037
S21403016004460E46174609F0D7F88145804605F043
S214030170400541D10021608809F012FB0246002E9B
S21403018044D1082304A9C14501EB03060CBF234948
S21403019002A90868496803C6A2B3022100268DF89F
S2140301A0172001228DF81010217A45F020058DF8CE
S2140301B01210A18808338DF81310090A8DF814104D
S2140301C0E188CDE900268DF81510090A8DF816107A
S2140301D06088314604AA8DF811500BF031F80546B5
S2140301E080B1618808F02FFE79003246284601F078
S2140301F0FE01F3F75FFD06E0E08802A90AF0EFFBD5
S2140302000028B7D100200BB0BDE8F08330687168D2
S21403021006AB03C345F010051023B3E7A65B002027
S2140302202DE9F74389461E460746904608F0D4FE56
S21403023000210446304609F0B3FA054609F10701E2
S214030240384601F02DFD7DB1B8F1000F02D10378D9
S2140302501D44EDB2057063781A0716D56946304615
S214030260F2F788FA024618B1002003B0BDE8F0831F
S2140302700821684608F0E2FF0028F5D120460BF077
S21403028040F808226946E9F70BFA09F045F80146F3
S214030290201D0DF0EEFA6378DB0603D538460C49CD
S2140302A00BF05CF83146A01C0DF0E3FA31463846F5
S2140302B008F0C9FD074A13780133DBB21370E37104
S2140302C0A3790BB10120D0E70123A371FAE700BF9E
S2140302D0A65B0020215B0020FF232DE9F04F8FB0A3
S2140302E08146164605918DF822301AB301230BAAD0
S2140302F00AF02EFC9DF836500446EF0625D5002757
S214030300059BBDF8308003F108024946D2B20823A4
S214030310009709A8CDE909770DF0ABFB3A464046AE
S21403032009A9F8F7A5FC002840F08C80A90627D574
S21403033010220DE013460BAA0AF00AFC9DF836506D
S2140303400446A80663D5062202E0AA0618D50822A4
S21403035000230599BDF832700A44CDE909334946AE
S2140303600093D2B2082309A80DF083FB384686F023
S214030370010209A9F8F77CFC002863D1002E46D0B9
S214030380BDF8307008F0C8FF874249D038460DF0F4
S21403039069FB8046002E45D1BDF82EB00021584695
S2140303A009F0FEF9BDF82C300390184606930DF0BD
S2140303B059FB064608F0B0FF069B834242D0B64B75
S2140303C01B78033B012B3DD915F04003049339D129
S2140303D0039B0BB9002E35D09DF83570039B05F0B3
S2140303E018051F44FFB2082D8DF835706CD12023F5
S2140303F00493002C40F041810AF050FC054608B3F4
S214030400002E40F0B28033460126B24674E0BDF8B3
S214030410327008F081FF8742B8D14FF00108BBE77E
S2140304204FF00108002C43D09C4BE279678803EB1E
S214030430C20633F83220BDF832309A4205D04FF662
S214030440FF7323800FB0BDE8F08FBDF82EA0B8F180
S214030450000F08D0002130460AF007FCA6F802A0D9
S2140304600AF015F9EEE7BDF830000AF006FC05467B
S214030470414630460AF0F9FBA6F802A0884E2DB195
S214030480414628460AF0F1FB63886B800AF0FFF8C2
S2140304903378002BD6D03B46002248460599FFF713
S2140304A0BFFE0028CED03946484609F06AFBC9E7A6
S2140304B00AF0EDF87A4B1B78002BC3D0B8F1000F87
S2140304C0C0D14FF6FF77E6E7102D01D1049590E7EC
S2140304D0B8F1000F8DD1002C3AD0C2460021BDF8EA
S2140304E032000DF1220200F063FA03460028A9D079
S2140304F0002E40F0CA8025460499BDF830000DF161
S2140305002302079300F054FA044600289AD0644A5C
S214030510079B1278002A78D0BAF1000F26D102463C
S2140305202C466179B9427ED92546A4F802B0677194
S2140305301446002B00F09E809DF82230EA799A42FA
S21403054000F09880002E40F08E80EB7100253FE08F
S2140305500AF0A4FB044600283FF474AF4FF0010AE8
S214030560BCE7002201261346DBE70126B8F1000F9D
S2140305701ED106F015FE7E23B0FBF3F202FB13003A
S21403058005993A4605315FFA80FA484601F0AEFB14
S2140305904FF6FF71484608F056FC039B032B2CD9F5
S2140305A0AAF17E0A022148465FFA8AF2F3F782FB33
S2140305B0069BA5F802B02B809DF834306F712B7123
S2140305C000232B72002E42D19DF82230EB710125B9
S2140305D0B8F1000F3FF436AF484609A90AF09EFE6D
S2140305E000283FF42FAF2A4609A90BA8FFF7B2FD50
S2140305F028E7002625463446BBE7039B012B94BF1A
S2140306000AF1020A0AF1420ACCE7BAF1000FCFD187
S2140306106979B94209D9A5F802B06F71002B8BD15D
S214030620002E93D024E025461446049A002A3FF46D
S21403063009AF8F427FF406AF039306F0B1FD83073D
S2140306407FF400AF039BA5F802B06F7171E7FF2339
S214030650EB71002CBBD001252379A4F802B023F05C
S21403066003032371B4E7FF23EB71002C3FF46EAF53
S2140306700025F1E7002CD3D168E7002E7FF471AF95
S214030680B24625460126534636E7BAF1000FB0D1E7
S2140306905646524645E700BF245B00203E540020E2
S2140306A0D664002070B50C4B4FF6FF751C780023FC
S2140306B002460A489C4201D1002005E0068896427D
S2140306C006D1AA4201D10B7070BD8679002EFAD0EE
S2140306D001330830DBB2EDE7D56400203E5400203A
S2140306E0002210B50A4B1C780A4BD1B28C4201D8B3
S2140306F0002010BD5988814204D11979890701D198
S214030700997911B108330132EFE70120F1E700BF11
S214030710D56400203E54002010B5084B01461C78D3
S2140307200023074AD8B2844201D8FF2010BD914265
S21403073003F10103FAD00832F4E700BFD5640020C2
S2140307403E54002038B50446FFF7E6FFFF2805466B
S21403075003D13F210B480CF0A7FF4FF6FF7320464B
S2140307602380A37103210AF080FA074B07481A78FF
S21403077000210732D21002FB0500BDE83840E9F736
S214030780E5B800BFA1700400D7640020F95A002022
S214030790F8B504460026124D124F3A78F3B29A4241
S2140307A009D800224FF6FF710F4B1D780F4BD0B2BE
S2140307B085420BD8F8BDFF2C02D0AB79A34202D1F9
S2140307C02846FFF7BFFF08350136E6E7FF2C02D0C1
S2140307D0187AA04201D1198019720A330132E6E76A
S2140307E03E540020D5640020D46400201654002014
S2140307F0FF28F8B504462CD0164B1B78834203D843
S214030800802115480CF050FF4FF6FF75134A32F857
S214030810341002EBC4000379A94203F0030318D093
S214030820012B16D100220E4B1F780E4BD6B2B742C1
S21403083003D8BDE8F840FFF785BF1E88AE4205D053
S21403084093F807C0A44504D0B14202D00A3301325C
S214030850ECE7F8BDD5640020A17004003E540020E8
S214030860D4640020165400202DE9F74303F04DFF0F
S214030870324B1B78033B012B21D9314B1D88451B7B
S214030880ADB2E5B118804FF6FF7700202D4A1378F6
S2140308902B44C3F3C81403F07F0313702A4B2B4A6D
S2140308A01E78C3B29E420DD800264FF6FF77284C1B
S2140308B0DFF8A09099F80020F3B29A4216D803B056
S2140308C0BDE8F0831388BB420DD0137999070AD18C
S2140308D004EB9311022928BF022103F03F0389B2D8
S2140308E043EA8113137108320130DAE734F80A8CCD
S2140308F0B84506D014F8043CAB4205D95B1B04F894
S214030900043C01360A34D5E708F006FD804534F882
S2140309100A3C04F8027C24F80A7C09D018460DF138
S2140309200701FFF7BFFE18B19DF80700FFF760FF4A
S21403093014F8030CFFF75CFFE3E700BF245B00201B
S2140309406A550020F45B0020D56400203E54002046
S21403095020540020D4640020F0B500244FF6FF771F
S21403096003461048DFF844C006780F48E5B2AE42A7
S21403097001D800200FE005889D4210D13AB1012A24
S21403098016BFC57905793CF83550A94207D1BB4255
S21403099002D114238371F0BD057A002DFBD00A30F3
S2140309A00134E3E7D4640020165400203E540020AC
S2140309B0F8B50D46114607461646FFF773FE0028A0
S2140309C036D102464FF6FF7C1E4B1F4C1978D3B226
S2140309D0994206D800231C4C8B4221D1F8BD08341B
S2140309E0F5E7B4F800E00132E645F8D133700123A9
S2140309F0278023710021A17165B1144B45F00805CA
S214030A001A782571D31DDA103078114B02FB0030AB
S214030A10E8F79CFF2379204603F03F032371DDE7C5
S214030A2022799209022AE1D001330834DBB2D3E7F4
S214030A30037904469A071EBF23F0030343F001031A
S214030A400371D7E7D56400203E540020D764002006
S214030A50F95A002073B50DF107010546FFF722FE8C
S214030A6040B103799A0705D113F0300404D043F05C
S214030A700303037102B070BD28460AF006F9094B5A
S214030A804FF6FF711D7823469DF80760064AD8B2D5
S214030A908542EFD9D0790133B04204BF1180117279
S214030AA00A32F4E7D46400201654002030B50A4B0B
S214030AB0CC081B78094D0733DB1000FB03400123EA
S214030AC001F007018B402C5CDBB212B11C432C54A3
S214030AD030BD24EA0304FAE7D7640020F95A00205D
S214030AE070B50B4B04461B78834204D840F24B2167
S214030AF008480CF0D9FD0025074E3378E8B2834248
S214030B0000D870BD00222146FFF7D0FF0135F4E779
S214030B10D7640020A1700400D5640020FF2810D0FD
S214030B20FF290ED0084BCA081B7801F007010733CC
S214030B30DB1000FB0323054AD05CC84000F001002D
S214030B4070470020704700BFD7640020F95A002082
S214030B500148F0F7CBBD00BF6C5500202DE9F047E8
S214030B601E464D4B8CB01B681546074688469DF8B7
S214030B70509003F0080A08F0CFFBA8423FD1B9F122
S214030B80000F14D06EB9ADF806603D460424224625
S214030B90414628460AF015F900F001000CB0BDE8FE
S214030BA0F0870023ADF806303D4606243AE0384683
S214030BB00CF0B6FBFF28044605D0F2F7FBFC10B199
S214030BC02046FEF7CFFF96B10023ADF80630F8F7C0
S214030BD0FDF80028E8D0062440460DF1060202A9D7
S214030BE009F083FAD8B94046F8F7F8FA17E0ADF8F3
S214030BF00660F8F7EBF80028C7D00424ECE73EB30A
S214030C00BAF1000F2ED000230B24ADF80630B9F14D
S214030C10000F0AD1F8F7DAF82F460028DCD13D4654
S214030C20002EB4D0BAF1000FB1D004F0040241464E
S214030C3042F0110228460AF0C4F822460646414608
S214030C4028460AF0BEF8002814BF30460020A3E763
S214030C50BAF1000F14D00124ADF80660B9F1000F05
S214030C6095D1D7E70B24284602A9F1F783FD07465B
S214030C7068B902A806F003FF20B9ADF80600EDE751
S214030C800124F0E744F00204ADF80670E6E700231B
S214030C90ADF80630E2E700BFBC3F00202DE9F04781
S214030CA01E46744B8CB01B7807460D461446DDF87B
S214030CB05080002B3ED008F02FFB30B36E4B1B68E2
S214030CC0980722D44FF6F7739C4233D843463A46E6
S214030CD031462046FBF7F2FE08F01EFB854200F085
S214030CE0C5803046FEF75AFBA04203D10CF018FB32
S214030CF009F00BFFBA1E53425341294600222046F1
S214030D000CB0BDE8F0470AF058BCE7B1F91ED1F1C4
S214030D10000949EB01094FF6F7739C4216D90321E4
S214030D20204606F04EFA03233A46314620460095FF
S214030D3006F036FB08F0F0FAA84200F097804FF66C
S214030D40FF739C42CBE74FF00109E4E72B463A4694
S214030D503146204604F055F92146CDE900082B46D6
S214030D603246384606F0DBFE80460146204606F04D
S214030D7028FAB8F1000F61D1B9F1000F12D10023A0
S214030D803A4631462046009506F00AFB88F00103F2
S214030D902A4631462046CDF8009003F00103FFF7BC
S214030DA0DDFE99E7002FEAD003AA9246334B03F100
S214030DB0100E9446186859680833ACE80300734568
S214030DC06246F6D107A806F04AFB0323306871682B
S214030DD08DF81C3008AB03C39DF8293007A843F0F1
S214030DE002038DF8293006F062FC90B13068716812
S214030DF008AB03C3042307A88DF81C3006F057FC82
S214030E0038B1022307A88DF81C3006F050FC0028E2
S214030E10B5D1514607A806F08AFC0028AFD0F4F7F0
S214030E2095FB0028ABD103233A463146204600956E
S214030E3006F0B6FA08F070FAA84250E743463A4678
S214030E4031462046009506F0ABFAB8F1010F9DD067
S214030E50B8F1020F7FF440AF284607A9F1F78AFCE2
S214030E6020B93246284607A909F072FF0CB0BDE840
S214030E70F08700BF1F5B0020BC3F0020A2BB04001E
S214030E80044B1A880AB100221A8000210846F9F793
S214030E90ABBF00BF6C55002000232DE9F0478EB092
S214030EA004460D46CDE903334F7808F035FA50B1C2
S214030EB0B64B1B689A0706D4092103A806F028FA3E
S214030EC00EB0BDE8F087204603A9F1F753FC0646AB
S214030ED0002840F05781022F3DD0042FECD1E5F7D0
S214030EE027FC002846D0E5F723FC022840F02281A1
S214030EF00DF12408334632464146304606F046FD99
S214030F00012103A89DF8255006F033FE2840FF284C
S214030F1000F0348105AD284608F09BF9002840F020
S214030F202F8195E80F0088E80F003A46414603A84C
S214030F3006F066FC0246002840F02081032303A93E
S214030F40CDE9005320463B46FBF77EF900280CBF4D
S214030F5013210621B1E78D4B1B689B07ACD40235E2
S214030F60082229468A48E8F743FD0028A4D0E5F777
S214030F70EBFB08B91121A0E7864B874E1B78FBB91C
S214030F80FFF77EFF3088002860D103AF2946384636
S214030F9006F063FA002800F0CA8028460DF10A011D
S214030FA0F1F7C2FB40B90DF1240A504608F051F997
S214030FB08046002800F08780FFF762FF0F217CE75A
S214030FC03088002842D101460BF0FEFF308000280F
S214030FD03AD001230822304603A9F0F7CBFD98BB8D
S214030FE00123082229463046F0F7C4FD60BB0123DF
S214030FF00222694809A9ADF82440F0F7BBFD034671
S214031000308823B1002848D04FF0100920E00BF0B9
S21403101083FF61490746204601F0CAFC30880BF07F
S2140310207BFFFFB2874209D1FF238DF824300123CB
S21403103059481A4609A9F0F79DFD28B90021012051
S214031040F9F7D2FE0C2138E73088DBE74FF00709C3
S2140310500BF046FF074630880BF042FF3488112119
S21403106000F10808204600F02DFE10218246204697
S21403107000F028FE0822044603A94046E8F7B8FC19
S214031080002840F08180082229463846E8F7B0FC5D
S214031090002879D1B9F1070F01D010210DE704EB31
S2140310A00A244546A4B271E730884FF0010828B1F8
S2140310B0122100F007FEFF2881461ED12A46B946B4
S2140310C02046402304E03A46A9464346BDF80A00B4
S2140310D043F00303CDE900A349460323FBF7B4F823
S2140310E000283FF469AF0721484606F011F9B8F126
S2140310F0000FD9D0FFF7C4FEE2E6002108460BF046
S21403110063FFADF8140048B1204605A901F050FC72
S214031110BDF814000BF000FF0028CFD11423009372
S2140311204A4639462046338801F0FAFBC6E7FFF7FE
S214031130A7FE1FE7E5F7FCFA012801D00621BCE667
S21403114005AD324633462946009603A8F9F75EFDF9
S214031150024608B10A21B0E60C4B20461B6803A9D9
S2140311605B0003F0040343F00303CDE900533B465F
S214031170FBF76AF80028E1D113219EE605219CE6D9
S21403118012219AE60B2198E60E2196E6BC3F002034
S214031190A65B0020C35A00206C550020012330B5FF
S2140311A00D4C85B022788DF80430D5188DF80520BF
S2140311B00E228DF806200A682570CDF807204A68A7
S2140311C001A9CDF80B200B22F0F7D4FCB0FA80F07F
S2140311D0400905B030BD00BF205B0020014B1878E6
S2140311E0704700BFF55B0020142230B58BB0054670
S2140311F00DEB02011548DAF713FC10BBBDF81430EB
S214031200DA0720D413F0060FC3F3410208BFC3F373
S21403121041220F4B0DF116019C5C68462246E8F707
S21403122033FDBDF8263004F128026A4402F8283C50
S21403123002341B0A02F8273C69462A46E0B208F045
S21403124031FF0BB030BD2320FBE700BF703214E044
S214031250B2BB040010B58AB0ADF826200022CDE953
S214031260052204920CAA02924FF6FF720446AC21A2
S21403127001200192064A039004FB01226032009289
S2140312804CF620010DF1260209F0BDFD0AB010BD93
S2140312903C4D002000B58BB0ADF824309DF83030BF
S2140312A003208DF82630002303900A4909A8CDE9C8
S2140312B00130CDE90533049301F160030093B1F8DF
S2140312C05C3002204CF6604109F09DFD0BB05DF8E2
S2140312D004FB00BF3C4D002010B54FF6FF741E4ABA
S2140312E08AB0B2F86800B2F85E10A042ADF82600E5
S2140312F0B2F85C304FF6FD70ADF8241018D081427A
S2140313004FF0000094BF48F660014CF66001CDE94B
S2140313100500CDE90300CDE9010094BF09AA6032B8
S21403132000920DF12602042009F06DFD0AB010BDEF
S21403133081424FF000008CBF603209AA00928CBF36
S2140313404CF6604148F66041CDE90500CDE903005F
S214031350CDE90100014AE6E73C4D0020A64D0020FA
S21403136000B50E4B0022B3F85E308BB0ADF82430D8
S2140313704FF6FF73CDE90522CDE90322CDE901221D
S21403138009AA00924FF400610DF126020720ADF87A
S214031390263009F038FD0BB05DF804FB3C4D002009
S2140313A030B58BB08DF825301B0A8DF82630002318
S2140313B00D4991F85840CD6DB1F85C00CDE9053381
S2140313C0049307236031039308ABCDE9010300912F
S2140313D04FF6FF734CF62041082008958DF82440FD
S2140313E009F011FD0BB030BD3C4D002070B54FF633
S2140313F0FE76294C1D46B4F85E10B4F85C30B14254
S21403140094F85C00A2B04FEA132321D14FF4404175
S2140314106034ADF808108DF80B008DF80C3003CC53
S2140314200DF11504CDF80D00CDF811102270120A37
S2140314306270002211461046A270E270ADF80620D4
S21403144007F0A8FDADF8060090B9002022B070BDE5
S2140314504FF400448DF80D10090AADF808408DF8D6
S2140314600B008DF80C308DF80E100DF10F04DDE730
S214031470043402A9621A012392B20DF10600F0F7B2
S21403148079FB0028E1D1BDF806002A4601210BF0BE
S21403149073FDBDF80600D9E73C4D0020202A10B5A1
S2140314A0144614D8012A04D10C88B4F5004418BF96
S2140314B00124620030B10748E8F7F2F8064B002033
S2140314C01C7010BD0548E8F7EBF8054BF7E721203D
S2140314D0F7E700BF6E550020F65B0020AE550020F0
S2140314E0F75B00202DE9F047104617460CF0BFF9CE
S2140314F0DFF814A1DFF814919AF8003099F8002069
S2140315000546134302D10020BDE8F08710F4406877
S21403151000F0400619D186BBB0F5804F5CD24FF47D
S214031520807400239AF80000344AD9B288425DD802
S214031530002399F80000324AD9B28842E3D932F838
S214031540021B0133A142F7D155E0F81C0CF08FF9CA
S2140315504FF6FF73984214BF0124022486B1052672
S21403156005F44043B3F5004F44F0080424D0B5F522
S214031570804F23D244F4807420E044460326EFE7EA
S214031580B5F5804F4FF00506F4D3B8F5406F14BF9A
S21403159002200820304438440CF069F9194B05F44E
S2140315A04045B3F85C3083420CBF44F0080444F073
S2140315B00404B5F5004F01D144F08004B8F5006F7C
S2140315C00ED1B8190CF053F90E4BB3F85E308342C4
S2140315D0A7D144F01004A4E7444603260220D9E723
S2140315E0B8F5406F08BF44F020049AE732F8021BB0
S2140315F00133A14299D1012086E700BFAE550020F2
S2140316006E5500203C4D0020F75B0020F65B002063
S2140316102DE9F04F104685B0164698460CF027F98C
S2140316205D4F00F00803B7F85C10044600F00709A6
S214031630F01C02930391B7F85EB00CF018F906F1AC
S214031640050A054650460CF012F903464FF6FF709E
S214031650854218D00399A1EB050CDCF1000545EB98
S2140316600C056D004FF6FF718B420ED145F0040555
S2140316700BF006FF029B6BB1B9F1000F11D04220AD
S21403168005B0BDE8F08F0125ECE79B4508BF45F0A4
S2140316900805EDE7B9F1030FF1D8DFE809F0021BFF
S2140316A0795D0BF0EDFE08B9A807E8D524F0080429
S2140316B0A4B2B4F5004F05D0B4F5624F02D0B4F52A
S2140316C0404FDCD10025294697F8A820002007F0D4
S2140316D061FC3CE0D7F88030E3B900213246084687
S2140316E0FFF700FFD8B948F6410224F038039BB24F
S2140316F09342C4D10A2D49D0062DC0D197F877302E
S214031700023B012BBBD8EEF7AFFF0028B7D140F65C
S214031710040505E04146304698470028DDD00825F5
S214031720E20648BF45F08005A30648BF45F480554A
S21403173005F00C03042BC6D1F01D0CF098F897F8AF
S214031740A8303246009341462B4607F0F8FB08B311
S2140317500E9B1880002093E7A90705D14FF6FF7369
S214031760B7F85C209A428AD104F44063B3F5006F5D
S2140317700AD0B3F5406F82D1082250460749E8F7EE
S21403178037F900287FF47BAF0C25C9E70425C7E7A4
S214031790432075E7192073E73C4D00209C4D00203D
S2140317A0034B1A781AB1FF2A04BF00221A70704737
S2140317B0F95B002070B5084C084E2378F55C1DB124
S2140317C03E2107480BF070FFFF2223782846F25489
S2140317D00023237070BD00BFF85B0020F95B002078
S2140317E0AF700400034B044A1B78D05CFF3818BF65
S2140317F001207047F85B0020F95B00200023074AAE
S21403180007491360074A1360074A1360074A1160C3
S2140318100121074A1170074A13607047744E00206F
S21403182091AF0300704E00206C4E0020046400202D
S214031830106500207C4E00200E2A70B50C46064626
S2140318401546194603D9FFF7D9FF502070BD012866
S21403185007D10020EEF722FFB0B1FFF7CFFF21201C
S214031860F4E780220021224B1A70224B1960224B88
S2140318701B684BB134200BF0A7FB204B188018B91C
S214031880FFF7BCFF0120E1E724F0FF6323F4FF2307
S2140318901BB1FFF7B3FF4F20D8E774B92046EEF726
S2140318A017FF0124032510F0800F43B21BBF00F07F
S2140318B01F039C409C4044F078440020104B24F0C7
S2140318C078441E700F4B10491D70104B1C60104B54
S2140318D01870104B1A68EFF797FA18B1FFF78EFFD8
S2140318E00420B3E79DF810200B4B1A70AEE700BF39
S2140318F0FA5B0020784E00206C4E0020EE55002048
S214031900FF5B0020FD5B0020FD1B03007C4E0020D8
S214031910FE5B0020744E0020FB5B00207FB5244B4B
S21403192000251A7801232348234903FA02F2007894
S2140319301A440A60ADF80E5020B3984236D11F4CB5
S2140319401F4B20781B680DF10E0198471D4EBDF8FE
S2140319500E20307092B11C4B294600932846022372
S2140319600195EFF78BFA3278237822B1012A12BF5A
S2140319701B230133DBB2237004B070BD013818BFDC
S2140319800120F0E778235A43013A0A6008220F49F8
S2140319900BF060FA0B49094A0978137821B101293B
S2140319A012BF1B230133DBB21370E5E71846E3E7E8
S2140319B0FD5B0020FF5B0020804E0020FE5B0020C6
S2140319C00464002010650020391C03000DD40300B6
S2140319D0024B1868003818BF012070476C4E002071
S2140319E037B505461C460BF04BFD68B974B1084B7A
S2140319F01A60084B0A461C600123294600930323FA
S214031A00FFF71AFF03B030BD4D20FBE72520F9E7AB
S214031A10684E0020704E002013B504460BF030FDD0
S214031A2058B962B1074B1A6001230A460093214650
S214031A300323FFF701FF02B010BD4D20FBE725206F
S214031A40F9E700BF6C4E00202DE9F0410446DDE9BE
S214031A5006861D469DF820700BF012FD88B99EB1D0
S214031A60A2B10B4B01201A600A4B0A46C3F800804A
S214031A70094B21461E602B460697BDE8F041FFF74B
S214031A80DBBE4D20BDE8F0812520FBE72120F9E7EA
S214031A9004640020744E0020704E00200148EFF7C7
S214031AA025BE00BFEE5500202DE9F0410020EFF7DC
S214031AB019F9114B114C1E68114B20881D68114BE8
S214031AC0114FD3F8008010B13978EFF7E9FF002003
S214031AD03870FFF793FEEFF723FC0EB14046B0478E
S214031AE03DB12088A84700232380BDE8F0410BF0D2
S214031AF059BEBDE8F08100BF704E0020EE550020B1
S214031B006C4E00207C4E0020005C0020F8B52F4869
S214031B10F0F7DCF82E4B187830BBEEF7D9FD2D4FD7
S214031B2006463B6803B32C4B2C4D1C6824B195F931
S214031B3000301A461946A047294B1B6883B1294C27
S214031B402378312B0CD8284B18880BF0C9F9237847
S214031B505A1C22702A78C25423785A1C2270C65400
S214031B6080232B7000233B60204C23781A2B22D82B
S214031B701F4A1278012A09D100211E4A156825FA40
S214031B8003F0C007DAB20ED501B122700020EEF7DB
S214031B909FFD2178884212D10022174B1A70FFF757
S214031BA0BDFE40B9F8BD0133D8B21A284FF0010183
S214031BB0E5D90A442270BDE8F840FFF775BF002058
S214031BC0EEF798FD0028E7D0F5E700BF086400208D
S214031BD0FF5B0020784E0020684E0020FA5B002052
S214031BE06C4E0020005C0020EE550020FE5B0020BB
S214031BF0106500207C4E0020FC5B002008B50B4BD4
S214031C00187880B90221EEF737FD094B1B782BB104
S214031C1000214FF6FF720846EEF710FDBDE80840B8
S214031C200448FFF773BF00210846ECE7FF5B00207C
S214031C30FB5B00200864002038B5144B0C461D7867
S214031C40012D21D181B90846EEF742FD104A05FA67
S214031C5000F013680F4923EA0003136020462A4660
S214031C60BDE838400BF0F6B80B4A13780133DBB205
S214031C70022B137004D9BDE838400848FFF746BF67
S214031C80FFF74CFE0028F6D138BD00BFFF5B0020EF
S214031C907C4E00200DD40300FC5B0020086400206B
S214031CA038B50C4605460BF037F9A04203D82D216C
S214031CB003480BF0F9FC28460BF012F9204438BD14
S214031CC0C370040070B506460D460BF009F90446CA
S214031CD048B130460BF020F9A84203D83521024814
S214031CE00BF0E2FC605D70BDC370040070B50C467B
S214031CF0064615460BF010F9A04203D83E210448C9
S214031D000BF0D2FC30460BF0EBF800B1055570BD76
S214031D10C37004002DE9F0431E46574B8FB01B7863
S214031D200746033B012B0C4615469DF8588007D8FB
S214031D30F4F718FA20B1F0F71DF908B144F400548B
S214031D404E4B1B7813B924F40074A4B2200509D5AE
S214031D5046B9284604A9F0F70DFD002846D024F41A
S214031D600064A4B2ADF81840ADF81A5007F0D4FAE0
S214031D70434BADF81C00B8F1000F02D01A78424569
S214031D8001D293F800803F4AE105137848BF0DF16E
S214031D90210103F10103DBB2137058BF08A9220522
S214031DA08DF81E808DF81F3006D53368083141F84C
S214031DB0083C736841F8043CE30407D5324A08310B
S214031DC0136841F8083C536841F8043C0DF11808C1
S214031DD0A1EB08005FFA80F9002148460BF0F4F8FF
S214031DE0064628B900200FB0BDE8F08304AEB9E775
S214031DF00BF076F841464A46E7F746FF30460BF0C7
S214031E008BF8804630460BF06BF8002302460093AF
S214031E104FF6FF7004235FFA88F107F090F8ADF8E9
S214031E200E000028DED040F201131C421AD14FF6F2
S214031E30F7739D4216D80BF06FF80DF10E010446AA
S214031E40284600F0B5FDBDF80E000BF065F8E4B2C9
S214031E50A04207D9BDF80E0007F0BEF8437843F05A
S214031E6004034370BDF80E003A4601210BF084F8D4
S214031E70BDF80E00B7E700BF245B00201F5B002001
S214031E80C2640020215B0020A65B0020F0B5082971
S214031E90D58889B028D00C2926D0AE0424D405F0E2
S214031EA040030B43424C267816B105F02004234327
S214031EB02FB2002FB8BF43F08003032920D112238B
S214031EC0AC068DF80430937A10D48DF805300DF1F6
S214031ED0060401A9621A012392B2EFF74BFEB0FA89
S214031EE080F0400909B0F0BD0B46DBE732228DF8DF
S214031EF005308DF80420002EE9D00DF11304E8E731
S214031F000C298DF804300ABF138953798DF80530F0
S214031F10548805BF1B0A8DF806308DF805300DF181
S214031F20070318BF0DF106031C70240A5C7014889F
S214031F3002399C70240ADC70147901291C7111D8AB
S214031F40917A002F597131DA022112899971DA7167
S214031F50120A03F109041A72002EBAD0AB06B8D5DA
S214031F600534B6E7A9071AD4002F0CDA117A51B153
S214031F70917A59711189127A03F1080492B10222F7
S214031F809A71D971E8E70B4C217801F1010C84F8BA
S214031F9000C091729C1D002F5971DDDAEAE7917A31
S214031FA09C1DF8E70122090A9A71EAE79C1DD3E70C
S214031FB01F5B0020205B0020014B1880704700BF8A
S214031FC0F0550020014B1888704700BFF0550020DD
S214031FD02DE9F84307460BF060FB05461B480BF05C
S214031FE0D9FC1B4B60B31C683C1B2C44A4B20022D8
S214031FF0184BDFF868901B78174D03EB830399F8AB
S214032000006005EB43055FFA82F846450AD9AB88BC
S21403201005F10A00A34216D90A23B21A29465A43DF
S214032020E7F73EFB013689F80060AC80B8F1000F95
S21403203003D1394605480BF03FF82846BDE8F88338
S2140320403C461D60D3E705460132DCE728640020E2
S214032050844E0020015C002092520020025C002087
S2140320601FB5154A154C1378013BDBB21370616834
S214032070206801AA03C221891180114A1278D21856
S21403208005D00A2320465A43E118E7F709FB9DF8D3
S21403209006301B070DD0BDF80C00FFF799FF03466B
S2140320A08288ADF8082001AA03CA1288186059600E
S2140320B01A8104B010BD00BF015C002092520020BC
S2140320C0025C0020002108B5084B09481970094B2B
S2140320D01970094B1A7802EB82025200E7F736FCB6
S2140320E0BDE808400548EFF7F1BD00BF025C0020DD
S2140320F092520020015C0020CE6400202864002059
S214032100F8B50024084D094F094E3B783178E2B202
S2140321100B449A4204F1010400DBF8BD2846EFF7AE
S214032120E5FA0A35F1E700BF92520020025C002070
S214032130015C0020F8B516460C4B0D4A1B78127846
S214032140074613440B4A0D46127893420CD030468A
S214032150FFF73EFF013506810780857004460BF0C6
S21403216097FAE0800120F8BD0020FCE7015C002020
S214032170025C0020CE64002010B5064C207828B1FF
S2140321800548F5F799FD10B1034B188810BDFFF706
S21403219067FFF3E7015C00209252002008B50A4A65
S2140321A00346107860B1094A1088984209D121B9CC
S2140321B09378103323F00F039370FFF751FF01203A
S2140321C008BD0020FCE700BF015C002092520020FF
S2140321D02DE9F74F00260BF060FADFF8F890B246C9
S2140321E099F80070B3463A46DFF8EC801FFA80FE93
S2140321F0B8F800C0344CAEEB0C039BB201932378C3
S214032200324D009303EB830305EB4303ACEB0E0C59
S2140322105FFA86FEBE4515D3BAF1000F01D0009BC8
S2140322202370BA422AD3002F37D00A222378C8F85D
S214032230000002FB03532648998803B0BDE8F04F1D
S2140322400AF03ABFB3F804E001998E4512D84FF06E
S214032250010A009993F802E001310EF1FF3EC9B27C
S214032260013AA3F804B083F802E00091D2B20A332D
S2140322700136CDE7E644A3F804E0F8E789F8002042
S2140322804AB10A222378C8F8000002FB0353104819
S21403229099880AF011FF237813B903B0BDE8F08FCD
S2140322A0FFF76AFF06460028F5D006F0B6FD01469E
S2140322B0304607F066FC20B100212888FFF76EFF42
S2140322C0E9E740F60241F8E7015C0020925200205D
S2140322D028640020025C0020844E00202DE9F04193
S2140322E092F808801F4608F1FF33DBB2EF2B054652
S2140322F00E46144688B00BD982238DF80E3031462D
S21403230028469DF80E30204AFBF774FA012037E082
S2140323100E22002104A8E7F719FBB4F809308DF85C
S2140323201180ADF81230E37A03F07F02032A08D057
S214032330012B24D103238DF81030A389ADF8153073
S2140323400EE0032B14BF022301238DF81030E3683D
S214032350CDF815302369CDF81930237D8DF8143068
S214032360A7F121014A420DF10E034A41009321468B
S2140323700DF10F0304A8FAF793FD0028BFD1002040
S21403238008B0BDE8F08100BFF82704002DE9F04F40
S21403239000241D7895B0CDE9020104922346224617
S2140323A00120CDE90054404908F0EEFEADF81E00CA
S2140323B0F8B1A346264627460DF120090DF1380A43
S2140323C0E4F7A4F95FFA84F8404516D83A460221A2
S2140323D0BDF81E00FFF78AFC32460421BDF81E0036
S2140323E0FFF784FCDDE903100022BDF81E30FBF77F
S2140323F001FA012015B0BDE8F08F4A4640460AA907
S214032400FAF740FD9DF8282022B12DB1013DEDB22B
S2140324100137FFB20134D3E7BBF1000FF8D199E8D7
S21403242003009DF829308AE803008DF84030BDF894
S2140324302A30032A8DF841304FEA13238DF84230B1
S21403244017BF032301238DF843309DF82C30DDF8A6
S2140324503110DDF82D0014BF8DF84C308DF8433065
S21403246011AB03C302980CBF4FF00E084FF01508CC
S21403247008F051F80590BDF81E000AF04DFD0599C9
S21403248000EB080399420BDB0123424651460DF14C
S2140324901E00EFF76FFB0028ABD10136F6B2B7E7A5
S2140324A04FF0010BB4E700BF9870040038B505463B
S2140324B00D4B0E481C88EFF7F5FB012D0CD10C4B8A
S2140324C01C88FA21614358B1884209D28408012C3A
S2140324D0204638BF012038BD022D08BF0224F0E78E
S2140324E002480AF0E9FDF2E78E520020883E0020FB
S2140324F08C520020012208B5054B06481A700021AD
S2140325000AF0DAFDBDE808400020FFF7CFBF00BFA2
S214032510F05A0020883E00201E4B73B51A8802F13D
S21403252008039BB2012B02D81B4B1B7823B902B0BE
S214032530BDE87040EFF7CABB0024184B184D1C705B
S214032540184B1C702B787BB14FF6FC73164E00931A
S214032550224623462146308808F01BFA4FF6FD73C1
S2140325602C70338001200FE0104B10461978F4F7D7
S21403257019FF0028F6D10C4B1A884FF6FD739A42C2
S214032580F0D0012302202B7002B0BDE87040FFF7A5
S2140325908DBF00BF90520020F05A0020F35A00204F
S2140325A0F15A0020F25A00208A520020F45A0020E2
S2140325B0012808B50AD002280CD020B9084B187099
S2140325C00848EFF783FB4FF0FF3008BDBDE808402F
S2140325D0FFF790BF0020BDE80840FFF767BF00BFC6
S2140325E0F05A0020883E002002280CD859B1064A2B
S2140325F013780133DBB21370044A12789A4202D876
S2140326000220FFF7D5BF7047F25A0020F55A002084
S21403261038B5A0F61343012B04460D4615D80E4ACB
S21403262013780133DBB213700C4A12789A420CD833
S2140326304FF6FD720A4B00201988914201BF002213
S2140326401D80084B1A70FFF731FF29462046BDE868
S214032650384004F0F3BD00BFF35A0020F65A0020BA
S2140326608A520020F15A002000234FF6FD71054AD6
S2140326701370054A1370054A1180054A1370054AFC
S21403268013707047F35A0020F25A00208A52002033
S214032690F15A0020F05A002030B5094B02461B7849
S2140326A033B1084B084C19780023D8B2884201D3BB
S2140326B0FF2004E0013334F823509542F5D130BDB2
S2140326C0CD640020F85A00206A5200200022FF2121
S2140326D0044B05481A70054B1970054B1A7892007F
S2140326E0E7F734B9F85A00206E520020F75A002054
S2140326F0CD640020F7B58DF807100DF107010446E9
S21403270002F02AFD234B1D78002D41D02046FFF70B
S214032710C3FF214EFF283178204B05D1204A10787D
S21403272085422DD9451C1570884219D01C4A1B4D6D
S21403273092F800C00022D7B2BC450CD92F4697F8B2
S21403274003E00132864505F10405F4D102B203EB3A
S2140327508202D278FA7002B203EB8202D170307032
S21403276002B203EB820123F82240FF228A709DF80F
S2140327700720FF2A02D003EB8203987003B0F0BD54
S2140327800A46104603EB8202D278FF2AF9D1CBE73A
S214032790FF20F3E7CD640020F75A00206E52002096
S2140327A0F85A00202DE9F843FFF776FFFF28044682
S2140327B069D04FF6FF72354F03B2DFF8DC80344E34
S2140327C027F8232098F80050A54202D10020BDE840
S2140327D0F883337820B28100A34207EB800090F899
S2140327E003E010D00023294A5FFA83F94D45944647
S2140327F006D99CF803900133A14502F10402F3D1F4
S2140328008CF803E001E086F800E0013DEDB22A1BF8
S214032810D2B2043192003944E6F742FF88F80050FA
S2140328203378FF2B04D0A34224BF03F1FF33337066
S21403283000214FF6FF70154BCAB2AA420CD30023F1
S2140328404FF6FF71134ADCB2AC42BBD2013332F807
S21403285023008842F7D1B5E79A78A2420BD11880B5
S214032860DA78FF2A04D0A24224BF02F1FF32DA70DC
S21403287001310433E0E7FF2AF2D0A24224BF02F17B
S214032880FF329A70ECE72D20A1E700BF6E520020BE
S214032890F75A00206A520020F85A0020F8B51C4B5D
S2140328A005461B78084673B3FFF7F6FEFF28044673
S2140328B029D02846FFF7F0FEFF2806D0154B164E04
S2140328C01A780023D9B2914218D3FF212846FFF77E
S2140328D011FFFF28014616D00546104F23B207EB1B
S2140328E0830237F823009678FFF704FFA84208BF51
S2140328F0FF25FF2E214608D12846F8BD013316F8DA
S21403290023108142DED1FF25F6E73446E6E700BF13
S214032910CD640020F85A00206C5200206E5200202E
S2140329202DE9F04180460E461F46002386B001A8D7
S21403293014469DF830508DF80330FCF74BF8ADF88D
S21403294004802EB13368CDF806307368CDF80A30AC
S21403295038460AF0C5FA0DF103034219214601A8C9
S21403296004F078FC9DF8033093B931464046E4F70B
S214032970EFF80E4B1B785BB10B2C09D8FF214046B2
S214032980FFF7B8FE064605EB4404E4B2A54202D1BF
S21403299006B0BDE8F0812946384608F098FB314674
S2140329A0FFF7A8FE02350646EDB2EFE7CD6400203A
S2140329B000232DE9F3470DF107028DF8073004468F
S2140329C00E4602F0B4FB9DF80730054663B9204671
S2140329D0FFF762FE04465EB130880AF09DFA5FFA9E
S2140329E080F8FF2C45D10025284602B0BDE8F087C5
S2140329F0B046F6E701320C2AF5D02DB207EB850573
S214032A00AD78FF2DF6D112F0FF0AECD04FEA4A0557
S214032A100235EDB2002EE7D0304605EB080108F08C
S214032A201BFB0028DFD1524641463088FFF75EF98C
S214032A300AF1FF3208F1010108F102093088D2B227
S214032A40C9B25FFA89F9FFF751F924B207EB840498
S214032A50A478FF2CC8D023B2494637F82320308801
S214032A6008F045FB0028BED109F102095FFA89F98F
S214032A70EBE725460022014FBFE700BF6E5200205A
S214032A80FF2818BF064B10B51BBF03EB800433F8B3
S214032A9020302D200B801EBFA3780020137010BD9E
S214032AA06E52002008B5D2F7E7FDD2F795FB00F08B
S214032AB077F9BDE80840D3F703BA38B5044690F86B
S214032AC044108378826CCB1A59425941D2F796F94F
S214032AD0E37893B1257985B900F0FAF80346A2683E
S214032AE0218A04F11C009C1A8C4236BF52182946D0
S214032AF0D11ABDE8384000F0E2B838BD09B1D2F7C4
S214032B0001BED2F711BE38B58388044603B3E37813
S214032B100088A17804F10C05A3B10023B1FA81F172
S214032B20E3704909FFF7EAFF4FF6FF72A38821898E
S214032B3093421CBF03F1FF33A3802846BDE8384009
S214032B4000F0BDB80123E370FFF7D8FFE188F4E790
S214032B5038BD10B5044681780088FFF7CFFF012300
S214032B60E3700023A38010BD10B581780446B1FA44
S214032B7081F100884909FFF7C1FF0023E370A380B2
S214032B8010BDFFF7F1BF70B50446054600262B4679
S214032B9055F8040B10B11B1B0C2B00DD70BD237CFA
S214032BA08680002BF3D0637C13B1FFF7D2FFEEE7EA
S214032BB0FFF7DAFFEBE7FFF7E6BF70B50446054617
S214032BC04FF6FF762B4655F8040B10B11B1B0C2B48
S214032BD000DD70BD8388B342F4D04FF4FA724FF62B
S214032BE0FF731146D2F75CF9ECE709B1D2F78ABD59
S214032BF0D2F79ABD10B5044640611030D2F79CFE5A
S214032C00A1686368B1FA81F1208849091BB9BDE858
S214032C101040FFF7EABFFFF7E8FFA168A088B1FA04
S214032C2081F14909F3E700F040B80346184613F864
S214032C30012B8A4201D0002AF8D1704710B53B21F8
S214032C4004460068FFF7F1FF0022034603F8012B52
S214032C502068236010BD50F8083C23B150F8041CCC
S214032C6030F80E0C18477047084619B1FF2110308C
S214032C7002F061B97047007800F0DF03552B07D0E8
S214032C80642807D0663818BF4FF0FF30C0B27047CD
S214032C90012070470320704718B12D280CBF012070
S214032CA00220704708B501F03AFD08B500F06DF84C
S214032CB0BDE8084004F094BA50E9023018470A46C3
S214032CC00830FF2102F02EB9FF21083002F03BB98D
S214032CD008B50AF044FDBDE8084009F0B7B92DE988
S214032CE0F041044600274FF00C0E8F4202DB002013
S214032CF0BDE8F0812078904204D1002594F807803F
S214032D00454502DB01370C34EFE70EFB05F6D4F836
S214032D1008C00CEB06003CF806609E42E8D001357E
S214032D20EEE7F0B585B005460E461746D2F744FEE5
S214032D300446A0B131462846D2F70CFE83783A46BD
S214032D40002BA36831460293A378284601934FF0DD
S214032D50000300930CBF80234023E0F729FA05B055
S214032D60F0BD08B51288D2F727FE50B10279BDF838
S214032D700C309A4207D881680298E6F791FC002047
S214032D8008BD8620FCE78920FAE7002004F0ACBAE9
S214032D9008B504F019FB002814BF0320002008BD63
S214032DA0704708B501F0A3FFFFF77CFE642003F02D
S214032DB066FE642003F062FE01F09BFFD1F7C2FFBC
S214032DC008F09EFDF8E708B5FFF76CFF10B5C2786C
S214032DD00446022A15D0806B98B1636B012A1B7BCD
S214032DE003D123B1FFF7C0FE03E0002BFAD0FFF7B1
S214032DF0B0FE60784FF60272BDE810400621FFF77A
S214032E0090BF10BD10B50446406BD2F7CDF82046F0
S214032E10BDE81040FFF7DABF10B50446406BD2F7A3
S214032E20E7F82046BDE81040FFF7D0BF10B50446CC
S214032E30406BD2F70BF92046BDE81040FFF7C6BF3C
S214032E4010B50446002206214078FFF76AFFA378F0
S214032E50022B01D0FF2B04D12046BDE81040D3F748
S214032E6075B810BD4FF60273994210B5044604D1E7
S214032E70806BC37863B1FFF76CFEE378022B02D056
S214032E802046FFF7A3FF2046BDE81040D3F75EB801
S214032E90FFF76AFEF1E70A2901D9FFF706BF704775
S214032EA010B58278044603797AB90BB1D3F702F9E1
S214032EB02046D3F72BF903236078A4F86C30552209
S214032EC0BDE810401221FFF72CBF012B01D1D3F729
S214032ED0F1F8A379012B02D12046D3F717F9012382
S214032EE0EAE710B58378044683B903790BB1D3F7C1
S214032EF0F7F82046D3F750F904236078A4F86C302B
S214032F005522BDE810401221FFF70BBFB0F86C3016
S214032F10022B0CD00379032B01D1D3F7CBF8A3797B
S214032F20032B02D12046D3F7F1F80023E5E7D3F7C6
S214032F3075F9FAE7827883685AB9DB78002B14BFF1
S214032F4003230423A0F86C30552212214078FFF7A0
S214032F50E8BE1A7922B9DB78003B18BF0123F1E7F4
S214032F600223EFE77FB500239E6A0446B6F5804F3B
S214032F700D460CD201A8D3F7FFFA039B5B0506D5D3
S214032F8029462046336C04B0BDE87040184704B0A9
S214032F9070BD00239B6AB3F5804F05D21B6BB3F558
S214032FA0804F01D29B6818474FF4817070471FB556
S214032FB000239A6AB2F5804F04D340F2011005B09D
S214032FC05DF804FB126BB2F5804FF6D2012201A81E
S214032FD0CDE902338DF80420D3F7CEFA039BDB0347
S214032FE0EBD5029B1A0EE8D0012A03D1C3F307439D
S214032FF00A2BE2D900239B6A1B6B1B6C9847DEE700
S21403300008B50AF069FDB0FA80F0400908BD13461A
S21403301010B542B103439B0707D10AF061FDB0FA2E
S21403302080F0400910BD0120FCE70020FAE70023EA
S2140330300360704703680B600160704710B538B1D2
S21403304032B129B100230139D45C14B900230370CB
S21403305010BD8B42FAD200F8014B0133F4E7034666
S21403306038B10020814204D01A5C02B9704701309F
S214033070F8E770474FF0FF31FFF7F1BF70B50C4626
S2140330801646054660B15AB151B1FFF7F3FF8442C5
S21403309006D9211A32462844BDE87040FFF7CEBF52
S2140330A070BDFEE7FEE700239A4200D1704710B5D5
S2140330B050F8234041F8234001339A42F8D110BD1B
S2140330C0D3F7BABE1FB50B464FF0FF31FF248DF87A
S2140330D009000391009203A9002202A88DF8084074
S2140330E0D3F752FF10B9039804B010BD2046FBE790
S2140330F04369426CD91C143AB1FBF2F103EBC100ED
S2140331000330B0FBF2F00230704738B505460C4684
S214033110FFF7EEFF6A6CE31D143AB3FBF2F30133D9
S21403312004EBC30402FB004038BD38B505464469CA
S2140331302146FFF7EAFF6A6CE31D143AB3FBF2F38A
S214033140013304EBC304204438BDF7B507460E46E7
S21403315000257C6CA819644280EA06031C4003D051
S2140331602C46204603B0F0BDFB6B01225B6901A928
S2140331709847019B0133F4D10435EAE770B5054659
S2140331800C46D5F715FCEB6B2046BDE87040DB68B4
S214033190184770B50025044686B00562E369AB425E
S2140331A002D8206A06B070BD666C2068E36B052201
S2140331B05B6901A906FB0500984701A800F022FCFD
S2140331C000F045FC10B1236A013323620135E5E7BD
S2140331D038B50446456C006804F1400305FB01015D
S2140331E0E06B00F041FC05462046FFF7D2FF284679
S2140331F038BDF0B50546002687B0EC69013CB442FD
S21403320003D80C46204607B0F0BD01B14C1E6F6CC8
S2140332102868EB6B05225B6901A907FB0400984746
S21403322001A800F0EFFB00F012FC0028EAD12146CB
S2140332300136E2E7F0B504460D46466CE36B0068DC
S21403324087B005225B6901A906FB0500984701A81C
S21403325000F0D8FB00F0FBFB20B101A800F0A9FBAF
S21403326007B0F0BD29462046FFF7C3FF0646676C46
S2140332702068E36B05225B6901A907FB06009847F4
S21403328001A800F096FB431CEAD0B54238BF0130D4
S214033290E6E72DE9F0434FF6FF79D0F8248004469D
S2140332A00E46C84514BF45460025002787B0E36988
S2140332B0BB4202D807B0BDE8F083E26B2368606CBC
S2140332C0D2F814C000FB0530052201A9E04701A887
S2140332D000F098FB022806D0C8450CD1721C29467C
S2140332E02046FFF775FFE3690135B5FBF3F20137B7
S2140332F003FB1255DBE729462046FFF79BFFB0F199
S214033300FF3F14BF024632460132E8E70368F0B5D2
S214033310CC1A436C0646B4FBF3F4002587B0F36976
S21403332037685A1E9542706C08D3706C336800FB7E
S214033330043007B0BDE8F04000F094BB0134B4FBA2
S214033340F3F203FB1244F36B05225B6901A900FB4E
S2140333500470984701A800F055FB00F078FB00289E
S214033360E3D10135DBE710B423F0030422449B07C3
S2140333700A44436C18BF04325B4281EA02042342C8
S21403338003D05DF8044BFFF7C1BF10465DF8044B4E
S21403339070472DE9F041D0E90A369E42044686B0CE
S2140333A028D11422C369456802FB1355284606B084
S2140333B0BDE8F0812068676C331AB3FBF7F3E26B62
S2140333C007FB0300D2F8148001A90522C04701A811
S2140333D000F018FB012804D0636C1D44013B334006
S2140333E0ED1A31462046FFF791FF0646A36AB3421D
S2140333F0E0D1DBE70025F9E708B508301346D1E945
S2140334000012D5F75BFA012008BD13B50C46002160
S21403341021760093616813462246D3F733FE18B12C
S214033420E37D03B1A07EA075A07D02B010BD73B589
S214033430164600F108050C46284609680DF10702F2
S21403344000F098F9032E06D16368834203D1284619
S214033450216800F076F9012002B070BDD01E009BF3
S21403346042424241187E824211D11A688A420ED8DD
S2140334705A688A420BD35A6901325A61D3E9030266
S21403348082423FBF986840F8221001321A61012039
S214033490704710B5032A029C07D1A26A5340626C98
S2140334A05242134201D100F04CF9012010BD08B579
S2140334B0C36800209847BDE80840D5F781BA0128BD
S2140334C014BF0420022070B5002442431C70CC7D38
S2140334D0101D02F002024CB91AB1012220F00300BB
S2140334E01A7000F108034868184470BD1AB1012227
S2140334F020F003001A7000230C7E01F12005DAB2D7
S214033500944201D80020F0E735F833205E1C82424F
S21403351006D901EBC30300F10802D8691044E4E7B7
S2140335203346801AEBE773B5054690F842601C46AF
S21403353030460DF10303FFF7C2FFEB6B012E5B6909
S2140335400DD1324601A998479DF8033013B1BDF853
S21403355006300193BDF80430236002B070BD01222B
S214033560214602B0BDE870401847F0B50546002472
S2140335704868EB6B87B00E4601225B69029402A98A
S21403358008309847274695F84230012B40F0AC8028
S214033590632C00F2AB80612C08D805AB224631467B
S2140335A02846FFF7C0FF9DF814305BB3224605ABF1
S2140335B0314628468DF81070FFF7B5FF95F8422080
S2140335C0059B012A7FD14FF6FF72934256D00822FD
S2140335D005A904A800F062FA059B9DF81010C3F332
S2140335E0072291424AD1DBB2029A1A44029245E07C
S2140335F0DCD005AB224631462846FFF794FFBDF8DC
S2140336001430D2E795F84230012B39D1612C2ED8ED
S21403361022463146284603ABFFF785FF3146284648
S21403362004AB621CFFF77FFF3146284605ABA21C9E
S214033630FFF779FF102208230DEB02010DF10700B7
S2140336408DF8073000F02AFA102205A90DF10700BD
S21403365000F024FA039BDAB24AB99DF80720B2EBCE
S214033660132F04D1DDE9043203EB0243029395F8EA
S2140336704230012B14BF012302231C44013482E78A
S214033680302CF4D822463146284603ABFFF74BFFCF
S2140336903146284604AB621CFFF745FF1023202261
S2140336A00DEB03010DF107008DF8073000F0F6F976
S2140336B0039B9AB2002ADAD19DF80720B2EB134F88
S2140336C0D5D1049BD2E70133D8D0102205A90DEB40
S2140336D0020000F0E3F9059B9DF81010C3F30742C0
S2140336E09142CBD19BB27FE7312C81D9029807B0A8
S2140336F0F0BD13B500240194049C0094D4F7B4F9E8
S21403370002B010BD13B501240194049C0094D4F7B1
S214033710ABF902B010BD00234FF0FF3230B544685A
S2140337209C4202D10023037230BD016801EBC3053E
S21403373041F833206A600133F2E7C0E90012FFF76D
S214033740EABF002370B545689D4210D0046854F85C
S214033750332004EBC306B2F1FF3F09D0C2F31302D2
S214033760914205D14FF0FF3244F83320726070BDAA
S2140337700133E9E70023F0B545689D4202D14FF0D7
S214033780FF300EE00468DE0054F83340671C09D0AF
S214033790C4F31307B94205D1240D147003683344E8
S2140337A05868F0BD0133E8E7704770B594002246C9
S2140337B005460E460AF094F9431C0AD058B9224629
S2140337C031462846E6F714F9002814BF3D200020AA
S2140337D070BD6E20FCE77120FAE713B5044601A816
S2140337E0D5F77EFF9DF8063023804FF48073638001
S2140337F0D5F784FF6060002002B010BDD5F7F4BE95
S21403380008B5D5F7E5FE002008BD10B5044644EA22
S214033810010313F00303084609D1934201D10020A4
S21403382010BD54F8231040F823100133F5E7214662
S2140338309200E6F729FAF2E710B504460AF04CF9C7
S214033840431C10D088B9D5F759FF234620F0030050
S2140338502044984201D1002010BD53F8042B0132B6
S214033860F7D03E20F8E76E20F6E77120F4E77047BE
S21403387013B50023044601461B220DF107008DF8FD
S214033880073000F00BF922689DF80730B3EBD26FD0
S2140338900CBF0120002002B010BD13B50023044660
S2140338A0014620220DF107008DF8073000F0F6F8E8
S2140338B00DF107001A22211D00F0F0F862689DF84A
S2140338C00730B3EB926F0CBF0120002002B010BD8F
S2140338D00068431C584258417047006810F07E0F3A
S2140338E00CBFC0F3C160002070470068C0F3D3105C
S2140338F07047006800F07E00B0FA80F04009704719
S214033900036813F07E0F14BF042008207047036873
S21403391013F07E0F03D1406820F07C40704713F00D
S21403392078001CBF03F07F03D81F7047006800F0C1
S2140339307F007047032809D0022803D1C1F1020192
S214033940C8B2704700290CBF07200020704737B560
S214033950054601F10C04436969460122204698474F
S214033960BDF80030012201932046AB6901A99847B0
S21403397003B030BD37B501F10C0443690122694633
S2140339800546204698474FF6FF72009B99B2914230
S2140339900DD16FF30F0343F4254343F0A5030193BF
S2140339A001222046AB6901A9984703B030BD002029
S2140339B0FBE737B5044600251B22011D0DF1070062
S2140339C08DF8075000F06AF860689DF80720B2EBA0
S2140339D0D06F03D120F0784003B030BD0DF107005F
S2140339E01B2204F108018DF8075000F057F8A06871
S2140339F09DF80730B3EBD06F01D1C043EAE74FF031
S214033A00FF30E9E74BF29A22036810B5B2EB134F87
S214033A10044613D19BB2012B13D1FFF7CAFF013023
S214033A200CD04FF6FF72E068B2EB104F4FEA10432C
S214033A3009D180B2C01A18BF012010BD2368013314
S214033A4003D00420F9E70220F7E70320F5E701286F
S214033A508CBF002001207047033801288CBF00204C
S214033A6001207047143070472DE9F041054698460B
S214033A70036908460E4617469847044638B9434630
S214033A803A4631462846D5F70BF8044618B1314670
S214033A902846FFF75CFF2046BDE8F0811F2A0B6827
S214033AA09EBF4FF0FF3191408B43590801F05531CB
S214033AB05B1A03F033319B0803F033330B4401786E
S214033AC003EB13130A444FF0013103F00F334B4358
S214033AD0A2EB13620270704708B507F0B9FDBDE8A4
S214033AE008400021D5F7E6B802210320D5F7E0BA4F
S214033AF0704770477047704770B5054614460E46C4
S214033B0009F0D3FC2B685C4034405C402C60BDE875
S214033B10704009F0C5BC4FF050234FF400321A67CB
S214033B2070474FF0B0435A6812B19A6A002AFAD126
S214033B30704770B5054614460E4609F0B6FC2B686A
S214033B405C4034405C402C60BDE8704009F0A8BC83
S214033B500122417803788A4030214B4342F2100118
S214033B6003F1A04303F570335A50704730B5002273
S214033B70044600F0FC05A31803F00303581921FAC2
S214033B8000F3DB0704D50132042AF4D14FF0FF30EB
S214033B9030BD00207047002070470020704700208B
S214033BA0704701207047012070470F207047E6F7E3
S214033BB0B3BE002307B5CDE90033012369464FF0B2
S214033BC0FF308DF8023004F0DDFB03B05DF804FB34
S214033BD00020704710B508B9212010BD0029FBD07E
S214033BE0036813F0704205D1C3F30E030B607BB179
S214033BF00020F2E703F05044B4F1004F05D0B2F1D1
S214033C00304F02D0B2F1404FE6D103F07F03EDE729
S214033C104368002BE0D00B60EAE737B50C46054651
S214033C2010B9212003B030BD0029FAD0002301A922
S214033C300193FFF7CFFF0028F3D12968019A11F00B
S214033C40704102F1030222F0030201D12260E9E788
S214033C50AD68B1F1004FC5F38033C5F3403504D1E9
S214033C6003EB450353432360DCE7B1F1204F01D157
S214033C702B44F7E7B1F1304FFAD0B1F1404FF7D00C
S214033C80CFE737B50C460546002800F088800029A4
S214033C9000F0858000230B60036803F070430B601D
S214033CA0C26822B1032A7AD143F080630B60AB6803
S214033CB09A014AD403F08073EA680AB9002B6ED1DE
S214033CC0226822F0407213432360EA68032A05D170
S214033CD02A69F62A63D962F317432360AB681B0489
S214033CE042BF236843F400432360EB68032B1FBFE4
S214033CF023682A6862F30E0323602B68AA68002BE6
S214033D002BDB12F4C84F4AD12B6803F0704303F140
S214033D100043B3F1804F05D2530542BF236843F4F3
S214033D20806323600023284601A90193FFF752FF0F
S214033D30002834D12B6813F070421FD12368019AF0
S214033D4062F30E03236003B030BD03F04073B3F198
S214033D50407F18BF4FF00073AEE7500402F40051E3
S214033D6005D4E1B1236843F400532360CCE723680A
S214033D7043F4804323600029C6D0F3E703F050439F
S214033D80B3F1004F05D0B2F1304F02D0B2F1404F3D
S214033D9005D1019B5A1E236862F30603D2E721204E
S214033DA0D1E738B131B101234B604FF00053002007
S214033DB08B6070472120704737B50C46054608B917
S214033DC0212017E00029FBD001234B60C368ABB961
S214033DD001A90193FFF721FF0028F1D1019B6A692E
S214033DE09A4209D32A69002AEAD0226043F0005394
S214033DF00020A36003B030BD1D20FBE7032BDFD1FB
S214033E000023F5E7436813B9416070475B685A6857
S214033E10012AFBD159607047FFF7DABE08B5FFF7F2
S214033E20D7FE002814BF6FF09200002008BD13468B
S214033E30428870B50732072A0C464FEAD20101D0F2
S214033E40A14222D146680588202218460021E5F7BC
S214033E507DFD360A0346DEB9BCB141F20102954246
S214033E6005D0B5F5885F02D0B5F5905F02D1002086
S214033E705C6070BDB5F5105F0DD1182C03D0202CF7
S214033E8001D0102C01D11C60F1E76FF08600F0E73B
S214033E906FF08B00EDE76FF08500EAE7F0B51C46A0
S214033EA0436806461B0A0F46154689B035D1224697
S214033EB02946FFF7BCFF68B9EB1C23F00303C4E9EC
S214033EC00307636145B9202200212046E5F73EFD3E
S214033ED06FF0860009B0F0BD014620226846E5F77C
S214033EE035FD29466A463046FFF7A1FFDDE9006542
S214033EF0DDE9062302990028E5D12768B742E2D117
S214033F006668AE42DFD1A5688D42DCD1A1699142D5
S214033F10D9D1E2699A42DDD0D5E76FF08B00D9E7B5
S214033F20D5F728BFD6F738B870470020704700206B
S214033F307047C3681944836853F8210030F8023B7E
S214033F4013607047012310B580F888300378044661
S214033F5053B100F05BFA21462046D6F70DF920460A
S214033F60BDE8104000F047BA10BD38B50D4604460C
S214033F70D6F7EAF86B682046C4F8B032A96800F0B2
S214033F8098F94FF0FF332046C4F8B432FFF7CDFF5D
S214033F9038BDD0F8B43210B50133044601D0002042
S214033FA010BD00F0C1FAC4F8B4020130F7D194F89A
S214033FB0B80280F00100F3E708B5D6F701F908BDAB
S214033FC00A7801382D2A0ABF012200228918D6F75B
S214033FD053B907281BD8DFE800F0060A0D1013159F
S214033FE004170120704700220820D6F745B900229F
S214033FF01020FAE700222020F7E70820FFF7E0BFAB
S2140340001020FBE72020F9E70846D6F797B90020EB
S21403401070472DE9F74307280C46DDE90A769046F4
S2140340201D4608D8013806280AD8DFE800F01D2701
S214034030303A44574A00212850D003B0BDE8F083F5
S214034040002220461146E5F74DFC3368C0B205EB67
S21403405083013A6845F82300013348F82210336099
S2140340603B6801333B60E8E7002220461146E5F74C
S21403407039FC336880B205EB8301EAE70022204669
S2140340801146E5F72FFC336805EB8301E1E70022D1
S21403409020461146E5F716FF336840B205EB830169
S2140340A0D7E7002220461146E5F70CFF336800B237
S2140340B005EB8301CDE7002220461146E5F702FF14
S2140340C0E1E7002389461E461D468DF8063019F89B
S2140340D0013F7D2B06D125702D0A65703B6848F895
S2140340E02340BDE7202BF2D006F00102013612B9B9
S2140340F08DF80430EBE71022002101A88DF8053077
S214034100E5F7E0FE631901359870ADB2DFE72DE9F8
S214034110F04F9B46002385B08B45814688469246E2
S214034120CDE902336DDC1E461A4619F80340212CEE
S2140341300AD81F2C05D8103C072C98BF46F001065A
S21403414000E001220133F0E7FF2CFBD15B4432B1E0
S214034150013B434551DD2B2005B0BDE8F08F4EB142
S214034160013B4345F7DC164635463746454504DBF3
S2140341700020F1E79845F7D0EDE75D453BDB19F8FE
S2140341800730202B18D109EB07035B78FF2BE2D10E
S214034190CEB920465AF82510FFF71BFF98B303AB9A
S2140341A0019302AB00932046DDE90E235AF825104F
S2140341B0FFF72FFF0135D9E7212B0ED109EB0703B4
S2140341C05B78FF2BC7D1029B5AF825200E99012650
S2140341D041F8232001330293ECE7A3F11004072CE4
S2140341E002D91C460137D3E709EB07035B78FF2B9D
S2140341F0B1D1E4B2CCE70624CAE700252F462E4603
S214034200B4E72120A8E72620A6E72DE9F04F0746C6
S2140342100E4615469846044685B0DDF84490DDE91B
S2140342200FAB206808B3DAF80020D8F800108A42EB
S2140342301BDA0E9B53F82210D2F732FD48BBDAF88E
S21403424000200132CAF800206268117BFE291BD1C8
S2140342500E9B1068012100932A464346CDE902B916
S214034260CDF804A0FFF7D1FF04462B7843B999F89D
S21403427000302BB97EB101233C4689F800302B7001
S214034280204605B0BDE8F08F01238BF800302B7075
S214034290EBE70C34C5E73446F2E710B5044623686B
S2140342A003B910BD237A13B92046D6F77DF80C342C
S2140342B0F5E710B541B10A7932B901249C300C7187
S2140342C0FEF7B8FE204610BD0020FCE72DE9F041BE
S2140342D0BAB005460AAA084603A900F062F90446DE
S2140342E0B0B90DF10A0301930DF10B038DF80A0023
S2140342F000930AAA284604AB03A9D6F7FDF99DF84E
S2140343000A20B2B158B19DF80B302BB1D6F74CF852
S21403431020463AB0BDE8F081FFF7BFFFF8E7D5F8CF
S2140343209C50002DF4D0A86808B1FFF7B6FF2D689F
S214034330F7E710B346681AAB06F10C070DF1A808A9
S21403434001933846049B0399CDF800800AAAFFF729
S214034350DEFE04460028DBD1039B05A8CDE906381C
S214034360049B0595CDE90837D7F780FC05A8336885
S214034370984705A800F03EFDCAE72D24C8E710B508
S2140343800446AC30E5F75EF904F1AB031A180020D7
S214034390934200D110BD13F8011F0029FAD00A2951
S2140343A008BF0130F4E770B50023012400F1AC0622
S2140343B0D0F8AC52AC420FD3AC30B3F5007F10D379
S2140343C0012070BD0D6801350D6015680135156057
S2140343D0F55C01330A2D02D0B3F5007FF2D3013426
S2140343E0E6E7C15C0A29EBD00029E9D0116801335E
S2140343F001311160E1E710B50021D0F88C200446A6
S214034400E5F7A4FA0023C4E9243310BD73B50446C4
S21403441000F1AC0580212046FEF721FE4FF4007123
S21403442006462846FEF71BFE0136C0F50070864298
S21403443020461FD8E5F706F906462846E5F702F9AB
S21403444001362946421CA819E5F72AF92046E5F75E
S214034450F9F8214602462846E5F716FC2046E5F716
S214034460F1F80A23204480F8AC300023C4F8AC32B9
S21403447002B070BDFFF783FF0023C4F8AC02CDE99A
S214034480003338B194F8AC3023B16946204601AA0C
S214034490FFF789FF0022009B234483F8AC20B9E78B
S2140344A04B1C73B5044619D1D0F8AC3213B1013B9B
S2140344B0C4F8AC3200252046E5F7C4F8A84217D85E
S2140344C02046FFF798FFD4F8AC322BB10023CDE992
S2140344D0003394F8AC30B3B902B070BD0129FBD1F8
S2140344E0FFF74DFFD4F8AC328342F5D20133DFE752
S2140344F0082000F028F8202000F025F8082000F017
S21403450022F80135D7E76946204601AAFFF74BFF95
S214034510009D04F1AC06019BAB42DDD9715D2046DC
S214034520D6F70AFA0135F6E707B500200DF10701BD
S21403453000F0E7F820B99DF8070003B05DF804FB28
S2140345404FF0FF30F9E710B5C1B20446002000F083
S214034550C8F800280CBF20464FF0FF3010BD0FB43C
S21403456007B504AA52F8041B00200192D6F780FB75
S214034570002003B05DF804EB04B0704710B54C1C84
S2140345800B460119045D222C03D07B2C01D05C2C36
S21403459005D1D21A1844E5F783F8012010BD002090
S2140345A0FCE72DE9F047054691468846E5F74AF8C5
S2140345B02A4606461346197801322029FAD0C9F846
S2140345C000305C1B01236FF0404AC8F80030A64257
S2140345D001D8002014E02F5D29197B2F12D0222F3B
S2140345E02ED1D8F80030621C53442A4449F82320BD
S2140345F0012C09D911F8013C13F0DF0F04D0212058
S214034600BDE8F0877D27F3E701342B5DBB4209D174
S2140346102B195B7813F0DF03F1D1222F00D12B5532
S2140346200134D4E75C2B07D1324621462846FFF7F0
S214034630A5FF0028E3D0013E0134A642E5D8DEE715
S2140346405C2F08D1324621462846FFF797FF0028FD
S214034650D5D0013EE4E7202FE2D10022631CB3420B
S2140346602A55DDD2EA18EB5C202BD9D0D8F80030D7
S2140346700F2B05DC49F823200133C8F80030CFE7B9
S2140346801E20BDE700F000B800207047D2F7F6BA48
S21403469070B50C46154610B9D6F7DEFA38B143683E
S2140346A02BB12A462146BDE87040006818472320F0
S2140346B070BDF7B50D4616461C4638B9D6F7CCFA84
S2140346C004B901AC20B9232003B0F0BD03B901AC93
S2140346D0C768002FF7D02346324629460068B847F6
S2140346E0F2E707B501228DF807100DF10701FFF772
S2140346F0CFFF03B05DF804FB0B4601461846FFF7F1
S214034700F0BF00230122FFF7D4BF08B508F0C5FFAA
S214034710FA23B0FBF3F080B208BD0420704740F2E2
S2140347200160D6F78FBB70470120704700207047A3
S21403473049BA89B280EA0103C3F30312534018034C
S21403474080B258405B0103F4FF535840704708B5E6
S214034750D6F746FF58B1A0F15903042B06D8042B0D
S21403476004D8DFE803F00404040304005C2008BD57
S214034770D7F78EB87047F8B50C468D1807355242F2
S2140347801540A5F108070646384600F0DEF9A1886D
S214034790381B628801EBE00189B2A2EBE00225F840
S2140347A0041C25F8062CA288C310AAB1A4EBC202E7
S2140347B0B2F802C0D18003EB0C015180E28892B1BB
S2140347C0D31A9BB204EBC20425F8023CA380B36859
S2140347D00344B3603846F8BD15F8082C42F00202CD
S2140347E005F8082CEAE725F8022CF0E72DE9F04F48
S2140347F04FF0000887B09946531C109B0546174692
S21403480014BF14460824CDF81480002B00F0C4808F
S214034810C3F80080002900F0C18042688A4240F253
S214034820BD80073121F0070608F04CFE05AACDE946
S214034830008282463A464B463146284600F089F9BE
S214034840059F834607B130B9504608F036FE192057
S21403485007B0BDE8F08FB7F8028029694FEAC802AF
S214034860C0EBC8080139B8F1270F296179D9B9F126
S214034870000F50D1864206F1080847D02246394633
S2140348802846FFF778FF04460590A044404600F00C
S2140348905CF9059906F10F004A88C308A2EBD0021B
S2140348A0A8F80220CA88A8F80430002A30D0D31A01
S2140348B09BB201EBC202A8F8063093808B88F608F9
S2140348C0A380B8F804303A46E380414600232846DE
S2140348D0668000F0A5F9AB680833AB60237843F035
S2140348E0010323702B6901332B616288AB68504642
S2140348F003EBC203EA68AB60934288BFEB6008F041
S214034900DCFD109B083400201C60A1E73C46BCE796
S214034910A8F80620D2E707EB08042046039200F027
S21403492014F90BF10703DB080599638008F1070305
S214034930DB08A380CB8893B1DB00039AD81D821AC9
S2140349405A44C2F3CF020B44E2809A80A38808F14C
S214034950FF384FEAD808A1F80280CB80BBE7E38094
S214034960F4E7B9F1010F1BD107F10803B3FBF4F227
S21403497004FB1233B3B1224639462846FFF7FBFE43
S214034980044623783A4643F0010323702146012365
S214034990284600F045F9A8E7222059E7212057E7E3
S2140349A08642E8D13C46ECE707B500224FF0FF31DC
S2140349B001AB0192D6F7CAFB019803B05DF804FB7E
S2140349C02DE9F74F04460D46002900F0AB80D0E9E9
S2140349D0056808F077FD15F8082C35F8067CD3072C
S2140349E0019000D537B9019808F067FD012003B0A0
S2140349F0BDE8F08FA368D4F810A035F8049CA3EBA9
S214034A00C70E0AF10103A5F1080C791CC4F808E0E7
S214034A102361B9F1000F7BD0ACEBC90393F800B068
S214034A2002F002021BF0010F67D1002A66D1B3F829
S214034A300290DA88A2EB0902012A69D1B91CAEF109
S214034A4008024944C4F810A0A26035F802ECBEF18F
S214034A50000F61D0D4E900200CEBCE0A02EB00096C
S214034A60CA4559D21CF83EC052461CF0010C15D15B
S214034A70AEEB0707012F11D1BAF80270AAF802C0ED
S214034A8001373944BAF80670002F43D00AEBC70241
S214034A902769013F2761A768083FA76015F8087CC8
S214034AA0013927F0010705F8087C002725F8067C5E
S214034AB05980197867F3000119707AB3C3F10701B7
S214034AC01144C1F3CF01D98091804EB3B34227D3AB
S214034AD07288002A08BF1E46B8F1000F06D0434569
S214034AE004D8B8F80220002A18BF43460198C4E940
S214034AF0056308F0E2FC002079E74AB115F8082CB4
S214034B00494422F0020205F8082C00229A809CE70A
S214034B1063469AE73A46BBE70022BFE7DA80D4E764
S214034B201E46D9E7222062E710B50446D6F726FBD1
S214034B302146BDE81040FFF743BFFFF7F5BF084621
S214034B40FFF732BF0846FFF7F8BF00230360436052
S214034B507047F0B5D0E90554561C08BF0822002B51
S214034B604FF0000008BF2C46069F3860002C38D054
S214034B709DF814606588F60006EBC505C2F1000CC7
S214034B802078C00708D523BBE08898B104EBC0049F
S214034B90658806EBC505F3E78D42F4D35BB904F1EC
S214034BA00800B0FBF2FE02FB1E00C0B10844A84298
S214034BB0EAD83C60F0BD082A11D06088013004EBC7
S214034BC0C000A0EB010E0EEA0C0EA0EB0E00854211
S214034BD0EFD2A0880028EDD0A4EBC004D8E708469F
S214034BE0E7E72046E6E703460069C0B10AB951B9CC
S214034BF01A6810460378DB0711D531B9C3885BB151
S214034C0000EBC300F6E79A69F3E7012904D183882A
S214034C1023B1A0EBC300EDE70020704718467047AA
S214034C202DE9F041D0E90554074688461646ABB150
S214034C30954200D00ABB424600213846FFF7D3FF11
S214034C40B442054600D02EB9424601213846FFF746
S214034C50CAFF0446C7E90554BDE8F081954208D06B
S214034C608D4228BF0D46B44205D0444538BF44465E
S214034C70F0E70D46F7E74446ECE79442EAD1E3E76C
S214034C8070B500261C46C3E90001C3E90266C3E902
S214034C9005001E611A775E62FFF757FF2369013925
S214034CA0C908013341802361A36830460833A360F3
S214034CB0E3680833E36070BD002307B568460093D6
S214034CC08DF80430D4F7E4FB03B05DF804FB10B5AD
S214034CD008F0EBFB044606F04DFD2046BDE8104009
S214034CE008F0DEBB70474FF4C870D6F7A7BAD6F7FE
S214034CF059BB00F01CB87047704708B503F08BF932
S214034D0003F093F903F09AF903F0A9F9BDE8084014
S214034D1003F0B8B9704708B503F078F903F077F9EC
S214034D2003F076F903F076F9FFF7F4FF08BD08B54C
S214034D3003F0A9F903F0A8F903F0A8F9BDE80840C1
S214034D4003F0ABB97047012070472DE9F34112F029
S214034D5001050446884622D110F0030525D12F46C7
S214034D605208BA4209D1D4F733FC0026B74204EB03
S214034D70860008D1D4F738FC11E054F82730013305
S214034D800CD10137EDE7042258F826300DEB02016B
S214034D90019308F0A5FE30B1D4F726FC3D2528463E
S214034DA002B0BDE8F0810136E0E70125F7E770477A
S214034DB0B0F1006F0FD300F07843B3F1006F0CD05F
S214034DC000F06040B0F1404F09D0B0F1604F14BF1F
S214034DD004200320704700207047012070470220FC
S214034DE07047002070471AB111B180B2D6F750BD94
S214034DF02120704701F0A6BEDFF718BAFFF78FBC75
S214034E00D0E9023253F8223000211878DEF700BFCB
S214034E10704702F0E5B901F027BEC3688268013B1C
S214034E20DBB252F823305B78652B02D10020E1F722
S214034E3027B96E2B01D10120F9E7662B01D1022099
S214034E40F5E7704710B5D0E90232044653F822302E
S214034E50187802F0AFFAE368A268013352F82330F9
S214034E60BDE81040187802F0A3BA10B50446C0B2E5
S214034E70D7F7C6FE200ABDE81040D7F7C1BED0E973
S214034E80023253F822301878D7F7C2BF02F042BA7C
S214034E90DFF7EABD08B501F008FFBDE80840E0F714
S214034EA0DDBFD0E9023253F82230186801F0FBBEAA
S214034EB00020E1F7D9B80120E1F7D6B80221D7F7E9
S214034EC03DBF0321D7F73ABF0521D7F737BF08B54C
S214034ED001460C20D7F70EFFBDE80840D7F79CBE67
S214034EE008B501460020D7F705FFBDE80840D7F709
S214034EF093BE07B5C2688368043253F82230012193
S214034F001B880DF10602ADF806300023D8F79AFC8D
S214034F1003B05DF804FB08B508F0D3FBBDE8084012
S214034F20EDF7BEBB10B51446D8F7ACFF2146BDE877
S214034F30104008F0C1B808B5D8F7A4FFBDE808408C
S214034F40002108F0B9B808B5D8F79CFFBDE80840BB
S214034F50ECF7BCBE7047704708B508F0B2FBFFF726
S214034F60FAFF03F0F4F8BDE80840D8F7D9BF704756
S214034F70012070470120704708B5D9F76DF800285F
S214034F800CBF0420012008BD70472DE9F3410446F9
S214034F900D4616461F46DDF8208008F02DFC3B46DE
S214034FA0324629462046CDF8008003F0D1F83B462A
S214034FB0324629462046CDF80080FFF7E5FF02B0CB
S214034FC0BDE8F04101F0BEBD2DE9FF4704460D469E
S214034FD016461F46BDF830809DF83490DDF838A09D
S214034FE008F00AFC3B46324629462046CDE9019A9C
S214034FF0CDF8008001F075F804B0BDE8F04701F085
S214035000A1BDF8B504460D4616461F4608F0F4FB48
S2140350103B46324629462046DEF72EFB044601F081
S21403502091FD2046F8BD70472DE9F34104460D4631
S21403503016461F46BDF8208008F0DEFB3B46324688
S21403504029462046CDF8008003F085F833464246CD
S214035050294620460097FFF7E6FF02B0BDE8F04179
S21403506001F070BD704708B508F0C6FB03F074F88E
S214035070FFF7F8FFBDE8084001F064BD0120704764
S2140350802DE9F74304460D4616461F469DF828901D
S21403509008F0B2FB3B46324629462046CDF8009040
S2140350A0FFF7ECFF80463B46324629462046CDF8BE
S2140350B0009003F052F801F045FD404603B0BDE80A
S2140350C0F083012070472DE9F74304460D46164644
S2140350D01F469DF8289008F08FFB3B46324629462C
S2140350E02046CDF80090FFF7ECFF80463B4632465D
S2140350F029462046CDF8009003F030F801F022FD53
S214035100404603B0BDE8F083F8B504460D461646A0
S2140351101F4608F071FB3B4632462946204603F0FD
S2140351201EF8BDE8F84001F00DBD00207047F8B545
S21403513004460D46164608F05FFB324629462046CF
S214035140FFF7F3FF074632462946204603F008F8E2
S21403515001F0F8FC3846F8BD38B504460D4608F0AD
S2140351604BFB2946204602F0FCFFBDE8384001F021
S214035170E9BC704710B5044608F03EFB204602F033
S214035180F1FF2046FFF7F5FFBDE8104001F0DABC5B
S214035190704738B504460D4608F02EFB29462046D0
S2140351A002F0EFFF29462046FFF7F2FFBDE838403E
S2140351B001F0C8BC704770B504460D46164608F0A5
S2140351C01BFB32462946204602F0DDFF32462946BF
S2140351D02046FFF7EFFFBDE8704001F0B3BC704711
S2140351E038B504460D4608F007FB2946204602F06C
S2140351F0CCFF29462046FFF7F2FFBDE8384001F012
S214035200A1BC70472DE9F34104460D4616461F46DA
S2140352109DF8208008F0F0FA3B46324629462046A1
S214035220CDF8008002F0B3FF3B46324629462046BF
S214035230CDF80080FFF7E5FF02B0BDE8F04101F0CE
S21403524081BC704738B5054608F0D6FA284600F004
S21403525015FF04460146284601F0C0FF01F072FC24
S214035260204638BD38B504460D4602F091FF294660
S2140352702046FFF7E6FF38BD704738B5054608F009
S214035280BBFA2846DEF77EFF04460146284601F0B1
S214035290A3FF01F057FC204638BD38B504460D463B
S2140352A002F077FF29462046FFF7E6FF38BD704732
S2140352B010B5044608F0A0FA204602F06BFF20461D
S2140352C0FFF7F5FFBDE8104001F03CBC704738B56A
S2140352D004460D4608F090FA2946204602F05BFF86
S2140352E029462046FFF7F2FFBDE8384001F02ABC06
S2140352F0704770B504460D46164608F07DFA3246EA
S2140353002946204602F048FF324629462046FFF744
S214035310EFFFBDE8704001F015BC704738B5044692
S2140353200D4608F069FA2946204602F036FF29465C
S2140353302046FFF7F2FFBDE8384001F003BC704794
S21403534038B504460D4608F057FA2946204602F0BB
S21403535025FF29462046FFF7F2FFBDE8384001F057
S214035360F1BB704710B5044608F046FA204602F033
S21403537016FF2046FFF7F5FFBDE8104001F0E2BB3D
S214035380704710B5044608F037FA204602F008FFC7
S2140353902046FFF7F5FFBDE8104001F0D3BB70478A
S2140353A0704770B504460D46164608F025FA324691
S2140353B02946204602F0F7FE324629462046FFF7E6
S2140353C0EFFFBDE8704001F0BDBB704710B5044663
S2140353D008F012FA204602F0E7FE2046FFF7F5FF34
S2140353E0BDE8104001F0AEBB704738B504460D4625
S2140353F008F002FA2946204602F0D7FE2946204640
S214035400FFF7F2FFBDE8384001F09CBB7047F8B5E4
S21403541004460D4616461F4608F0EEF93B4632464E
S2140354202946204602F0C3FE3B463246294620461E
S214035430FFF7ECFFBDE8F84001F084BB704770B59A
S21403544004460D46164608F0D7F932462946204646
S21403545002F0AEFE324629462046FFF7EFFFBDE8D0
S214035460704001F06FBB70472DE9F34104460D46CB
S21403547016461F46DDF8208008F0BEF93B46324646
S21403548029462046CDF8008002F093FE3B4632467E
S21403549029462046CDF80080FFF7E5FF02B0BDE8B9
S2140354A0F04101F04FBB0E2070470E20704738B511
S2140354B0044608F0A1F92046FFF7F7FF0546204605
S2140354C002F078FE2046FFF7EEFF01F03BFB28468E
S2140354D038BD704710B5044608F08EF9204602F032
S2140354E06AFE2046FFF7F5FFBDE8104001F02ABB31
S2140354F0002070470020704738B5044608F07CF952
S2140355002046FFF7F7FF0546204602F055FE2046E5
S214035510FFF7EEFF01F016FB284638BD704708B5C7
S21403552008F06AF902F049FEFFF7F8FFBDE8084005
S21403553001F008BB002070477047704708B5D8F7DE
S2140355405DFE00280CBF0420012008BD70470B68D1
S21403555010B5DA7B2AB9DC7C1CB9D8F773FE204673
S21403556010BD8120FCE708B5D8F784FEBDE80840E7
S214035570D8F78EBE7047D8F77DBED8F789BE082801
S21403558008D84FF48B73C34013F0010F0CBF2120D0
S21403559000207047212070470121D8F75FBF022102
S2140355A0D8F75CBF0421D8F759BF0821D8F756BFF0
S2140355B01021D8F753BF01207047D0E9023253F8C1
S2140355C022301878D9F7F4B8086810B5C37B2BB91E
S2140355D0C47C1CB9D9F71CF9204610BD8120FCE712
S2140355E0D0E9023253F822301878D9F753B9704706
S2140355F030B50546044615F8100B85B00295656967
S2140356001D44CDE900250B46A21D618801F046FE28
S21403561005B030BD704710B492F80A4192F80531D0
S21403562003EB04230B8100235DF8044B1A4601F0B9
S21403563033BE1FB50446084671B12178FF290BD047
S214035640238B029363690193237C00936288A31DD3
S214035650DEF7B4FDFF23237004B010BD0868C37BD8
S21403566073B9C37C032B0BD8DFE803F002080406E8
S214035670D9F708BCD9F738BCD9F768BCD9F716BC34
S214035680812070477047704700207047137810B525
S214035690032B0CD15479CBB29C4208D19379B3EB4C
S2140356A0112F04D153781B1A5842584110BD0020BD
S2140356B0FCE77FB505460E4600246946E0B201F0D6
S2140356C093FD28B96A4631462846FFF7DFFF18B927
S2140356D00134202CF1D1002004B070BDFFF7E9BFE0
S2140356E00868C37B9BB9C37C052B10D8DFE803F09F
S2140356F0030D070B0905D9F7C9BCD9F703BFD9F7BB
S2140357005FBDD9F7AFBED9F72DBED9F701BD81204E
S21403571070470020704730B5102587B001AA0021D6
S2140357200195FEF706FC04462A46002102A8E4F784
S2140357300DF92A46214602A8E3F7B2FF012102A883
S214035740DAF7BEF807B030BDDAF74CB87047FFF7A4
S214035750FDBF0B68DA7B5AB9DB7C012B04D0022B26
S21403576004D02BB9DAF7BEBCDAF7C8BCDAF7D2BC7A
S21403577081207047002307B5012101A80193D1F7C3
S214035780D5F808B9D0F70EFF012003B05DF804FB87
S21403579008B502F07EFA052803D0003818BF0120AA
S2140357A008BD0220FCE77047D0E9023253F82230E6
S2140357B01878003818BF0120DCF714B8DCF718B8DF
S2140357C000207047002070477047FF207047FF2077
S2140357D070470020704700207047002070477047CE
S2140357E00620704708B50868DBF796FF6FF0FF00E2
S2140357F008BD70B50D46044600212846164601F03E
S21403580086F9324620800221284601F080F9324686
S21403581060800421284601F077F90023A360E36043
S2140358206060082070BD034641B181424FF06400BA
S21403583005D94343B3FBF1F0C0B27047084670473F
S214035840DBF7E4BFDCF7F4BCDCF7FEBDB0F5807F26
S21403585005D0A0F500735842584140017047082010
S214035860704730B599B00D4669461446DCF750FDCF
S21403587030B915B1BDF802302B600CB10D9B236017
S21403588019B030BD2DE9F04F89B00F46914604A9F3
S21403589005AA80461E46FFF7E4FF044630BB308069
S2140358A00DF10C0ADDE904B39B451FD206225946C7
S2140358B04046CDF800A006ABDCF746FDD0B9039B07
S2140358C0062B17D13588DDF81A304D450DD2BDF8B5
S2140358D0182027F83520358807EBC50253605B444C
S2140358E00135063335800493DCE7F8D9204609B042
S2140358F0BDE8F08F0124F9E72DE9F0418EB00E469E
S214035900174601A9002204469846FFF7AAFF70B976
S214035910062220460DF1020302A9FFF7B3FF30B9B2
S2140359200546BDF80210019CEBB28B4201D3012061
S2140359300CE00EAA02EBC30353F82C2C33F8303CCE
S2140359400634B34205D13C60C8F800200EB0BDE86B
S214035950F08101351444E7E770B50024012602F010
S21403596072F9E5B2C26806FA05F59542234604F1D4
S2140359700104F4D3D8B270BD70B586B0DCF718FB5B
S21403598000F11006E1F7D8FD00240546142201A90C
S214035990301902F05FF91CB99DF80430FF2B16D0BE
S2140359A0002303F118026A4412F8142CFF2A06D1C6
S2140359B01C44601E90FBF5F080B206B070BD2B440D
S2140359C0DBB2132BEDD91434B4F5826FDED14FF06E
S2140359D0FF30F2E7DCF7EEB907B504220DEB020160
S2140359E002F038F9019803B05DF804FB37B50546B5
S2140359F008460C46FFF7F0FFA84206D004222046CE
S214035A000DEB02010195E1F7E9FD03B030BD70B57A
S214035A10054604680E46DCF71FFA2B6804F54B248C
S214035A20834204F5416408D232681A44824207D995
S214035A30C31A012033602C6070BD03F5E0231C1AE3
S214035A400020F8E72DE9F04FB3F5803F82460E4677
S214035A501F4685B003D3002005B0BDE8F08F01A92B
S214035A6002A8CDE90132FFF7D2FF4FF000088146C6
S214035A704FF4E02BDDE90145A2B2BAF1000F0AD0DC
S214035A8028460E9902F0E6F80028E4D1B9F1000F93
S214035A902CD10120E0E731462846E1F79FFD002898
S214035AA0D9D1B9F1000FF4D0B8F1000F12D1E1F754
S214035AB043FD2544B5FBF0F303FB105050B1E1F76B
S214035AC03BFD03A902462846CDF80C80E1F786FD88
S214035AD00028C0D1CDF808B0264408F101033C1BCA
S214035AE0022B4FF001080194C4D1D2E70E9BCDF8E8
S214035AF008B023440E93F0E707B50B460092002147
S214035B0002460120FFF79EFF03B05DF804FB08B5CD
S214035B100121DCF719F9BDE80840E1F70DBF4FF4A2
S214035B20B72070474FF0FF3070474FF4E0207047C0
S214035B304FF44C207047DCF77BBB08B5FFF7E7FF55
S214035B40002008BD08B513460A4601461846DCF78A
S214035B50CBF980F00100C0B208BD00207047704743
S214035B6008B1DCF787BC704730B4DDE902451DB1E8
S214035B70029430BC00F0A8B930BC70471F2804D884
S214035B80142200F5A030D5F74BBF70471F2804D862
S214035B90142200F5A030D5F76FBF7047152808B557
S214035BA005D1FFF7DCFFBDE80840DCF7A3BD08BD61
S214035BB07FB51422002101A8E3F7C8FE2023142290
S214035BC001A94FF4A03001F030FC07B05DF804FBE8
S214035BD00020704713B500230C461A460146CDE94C
S214035BE00033E0B2DDF73CFB02B010BD13B5002373
S214035BF01446019001220093E0B2DDF731FB02B0B8
S214035C0010BDD0E9023253F822301868DDF7A0BC85
S214035C10194491420ADC4218002003B9704712F86F
S214035C20011D013B01EB0020DBB2F6E700207047C5
S214035C302DE9F04F07460E4614464FF0000A85B08E
S214035C400093009B1A785FFA8AF39A4203D80020DF
S214035C5005B0BDE8F08F009A07EB040802EB430398
S214035C6093F8019093F802B019F0400309F03F054A
S214035C7004D06319B34217DC2B4634E0042D07D84F
S214035C8065B1AB1E022B0BD8DFE803F01F374600C7
S214035C903E2D4DD03F2D5FD03D2D61D00320D7E75D
S214035CA0B4424FF00105E7D319F0800F65D00E9B81
S214035CB02A4603EB0B000021E3F748FE3446002395
S214035CC023449CB20AF1010ABBE7A31CB342EBDCF4
S214035CD00223324621463846FFF79AFF0223ADF8E1
S214035CE00A000DF10A0801930E9B2A4603EB0B00EC
S214035CF04146E3F7C9FF019BE2E7E31CB3423ADC04
S214035D000323324621463846FFF782FF0425032342
S214035D1003900DF10C08E6E7231DB342C4DC04230D
S214035D20324621463846FFF773FF04230390F0E715
S214035D30731E9C421FDA0223324621463846FFF77B
S214035D4067FF4FF6FF7380B298420EBF02230230FE
S214035D5083B21A1996420EDB0E9A42F80B80AFE70F
S214035D60B44208D298F80030FF2B0CBF012301334E
S214035D70E218B242F0DD042596E7022068E710B584
S214035D80144686B01A4618810A9B0291CDE903434E
S214035D9001230193099B014600930320BDF820309D
S214035DA0DDF7FAFC06B010BD1FB500240294079C6D
S214035DB00194BDF818400094FFF7E1FF04B010BD4E
S214035DC02DE9F0410E461746054686B098B391B3C3
S214035DD08AB34FF0000802A95FFA88F001F004FACC
S214035DE0044640B99DF80830032B08D008F1010893
S214035DF0B8F1200FEFD1204606B0BDE8F0819DF83C
S214035E0009202B799A42F1D1BDF80A206B889A4271
S214035E10ECD19DF80C30BDF80D006B7128812B4634
S214035E2022464FF6FF71CDE90067FFF7BDFF002856
S214035E30DCD00446DFE72124DDE710B586B00A9CF4
S214035E4004949DF824400394BDF820400294012452
S214035E50CDE9003413460A4601460620DDF79CFCCE
S214035E6006B010BD1FB50446084619460023009425
S214035E70CDE90123079BBDF81820FFF7DEFF04B02A
S214035E8010BDF0B5022805460E4614461F468BB0D5
S214035E900AD106A9F0B201F0A7F998B99DF819300E
S214035EA023719DF81C306371119B224604930023D3
S214035EB0CDE902330193109B3146009328463B46B7
S214035EC0DDF76AFC0BB0F0BD13B500240194049C07
S214035ED00094FFF7D6FF02B010BD2DE9F045064645
S214035EE0884614469A46002701258BB006A9F8B2C1
S214035EF001F07AF920BB9DF81830012B19D19DF8D3
S214035F00192033799A4214D1BDF81A2073889A421D
S214035F100FD19DF81C3032467371B9B2CDE9030A2E
S214035F20CDE90100434602200094DDF735FC054623
S214035F3010B90137202FD9D128460BB0BDE8F0851C
S214035F400546F9E70023FFF7C8BF10B50446DEF79A
S214035F5061F90021631E04F10F0213F8010FFF28F5
S214035F6008BF19709342F8D10023237410BD002094
S214035F7070477047212070472120704721207047C3
S214035F801FB50B466A460146184601F023F96A46D2
S214035F900823002032F8021B013B13F0FF0380EABC
S214035FA00100F7D1012838BF012080B205B05DF8A3
S214035FB004FB2DE9F04F87B0DDE9109B05468846C4
S214035FC0484619461F461446BDF848609DF84CA03F
S214035FD0FFF7D6FF042D0346ABF800001AD8022DB0
S214035FE01DD9042D07D04FF2F222A188914222D167
S214035FF0E28891071FD5E17A0022CDE901372046D2
S2140360003346CDE90392CDF800A001F038F907B086
S214036010BDE8F08F6A1F012A11D92120F7E7002275
S2140360204146CDE9119228462246109707B0BDE8AF
S214036030F04F01F033B94FF6FF760C21DCE7052D60
S2140360400ED10023E17A0022CDE90137CDE9039290
S2140360500091234652464146304601F003F9D6E7FF
S2140360604FF2F222A188914204D1E288920701D529
S214036070E17AE8E74FF6FF760C21E4E7F0B585B062
S2140360800546DDF79BFC48B16B88B3F5006F05D179
S214036090681D05B0BDE8F04000F0D1BC284600F00E
S2140360A0E7FC0446C8B9E7B26946384601F09CF8EF
S2140360B078B99DF8006066B92946384601F098F825
S2140360C020B140F60443984207D08C26304605B0EC
S2140360D0F0BD0134202CE6D1F7E78D26F6E7DDF791
S2140360E051BE2DE9FF4704460D460146184617469E
S2140360F01E46BDF830809DF83490DDF838A0D8F7FA
S21403610005FDD0B92146284601F018F933463A462C
S21403611029462046CDE9019ACDF80080DDF7D4FE66
S21403612033463A4629462046CDE90D9ACDF83080C7
S21403613004B0BDE8F04702F00DB804B0BDE8F08740
S214036140DDF7D0BFDDF788BFDDF7ACBF10B504467B
S21403615001F000F9082201462046BDE81040E3F7A7
S2140361609FBA01F0F9B8002101F0F6B801F008B9BA
S2140361700020704720207047EBF752BAEBF79CBA23
S214036180EDF73EBF7047DEF7F9B870B506460C4626
S214036190154600F04CF850B13CB135B1204600F03E
S2140361A0BCFC013080B2A84200D9002070BD304646
S2140361B000F043F840B1002CF7D0012DF5D9204666
S2140361C000F0B0FC0230EDE73046DEF737F8EAE7DA
S2140361D0F8B5BDF8185010B3967855B9D478A6F12B
S2140361E04107012F07D8621ED2B200F0B5FD00208A
S2140361F0F8BD2C46F3E7433E012E04D8A21E92B206
S21403620000F0C2FDF3E7D27813B90DB1AA4206D85F
S21403621011B9E3F79BFBEAE7E3F742FAE7E78920DE
S214036220E6E7413803288CBF002001207047413839
S21403623001288CBF002001207047433801288CBFFB
S2140362400020012070470020704700207047028816
S2140362504B8893420BD1007B0A7910400AD0B3F5E2
S2140362607C4F06D30889B0FA80F0400970470020B7
S2140362707047012070470988D388994208D103885C
S214036280B3F57C4F06D21089B0FA80F04009704708
S21403629000207047012070472DE9F0471546044655
S2140362A0B8B149B1EAB100264FF0140AB04690F8E7
S2140362B00490F3B2994501D800240AE027680AFB44
S2140362C006773846FFF7C3FF013628B13C46A5F8E4
S2140362D000802046BDE8F0877B8943441FFA83F895
S2140362E0E7E71446F5E72DE9F84F0F46164604464A
S2140362F0D0B159B132B34FF000084FF00C0BC14682
S214036300B0F808A01FFA88F39A4501D800240BE0DA
S21403631065683A460BFB085520462946FFF7ABFF50
S21403632028B12C46A6F800902046BDE8F88F2B79B6
S21403633008F1010813F0300F02BFEB784B441FFA45
S21403634083F9DFE71446EFE7F0B587B00E46144649
S2140363501F4604AA05AB03A90546DEF745F808B3AE
S2140363600EB1049B3360FCB1049E00223388698817
S214036370287800F043FBC8B1327912F010030AD034
S214036380F3783246CDE90043002369882878FCF782
S214036390E8FC07B0F0BD3246204605990097FFF7A4
S2140363A017FFF6E78620F4E72046F2E77E20F0E7BD
S2140363B01FB51C460023ADF80A20BDF818208DF83B
S2140363C00400ADF80610ADF80C2069461A4601A87D
S2140363D000938DF80840FFF7B7FF009804B010BD90
S2140363E070B586B00D4605AB04AA03A90446DDF7CF
S2140363F0FBFFE0B1049E002233886188207800F01A
S214036400FFFAB0B1337913F0100308D000950023D8
S214036410324661882078CFF793FB06B070BD0093B1
S2140364203246012329460598FFF7D2FEF5E7862074
S214036430F3E77E20F1E7F0B5054600244FF0140E8F
S21403644090F804C0E0B2844501D8002011E00EFBAA
S21403645004F62F68B819BE5BB14210D12AB1802A60
S21403646008D190F90C70002F09DAB6F57C4F00D3EB
S2140364702BB9F0BD402A02D1077B7F06F5D4013441
S214036480E0E70121DDF7ECBE08B513460022DEF790
S21403649015F8003818BF012008BD08B5134640227A
S2140364A0DEF70CF8003818BF012008BD08B5134600
S2140364B08022DEF703F8003818BF012008BD08B5B0
S2140364C040220023DDF7FAFF003818BF012008BD7D
S2140364D008B580220023DDF7F1FF003818BF01203E
S2140364E008BD0023DDF7EABF0021DEF757B810B575
S2140364F004460121DEF752F82046BDE8104001F0BD
S2140365005DBE7047F8B516461F469DF81820BDF8C1
S2140365101C300546DDF7D2FF78B10421DEF7B8F864
S214036520044650B1284600F019FB3A463146284641
S214036530A047BDE8F84000F005BBF8BD2DE9F74FCE
S2140365401E46DDE90C9B074688461446BDF83830E0
S2140365502AB3B9F1000F22D00EB392F804A099F82B
S2140365600020504612F0080F0CBF8022402261889C
S214036570DDF7A4FF98B10821DEF78AF8054670B167
S214036580504600F0EBFA3346224641463846CDE9FC
S214036590009BA84703B0BDE8F04F00F0D3BA03B0A2
S2140365A0BDE8F08FF8B5BDF8187016461A463B4698
S2140365B00446DDF783FFE0B177B90221DEF768F81A
S2140365C00546B0B1204600F0C9FA31462046A84732
S2140365D0BDE8F84000F0B6BA1021DEF759F80546D4
S2140365E038B1204600F0BAFA3A4631462046A84764
S2140365F0EEE7F8BD73B5BDF8184016461A462346AF
S2140366000546DDF75BFFB8B1C4B92021DEF740F8D5
S214036610044670B1284600F0A1FA099B3146009360
S21403662028469DF820309DF81C20A047044600F01D
S21403663089FA204602B070BD8624FAE70024F8E7FC
S2140366402DE9F04186680446007800F087FA0025B5
S21403665014273279EBB29A4203D8BDE8F04100F032
S21403666071BA7B4332682078D15A02EB030800F0F4
S214036670C9F901214046DEF70BF8034608B1207836
S21403668098470135E5E74FF6FF70704701207047DE
S2140366902DE9F04F1C4689B09DF84C30BDF8488074
S2140366A001939DF85030924602932246434607468E
S2140366B00D46DDF703FF8DF814700646ADF8165049
S2140366C08DF81840ADF81AA0ADF81C8018B9012053
S2140366D009B0BDE8F08F05A9FFF7B9FD0028F6D08D
S2140366E000252F46A8462C4634E00C231FFA85F9CE
S2140366F003FB09F932887368B2F57C4F03EB090B89
S2140367001AD333F8090050452ED3019BA3422FD941
S21403671000F0C0F99BF80200DEF7E8FB029B43B1EA
S2140367209BF8043013F0010F0CBF05200720DEF79B
S214036730DDFB0134A4B21BE033F809205946ADF85B
S2140367401A20304605AA0393FFF795FD039B0028FE
S214036750D7D101353289ABB29A42C6D804EB0800CA
S214036760C31B58425841B3E708F101081FFA88F8DB
S2140367700137BFB2EDE710B5012488B006949DF843
S2140367803C4005949DF8384004949DF834400394A7
S2140367909DF8304002940B9C0194BDF82840009469
S2140367A0DEF73CF808B010BD2DE9F04786B0BDF81B
S2140367B03880DDF83C909DF840A0CDF80080CDE908
S2140367C0019A04460D4616461F4600F015F9B8B161
S2140367D0431EDBB2012B10D800230122811E484240
S2140367E04841CDE90432CDE902A03B46324629466C
S2140367F02046CDE90089FFF7BEFF06B0BDE8F08767
S2140368000120FAE730B50024012587B0CDE9044519
S21403681003959DF82C5002950A9DCDE90045FFF798
S214036820AAFF07B030BD30B50024012587B0CDE9F7
S214036830044503959DF828500094CDE9013540237F
S214036840FFF799FF07B030BD10B5012486B0CDE938
S2140368500444002403949DF828400294099C019460
S214036860BDF820400094FFF786FF06B010BD1FB5A5
S214036870089C03949DF81C400294069C01940024F3
S2140368800094DEF7C7F804B010BD704702292DE95F
S214036890F84F0746884604D84FF0000A5046BDE82E
S2140368A0F88F0C9D1BBB01240270DFF7D3FB4FF060
S2140368B000099DF82830385504F1020A01343B5587
S2140368C00B9A5FFA89F3D45C002CE7D0732C18D8A4
S2140368D02E464C2C56F804BB46D0532C1DD0622CA7
S2140368E04DD1AC8805F10806002213461EE00429A4
S2140368F0D2D942F0040243701B0A03240270837049
S214036900D3E7A4F17503032BC6D8763C2E1D022CC1
S21403691052D8DFE804F0565A58006B6805F10806AB
S2140369209CB2DBB2B3F1FF0218BF01220AEB0401EB
S21403693011448845B0DB50461146002949D102EB85
S2140369400A031FFA83FA5CB1BBF1000FA4D02246F8
S21403695007EB0A005946E3F797F954441FFA84FAFB
S214036960354609F10109ABE74FF6FF726B6805F18F
S21403697008069CB29442234629D00222D6E76C2C02
S21403698005D1584600F0CEF8841CA4B2ACE7732CAD
S21403699004D1584600F0C1F8441CF6E7A4F13003CE
S2140369A0DAB2092A01D89CB29EE7A4F14103062B6A
S2140369B03FF672AF373CE8E7012200242B68A34674
S2140369C0B4E70222F9E70322F7E70422F5E70022F9
S2140369D0ACE700F1010C01393B54C9B21B0A1FFA9C
S2140369E08CF0AAE70020DEF709BA0022DEF726BA03
S2140369F00023DEF739BA704701207047012070473D
S214036A000120704770470020704700207047002021
S214036A10704700207047002070470020704770477B
S214036A200E207047002070470020704700207047F4
S214036A30002070477047FF2070470E207047842061
S214036A40704770477047002070470020704700204B
S214036A5070470020704700207047002070470020D2
S214036A6070470020704770470E207047002070471D
S214036A700020704770470020704770477047704784
S214036A8070470E207047704700207047812070477C
S214036A907047704738B50546C0B2DEF727FA044696
S214036AA0280ADEF723FA14B1002808BF002420467C
S214036AB038BDF8B50546C0B2DEF718FA0446C5F386
S214036AC00720DEF713FA0746C5F30740DEF70EFA8C
S214036AD00646280EDEF70AFA24B12FB136B100288F
S214036AE008BF00242046F8BD3C46FBE73446F9E7DA
S214036AF010B4CC18944203DC5DF8044BFFF788B857
S214036B0000205DF8044B70470423FFF7F1BF08B578
S214036B100223FFF7EDFF80B208BD0078FF2808BF09
S214036B200020704708B502220021FFF7F0FF4FF65A
S214036B30FF73984208BF002008BD003818BF012025
S214036B40400070470020704708B5FFF79AFCFF28FF
S214036B504FF0FF3018BF0020C0B208BD08B5FFF7DE
S214036B60F3FFFF280CBF2120002008BDF8B506461A
S214036B700C4615461F4600F011F810B12544AC42EA
S214036B8000D1F8BD3946304614F8012BDEF79CFADF
S214036B90F5E7014600220220DEF72ABA01207047F5
S214036BA037B50546DCF7D6FD044601950CB98120BA
S214036BB01CE0237823B12046DCF7D4FD0446F5E732
S214036BC02B6862685B889A42F5D1A368EA7B99B220
S214036BD072B12A8A9142EED16A7DB2EB134FEAD1A3
S214036BE00020E36801A998478128E4D003B030BDAC
S214036BF04FF6FF72EEE72DE9F84304460F4690463C
S214036C0099460BB3012A1FD80C20E3F771F9064601
S214036C1010B91920BDE8F8831020E3F769F918B90D
S214036C203046E3F76DF9F4E70123002547EA084702
S214036C3070600570C0F80C904460876033803046FF
S214036C40DCF780FD2846E5E72120E3E738B5044670
S214036C50436808460D469847B4F90830002B02DB14
S214036C602B78042B06D1002320466360BDE838400A
S214036C70DEF7CCBD38BD30B54FF48A5587B0ADF8D6
S214036C8016200DF116041A46029543B1002301227D
S214036C90CDE90033234600F01BFA07B030BD01945C
S214036CA001240094F7E7FFF7EBBEFFF7BBBE002017
S214036CB0704708B500F012FB20B900F059FB08B97D
S214036CC0DBF7E4FEFFF7CFFEBDE80840FFF7DBBEC9
S214036CD00020DFF701BA0021DFF79EBA0022DFF7B4
S214036CE05DBA1FB5D2880B4612F0200F4FF6FD7122
S214036CF014BF49245224ADF80610510544BF083C7E
S214036D00E4B2110544BF083CE4B2120444BF023C9B
S214036D10E4B2032805D8DFE800F0020F161CADF82E
S214036D200630BDF80600FFF786FEFF281CBF241AB0
S214036D30E4B2204604B010BD02AA0DF10601D8B293
S214036D4000F08AFAEDE7D8B200F050FAADF8060084
S214036D50E7E7013CE4B2E4E7F8B5064617460D4616
S214036D6081B10C78FF2C0BD00846FFF7D6FEB8424D
S214036D7028BF3846C4B22246691C701CE2F790FC52
S214036D803470F8BD0C46FBE770B5044615460E4650
S214036D9011B94170017070BD0B78FF2B05D14B788C
S214036DA0FF2B02D103704370F5E73046FFF7BAFEB8
S214036DB0A84228BF284685B22A46B11CA01CE2F783
S214036DC06FFC25702D0A6570E5E7F0B523B9013A27
S214036DD0531C2FD1002020E0042AFBD800231C4696
S214036DE0551E6E1C1AD1042A10D00121D200501E43
S214036DF001FA00F020421EBF914049420C4318425C
S214036E001EBF4FF0FF3101FA02F213439C421EDC11
S214036E10B4BF4FF0FF30002040B2F0BD40B1465D36
S214036E20EF00BE4034434E5D013DBE403343D8E7DA
S214036E300646F5E78C5C38B90346A34202F1FF32F7
S214036E40C6D24FF0FF30E8E7835CA342F5D90120B2
S214036E50E3E7283807288CBF0020012070471D2849
S214036E6010D004D840B11C2804D0552070471E38D3
S214036E700128FAD81A2901E00B390F298CBF5520AF
S214036E80002070470829F9E7002000217047F7B56E
S214036E909DF820400546082C104619469DF82460A8
S214036EA036D8002213462C44AC4208D106F0FD0423
S214036EB0382C0ED10096FFF7E7FF03B0F0BD14F8A9
S214036EC0017D1B0243EA12631202BA1843F1000360
S214036ED0EAE7392E10D107EE100A07EE902AB4EE31
S214036EE0E77AF1EE10FACCBF77EE677A77EEC77AD9
S214036EF0002117EE900AE0E7824273EB010403D207
S214036F00801A61EB0301D8E7101A63EB0101D4E79B
S214036F1000200146D1E738B5C36814461944836890
S214036F2053F821501AB12846E2F78CFB2070284606
S214036F3038BD2DE9F3411D4617460DF107029DF8AE
S214036F402040FFF7E8FF9DF807608046AE4228BF63
S214036F502E460CB1AD1BECB2224600213846E2F7B2
S214036F60F5FC324641463819E2F79AFB304602B042
S214036F70BDE8F0812DE9F3411D46174601AA9DF8A9
S214036F802040FCF7D6FF019E8046B5423CBF2E4606
S214036F90019504B1AC1B224600213846E2F7D6FC25
S214036FA0324641463819E2F77BFBF0B202B0BDE841
S214036FB0F08173B50024154601AA1E460194FCF71A
S214036FC0B8FF019B072B0AD92146CCB216B1C4F1F0
S214036FD00704E4B2425C013108292A55F5D1D8B238
S214036FE002B070BD1FB5030A8DF80E30032300935D
S214036FF003AB8DF80D0000F0BCF805B05DF804FB9C
S2140370001FB58DF80F100421030A8DF80E3000917A
S21403701003AB8DF80D0000F0ACF805B05DF804FB8B
S214037020F0B589B016689DF83C50CDF809608DF828
S21403703011305668BDF83830012D109FBDF8444016
S214037040CDF80D60ADF812308DF8145014D0032D22
S21403705019D13B68CDF815307B68CDF819309DF80B
S21403706048308DF81D3016230093BDF84C2002AB34
S21403707000F07FF809B0F0BD8DF81540240A0F2301
S2140370808DF81640F0E70120F4E71FB504460846DE
S21403709011461A4602238DF80D100093214603ABC2
S2140370A000F067F804B010BD10B514461A460B6816
S2140370B086B0CDF80D304B683421CDF811300A2355
S2140370C0009303AB8DF8154000F053F806B010BDDF
S2140370D02DE9F0410546B6B00F4616461C469DF808
S2140370E0F080DFF7B3FA2B0A03A98DF80C008DF8AE
S2140370F00E30084623468DF80F703F0A8DF8116050
S21403710072008DF80D508DF8107004EB4606B342EE
S21403711001F102011FD1D2B2931DDBB23D99D833E0
S2140371206B44073203F8CC8C4FEA4806D3B201EB24
S214037130480850FA82F2414502F1020211D1334463
S214037140009006212846BDF8F820DBB2DFF788FA60
S21403715036B0BDE8F08133F8024B0C71240A4C714B
S214037160D5E731F8024B02F8024C240A02F8014C28
S214037170E1E72DE9F0411C4605460E4617469DF805
S2140371801880DFF763FA207043463A4631462846AE
S2140371900694BDE8F041DFF763BA002070477047F6
S2140371A0D3F7A8BF08B5E9F739FD002840F6124023
S2140371B018BF002008BD7047704770477047704778
S2140371C0704770470020704770477047002070472D
S2140371D07047704702F066BFFEF75FB8FEF742B827
S2140371E003F0D7BAF5F778BD03F0C4BAF5F732BDA6
S2140371F0F5F79ABDF5F754BDFEF721B9FEF707B9C3
S21403720010B49DF8044001945DF8044BFDF7FABFF3
S214037210FEF74EB8FEF75BB8F1F71CBCF1F720BCDF
S214037220EEF78CBFEEF790BFEAF714BEFEF79AB8F8
S214037230FEF75FB8FDF7A9BEFEF782B8FEF76EB895
S21403724030B4BDF808409DF80C50CDE9024530BC7B
S214037250FDF7BABEFDF758BFF5F7D8BEDFF750BA4D
S214037260F5F79EBF70B49DF80C40BDF810509DF81E
S21403727014600394CDE9045670BCF2F705BC70B4F1
S2140372809DF80C40BDF810509DF814600394CDE9AA
S214037290045670BCF2F738BCF2F722BD10B49DF862
S2140372A0044001945DF8044BF2F772BC10B49DF8E9
S2140372B0044001945DF8044B01F0BABF01F0BABF75
S2140372C0FDF767BFFDF777BFFEF704B9FDF788BF85
S2140372D0EDF746BAEEF79EB9EEF770B9ECF76ABE6D
S2140372E002F051BBEDF722BC02F0A7BBEDF7AEBD33
S2140372F0EDF712B9EEF794B9EEF710B9EEF72CB92D
S214037300EBF7D4BCFEF7B0B8FEF74BB8FEF75EB8A3
S214037310FEF76BB800F036BC00F02FBCF4F796BC53
S214037320F2F7E2B9F4F770BCF4F796BDF2F7ACB92E
S214037330EAF77CBDF3F736BEFFF732BFFBF754B967
S214037340FEF7EDB8FDF716BFFEF71BB801F020BD3C
S214037350DFF734B9EBF792BAEAF73CBE01F0DCBFCD
S21403736001F0B3BFEAF78ABEEBF7D8B9EBF702BA78
S214037370EAF7F8BDDFF73EB9DFF750B9DFF728B90C
S214037380EAF798BDDFF72EB9F6F79EBD01F09BBF6F
S21403739001F062BFEAF794BDEBF75ABAEAF7EABD23
S2140373A010B4BDF8044001945DF8044BFDF73CBEF1
S2140373B0DFF7D0B9DFF7C2B9F6F726BBF6F75EBD3F
S2140373C003F0FABA03F000BBF6F796BBF6F776BD02
S2140373D000F06DB900F0ABB900F0D3B900F0B9BA5C
S2140373E000F029BB00F092BADFF7CCBE00F0F0B98C
S2140373F000F01DBA00F033B810B51C4601F0ECFDE2
S21403740006F035FA0023000A237000F0020010BDD0
S214037410002208B50B461146FFF7EEFFC0F3400007
S21403742080F0010000F0010008BD0020704770479F
S214037430B1FA81F0400970470120704770477047E2
S2140374400020704770470020704770470E20704733
S21403745001207047704701207047012070471422AF
S2140374600021E2F773BA704770B505460C468AB03A
S214037470252200210DF10300E2F768FA6B68CDF8C8
S2140374801D30AB68CDF82130234601AC03F110065E
S214037490224618685968083303C2B3421446F7D124
S2140374A001236A7B8DF8023012F0040F0CBF4FF4F1
S2140374B080734FF4A073110748BF43F48063ADF89D
S2140374C00030930748BFBDF80030684644BF43F01A
S2140374D00803ADF80030F1F7DFFD0AB070BD30B534
S2140374E0427B0D46D10704468BB007D5407801A9E9
S2140374F0F1F73CFED8B12D200BB030BD9307FAD57B
S214037500C2F3800310074FEA8313ADF8023044BF7B
S21403751043F48063ADF80230BDF80220201D0AB1A3
S2140375200DF1020201A902F0DAFD0028E3D001AB57
S21403753003CB9DF81430A1602373BDF81030606050
S214037540590642BF627B42F0040262735A0542BF89
S214037550627B42F0080262731B0742BF637B43F001
S214037560020363732B4606AC224603CA59600AA974
S2140375708A421860144603F10803F5D10020BBE7DE
S214037580F0B504460D4693B0252200210DF12300E5
S214037590E2F7DCF96368261DCDF83D30A3680DF1EC
S2140375A0240CCDF841302B4605F1100762461868C7
S2140375B05968083303C2BB429446F7D105238DF8B6
S2140375C02230637B61785B0103F40073FF29ADF817
S2140375D0203018D1002301A91A46304600F0D6F908
S2140375E09DF80510FF290DD1002301A91A46184658
S2140375F000F0CCF99DF80510FF2903D11C26304670
S21403760013B0F0BD6170002008AA00F0B4FA064675
S2140376100028F4D1607801A900F03EFA2B4603ADAA
S2140376202A4618685968083303C2BB421546F7D181
S214037630637B6078DB0648BF9DF81C3001A944BF16
S21403764063F07F038DF81C3000F03DFAD7E710B5E2
S21403765004468AB02422002101A8E2F777F9637B67
S214037660590744BF4022ADF810201A0742BFBDF8A1
S214037670102042F48062ADF81020DB070FD5607847
S21403768001A9F1F773FD10B12D200AB010BD01ABAF
S21403769003CB637B606043F00203A160637304A9BA
S2140376A0201D02F01EFD0028EED00020EDE71FB5DA
S2140376B0694600F066F8002818BF2D2005B05DF86F
S2140376C004FB73B50D4614460646DFF783F96B884D
S2140376D01A071AD522463146102002F0E3FC20464C
S2140376E0DFF778F96B88D90717D5002322460121DF
S2140376F00DF107008DF80730DFF740FC6B88002B91
S2140377000CBF2120002002B070BDDE06EAD522465B
S2140377100821281DDFF732FCE1E79A0701D502238B
S214037720E4E75B07EAD50323E0E70F2070471FB5BE
S2140377300C46694600F025F8102221466846E2F713
S21403774057F9B0FA80F0400904B010BDB8B1B1B132
S2140377504388A3B90378013B082B10D8DFE803F06E
S2140377600507090B0F0F0F0F0D00DFF709BBDFF738
S21403777063BBFFF779BEFFF703BFDFF7EFBC21203C
S214037780704738B50D4609B300B30378013B082BA1
S2140377901AD8DFE803F0050D101319191919160086
S2140377A0DFF726FB0446284602F099FE204638BD3E
S2140377B0DFF762FBF6E7FFF792FEF3E7DFF792FBEE
S2140377C0F0E7DFF7D5FCEDE72124ECE72124EDE72E
S2140377D070B586B0064601A80C461546FFF73FFE71
S2140377E004238DF804301CB12068616802AB03C320
S2140377F0294601A88DF80560FFF7A8FF06B070BDFF
S21403780070B586B0044601A80D461646FFF727FE58
S2140378100323206861688DF8043002AB8DF811608D
S21403782003C3294601A8FFF791FF06B070BD0022E7
S214037830FFF7E6BF30B585B00D4669460446FFF749
S214037840A0FF20B92A4621466846FFF73AFF05B04F
S21403785030BD30B5437B044613F001020D468BB0B2
S21403786007D0407801A9F1F781FC70B12D200BB049
S21403787030BD9B07FAD5ADF8022001A90DF102022F
S214037880043002F02CFC0028F0D000210E22A81CA5
S214037890E2F75CF8BDF810302B80039BAB60BDF8B5
S2140378A01230AB819DF81430237301AB03CB6060B9
S2140378B0A1600020DBE770B5437B0446DB070E467A
S2140378C08AB003D42D2528460AB070BD6946407891
S2140378D000F04DF905460028F4D1DDF81D300E22E0
S2140378E06360DDF821300146A360637BB01C43F080
S2140378F002036373E2F72AF8BDF80030069A43F0F2
S21403790004033380059BB2607360DCE70B4610B557
S2140379100446102200211846E2F718F82278032AB4
S21403792009D0042A0DD0022A11D101462046BDE80B
S2140379301040DFF783BC01462046BDE81040FFF742
S21403794088BF01462046BDE81040FFF7B4BF262097
S21403795010BDF8B5074608460C4616461D46FFF703
S2140379607EFD04232370637B314643F001032046E8
S21403797067706373FFF705FF08B12D20F8BD29462E
S2140379802046FFF7C3FF0028F8D0F6E7F8B505460C
S21403799008460C461F461646FFF761FD0423237070
S2140379A025B108222946E018E1F77AFE637B43F007
S2140379B0020363734EB932460121284600F0E4F809
S2140379C0FF28607007D12D20F8BD31462046FFF70B
S2140379D0D8FE0028F7D1637B43F0010363730DB928
S2140379E00020F1E7002FFBD039462046FFF78EFF35
S2140379F0F6E7F8B50C460746084616461D46FFF753
S214037A002EFD03232046394600F8043B0822E1F7FF
S214037A1047FE637B314643F0020320466373FFF75A
S214037A20B0FE08B12D20F8BD29462046FFF76EFFAD
S214037A300028F8D0F6E7F8B5074608460C4616467B
S214037A401D46FFF70CFD03232370637B314643F08B
S214037A500103204667706373FFF793FE08B12D207A
S214037A60F8BD29462046FFF751FF0028F8D0F6E771
S214037A7018B18022012100F087B8FF207047002349
S214037A8007B51A4619460093F3F7C0F8B0FA80F024
S214037A90400903B05DF804FB0B4610B519220446F3
S214037AA0FF211846E1F752FF7E2C01468CBF04F5F2
S214037AB0C43004F583304FF01902BDE8104088BF88
S214037AC0AD30D3F7ADBF7E2888BF00F5C4304FF086
S214037AD0190294BF00F58330AD30D3F7CDBF30B570
S214037AE089B00D46FFF7C4FFFF2804460DD001A951
S214037AF0FFF7D2FF2868696801AB03C3204601A9D4
S214037B00FFF7E1FF002009B030BD2D20FBE77047EB
S214037B1070470020704770470F20704770479DF8E6
S214037B20000070470F2070470F20704700207047F3
S214037B300F207047002070470020704784B08DE800
S214037B400F00002004B0704700207047704770474E
S214037B50002070477047002070477047002070472A
S214037B6001207047704700207047012070470E20A1
S214037B707047FF2070470E2070470E207047002086
S214037B80704770470E207047FF2070477047704756
S214037B900020704770477047704700207047704753
S214037BA000207047002070470020704770477047DA
S214037BB000207047704700207047002070477047CA
S214037BC00020704710B50024E3B210B9C3F10303D5
S214037BD0DBB20134042CCA544FEA1222F4D110BD8E
S214037BE010B50B784C788A78C97828B9104622469F
S214037BF0044608461946034642EA012043EA04239C
S214037C0043EA004010BD7047DFF7CABB08B5CEF79E
S214037C10CBFD002814BF8620002008BD08B5CEF78C
S214037C2093FF003818BF012008BD08B5CEF74CFFF8
S214037C30003818BF012008BD08B5CEF7D1FF0038BD
S214037C4018BF012008BD08B5DFF78AFCBDE8084069
S214037C50DFF738BC70B504460D461646DFF780FCE2
S214037C600420DFF721FC324629462046FFF7DDFFD6
S214037C7004460220DFF718FC204670BD08B5DFF780
S214037C806FFCBDE80840CEF703BFDFF797BFDFF70B
S214037C9077BF08B5DFF774FF20B1BDE808400020C2
S214037CA0E0F7ACB8112008BD10B5044608B1E0F7FC
S214037CB087F92046BDE81040FCF73FBF10B50446E1
S214037CC0006A10B1616AFFF7EFFF0020C4E90800FD
S214037CD010BD38B50446FFF7F1FF237E012B0FD006
S214037CE0023B012B0FD8E369012B14BF6FF09605F7
S214037CF00025282200212046E1F728FE284638BD25
S214037D00E369002BF1E76FF09605F2E718220021EE
S214037D10E1F71CBE70472DE9F84F9846DDE90B499D
S214037D200D9B15469A0706460F4623D02A460A9BFE
S214037D3003EB040A1444A24220D10D9B9B0705D5EE
S214037D40A2EB050AD14505EB0A0420D82046BDE878
S214037D50F88F434639462020B0470AF1010ACA4540
S214037D600AEB0B02F5D3A9EB04024C4588BF0022AD
S214037D702A44DCE7A246A5EB040BF0E702F1010B6D
S214037D80434639461AF8010DB0475A46D3E74346E9
S214037D90224639462020B0470AF1010AD2E72DE9E8
S214037DA0F047DDE90D7616F0020F9DF82880DDE931
S214037DB00854DDE90BCE1FD106F001094FB1B9F126
S214037DC0000F06D0B8F1000F02D116F00C0F00D04A
S214037DD0013F4FF0300A02E005F804A00134A6453F
S214037DE001D9202CF8D1B9F1000F05D04FF0300996
S214037DF0BC4201D2202C2DD116F0100F1FD016F442
S214037E00806F2CD15CB3744501D0BC4227D1B4F14A
S214037E10010E23D0BCF1100F46D1023C16F0200F02
S214037E2028D1202C28D04FF0780C05F804C0013454
S214037E30202C21D04FF0300C05F804C00134202C40
S214037E401AD0B8F1000F23D04FF02D0C05F804C05C
S214037E50013412E005F804900134C9E77446BCF116
S214037E60100FDBD0BCF1020FE2D1202C04D04FF070
S214037E70620CDAE7202C08D12024CDE90A76CDE976
S214037E800854BDE8F047FFF746BF4FF0580CCCE761
S214037E9016F0040F02D04FF02B0CD7E716F0080F9E
S214037EA0EBD04FF0200CD1E7BCF1020F7446C1D1E2
S214037EB0DDE72DE9F04391B0189D1A9E1D9F0DB97D
S214037EC027F010077C0500D515B317F0200F14BF55
S214037ED04FF0410E4FF0610EAC4600250DF1200821
S214037EE0AEF10A0EBCFBF6F906FB19C95FFA89F474
S214037EF0B9F1090F94BF30347444E4B2B44508F8BA
S214037F00014B05F10105BCFBF6F401D3202D10D17E
S214037F101C9C069705941B9CCDE903649DF864405E
S214037F20CDE9015408AC0094FFF739FF11B0BDE862
S214037F30F083A446D6E72DE9F04F95B0269ECDE90B
S214037F400A23DDE91E74DDE9229B57EA040308BF12
S214037F5026F010067205CDE9080102D557EA040398
S214037F6037D016F0200F14BF4123612300250DF1EF
S214037F70300AA3F10A0821464A465B463846E1F72B
S214037F80D3F8D2B2092A94BF303242444F45D2B214
S214037F9074EB0B0405F101050AF8012B01D3202D20
S214037FA014D1259B06960593249BDDE90801CDE9AC
S214037FB003939DF88030CDE901530CAB0093DDE9C4
S214037FC00A23FFF7ECFE15B0BDE8F08F07460C4614
S214037FD0D1E70025E5E708B100F014B8704710B103
S214037FE0D1E900311847704738B5441E14F8015FCD
S214037FF025B90A2000F006F8284638BD284600F0C2
S21403800001F8F3E701460020FCF76BBB70477047A7
S214038010E9F720BB704708B5FCF734FBCEF7C4FB83
S214038020BDE80840D0F7BABC704708B5CEF704FFE2
S214038030FBF746F8BDE80840DFF792BA08B5FBF74A
S214038040EBFEDFF7F1FFFBF7C3FDE0F787FBE0F797
S21403805073FBE0F7F5FABDE80840D3F7BBBC08B5F9
S214038060D1F7F4FCFBF7A3FDD1F7FCFCFBF7A1FD6E
S214038070D5F7B2FED5F75AFFD6F762F8BDE8084043
S214038080D5F780BF70477047E0F700BB08B5FCF72D
S21403809042FFBDE80840FCF75FBF704707B5002204
S2140380A00346114601200092D5F70CF803B05DF89D
S2140380B004FB07B500920B46027D81898068FDF7B5
S2140380C0B7FD003818BF0120C00103B05DF804FBFC
S2140380D008B50020FDF74DFF0020DDF74DFC00201E
S2140380E0D6F7C8FB0020D6F7ADFE0020D7F7D0FBA7
S2140380F00020D9F7B7FE0020DAF756FB0020DBF79F
S2140381003DF9BDE808400020DBF728BA08B5012092
S214038110FDF729FABDE808400120D6F793BE08B557
S2140381200220DBF7FFFF0220DBF732FA0220DDF73F
S2140381302FFF0220FFF7ABFD0220FDF7FCFC022019
S214038140DAF732FBBDE808400220DBF72BBD7047A9
S214038150FDF7C5BF70477047704770477047704755
S2140381607047704710B50446DBF736FC2046D7F752
S2140381708FFE2046D8F7D0FD2046BDE81040FDF719
S2140381800DBDFDF727BDFDF731BDDBF701B9704720
S214038190704770477047704770477047704770471F
S2140381A0704705F028BB70477047DBF78BB97047FD
S2140381B07047704770477047704770477047FEF7C1
S2140381C046BCFEF74ABC704700207047FEF747BC24
S2140381D0FEF751BC7047431E012B03D9031F5842B9
S2140381E0584170470120704700F021BC4FF4D0720D
S2140381F00021E1F7ABBB70B50446E3F7FFFB05468A
S214038200A8B9A169F1B1238AD3B1204604F11002BB
S214038210E3F7A2FA38BBE16919B3638AA3B1204630
S21403822004F1120200F0CAFA78B1054603E000230F
S214038230A3612361E361002328466361236270BD63
S214038240A061E8E72082E6E7E361216A0029F2D02D
S214038250A28A002AEFD02046E38ABDE8704000F0E9
S2140382606FBA6182F1E76582E561DEE711B9D0F89E
S214038270DC1021B1CB6813B18B68D88970474FF6F1
S214038280FF707047E2F79EBC10B50C461146E2F746
S214038290BFFCE3F7EDFE012801D1002010BD002C42
S2140382A0F7D10520FAE700F0CFB900F0E3B970B5CF
S2140382B000232425D0F8DC00C4689C4201D1212089
S2140382C070BD826805FB0322D6898E4202D8128AC5
S2140382D08A4201D20133F0E70020F1E7F8B50646FB
S2140382E00D46E1F70BFFD8B94FF6FF734FF0240C9A
S2140382F0EF68C1B28F4208D81C4621463046E2F7E3
S214038300B3F800F09AFB2046F8BDAA680CFB0122DE
S214038310D4899C4202D2002CEFD023460130E8E7F2
S2140383200024F0E7C08D70470A7838B50546104636
S214038330FFF751FF60B14C782046FFF74CFF38B18A
S2140383402243530704D42846BDE83840E2F7ACBEC0
S214038350212038BD10B504460878FFF73CFF58B116
S2140383604A781046FFF737FF30B1042A04D0204678
S214038370BDE81040E2F7B6BE212010BD00F0E8B815
S214038380E3F718BA084600F008BBE2F757BD38B55E
S21403839004460D4600F08EF850B129462046E2F713
S2140383A063F830B929462046BDE83840E2F70EBDEB
S2140383B00E2038BD70B516460C4605F076F83146E5
S2140383C005462046E5F7F0FE0446284605F068F81D
S2140383D0204670BD00F032B970B5044600200E4644
S2140383E000F027FBD4F8F0503DB100233146204679
S2140383F0AC46BDE870401A4660472B46012231461C
S2140384002046E2F77BFF284670BD38B50446488809
S2140384100D4600F00EFBD4F8F0302BB92946204663
S214038420BDE83840E2F778BE022038BD00F003BB53
S21403843000F03CB9E2F798BBE4F790BE70B5BDF820
S2140384401060054606B16BB1334428469BB200F074
S21403845077F9044620B91EB13146284600F0ABF939
S214038460204670BD2124FBE7E4F7FEB9C0F8EC1004
S21403847000207047E3F78AB800F05EB910B4BDF881
S214038480044001945DF8044B00F09FB80B4610B50A
S21403849014461846A1689288E1F7F6FBE16803469E
S2140384A031B1A0886288121A92B21844E1F7ECFB45
S2140384B0002010BD0346408A18B1188A003818BF3A
S2140384C0012070470846E4F755BF00F0ECBA00F009
S2140384D0EABAE5F761B9084708B5E2F78DFBC0B21B
S2140384E008BD022A01D800F0E2B921207047022A0B
S2140384F001D800F0EDB921207047022A01D800F018
S214038500F9B921207047E3F7A1BE0846E3F7BCBEDE
S21403851000F018BA00207047002070477047D0F864
S214038520943003F06003402B0DD0602B03D0203B28
S21403853058425841704749B10B68012B06D9486920
S21403854040F00100704740F201107047002070476A
S214038550F7B504461046D4E954C7DDE908268CEA85
S214038560020587EA06010540194085EA0C057940AD
S214038570C4E95451002523F4004106EA010320F020
S214038580010043F40073024043F00203CDE90055B3
S214038590E6F7D4FC94F824309A0713D5D4F854316C
S2140385A09B050FD54FF48811204600F058FB94F82E
S2140385B02430024665F3410384F8243020460B46F4
S2140385C0E2F7EEFA002003B0F0BDF0B587B01C4624
S2140385D01746BDF830601AB90024204607B0F0BD30
S2140385E0002BF9D00029F7D001AAE4F73DF90028BB
S2140385F0F2D0BDF80630A2199A42BDF80850C4BF9F
S2140386009B1B9CB2B54212D90399AD1BADB2314444
S214038610A5420391ADF808500DD22A463846E1F735
S21403862033FB0499621B7819E1F72EFBD5E704990F
S214038630761B3144049122463846F5E70846E5F7AB
S21403864053BD0220E5F79EB808B5D0F8E4304BB129
S2140386501A68022A06D993F825204AB1186AB0FB8D
S214038660F2F008BD4FF446624C210020E1F75EFFAE
S2140386700020F6E7D0F8E42008B57AB11368022B99
S2140386800CD9536A13F47F4FC3F3072106D0126A3B
S214038690DBB253438B42B3FBF1F006D2002040F625
S2140386A07F424C21E1F742FF002008BD0346D0F885
S2140386B030010860B3F8343100208B80704790F89F
S2140386C030310C2B14BF90F82B00FF20704738B5C1
S2140386D00C464FF400610546E7F7D4FC70B17CB155
S2140386E095F81E3173B94FF480724FF480712846A3
S2140386F0E7F7B4FC003818BF012038BD2202F4E7C0
S2140387002246F2E70020F8E74FF48071E7F7BABC99
S21403871008B54A024FF40071E7F7A0FC002008BD35
S21403872008B58A024FF48061E7F798FC002008BD7D
S2140387304FF40071E7F7A6BC062300208B71704741
S214038740B2F5805FF8B50F460646154619462ED88D
S2140387509A422CD33F2A26D9B2FA82F40122C4F1D4
S2140387601F03DBB29A4092B2AA422CBFC4F119048B
S214038770C4F11A04E2B20124931DDBB29C40A4B2F6
S214038780AC4212D096F8F5309BB9012096F8243007
S21403879060F3C71386F824303846E3F779FE0020E3
S2140387A03762B582F8BD0022ECE70020EEE7212011
S2140387B0F8E70E20F6E70846E3F78ABE70B50546E7
S2140387C00E46144602B313883F2B1DD9B3FA83F320
S2140387D0C3F11901C9B2062901D8192B12D00629EB
S2140387E028BF062101238A1DD2B293403046238038
S2140387F0E3F776FE23882846EE616B82E3F7FAFEFC
S214038800002070BD0021EDE72120FAE710B51446DD
S21403881008460121E5F73EFB2046BDE8104001214E
S214038820E5F738BBF8B504460E46174604F03DFE9A
S2140388303A46054631462046E5F7EAFD044628460D
S21403884004F02EFE2046F8BD022070470320704732
S214038850E4F790BF10B50023E3F710FA044608B90F
S214038860E6F78AFD204610BD704770B505460E46EE
S214038870144600F0E3F831462846FFF72FFD00F0D4
S214038880DDF8230704D50B2C9CBF24F00804A4B200
S21403889021462846E2F7B6F900224FF4003128466F
S2140388A0E7F7DCFB002070BD8021E7F7EBBB7FB565
S2140388B0531C05AAADF81410029202210022DBB263
S2140388C0CDE900211146E7F7E7FB07B05DF804FBA7
S2140388D07FB5531C05AAADF8141002920421022298
S2140388E0DBB2CDE9002100220121E7F7D5FB07B073
S2140388F05DF804FB1FB5531C029100220821CDE945
S21403890000210122DBB21146E7F7C6FB05B05DF88E
S21403891004FB07B591F82830009391F82B3091F8B3
S214038920292091F82A10E3F757FC03B05DF804FBFF
S21403893010B50446E2F760F901462046BDE810404C
S214038940E2F760B9002914BF21200020704738B52C
S214038950054610460C46E3F7C5FCD5B1D5F8E0301E
S214038960BBB15B69ABB1421ED2B2FD2A13D90A680A
S214038970013204BF6FF001020A600A68FF281A601A
S21403898007D16268013202D16FF001026260626849
S2140389905A60002038BD0128F2E738B50546E5F7EA
S2140389A05FFD04460021A878E3F704FD204638BDA2
S2140389B02DE9F74F01251C469DF8303006460193F6
S2140389C00368174603F0070306339D4005F1FF3897
S2140389D00B46A1B1416804EA080BA5EB0B0A41F06C
S2140389E00059524509EB0B0114D952461846E1F7D4
S2140389F04BF949467A1B5A445044E1F745F9019B23
S214038A002BB13C4448EA050804EA0804F46003B0C2
S214038A10BDE8F08F1846F0E737B5002514460095F5
S214038A20FFF7C6FF204603B030BDE3F7D7BA0020F2
S214038A30704700207047002070477047704730B576
S214038A4049000446056812B102291FD90339C90330
S214038A5095B9E1B1B1FA81F3C3F12003C3F10F0075
S214038A60012838BF012003F01F03D940A94201D9CA
S214038A7001384908216030BDB5FA85F339B1B1FA3A
S214038A8081F29B1A002BE9DC0F20EFE700210F2071
S214038A90F0E7012805D9023818BF4FF0FF30C0B2FF
S214038AA070470120704708B5E4F7BEFFBDE80840ED
S214038AB0E4F7E2BF38B50446FFF7F5FF0546FFF7D0
S214038AC0F2FF431BA342FAD338BD38B50D4604461E
S214038AD0E4F7AAFF35B1844200D90139204601F0F4
S214038AE0030138BD844238BF0131F7E708B50121D9
S214038AF0FFF7EBFFBDE80840E4F7BEBF0B0C23F41B
S214038B008053B3F5284FF7B50D468FB2064699B294
S214038B1016D04AF60103994214D04AF60203994244
S214038B2012D0B1F5204F14BF04240324D6F8E03046
S214038B300BB1196851B9D6F8DC3093B928680EE042
S214038B400024F3E70124F1E70224EFE7234668460F
S214038B503A46E4F7EDFFDDE90003002BEBD103B063
S214038B60F0BD19680029E9D0234668463A46E4F77B
S214038B70DFFFDDE90003002BE0D1F0E702F070BD74
S214038B800204C0F3891307D56FEA83536FEA93533E
S214038B9013F5007F18B206D0A3F1C8006FF4FF7375
S214038BA09842B8BF184670474FF0384359699A69D8
S214038BB003F500530A405A6170470E207047E6F7E4
S214038BC0CFBDE6F7CDBDE6F7CBBDE6F7C9BD08B525
S214038BD00846E7F7EBF908BDE6F7C2BD0220704783
S214038BE0022070470020704701207047002070471E
S214038BF00E20704700207047E3F73ABA084611463E
S214038C000122FFF741BB70B505460C4611461A46CE
S214038C10E7F77EFA06682B462046B446BDE8704062
S214038C20604710B5E7F774FABDE810408368184745
S214038C30FFF710BEE3F744B9FFF7A9BBE2F74EBE52
S214038C4070B504460D4616464FF4881100F01CF81E
S214038C50324629462046BDE87040E3F763BB38B585
S214038C6005460C4604F021FCD5F890301C40D5F898
S214038C708C302343C5F88C3004F012FC211E18BF39
S214038C8001210020490238BD38B504460D4604F0DC
S214038C900CFCD4F890301D40D4F88C3023EA05053C
S214038CA0C4F88C5004F0FCFB284638BD38B504469F
S214038CB00D464FF48811FFF7E7FF29462046BDE827
S214038CC03840E3F757BB73B50D7806460C4635B305
S214038CD004238DF804302379304601A98DF8053036
S214038CE0FFF738FB0546B8B92278A37952BB8DF84F
S214038CF00430E379304601A98DF80530FFF714FBFD
S214038D00054648B923783BB161883046E2F704FC50
S214038D1001213046FFF7DBFC284602B070BD29462A
S214038D20FFF7D5FC29463046FFF7F2FC29463046C6
S214038D30FFF7F6FC2378002BCAD123798DF804308D
S214038D406379C9E702228DF80420D3E7FFF7E0BC76
S214038D50FFF7EEBC0020704710B50446E7F772FA3B
S214038D6021460020E8F7D0F8BDE81040002000F0C8
S214038D703EB970470120704708B5E8F7F3FE80F068
S214038D800100C0B208BD4FF0FF30FFF79EBB70472F
S214038D900020704710B50C4604F0A2F8048010BDFE
S214038DA038B50C46154604F09BF803881DB11C43E2
S214038DB0A1B2018038BD23EA040189B2F9E708B5F8
S214038DC004F08EF8008808BD08B504F089F8C0786A
S214038DD008BD08B504F084F8008800F00C0008BD50
S214038DE008B504F07DF8008800F00C00031F584215
S214038DF0584108BD38B5054604F072F804462846BF
S214038E00FFF7EEFF30B904F1100004F030FD00F474
S214038E10406038BD4FF40060FBE738B5054604F004
S214038E205FF804462846FFF7DBFF014648B91034CF
S214038E302046042203F094FF2044BDE8384004F0A3
S214038E4016BDA08838BD10B50C4604F049F88480DA
S214038E5010BD38B5054604F043F804462846FFF728
S214038E60BFFF014608B1201D38BD1034042220463A
S214038E7003F076FF2044F7E738B5054604F030F8EC
S214038E8004462846FFF7ACFF30B904F1100004F09F
S214038E90EEFC00F4404038BD4FF40060FBE738B505
S214038EA0054604F01DF804462846FFF799FF0146D9
S214038EB048B910342046062203F052FF2044BDE88A
S214038EC0384004F0D4BCA08838BD38B5054604F055
S214038ED007F804462846FFF783FF014608B1201D1E
S214038EE038BD10340622204603F03AFF2044F7E745
S214038EF008B503F0F5FF007A08BD08B503F0F0FFE8
S214038F0090F9090008BD08B503F0EAFF807A08BDAA
S214038F1008B503F0E5FFC06808BD10B50C4603F0BE
S214038F20DFFF047210BD10B50C4603F0D9FF447280
S214038F3010BD10B50C4603F0D3FFC46010BD2DE979
S214038F40F8430F468046002107F11000164699465F
S214038F5004F03AF80446D0B103F0C2FF05462046B3
S214038F6003F0DAFF002102462846E0F7EFFC002371
S214038F702046AB7049F00401FFF70CFFA5F8048008
S214038F802EB13A46314605F11000E0F77DFE204645
S214038F90BDE8F883F8B505460F461020002104F017
S214038FA013F80446B0B103F09BFF0646204603F0D1
S214038FB0B3FF002102463046E0F7C8FC00233946DB
S214038FC02046B370FFF7E6FE25B12A460121204668
S214038FD003F0D2FF2046F8BD08B503F081FF10303A
S214038FE008BD08B503F098FF1038C0B208BD0020CE
S214038FF0E7F7B2BE08B5E8F70DF9002008BD4088CC
S214039000C0F30C000330800840000430704770B58E
S2140390100E4605461146304603F0D6FF044635B1E4
S21403902028B103F05DFF32462946E0F739FB2046B8
S21403903070BD0088B0FA80F04009704738B50588DF
S2140390400022044604F07EFC05B1258038BDF8B541
S21403905007460D4600880021164603F079FFB04206
S214039060044605D129463846BDE8F840FFF7E6BF73
S2140390700021204603F06CFFB04205D020460021B5
S21403908003F066FF0446F3E72A462046002103F072
S21403909073FF32462846BDE8F840002103F06CBF54
S2140390A038B5044638B1002104F046FC00230146D7
S2140390B05D1C09B998B238BD204604F061FC2B4606
S2140390C00146F5E7F8B5058807467DB1CCB22146DB
S2140390D0284603F03DFF8542064609D100233B8020
S2140390E000222146304603F047FF35462846F8BDA2
S2140390F0214603F02DFF21460246284603F03CFF97
S214039100EEE72DE9F04707888246884614465FB3A4
S214039110384603F001FF3D460646E4B2214628469C
S21403912003F016FF4045814616D1214603F010FF93
S21403913021460246284603F01FFF474504D145450E
S21403914008BF0025AAF8005000222146404603F037
S21403915013FF3046BDE8F0878742FAD003F0DCFE03
S21403916030444D4686B2D9E73E46F2E70022012355
S214039170C0E900237047F8B504460127002604F02B
S214039180A1F923683BB904F098F900226368012B20
S2140391900ED16360F8BD1D691F61266004F08DF96A
S2140391A0012DF2D02B462D691E61012DFAD1E6E77B
S2140391B019691A610B46EAE7036823B94068012870
S2140391C003D0E8F76FBD002070474FF0FF307047BD
S2140391D0F8B5054604F061FA012306460027A860A1
S2140391E02B7304F06FF92B6802467BB11C69216967
S2140391F0A1420CBF2F6019612761104604F05DF988
S214039200012C08D0204663689847EAE76C68012C6F
S21403921004D104F052F900232B73F8BD6169711A67
S214039220B1F1004FF5D8216969602361E5E770471E
S214039230022070470220704700207047014488428E
S21403924001D10120704710F8013B9342F7D000206C
S21403925070470821FDF7A6BF70B50146064692B0D3
S2140392600020E7F71BFA044670B9FDF796FF05469C
S21403927001466A462046E7F765FD6A4629462046C4
S2140392808DF80260E8F714F8204612B070BD00B5FA
S21403929093B0FDF782FF6A4601460020E7F752FDCA
S2140392A09DF9020013B05DF804FB00B593B0FDF71B
S2140392B074FF6A4601460020E7F744FD9DF8000068
S2140392C013B05DF804FBE7F701BD012070477FB5D7
S2140392D04FF6FF7101AAE8F7C1FF20B1BDF80C00F5
S2140392E007B05DF804FB4FF6FF70F9E708B504F026
S2140392F086FB003818BF012008BD08B51046EAF7FC
S21403930081F8BDE80840EAF73BB9704770477047F5
S2140393107047704770477047002100B593B06A46A0
S2140393200846E7F70FFDBDF8060013B05DF804FB2B
S214039330002110B592B004466A460846E7F702FDD8
S21403934000216A460846ADF80640E7F7B1FF12B0BB
S21403935010BD002100B593B06A460846E7F7F2FC55
S214039360BDF8040013B05DF804FB002110B592B0FD
S21403937004466A460846E7F7E5FC00216A460846BF
S214039380ADF80440E7F794FF12B010BD704773B50D
S2140393900646E9F789FA04463046ECF707FA22460A
S2140393A0034600213046F8F721F80546D0B1FFF70B
S2140393B013FE0446284603F093FD0023E21D121A0B
S2140393C0294608200093D2B2FBF77DFE0138C0B2CF
S2140393D0012807D801222946304602B0BDE870406E
S2140393E0E9F798BA02B070BD134610B50A460021D5
S2140393F00446F7F7D5FF014628B12046BDE81040DE
S2140394000222E9F787BA012010BD07B50093134679
S2140394100A460021F7F73EFF28B1002103B05DF8A6
S21403942004EBF5F7E9BC012003B05DF804FB2DE976
S214039430F04F87B00C4691460746FFF7CAFC054631
S214039440661C304604F013FA042D40F0908038462C
S214039450FFF7C2FD0378092203F00303012B14BFB1
S2140394600223032301212046039303F079FC0922F8
S21403947000210546204603F073FC21788DF817007B
S21403948001390022204689B2FFF7C1FD04EB090823
S2140394908346F0B14FF0010A2A460146CDF800A0F4
S2140394A003980DF11703FBF70EFE0228054626D197
S2140394B0584603F031FD00222070C0B2431E0092CE
S2140394C09BB252465946304604F0D3FA23785344A7
S2140394D023703846FFF773FC020424D498F801304F
S2140394E021789B071FD50139A1EB09013A4640466F
S2140394F0C9B2EDF777FF23781844207013E020B93C
S2140395002070284607B0BDE8F08F032809D14046EF
S21403951004F0ADF920F4007189B2404604F0A9F9CD
S214039520D7E70428D5D10125002220462178FFF766
S2140395306EFD07460028E4D04FF000080146434678
S21403954001224046CDF80080FBF7BDFD022819D165
S214039550384603F0E1FCC2B2013A207093B23946B2
S21403956001223046CDF8008004F083FAC9E780F084
S214039570800520F0800081B23046C5F3C01504F0A4
S21403958078F9D1E70028BCD12070BAE708B50020E7
S214039590FFF7F2FB80F00100C0B208BD0A4608B52B
S2140395A001460020E9F7B6F9B0FA80F0400908BD95
S2140395B00020E7F7B1BF00210846E7F755BC0020B7
S2140395C0FFF7D8BB70B5044604F051F90422002116
S2140395D00646204603F0C4FB204404F048F9032261
S2140395E005460021204603F0BBFB204404F03FF968
S2140395F04FF6FF730540ADB29D4214D1F30712D563
S21403960006220021204603F0ABFB204404F02FF98A
S2140396100446E9F7F1F9844214BF02240624E9F765
S214039620E5F9204070BD2046FBF766FFC400E4B2B0
S214039630F5E708B5FFF7C6FF003818BF012008BDD9
S2140396400120704710B50446FEF7B5FA08B9FEF7D1
S214039650B4FA03050FD40C231B2B01D1002009E019
S21403966020FA03F1C90703F1010206D5DBB2E31AB8
S2140396705842584110BD0B23F9E71346ECE710B5E3
S2140396800C46098819B90846F7F76AFE20800120B8
S21403969010BD08B510461A4600F0B8FABDE80840F3
S2140396A004F081B870B504460D46164692B06A4675
S2140396B0E7F748FB6A46294620468DF81F60E7F71A
S2140396C0F7FD12B070BD10B50C46E9F771FD2046E4
S2140396D0BDE81040E9F782BC0129F8B505460C46FB
S2140396E01DD003291ED0052920D0072922D0002605
S2140396F0002400270120E7F769FA304485421DDA83
S2140397000320E7F763FA2044854219DA0520E7F7D2
S2140397105DFA38448542B4BF07200520F8BD6FF0D4
S2140397200406E5E76FF004040526E2E700266FF07B
S2140397300407DFE7002405272646DBE70120EDE7DD
S2140397400320EBE738B5054600242046E7F73EFA44
S2140397500134A842E4B202D9062CF6D107242046E7
S21403976038BD38B14379490023F00C0301F00C01EE
S2140397700B434371704710B5044678B1417940886E
S214039780490801F006010131000AFFF7A5FF02466A
S21403979001462046FFF7E5FF104610BD0722FBE70C
S2140397A038B50D46E9F7F2FC044608B9002038BD83
S2140397B0FFF7E1FF002DFAD1237913F00703F5D065
S2140397C0984238BF1846C0B2F1E7037923F007037F
S2140397D0194301717047037903F00F0343EA01133A
S2140397E0037170470022EAF775B80021012208B515
S2140397F0EAF770F8401A18BF012008BD38B51546B9
S214039800FFF7F0FF0446284604F00FF984B1FF285B
S21403981004D0626822FA00F3DB0701D5012038BDC5
S2140398200123834013436360E3780133E370F5E772
S2140398302046F4E7EAF7B8BA10B503F051FB00F197
S2140398401004204604F013F820F4007189B2204671
S214039850BDE8104004F00DB82DE9FF41154601910F
S21403986001218DF80D301B0A8DF80E309DF82C3033
S2140398708DF80C008DF80F3028460423009103AAB8
S2140398809DF828809DF830709DF8346001F0D8FC70
S214039890044670B12946FFF7D6FAB8F1000F02D195
S2140398A02046FFF7C9FF2FB146B931462046F5F7E4
S2140398B0A3FA0024204604B0BDE8F0810022204627
S2140398C01146EAF7F7F9F4E74FF47A70EAF74CBB78
S2140398D0F0B5064687B010461C460F461546FFF7FA
S2140398E07BFB9DF83030184443789CB161780122A5
S2140398F011F0020F0CBF032100210020CDE9014225
S214039900CDE903100722394630460095EAF7C8FB2F
S21403991007B0F0BD22462146EFE708B5E8F7D6F9CB
S214039920BDE808400020EAF7F7BD00B58BB06846EF
S214039930EAF7F6FA009BBDF8060004A90693EAF7D1
S21403994095FA0BB05DF804FB1FB504466846EAF7C4
S214039950E7FA02AB03CB2060616004B010BD1FB50D
S214039960062304468DF80C30EAF766FF00238DF8CD
S2140399700D00CDE9003301210223204603AA01F09E
S2140399805FFC04B010BD70B50C4605460120EBF72E
S21403999047FE237B4BB1FFF7BFFC014623462A460F
S2140399A0BDE870400120EBF7F5B94FF6FE71F5E719
S2140399B0F8B50E460746FFF70FFB054603F057FFBD
S2140399C000F44040B0F5404F14BF0022062202F1D7
S2140399D00A03EB5C0B325C0004F00E045B081444D1
S2140399E003F0380338461C44FFF7FBFA844208D2D8
S2140399F0001BC2B20F2A28BF0F2230462919E0F7F0
S214039A0043F92046F8BD40F62740ECF73BBD13B5B7
S214039A10F5F794FC6946044600F0E1FF58B1FFF7FA
S214039A207BFC40B1E8F746FA28B1002302226946D8
S214039A302046F3F743F802B010BDFF224FF6FF713E
S214039A40ECF76CBF07B500210DF10700EDF7F4F84E
S214039A509DF8070003B05DF804FB13B5044601A99F
S214039A600020EDF7E9F8019A01462046EDF7FAF8EB
S214039A70204602B010BDF0B50F46002187B004465D
S214039A8008461646EDF7D8F8012305460DF10A00F9
S214039A908DF808408DF80930FFF756FF092C1DD1C5
S214039AA031460DF1120003F0E4FE05AB002102AAD5
S214039AB09B1A2846CDE90011DBB2642101F0C0FBF6
S214039AC00546E0B1092C15D1EDF716F9044688B121
S214039AD02846EDF725F9204607B0F0BD31460DF1CF
S214039AE013008DF812704FF6FF7503F0C2FE0DF1EA
S214039AF01503DBE7284600F02EF80446EBE704469A
S214039B00E9E77FB50D461646ADF80E0003F004FAF6
S214039B10841BE4B2BDF80E20631B9BB21046294695
S214039B200093731901F0C0FA21460DF10E0001F0FF
S214039B3093FA04B070BD38B504460D4603F092FFA1
S214039B4040B1AC4206D0204603F0EAFBBDE83840FD
S214039B5000F0DBBF38BD10B50446FFF73DFA023010
S214039B6003F085FE4FF6F7739842204603D9BDE807
S214039B701040EDF757BAEDF7A1FAB0FA80F04009B6
S214039B8010BD0022EDF772B970B50546FFF724FA4B
S214039B900646284601F078FB01462846F8F792F871
S214039BA004462846FFF739F94FF6F773984208D864
S214039BB0337803F00303012B05D1A31E5842584103
S214039BC070BD0120FCE70020FAE741F2033330B50D
S214039BD085B00D46ADF808300446FFF79DFB8DF8BB
S214039BE00A00FFF799FB0021000A8DF80B000523F6
S214039BF02046CDE9001102AA8DF80C5001F020FB97
S214039C0010B12146FFF7BDFF05B030BD2DE9F04189
S214039C10044617460D46E1B13F294FF0000600D132
S214039C2035462046FFF7D5F8082814D101212046EB
S214039C3003F08EF9064603F06FF90446304603F048
S214039C404FF93B4601462A46E0B2BDE8F041FDF730
S214039C505BBB0126E5E72046FFF7BBF8024630B9B3
S214039C60BDE8F0414FF6FF71012003F0C7BD204663
S214039C70FFF7C0F8B0F5006F0ED12046FFF7CDF81A
S214039C804FF6FF739842014617D0002D0CBF0320F2
S214039C900520002203F0B2FD29462046EAF7C2F863
S214039CA068B929462046EEF79DFE40B93246294656
S214039CB02046BDE8F041EDF7BDBC0120E9E7BDE86D
S214039CC0F08137B54FF6F675FDF76AFA431E9BB279
S214039CD0AB420446F8D8E9F759FA0028F4D16946A6
S214039CE02046E8F747FD0028EED0204600F0DCFFCC
S214039CF00028E9D12046FFF778FD0028E4D1204666
S214039D00EEF7E4FE0028DFD1204603F0ABFE002882
S214039D10DAD12046FDF75AFA0028D5D1204603B0FB
S214039D2030BD73B504460E46EEF7D0FE054688B939
S214039D302046EEF725FF21462B460D224FF6FD70F3
S214039D40009500F056F83146204602B0BDE8704054
S214039D50EEF7D8BE02B070BD37B5054614460C29DB
S214039D6014D8DFE801F02C132C1313130713131363
S214039D70132424006946E8F7FDFC18B90121684658
S214039D80F3F77EFA41202946F8F742FCD4B1204681
S214039D90FFF722F9023003F06AFD4FF6F773984295
S214039DA010D9204603B0BDE83040EDF753BB40F66C
S214039DB0144040F613430B2908BF1846E3E7F6F7AB
S214039DC049FEE3E703B030BD1FB50346084603214B
S214039DD08DF80D308DF80C1001230021ADF80E2000
S214039DE0CDE9003103AA042301F02AFA05B05DF891
S214039DF004FB2DE9F34106460F4614461D469DF81F
S214039E002080FFF789FAB04207D100222146384660
S214039E1002B0BDE8F041FFF79FBF3A463146204601
S214039E20FFF7D2FFADF8060060B10D2C05D1002276
S214039E304FF6FF71282003F0E1FC35B9BDF80600A4
S214039E40FFF789FE02B0BDE8F081012342462946AA
S214039E500DF10600E7F78EFEBDF80630002BEDD1B8
S214039E60F0E7F7B50C460546FFF7B6F8611C06465D
S214039E702846F7F727FFA11C0746284601F027F9CF
S214039E80014604463846FDF7D7F90D2F34D1204650
S214039E90EEF71CFE78B1301D03F0E9FC04462846B5
S214039EA0F679FEF7FCFF31460246204603B0BDE8CE
S214039EB0F040FFF7A3BCB01C03F0D9FC4FF6F773D2
S214039EC0984202D92846EDF7C5FA2046EEF758FE23
S214039ED0FFF722FAA04205D1002003B0BDE8F04008
S214039EE0EEF792BE6B46B068F16803C36946204638
S214039EF0EEF708FE03B0F0BD2A463946204603B007
S214039F00BDE8F040FFF728BF14220021DFF71EBD8F
S214039F102DE9F04F11F00F0704460E4615468FB095
S214039F205CD10120DDF7FEF809A8FDF798FA0923AE
S214039F3009A88DF82430FDF796FA09A8DDF7C4F8CA
S214039F4001A909A8FDF71DFC26F00F08A84404F193
S214039F50100904F10F0A454511D1236901A93344B9
S214039F60236109A8FDF7F2FB0020DDF7DBF8B6F165
S214039F70005F28BF272738460FB0BDE8F08F05AA35
S214039F80234696469446186859680833ACE8030097
S214039F904B456246F6D12B46224605F1100B53F885
S214039FA0041B5B4542F8041BF9D1714609A8FDF76B
S214039FB0CDFB09A8DDF788F8224621460120DDF708
S214039FC06DF8013D631E13F8012F15F8011F534565
S214039FD082EA01021A70F6D15D46BCE70227CAE799
S214039FE0F0B5174685B005460C4610220021684694
S214039FF0DFF7ACFCBFB3C4B30F2C04F00F0608D9CD
S21403A00024F00F043A4621462846FFF781FF40BB5B
S21403A0102744324639466846DFF736FE80222F69E4
S21403A02006F1100337446B44B7F5005F03F8102CB2
S21403A0302F61C6F110061AD3062E1FDDFB001A0E7B
S21403A0408DF80A201A0C5BBA8DF80B20ADF80C308D
S21403A0506A4610212846FFF75BFF00202B69103B5A
S21403A0602B6105B0F0BD3E46D8E72646D6E7022E5E
S21403A07004DDFB005BBAADF80E30E9E76A46102153
S21403A0802846FFF745FF2B691022A3F11004002191
S21403A09068462C61DFF75AFCB7F5005F4FEAC40346
S21403A0A0CDD2E7E770B50E46054686B001A814463E
S21403A0B0FFF72AFF3246294601A8FFF791FF2246FB
S21403A0C0054601AB05AE1C4603CCB4421060516096
S21403A0D0234602F10802F6D1284606B070BDEEF715
S21403A0E031BE0A460021EEF72DBEF0B58BB00C4606
S21403A0F001A9EEF727FE054680B325220021E01CC2
S21403A100DFF724FC0123A3700E23BDF81070238011
S21403A110FA0510D523464FF4877206AE23F8042BB0
S21403A1200DF1280C324603CA62451860596016467C
S21403A13003F10803F6D13B0605D5238843F08003D5
S21403A1402380069B636001AB03CB039BC4F81D000F
S21403A150C4F82110A361F0F701F9606128460BB03B
S21403A160F0BD30B505460C4687B001A8FDF777F974
S21403A1702868696802AB03C39DF8113043F00202F6
S21403A1808DF8112074B12288510644BF43F00603AC
S21403A1908DF81130530542BF9DF8113043F0080384
S21403A1A08DF8113001A8FDF752FAB0FA80F0400995
S21403A1B007B030BD70B58AB00D46002201A904462B
S21403A1C0EEF7C0FD88B1204604A9FFF7CAFF60B1C9
S21403A1D0BDF81060FFF7A0F838B9720601D573050D
S21403A1E003D529462046FDF793F80AB070BD2DE93E
S21403A1F0F3410F460546164602F08EFE4FF0000862
S21403A200C41BE4B2294623463A463046CDF80080BE
S21403A21003F02FFC0121284602F09AFE88B10121A3
S21403A220284602F095FE074602F076FE0546C3B2C0
S21403A230424630193946CDF8008003F01AFC25440F
S21403A240ECB2204602B0BDE8F0812DE9F04F85B0B0
S21403A2500C46054691461F464FF0010ADDF8388046
S21403A2609DF83CB002F058FE22463B462946064679
S21403A270CDF800A0484603F0FCFB5146284602F002
S21403A28067FE3C4418B35146284602F061FEF6B218
S21403A290B442814610DAE7B2F31BDBB240462246ED
S21403A2A02946CDF800A003935F4403F0E2FB039B2B
S21403A2B0BF1B984407F0FF0B012300220E93494669
S21403A2C05B46404605B0BDE8F04F03F0D2BB5B46A5
S21403A2D022462946CDF838A0F3E72DE9F0410026BB
S21403A2E086B0074608460C4615469846CDE90266EC
S21403A2F004968DF8146002F00FFE411BCBB20D2BB3
S21403A30028BF0D232A462146009602A803F0B1FB78
S21403A310424602A93846EEF78FFF064629462046F0
S21403A3209DF80820F7F7E2FC304606B0BDE8F0815A
S21403A3302DE9F04F0E46CBB00121054617461C46C5
S21403A34002F006FE23463A462946814606A8FFF74C
S21403A350C4FF0DF1280A00EB070B52463146284688
S21403A3605FFA8BFBFFF743FFB34503D200204BB0E6
S21403A370BDE8F08FABEB06085FFA88F808F1040334
S21403A3809842F3DB331F18440423C4B20193A31B80
S21403A390DBB20093524643460021CDF808A006A838
S21403A3A0DCF730FE0028E1D1A4EB0B040AEB08032C
S21403A3B0E4B2524628463146009301944346FFF7DB
S21403A3C044FF39462846F7F77DFC394600F0F80285
S21403A3D02846F7F78BFC0121284602F0B9FD002832
S21403A3E018BF4D462846ADF8165002F095FD011FDE
S21403A3F0C9B20DF1160000F02FFE0120B7E72DE9D4
S21403A400D841064600F040FF411C044689B2304658
S21403A41000F00DFF98B394B321463046F7F752FC8D
S21403A42000F00C03042B074629D000F00308B8F10C
S21403A430020F00D11BBB384600F0AFFF3B060444B7
S21403A440A4B216D5611C304689B200F0F0FEB0B156
S21403A45021463046F7F736FCB8F1010F014600F007
S21403A46003030CD0032B0AD0384600F0A5FF0319CC
S21403A4709CB221463046BDE8D84100F0D8BE002045
S21403A480BDE8D881F8B5064600F0C0FE054604468A
S21403A4903046FEF7A1FD43785B0718D5AC1CA4B283
S21403A4A02146304600F0C3FEB8B129463046F7F7DA
S21403A4B009FC0746691C304689B2F7F703FC1FB14F
S21403A4C0874201D8FF2808D104EB4704A4B22146EB
S21403A4D03046BDE8F84000F0AABE0020F8BD13B52C
S21403A4E0044601A8EFF700F9BDF80430DA0710D4E4
S21403A4F09B0707D410220021204602B0BDE8104077
S21403A500DFF724BA224621461020FFF7CBFD0028AA
S21403A510F0D102B010BD024608B5EFF70DF95105AC
S21403A52044BF0838C0B2130544BF0838C0B208BDDC
S21403A530F0B5D30705460C468BB04AD5008800F025
S21403A540A3FE00230646029314B9CDE9034403ACE5
S21403A550002208212046FEF771FEA8B12888FEF7E0
S21403A5603BFD023003F083F921460746E8F702F97C
S21403A57050B1002240231146384600F01DFA40F63B
S21403A580094528460BB0F0BD31462888F7F79AFBF5
S21403A59010F0030F0CBF01260026EEF717FC46EA61
S21403A5A04000C0B200900021204602AB05AAF0F797
S21403A5B02DFB0546EEF70AFC0028E2D0002DE0D07E
S21403A5C000212046009602AB05AAF0F71FFB0546BE
S21403A5D0D7E740F60A45D4E700231A46F0F770BAE1
S21403A5E030B58BB005AD04462846FCF738FF02238A
S21403A5F0284601A98DF81430FDF7C3F8234601AAAF
S21403A600144603CCAC4218605960224603F1080393
S21403A610F6D10BB030BD08B50023024619461846DE
S21403A620F0F74EFA012008BD37B504466846F0F742
S21403A630BFFA054648B1082221466846DFF7D8F92F
S21403A640B0FA80F0400903B030BDFF22082120464F
S21403A650FEF7F4FD034628B106212846FFF7BCFFA4
S21403A6600120F0E722460146F0F72AFAF8E707B595
S21403A6706846F0F79DFA10B16846FDF700FA00F059
S21403A680010003B05DF804FB0120F0F7CBBF704771
S21403A69037B504460846FEF7DCFB0546FEF73CFEE8
S21403A6A000230146009322462B460120F6F7F6FACE
S21403A6B003B030BD30B50124054689B003A8FCF7C6
S21403A6C0CEFE01A88DF80C40DCF75CFD9DF8062055
S21403A6D09DF80730AA4209D0AB4209D103A88DF8EA
S21403A6E00D40DCF7F1FC012009B030BD0024F5E78E
S21403A6F00020F9E700221021FEF7A0BD7FB50D4626
S21403A70000F582300D22694600F58070D1F788F98E
S21403A7106B462A4602AE1C4603CCB4421060516018
S21403A720234602F10802F6D12068106023791371DC
S21403A73000236B7304B070BDF0B585B06A4605465A
S21403A7400B46164601F1080714461868596808337D
S21403A75003C4BB422246F7D118680D2220601B793A
S21403A76005F582303146237100F58070D1F784F900
S21403A77005B0F0BD38B504460D46DBF7C7FFA0426B
S21403A78005D920462946FFF7B9FF002038BD282003
S21403A790FCE730B5002485B08DF80040DBF7B6FF44
S21403A7A0E5B2A84204D8F2F7CFFB002005B030BDCF
S21403A7B069462846FFF7C0FF0134EFE738B504467D
S21403A7C0002002F07DFDFF2805460FD002F000FEB4
S21403A7D010F0010009D0284602F0FAFD400840EACE
S21403A7E0C17080F0010000F0010038BD04F00100E4
S21403A7F0FBE70146F8B506460020F2F7DFFAFF2826
S21403A80001D00120F8BDDBF771FF00240546871C45
S21403A810DBF770FFE3B2984201D80020F2E735F881
S21403A8202430B34203D117F82430002BE9D1013486
S21403A830EEE738B50D460121044602F089FB30B138
S21403A8400121204602F084FB2880012038BD2046E3
S21403A8502C8000F00EFE0130C0B2F7E72DE9F0477A
S21403A86088B00746894610460DF10A011D469046F4
S21403A870FFF7DFFF4FF0000ABDF80A6004463046D4
S21403A880CDE905AACDF81BA002F046FB031BDBB2FD
S21403A8900B2B28BF0B2322463146CDF800A005A874
S21403A8A003F0E7F848F21F039D4243D00BD885F424
S21403A8B00043012B15D923464246494628460097AE
S21403A8C0FDF730F933E048F23A039D42F3D1FEF741
S21403A8D023FDB8422BD02246414605A8FDF757F97B
S21403A8E025E09DF8143013BBBDF81D40DDF81500B8
S21403A8F0DDF8191003AB03C3204603A9DCF728F9D8
S21403A9000122204603A9EEF7B3F9A74206460ED066
S21403A910012103A8F2F7B4FC48F201039D4206D1D5
S21403A9202EB9334632463946204600F046FE08B076
S21403A930BDE8F0879DF81450002DF8D12F469DF8FA
S21403A94015800234EAB24245F1D2D200D2B2224492
S21403A9500823314692B2009703A8CDE9037703F0A4
S21403A96088F803A8F4F71AFD02F0DAFC00F0CDF835
S21403A9700135E7E708B5E7F7A9F9BDE80840F2F7B8
S21403A980BDBE10B50024418084800480C28003814C
S21403A99010BD13B5BDF81040CDE900340023F3F71E
S21403A9A015F802B010BD13B5BDF810400190009421
S21403A9B0F3F70CF802B010BD07B500930123FFF7B9
S21403A9C0F2FF03B05DF804FB0123F3F7A5B80121FA
S21403A9D0F4F712BA01464FF6FF70F4F735B910B51F
S21403A9E00C4602F09DFCFF2808D0F4F7BFFC20B10C
S21403A9F00368236043680120636010BD0020FCE702
S21403AA0010B50446FEF7F6F9B0F5006F204605D1FB
S21403AA10FEF703FABDE8104002F082BCFEF719FA0F
S21403AA20BDE8104003F01AB808B502F079FCFF2819
S21403AA300CD002F0CDFC10F0010309D0400840EA28
S21403AA40C17080F0010000F0010008BD0020FCE7A3
S21403AA501846FAE71FB500F582300B2201A900F568
S21403AA60C070D0F7DDFF9DF80E0005B05DF804FB5F
S21403AA7030B589B001F0010503A90446F5F798F847
S21403AA809DB190B9204602F0A3FC10F0010109D055
S21403AA90204602F09DFC430843EAC17383F001039A
S21403AAA003F0010103A8F2F7EBFB2046F6F718F8CC
S21403AAB09DF81430294600932046BDF8162003ABB4
S21403AAC0FCF79EFB09B030BD7FB50C460546F4F790
S21403AAD035FCA04217D04FF6F7739C4213D805F502
S21403AAE0823606F5C0760B2201A93046D0F798FFCA
S21403AAF001A90B223046ADF80C40D0F7BDFF214626
S21403AB002846F4F76DFC04B070BD10B50446DBF7B9
S21403AB1003FEA0420FD92046F4F710FC4FF6FF734E
S21403AB20984208D020460021FFF7A2FF2046BDE842
S21403AB301040F5F797B810BD10B50446FEF7ECFBCA
S21403AB400023024619462046BDE81040F5F7E4B94F
S21403AB502DE9F04114460F4605469846FEF73CFAA3
S21403AB600646043002F083FE20802846FEF797F957
S21403AB706080B379791CE372C9B22846F7F7A2F866
S21403AB80B91CA072C9B22846F7F79CF8FE1C2072BF
S21403AB90F6B2B8F1000F18D03146284600F097FAFF
S21403ABA00537FEB23146A080284600F090FAB11C65
S21403ABB0E080C9B22846F7F785F86072217AA08844
S21403ABC00122BDE8F041F5F7C7BE2088EAE72DE984
S21403ABD0F04186B090461E4604460D46FEF79CFBA3
S21403ABE04FF6F7739845074632D80523A0428DF8EB
S21403ABF00C304FF0010214BF012300234FF0000175
S21403AC0018BF8DF80D30CDE9002114BFADF80E0046
S21403AC108DF80D30284614BF0423022303AA00F040
S21403AC200FFB0546A0B1A7421AD0FEF7D5F9074693
S21403AC3021460430803E02F01CFE2046FE7104A925
S21403AC40FFF7CDFE40B9204604A9E7F7A7FA18B9DF
S21403AC50002006B0BDE8F081284604A900F07EFB7C
S21403AC6041462846FEF78DFFF3E7037923F00303F7
S21403AC70194301F03F010171704707B50DF1070154
S21403AC80F5F710FD03B05DF804FB08B5FFF7F5FF15
S21403AC9018B1BDE80840F5F755BD08BD00224FF6CC
S21403ACA0FF701146F5F758BE10B50446FFF7E5FFEB
S21403ACB0024638B901462046F5F74EFE003818BF5F
S21403ACC0012010BD0120FCE7F8B5174604460E46E2
S21403ACD0FFF7D3FF0546386068B1037903F0030333
S21403ACE0337023B93A68137903F03F0313713B6853
S21403ACF05C882046F8BD01462046FEF751FD074610
S21403AD0028B1E8F751FC874201D83570F1E73146A0
S21403AD102046FCF701FF0028EBD003234FF6FF7411
S21403AD203370E6E707B501AA0DF10301FFF7CCFF81
S21403AD309DF8033053B9019828B1037913F0300F07
S21403AD4014BF0120002003B05DF804FB0020FAE7DF
S21403AD502DE9FF410646104688461546F4F71EFBC6
S21403AD600746FEF7D9FA044648BB4FF6FF739E42E2
S21403AD7025D09F4206D00146384604B0BDE8F041D0
S21403AD80EBF7DCBE07238DF804302B680246CDF8BC
S21403AD9005306B68092101A8CDF80930FEF737F9AD
S21403ADA0024618B9192004B0BDE8F08101234146D4
S21403ADB03046F1F72DF90028F4D02046F3E70220B9
S21403ADC0F1E72DE9F04390460F4606464FF001099A
S21403ADD091B00BA803ADFCF742FB07AC29460BA8C2
S21403ADE0ADF82C90FCF7CDFC95E80F0084E80F0037
S21403ADF04B46002239463046CDE90048F1F724FA9F
S21403AE0011B0BDE8F0832DE9F04F002785B08146E9
S21403AE100C467E2039469846BDF83CB09DF844A0C3
S21403AE20BDF84C500192ADF80E7002F0CDF8064610
S21403AE30002800F0AA8002F053F839467E22DEF797
S21403AE4085FD304602F04CF80090304602F048F894
S21403AE50B9F1FF0F0CBF274644F003073B0A14F46F
S21403AE604062077043705FD14FF00808C31C184652
S21403AE7042460199DEF714FC034604F44044434477
S21403AE8084B1790606D419464FEA1B2201F802BBA1
S21403AE905A700B46B4F5004F56D0A4F540425442C0
S21403AEA05441E400224618460E99DEF7F9FB009A51
S21403AEB003462044A0EB02085FFA88F89DB14FF4DE
S21403AEC07C521A53841C284602F00AF88346284606
S21403AED002F022F8C5B22A4659462046DEF7D4FECB
S21403AEE060190235EDB2B9F1FF0F2FD05246109913
S21403AEF000F8019BDEF7C8FE08F101015AFA81F15A
S21403AF0029443046E6F7CCFD0C210022FF0007F06B
S21403AF10800710463943FEF73DF8ADF80E00E8B952
S21403AF20002005B0BDE8F08FB2F5006F80F803800F
S21403AF304FEA182880F8048000F1050314BF4FF089
S21403AF4008084FF0020892E70224ABE708EB0A0171
S21403AF5029443046E6F7A4FD0821D6E7304601F03B
S21403AF60BFFF0446304601F0D7FF012302462146C1
S21403AF700DF10E00E6F7FEFD0028D1D10121BDF844
S21403AF804820BDF80E0001F0F7FFBDF80E00C8E735
S21403AF9010B50C46098821B90846F6F7E1F9208072
S21403AFA008B1012010BD0220FCE72DE9F0478046DA
S21403AFB00F460646002402F1FF39BC4202D219F8B6
S21403AFC0015F25B9A6EB080080B2BDE8F0879A4674
S21403AFD0A5F13102012A5AF8041B10D83246322D45
S21403AFE002F8011B06D10134A4B2A74232D30912D8
S21403AFF0B21C7170013453461646A4B2DDE7342DF5
S21403B0000CD10334BC42DDDA0B0A317073700B0CBF
S21403B010090EB370321DF170A4B2EBE7A5F133024B
S21403B020062A0DD8303DADB22B19BB42CADA2A46E2
S21403B0303046013CDEF734FB15FA84F47219EBE76D
S21403B040A5F14102062A01D8373DECE79D8803F1B6
S21403B050080AE9E71646B5E770B5054600880C46C4
S21403B06001F05AFFA04228880AD201F055FF0023B8
S21403B070221A19462846BDE8704092B2E6F77ABD12
S21403B0802146E6F70DFD002070BD38B5054601F0F4
S21403B09027FF0446284601F03FFF002201462046CC
S21403B0A0BDE83840FDF7B3BFF8B516460C461D4657
S21403B0B0BDF8187001F014FF0444304601F010FF89
S21403B0C03A4641192046BDE8F840DEF7E9BA70B5BE
S21403B0D00C46013189B20646F6F7F4FD21460546CD
S21403B0E03046F6F7EFFD00EB052080B270BD1FB5C6
S21403B0F00123ADF80C2000930A460223014603A859
S21403B10002F0B7FC05B05DF804FB0FB437B5069D37
S21403B1100021A8B201F058FF044601F0E1FE2CB16D
S21403B120002207AB0193D1B28D4205D8204603B067
S21403B130BDE8304004B0704753F8041B8154013215
S21403B140F1E773B504460D4640200021164601F08C
S21403B1503BFFADF8060001F0C3FEBDF8063013B999
S21403B160002002B070BD402133462A462044FFF734
S21403B1701CFF211889B20DF10600FFF76DFF0028AA
S21403B180EED1BDF80600ECE70EB403B503AA52F8F9
S21403B190041B0192FFF7D5FF02B05DF804EB03B082
S21403B1A070472DE9F7430F4601218146164601F005
S21403B1B0CFFE054658B1FFF768FF308088B92846AA
S21403B1C001F0AAFE68B1192003B0BDE8F083484633
S21403B1D001F0A2FEFF2FA0EB0704E4B214D014B9CB
S21403B1E034800020F0E72A4621462846FDF70FFF65
S21403B1F080460028E7D03B464A4629460094FFF798
S21403B20053FFA6F80080ECE70120DDE708B5FDF75D
S21403B210E3FE437803F001001A074CBF10300830F2
S21403B220DB0644BF0830C0B21030C0B208BD10B54C
S21403B2300C4601F071FEA04234BF0020012010BD71
S21403B2407FB514460091024641F2092141F60920D2
S21403B2509DF820601D46002E18BF0146099B00205E
S21403B260F6F758FDADF80E0010B9002004B070BD17
S21403B27001232A4621460DF10E00E6F77BFC002843
S21403B280F3D1BDF80E00F1E738B50546FFF7BEFF6C
S21403B2900446284601F040FE631C9BB283420FD847
S21403B2A02846FDF799FE43785B0707D521462846CF
S21403B2B0F6F708FD013004EB4004E4B2204638BD3F
S21403B2C00024FBE71FB5ADF80E0001F025FE04468B
S21403B2D0BDF80E00FFF7D8FF00F10E03DBB2BDF892
S21403B2E00E200146E01A80B200901046FFF7DCFEFF
S21403B2F0A4F10E0189B20DF10E00FFF7ADFE04B006
S21403B30010BD4278034612F0080006D0D20702D4D6
S21403B31003F10800704703F10900704737B5054687
S21403B3200C46FDF759FE437813F0100212D09CB179
S21403B33003F001021B074FF0000329460093204643
S21403B3404FF0080354BF1832203202F092FB01205C
S21403B35003B030BD1046FBE72046F9E773B5054654
S21403B3600C46FDF739FE437813F0100211D094B162
S21403B370012603F001021B0729464FF00803204667
S21403B38054BF18322032009602F073FB304602B0E8
S21403B39070BD1046FBE72046F9E700F00303012BD8
S21403B3A008D0C30606D400F00C000C2814BF0820EF
S21403B3B00920704702207047034611F0030005D0AA
S21403B3C003F00303022B14BF022003207047F8B5D3
S21403B3D00C46064601F0A0FD631C834202D90025F5
S21403B3E02846F8BD21463046F6F76CFC0746FFF7BD
S21403B3F0D4FF3B060546F3D50444304601F08CFDE6
S21403B400A4B2631C9BB28342E9D821463046F6F7C2
S21403B41059FC01463846FFF7CFFF2844C5B2DFE79D
S21403B42070B506460D46FFF7D2FF044610B9002452
S21403B430204670BD29463046F6F744FC8206F7D50B
S21403B440304601F069FD2544ADB26B1C9BB28342C6
S21403B450EDD829463046F6F735FC00F01803082BDE
S21403B46014BF05340634E4B2830644BF0834E4B29A
S21403B470DEE738B50546FFF707FF044608B90020A0
S21403B48038BD01462846FFF7CBFF0028F7D02044F7
S21403B490C0B2F5E72DE9F04387B005460C46FDF745
S21403B4A09BFD804602F0E3F907462846FFF7ECFECD
S21403B4B0064601462846FFF78AFF00220346009207
S21403B4C02946324602A802F0D4FA9DF8086006F030
S21403B4D00C030C2B06F003090BD0B9F1010F59D05E
S21403B4E0F10657D49DF809300DF10A050020637163
S21403B4F007E0FF230DF10900637102F0B8F90DF1BF
S21403B5000B05208198F80130DA0704D508F102000C
S21403B51002F0ADF92081B9F1010F5FFA89F83DD049
S21403B520F3063BD4284602F0A2F96080A81C02F07A
S21403B5309EF9053515F8013C208023712B78B0065B
S21403B540A37206F0400348BF43F02003390627D50D
S21403B55043F40073F80448BF43F48063390548BFD7
S21403B56043F400633206E38011D56A7812F00302CF
S21403B5700DD06FEA43436FEA5343A978B8F1020F3D
S21403B580E3800B4611D1EB7841EA0321218107B012
S21403B590BDE8F083FF230DF10905A7E7FF23CCE7FA
S21403B5A07A0648BF43F48073D4E7012A04BF0B022C
S21403B5B09BB22381EBE7F7F789B80BB1F7F7F2B83D
S21403B5C00AB9F7F76BB9FF21F7F794B8431C08BF1E
S21403B5D00020DFF7F1BB0000034B5868C0F30800F8
S21403B5E0003818BF0120704700ED00E0014B1868D3
S21403B5F0704700BF945F0020084B1B6F03F00703E0
S21403B600022B04D0032B05D0012B05D0FEE7044BF9
S21403B61018687047034BFBE70348704700800050E9
S21403B620945F00209C5F0020002D310108B5FFF7D2
S21403B630E3FF054B1B6FC3F301330133B0FBF3F09A
S21403B640024B186008BD00BF00800050905F0020CA
S21403B6500048704700B4C40400487047002D310109
S21403B660014B1868704700BF9C5F0020174A936819
S21403B670C3F304430C2B0AD8DFE803F00B090909CC
S21403B6800909072119091B1D1F00114870470020CF
S21403B6907047936803F04073B3F1807F11D0B3F122
S21403B6A0007F10D0002B0B4818BF002070470A48B5
S21403B6B070470A4870470A4870470A4870470A485E
S21403B6C070470A4870470A48704700BF0040015A4F
S21403B6D0405DC60000093D00C0EA210180BA8C0126
S21403B6E00048E801005A62020024F40080841E0029
S21403B6F040420F00014B1868704700BF985F002058
S21403B70007B500F067FC6A4600F0C2FC18B1472193
S21403B710034801F0C9FFDDE9000103B05DF804FB4F
S21403B72063E003000229F8B596BF104B00245C5C67
S21403B730012805460E4608D0022809D008B944F069
S21403B74002040B4B1F6837B9F8BD44F00804F8E74A
S21403B75044F02004F5E77B681A68144203D03146A8
S21403B76028465B6898473F68EDE700BF027504000C
S21403B7705835002038B5104D2B78ABB10F4C2378D5
S21403B7801BB100F031FA00232370002001F09FFF65
S21403B7900B4C50B100F07AFA0023012120782B706D
S21403B7A0FFF7C0FF0123237038BD0122054B1A7033
S21403B7B02278054B1A70F7E7185600201656002015
S21403B7C01D560020195600201A5600200E490B78E5
S21403B7D0FF2B01D198B170470BB990B97047002879
S21403B7E014BF0122FF2213440B7060B1074B1B7872
S21403B7F0012B08D9064B1B782BB9FFF7BBBF1A469C
S21403B800F1E70122EFE770471C5600201D56002083
S21403B8101956002010B501F048FE064B04461B7867
S21403B8201BB1BDE8104001F03BBEFFF7A3FF204667
S21403B830F7E700BF1556002002282DE9F04147D050
S21403B84029480378FF2B41D1002941D11A461344D6
S21403B850DBB2037000293BD0244E3278012A37D955
S21403B860002B3ED001F021FE214F04463B780BB35C
S21403B870204D2B781BB901222A701F4A1370DFF85C
S21403B8807C8098F8003023B100F0AEF9002388F8E6
S21403B8900030204601F004FE012001F018FF01F0FD
S21403B8A004FE2B7804461BB100F0F0F900232B703E
S21403B8B000233B70204601F0F3FD01243078A042BC
S21403B8C006D02146FFF72EFF347001E013B931B9D5
S21403B8D0BDE8F081002914BF0122FF22B7E7012249
S21403B8E0B5E70224EAE700BF1C5600201D560020D9
S21403B8F0185600201556002019560020165600200C
S21403B9002DE9F04385B0EFF3108572B6AFF30080F0
S21403B91001F0B7FF002800F09280624E624F337842
S21403B92023B10020FFF752FF00233370387878B92D
S21403B93003A900F01FFB044650B95C4B039A1B682F
S21403B9409A4200F284800120FFF740FF0123337000
S21403B9503B78002B40F09980554B1B78002B00F06A
S21403B96091804FF00208534CDFF8689120784045E9
S21403B97007D099F8003013B94146FFF7D3FE84F891
S21403B9800080B8F1020F0FD1DFF8248198F8003059
S21403B99053B9494B1B7823B900F020F90122474BD2
S21403B9A01A70012388F80030207800F0F7F899F829
S21403B9B0003013B1424B1B782370AFF30080284648
S21403B9C001F080FEEFF3108572B63E4B1A7852B143
S21403B9D000221A703A4B20781B78984203D1012133
S21403B9E02170FFF79FFE384800F084FA01F058FFF5
S21403B9F08046002893D12E4F3B789BB189F80000F0
S21403BA00DFF8B89099F800301BB100F0EDF889F82C
S21403BA100080002001F05BFE002839D000F036F9E4
S21403BA2000233B70337823B10020FFF7CFFE0023BB
S21403BA30337000212078FFF775FE00232370AFF3E1
S21403BA400080284605B0BDE8F04301F03BBE1F4B1F
S21403BA50D3F8008000F048F9039B80449845BFF470
S21403BA6072AF00F03BF98200039942F0020292B2F1
S21403BA70CDE900422346164AA1EB0801124801F01D
S21403BA8028FE65E700F09CF86BE74FF001086AE7CD
S21403BA90012000F083F8284601F014FEEFF310852A
S21403BAA072B6B6E7175600201C56002060350020F5
S21403BAB0185600201D5600201B5600201656002040
S21403BAC01A56002013560020643500205C350020EB
S21403BAD015B803001956002010B501F0E6FC002245
S21403BAE0054B1C781A7001F0DBFC00F005FBE4B292
S21403BAF02043C0B210BD00BF1456002038B501F075
S21403BB00D4FC094B05461B78012B04D801F0C8FC6E
S21403BB100024204638BD054B1C6800F0E5F80444B5
S21403BB20284601F0BDFCF4E71D5600205C350020D6
S21403BB301549164A0B6F10B503F007031360144A32
S21403BB40144C9269032B02F00200C2F340022270E7
S21403BB5017D0D1F8203103F00703022B11D0D1F808
S21403BB60803203F001030C4A137048B143B9064B05
S21403BB70D3F8003103F00303591E4B424B411370B5
S21403BB8010BD0123EFE700BF00800050C035002042
S21403BB9000C001502256002023560020012805D05D
S21403BBA00238012808D80020CDF752BC034A13698F
S21403BBB023F00403136130BF704700BF00ED00E0BD
S21403BBC0044B054AD3F8203103F007031360F7F755
S21403BBD091BF00BF00800050C83500200122014BF2
S21403BBE01A70704721560020F8B51F4B1B78002BA0
S21403BBF039D01E4C2378B3B91D4B9A6DD10302D5A9
S21403BC00DA6D92072FD49B6DDB072CD401F0A7FDCA
S21403BC10184B194A1860136F23F0070343F0030306
S21403BC201367FFF703FD01F09AFD124B134D1B68D4
S21403BC30134EC01A2B78134F56F8232046F82300CA
S21403BC40111A3A681048521A0A213A600932B2FBAE
S21403BC50F1F20133DBB20260B3FBF1F201FB123304
S21403BC602B7000232370F8BD235600202056002097
S21403BC7000C00050B8350020008000501F5600203A
S21403BC80903500208C3500208835002008B5F7F75E
S21403BC9032FF0D4A0D49136F096823F007030B4360
S21403BCA013670B49D2F82031096823F007030B43C7
S21403BCB0C2F82031074B1B7813B10122064B9A6258
S21403BCC0BDE80840FFF7B2BC00800050C035002036
S21403BCD0C83500202356002000E00050014B18789A
S21403BCE0704700BF23560020054B187818B1054B44
S21403BCF0186800EBD000044B1B681844704700BF5D
S21403BD002356002088350020BC35002008B50D4B8F
S21403BD101A7892B100221A700B4A136F23F00703A6
S21403BD2043F001031367D2F8203123F0070343F0EF
S21403BD300403C2F82031FFF779FC0122034B5A674C
S21403BD4008BD00BF215600200080005000E00050D0
S21403BD500D490B68A0B10022A3B1834203D18368C7
S21403BD6022B90B6003E01A469B68F5E79360836885
S21403BD700BB9002070475A6941690A445A61F8E7CB
S21403BD802220704702207047D435002010B501F0FA
S21403BD9002FD0A4C0A4B19682368C31A09B92060C6
S21403BDA010BD002BFBD04A699A423ABF9B1A002269
S21403BDB0D21A4A6128BF00238968EFE7D0350020EE
S21403BDC0D435002038B5154D2B682BB35B69A3B16A
S21403BDD0134A022014681C4400F086FA204600F03A
S21403BDE045FA00230F492A680B7022B1D0888007D2
S21403BDF00AD501230B70002038BD022000F074FA28
S21403BE00022000F093FAECE79268002AF3D0506918
S21403BE100344012BEAD9EEE72220EDE7D4350020D0
S21403BE20D035002025560020C38870B504460D463D
S21403BE303BB9FFF763FE8542064602D2F8F747FF93
S21403BE4035460E4A6561136883B91460A3600CE037
S21403BE502D1A986819466561034618B15869A842B1
S21403BE60F6D929B18C60A36023B970BD0021F5E72C
S21403BE701460A3605A69521B5A61F6E7D435002052
S21403BE8070B50D469DF81410164601710499BDF859
S21403BE901820016000210446C0E903368160C28091
S21403BEA006BB01F078FC2844A0613DB9E3686561F0
S21403BEB013B1204621689847C6B1354601F0F5FA16
S21403BEC00646FFF763FF29462046FFF7ADFF084BFC
S21403BED01B689C4201D1FFF775FF3046BDE87040F2
S21403BEE001F0DEBA01F057FC3044DDE770BD00BF59
S21403BEF0D4350020F8B50546D0B101F0D6FA06468B
S21403BF00FFF744FF0B4B28461F68FFF721FF044645
S21403BF1020B1304601F0C4FA2046F8BDAF42F8D14E
S21403BF20FFF750FF2228F4D1022000F0E9F9F0E7EA
S21403BF302224F1E7D435002038B50C460546A8B1CF
S21403BF40A1B100230B7001F0BDFA0121084B1B6859
S21403BF5033B901F0B2FA002038BDAB4204D12170E8
S21403BF602278002AF9D0F4E79B68F1E72220F3E76A
S21403BF70D4350020F8B506460F4601F0A3FA00258F
S21403BF800446124B1B6823B9204601F096FA1B2081
S21403BF9011E05A691544DA88B2420DD101F0FBFB71
S21403BFA00B4E3368C01AA8420AD3002320463B60D0
S21403BFB001F083FA0020F8BDFF2EEFD09B68E2E77E
S21403BFC001F0E9FB33682B441B1AEFE7D435002056
S21403BFD0D035002070B501F075FA064601F0DBFB9C
S21403BFE0084B044601201D6801F0C5FB18B101F09B
S21403BFF0D2FB04460135304601F05FFA2046294657
S21403C00070BD00BFDC350020014B1868704700BFC9
S21403C010D83500200B4B70B51B68044683420D468B
S21403C0200ED340F2E7300021074B4FF47A721E68B6
S21403C0300023E4FB0601DDF777F82860002070BDD7
S21403C0402120FCE7CC350020D83500200F4B10B557
S21403C0501A689AB14FF47A71531E1342A0FB01017A
S21403C0600ED1B2FA82F2C2F11F04531CD243E0404F
S21403C07001FA03F3184321FA02F20243104610BDF5
S21403C0800023DDF751F80246F8E700BFD835002055
S21403C09038B5164B14468342154B8B4123D3154BA9
S21403C0A01A6802B34FF47A75A0FB050305FB01314A
S21403C0B0531E134211D1B2FA82F3C3F11F055A1C61
S21403C0C0DB4301FA02F2E84021FA03F31043184374
S21403C0D0E940C4E90001002038BD0023DDF724F859
S21403C0E0C4E90001F7E72120F6E700BFEFA7C64B38
S21403C0F037894100D835002010B501F0E3F9034B2A
S21403C1001C7801F0DAF9E4B2204610BD245600206C
S21403C11008B5084B1B7803F0FF004BB101F01FFB7B
S21403C120054B1B689B69C01A02288CBF00200120A0
S21403C13008BD00BF25560020D4350020C2072DE9D0
S21403C140F843044607D5464A136801331360FFF7DE
S21403C1501DFEFFF737FEA3077FD501F0B3F94FF0B7
S21403C160000805464646FFF711FE3E4F3C680CB1F5
S21403C1706369A3B100223C4B012E1A7003D118F059
S21403C180020F18BF1E70FFF71DFE222802D10220E1
S21403C19000F0B6F82846BDE8F84301F08EB923460A
S21403C1A05A693AB91A792179914288BF1C469B6825
S21403C1B0002BF5D1284601F080F92569002D38D0EB
S21403C1C001F0E9FAA269A0EB02084FEAE873A84572
S21403C1D073F100032EDB23691344A3610123226951
S21403C1E0CAB1C3B9A38BB5EB080533B1E28B1344CD
S21403C1F09BB2B3F57A7F28D2E38301F063F98046D6
S21403C20029462046FFF710FEA369226940461344D9
S21403C210A36101F052F9E36813B1204621689847F9
S21403C220B4F8068001F04EF901360546FFF7AEFD79
S21403C2309CE7A84601F046F981462046FFF788FDAD
S21403C240484601F03AF90023C9E7A3F57A73E38376
S21403C250A369013D013BA361CFE7BDE8F88300BFB7
S21403C260DC350020D43500202456002010B50446C3
S21403C27001F01BF94FF0B042936A1907FCD4136A16
S21403C280116C5269120704D4CA1A032A01D89942B8
S21403C2900ED1E21A022A98BFDC1CB4F1FF3F38BF66
S21403C2A0013C4FF0B04308221C6403F580539A61A7
S21403C2B001F0F6F8054A13783BB14FF0B041CB6B6B
S21403C2C043F00203CB630023137010BD8A6400207F
S21403C2D007B5044B01A9187901F08DF9019803B04D
S21403C2E05DF804FB4473040000F001038207034A6D
S21403C2F048BF43F008039361704700BF001000581F
S21403C300820700F001030AD50121064A43F0080319
S21403C31011704FF0B041CA6B22F00302CA63024A9F
S21403C320936170478A64002000200058830742BF49
S21403C3300822014B5A6170470010005873B502ABD0
S21403C340164603E90600044600F052FF054620465B
S21403C35000F05EFF9DF800208DB1202C33780ED8B8
S21403C360012B2ED84FF6FF752D4803EB43132344BA
S21403C37030F81310A94202D0013120F81310294BCC
S21403C380294E33F8141036F81400814232D34FF690
S21403C390FF75A9424FF0010502D0013123F81410AE
S21403C3A004F0FD01092927D1998AB68A0A44B242C4
S21403C3B0B4BF9A829E8233F81430834227D202B0E7
S21403C3C070BD022BDBD14FF6FF704FF6FF75144B93
S21403C3D033F81410814218BF013104F1210018BF4D
S21403C3E023F8141033F81010A9421CBF013123F8A8
S21403C3F01010C4E70025D0E71D2CDCD1598F8E180A
S21403C400864203DA01390A445A87D4E75887002D4F
S21403C410D5D1204602B0BDE8704001F0D7B900BFC1
S21403C4204050002018510020C450002038B50D4657
S21403C430044601F047F8064A13889BB22DB12343FE
S21403C4401380BDE8384001F038B823EA0403F7E761
S21403C450065500200022034B01214FF480701A700A
S21403C460FFF7E4BFA05B002008B5054B1868FCF790
S21403C470C3FB00F00300C31E5842584108BD00BF6B
S21403C480384D002038B5044601F041FA0C4B0546FA
S21403C4901978187981420FD0631E082B0CD8DFE871
S21403C4A003F0050D0B0D0B0D0D0D0D0000220146BF
S21403C4B0044B1868FCF79EFB284638BD0022F7E7B6
S21403C4C0B8640020384D002038B54FF0FF300C46D6
S21403C4D0FFF77CF80A4B05461868FFF777F8641BE6
S21403C4E0241A20B210F1630F06DB10F1240F05DACD
S21403C4F064308000C0B238BD0020FCE7FF20FAE7B6
S21403C500384D002008B5134B1B78062B04D040F695
S21403C5102101114801F0C8F8104B1B881B0704D4EF
S21403C52040F622010C4801F0BFF80D4B2A2019787B
S21403C530FFF7A8FF00210820FFF778FF0222094B28
S21403C5401A70094B1868E3F72DFEBDE8084001F0A2
S21403C5502AB900BFA05B0020D56F04000655002053
S21403C5609D5B0020ED640020384D002010B50E4C76
S21403C570236823B940F6A3410C4801F095F82068D8
S21403C580013001F074F900F0070003280AD124688B
S21403C59009220121204600F0E3FB205C031F5842DA
S21403C5A0584110BD0020FCE7284D0020D56F04003D
S21403C5B038B50C4640B100210420FFF737FF01F0E1
S21403C5C0F2F8012C1DD038BD244B1B889B07F6D5EB
S21403C5D00129234A2FD1117869B30139C9B21170E1
S21403C5E011B92020FFF722FF00210220FFF71EFFCC
S21403C5F004221C4B00211C481A7000F05DFD01F05C
S21403C600D2F81A4C2068013001F031F900F440608A
S21403C610B0F5006F1FD1246801210422204600F0E4
S21403C6209FFB204401F023F90146BDE83840002271
S21403C630202001F0E3B800210D4D02201170FFF712
S21403C640F5FE2B78FF2B04D040F29961094801F0E0
S21403C6502BF82C70B3E74FF6FF71E6E7065500207C
S21403C6609F5B0020A05B0020FC610020284D00207B
S21403C670EE640020D56F040038B5134C05462388B6
S21403C680580709D5FFF7F0FE01460720FFF7FAFE25
S21403C690FF210120FFF78CFF238899070BD50B4B4F
S21403C6A0284619788A1F51425141FFF7EBFE0121B4
S21403C6B00020FFF77DFF23881B0703D5BDE838401E
S21403C6C0FFF720BF38BD00BF06550020A05B002043
S21403C6D0F7B5124CD4E9006586EA020C85EA03072F
S21403C6E00CEA000C0F405CEA070E15D086EA0C062F
S21403C6F07D40C4E90065CDE900230B4608490246A0
S21403C7000868FBF73BFE38B14FF4FD71054803B0EC
S21403C710BDE8F04000F0C8BF03B0F0BD50160020DF
S21403C720384D0020D56F040008B50A4B1B88DB067E
S21403C73004D440F64701084800F0B6FF0021102055
S21403C740FFF774FE002000F06BFBBDE8084001F025
S21403C7502AB800BF06550020D56F04002DE9F04F18
S21403C7605706804614461D4691B005D5FFF77CFE56
S21403C77001460120FFF786FEEE0403D500212D2097
S21403C780FFF780FEA00224D54046FCF7E1FA0146F7
S21403C790F8B94020FFF74AFE40460AA9FBF7B5FE64
S21403C7A0B8B99DF83030022B40F0D980BDF8280088
S21403C7B000F0B6FDFF2808D14046FBF7A4FE40B9BB
S21403C7C001214020FFF732FE03E000F0C3FD0028FE
S21403C7D0F2D1A10305D5FFF747FE01460320FFF775
S21403C7E051FEE20104F0807640F1C080854B1B8841
S21403C7F09B072DD5844E3068FBF71CFE40BB834B4E
S21403C800834F18703B78FF2B04D040F25761814862
S21403C81000F04AFF4FF0000900210220FFF706FE52
S21403C82087F800907C4F3B78062B07D10121082020
S21403C830FFF7FCFD49462820FFF724FE3B78052B2F
S21403C84006D100212B20FFF71DFE3068E3F7AAFC74
S21403C85000F0A9FF220717D56B4F0321386805AAF6
S21403C860FBF702FE064620B940F2C961694800F0AC
S21403C8701BFF9DF81430072B00F0D080FFF7F4FD64
S21403C88001460420FFF7FEFDE10505D5FFF7ECFDA5
S21403C89001460420FFF7F6FD14F4863F05D0FFF7A4
S21403C8A0E3FD01460220FFF7EDFDA20113D5FFF7D6
S21403C8B0DBFD01460820FFF7E5FD00210420FFF716
S21403C8C0B5FD554B1B78012B03D14F4B1868E3F787
S21403C8D069FC00F068FF14F0084F09D0FFF7C4FDA9
S21403C8E001460720FFF7CEFDFF210120FFF760FE7C
S21403C8F0A30009D5FFF7B8FD01460620FFF7C2FDE2
S21403C900FF210120FFF754FEA70705D53D4B1B88E3
S21403C9101E0701D5FFF7F6FD6C0603D500210A2096
S21403C920FFF7B0FD280602D50120FCF722FAE90539
S21403C93040F1858140460AAA05A9FCF759F99DF8F6
S21403C9401430222B00F06D8100F28281152B40F209
S21403C9506A8140F60A112F4800F0A6FE6FE1032B0A
S21403C9607FF437AF0AA801F06DF830E705F0020749
S21403C97056EA07030DD0284B26201978A1F1060E98
S21403C980DEF1000141EB0E01FFF77CFD012130468D
S21403C99011E004F0805656EA07030FD01E4B2620FC
S21403C9A01978A1F1060CDCF1000141EB0C01FFF74D
S21403C9B069FD02213846FFF7FBFD4BE704F088418B
S21403C9C051EA060309D0144B272019788F1F7942A2
S21403C9D07941FFF757FD0221D9E705F008030B431A
S21403C9E002D02320FFF74EFD680703D5002124203D
S21403C9F0FFF748FDE9077FF52DAF00212520FFF758
S21403CA0041FD27E706550020384D00209F5B002098
S21403CA10EE640020D56F0400A05B00203146386822
S21403CA200AAAFBF727FD20B14FF4DA619E4800F00F
S21403CA303BFEBDF81630386802330AA9ADF82C3031
S21403CA40FBF71AFD20B140F2DF61974800F02CFE99
S21403CA500023009331460423386804AAFBF70EFD2F
S21403CA60042804D040F2E4618F4800F01DFEDFF88E
S21403CA70589299F80030C3BB0DF1110000F0F7FE91
S21403CA8000F00700022830D1FFF7EEFC014609202C
S21403CA90FFF7F8FC854B1B78062B23D1844B9DF8B8
S21403CAA013201B789A421DD19DF8353023B940F2E6
S21403CAB0FA617D4800F0F8FD0DF1110000F0D7FE95
S21403CAC0C0F3001631462920FFF7DCFC00210820BE
S21403CAD0FFF7ACFC774B1E70FFF748FD10B93868BC
S21403CAE0E3F760FB00F05FFECEE6BDF8160001211B
S21403CAF0083080B200F068FA039030B9FFF7B4FC50
S21403CB0001460420FFF7BEFCECE700F0E9F905AAAE
S21403CB10014606463868FBF7B9FC99F800A0BAF157
S21403CB20000F22D106F1010B584600F0A0FE830643
S21403CB305AD53868FCF70CF90746FFF795FC053716
S21403CB400146F8B2FFF79EFC584600F090FE00F050
S21403CB5007000328584F2DD001210420FFF766FC59
S21403CB604FF0FF30FBF7B1FC386000225349BDF8A5
S21403CB7016300978F718F1549DF83630BB709DF8D7
S21403CB803730FB700A9B190E3971190C7971FB71DA
S21403CB90190A99F80030B97123B9737892B343F040
S21403CBA020037370002000F069F97870039800F092
S21403CBB071FA97E701210922304600F0D1F8305C7C
S21403CBC001210428C9D1FFF731FC4FF0FF30FBF7F2
S21403CBD07CFC3B4B38601B885806C6D55146402024
S21403CBE0FFF724FC0122C1E7FFF73EFC01460920BC
S21403CBF0FFF748FC2D4B1B78012BB6D13868E3F7BB
S21403CC00D1FAB2E723F02003CBE701227E33DBB26F
S21403CC1002FA03F313F00A1F31D113F0011F3FF496
S21403CC2098AE27202CE0012202FA03F3254A1A4085
S21403CC302ABB13F0041FF4D1DA077FF58AAEAB05DF
S21403CC402FD50121802011B0BDE8F04FFFF7EEBBD2
S21403CC50652B1AD8622B12D8452B0CD8422B0ED82C
S21403CC60352B06D8322B0AD8252B08D9322BD8D009
S21403CC706FE6422BFBE7552B05D8522BF7D9262018
S21403CC80FFF7FAFCDBE7622BF1E7952B3FF661AE85
S21403CC90812BBAD8722BC4D0733B022B3FF659AE06
S21403CCA0EDE711B0BDE8F08FD56F0400A05B002060
S21403CCB09C5B0020ED640020244D0020EF640020E0
S21403CCC0065500203A003800A35B0020024B187874
S21403CCD0B0FA80F040097047A05B002008B5064B09
S21403CCE04FF0FF311868FBF7A9FF0028B8BF0330E1
S21403CCF040F3870008BD00BF384D002008B5074B3A
S21403CD001868FBF7D0FA30B1054BB3FBF0F083B2EB
S21403CD100BB1184608BD0120FCE700BF384D0020C4
S21403CD2040420F0038B510200C460121FFF77EFB6A
S21403CD30064B1D68FFF7E2FF012200FB04F1044BDC
S21403CD402846FBF760FF002038BD00BF384D0020A3
S21403CD5029C70300014800F0A7BC00BFEF6F04001B
S21403CD60032A70B5144602D82C4B985C70BD81F02C
S21403CD70010519B90D2A07D1FF20F7E70D2A03D1BC
S21403CD8000780538C0B2F1E7084400F070FDC5F13D
S21403CD90040110F440660246C9B209D1042C0846C1
S21403CDA0E4D0052C16D112F0400F18BF0846DDE775
S21403CDB0C5F10603042CD8B2D8D0B6F5006F03D15C
S21403CDC0C5F10805E8B2ECE7B6F5406FE9D1C5F161
S21403CDD00E05F7E712F4404107D1062CC6D0072C00
S21403CDE0C4D0082C13D10130CCE755065CBF831C96
S21403CDF0D8B2062CBAD0B1F5004F02D1831CD8B2F4
S21403CE00EDE7B1F5404FEAD100F10803F7E7130762
S21403CE1044BF0530C0B20C2CA8D9ADE7DCB904007A
S21403CE20AC2370B5094C054603FB00435E6D26B97B
S21403CE3040F2FD31064800F037FCAC2303FB054403
S21403CE40002363653346BDE8704018473C4D002019
S21403CE502C70040010B40C461146AC22064B02FBA1
S21403CE600033586D20B95C655DF8044BFFF75ABF75
S21403CE7002205DF8044B70473C4D0020AC22034B68
S21403CE8002FB003393F8A800704700BF3C4D002018
S21403CE9028B1034B1B68C01A4010013080B270479C
S21403CEA0FC4D002030B1044B00F100401B680138F4
S21403CEB003EB4000704700BFFC4D0020064B1B6889
S21403CEC0834206D8054B1B68834294BF002001208B
S21403CED070470020704700BFFC4D0020F84D00202F
S21403CEE010B5044608B9002010BD00F01EFD20B999
S21403CEF040F2CD41074800F0D7FB2046FFF7D2FFAC
S21403CF000028F0D00388DB0B14BFD0F80A000830E3
S21403CF10EAE700BF0370040010B508B9002010BD8F
S21403CF20FFF7C0FF044600F0F7FC20B94FF49D61FD
S21403CF30064800F0B9FB002CF0D02388DB0B0ABFB1
S21403CF4060882089C0F30C00E9E700BF0370040083
S21403CF5038B5FFF7A7FF0D46044650B100F0DCFCDA
S21403CF6020B940F24151034800F09EFB023534F8E5
S21403CF70150038BD0370040070B5FFF793FF0C4629
S21403CF8016460546B0B100F0C7FC20B940F24D5135
S21403CF900C4800F089FB3046FFF784FF00F0BCFC2A
S21403CFA020B940F24E51074800F07EFB023425F8C4
S21403CFB0146070BD40F25251BDE87040014800F065
S21403CFC073BB00BF037004002DE9F8430746884689
S21403CFD000F00FFC20B940F28E512A4800F064FBA3
S21403CFE0FC1CA408284B64000434B7F5005F1E68D5
S21403CFF0A4B204D340F29551224800F055FB00F04A
S21403D00061FA224981460B687BB9214B1D68761B62
S21403D010C6F34F06B44227D90025484600F04DFA1A
S21403D0202846BDE8F843FFF733BFB8F1000F11D029
S21403D030174A15685A1BC2F34F029442ECD8144899
S21403D040620005EB44040460B8F1000F0FD11344EB
S21403D0500B600CE0F61AC6F34F0676B940F2A651FB
S21403D060084800F021FBD7E705EB44041C600023C7
S21403D0706F80AB80EB802B80CFE7B442CCD8044ADA
S21403D0801568DCE703700400004E0020E84D00201E
S21403D090F84D002038B5054600F014FA0446294634
S21403D0A00448002200F04EFC2046BDE8384000F05D
S21403D0B004BA00BF0C55002082684B4B2DE9F041A3
S21403D0C09A4204460E46056815D121B140F2131163
S21403D0D0464800F0E9FA00F0F5F923691BB92B6816
S21403D0E02BB924612C60BDE8F04100F0E6B91A695B
S21403D0F022611C61F6E700F0D0FA8046FEF76CFA70
S21403D10020B14FF49571394800F0CEFA6FF0004322
S21403D1109E4221694BD22B7B08EB0602002B4DD097
S21403D120AB6893424AD1531C002949D0616999429E
S21403D13042D01EB9521AB2F1004F3DD9636123693A
S21403D1406E689C4203D19D21284800F0ADFA2F4615
S21403D1500023B4420BD0002B41D172696169891A4E
S21403D160B1F1004F32D83269374694422CD1226946
S21403D170BD420CBF6A603A617BB92669B44203D1EB
S21403D180B8211A4800F090FA3B46012E05D0626992
S21403D1907169521AB2F1004F23D99D420BBF6B68D7
S21403D1A01A69236122610CBF6C601C6104E043446E
S21403D1B031B162699342C1D1BDE8F0811346B3E74A
S21403D1C06A6822616C60B9E71646C6E7A8EB0202F6
S21403D1D0B2F1004FC7D93B4637463669B9E71F4613
S21403D1E0F9E733463669D0E7991C02001770040046
S21403D1F00823064A12F8011B814205D0013B13F0AF
S21403D200FF03F7D118467047012070478DBA040014
S21403D2100823064A12F8011B814205D0013B13F08E
S21403D220FF03F7D1184670470120704785BA0400FC
S21403D23010B5082207490446DCF7DAFBB0FA80F09B
S21403D2404FF6FF732289400940009A4208BF40F018
S21403D250010010BD9EBA040030B504460D4685B0E5
S21403D26002B9084A1068516801AB03C301AB03CB8C
S21403D27020602046ADF80C501B886160238105B002
S21403D28030BD00BF60FB0300002270B50A4B1C785C
S21403D2900A4BD5B2AC4202D800200C7008E01E88B8
S21403D2A00132864205D30D701B881B1A584258411B
S21403D2B070BD1233EDE700BF1D5B0020C452002093
S21403D2C0F8B5154B04461D680E46E5B1134B1F789B
S21403D2D0874218D900EB400305EBC30526B92B6933
S21403D2E0DA0712D42046F8BD08223146281DDCF79B
S21403D2F07FFB50B92B69DB07F4D40134E4B2A742B1
S21403D30005F11805F0D1FF24ECE70134E4B2A74297
S21403D31005F11805E2D1F6E7644E00200D650020FE
S21403D3200A4B01461B6830B52BB1094A1478002214
S21403D330D0B2844201D8FF2030BD5D888D4202D131
S21403D3401D69ED07F8D401321833F1E7644E002067
S21403D3500D6500200F4A03461068D0B10E4A1278B6
S21403D3609A4215D919B203EB430300EBC3000369D2
S21403D37013F001000DD0094A126832F8112002F4A6
S21403D380E2622AB913F00C0F14BF01200020704785
S21403D39001207047644E00200D650020604E00207B
S21403D3A0094B1B686BB1094A1278824209D900EB14
S21403D3B04000C20003EBC0000169C90701D5985CB1
S21403D3C07047FF20704700BF644E00200D650020A5
S21403D3D00C4A0346106890B10B4A12789A420DD94C
S21403D3E003EB430300EBC300D0E9043213F0010060
S21403D3F04FF0000104D0184611467047002001463E
S21403D400704700BF644E00200D65002010B5164B14
S21403D410187860B1154C2368CBB14FF470720020B6
S21403D4201349FFF717FD2368013B236010BDFFF781
S21403D43055FC1049104A91F90040136884420B4C7E
S21403D44003F1010313602368B8BF087053B90B4890
S21403D45000F0A0FA0028E9D1BDE8104001460748CD
S21403D460FFF72ABE0822DAE7FF5B0020804E002083
S21403D4700DD40300FA5B0020784E002008640020D9
S21403D480054B1B682BB9054B1868003818BF0120DD
S21403D49070470120704700BF704E00206C4E00207E
S21403D4A010B962B6BFF36F8F7047EFF3108072B692
S21403D4B07047302383F31188704780F31188BFF3D6
S21403D4C06F8F7047EFF31180302383F31188704713
S21403D4D0002070474FF4004070474FF47A7070474F
S21403D4E00122417803788A4030214B4341F21001F0
S21403D4F003F1A04303F570335A507047B0F5802FFD
S21403D50024D010D8B0F5003F22D006D828B3B0F503
S21403D510803F14BF012048207047B0F5403F14BF3A
S21403D52001202C207047B0F5302F13D008D8B0F563
S21403D530E02F11D0B0F5202F14BF01201020704724
S21403D540B0F57F0F14BF0120062070474B207047AD
S21403D5502A207047112070472120704708B570B104
S21403D56000F022F84FF098435A6CD202FCD5586D5F
S21403D57010F4702004D0BDE80840FFF7BFBF212099
S21403D58008BD08B528B128220021DCF7DFF9002002
S21403D59008BD2120FCE7036A042B9FBF00EB830230
S21403D5A00133D16003627047036A052B14D84FF02A
S21403D5B09842116CC902FCD504339B0013650168BD
S21403D5C0103B11604168116050F8081F11604FF05E
S21403D5D098420344984200D1704750F8041F1160E4
S21403D5E0F8E7836813B9816070475B685A68012A55
S21403D5F0FBD15960704709B100F005B82220704787
S21403D600012100F043B870B506460D46FFF75AFFF2
S21403D61004461D2E37D8DFE806F00F18361C1E20EA
S21403D6203622243636362628362A2C2E30363636FA
S21403D6303634363636363632FDF7DEFF00262860B9
S21403D6402046FFF73AFF304670BD0120CBF79AFC21
S21403D650F4E70320FAE70420F8E70C20F6E70220B5
S21403D660F4E70620F2E70720F0E70820EEE70520B8
S21403D670ECE70920EAE70A20E8E70D20E6E71020B2
S21403D680E4E70B20E2E700202126D8E700207047D6
S21403D69008B5FEF735F880B208BD08B5FEF730F8D2
S21403D6A008BD704742DE704738B504460D4600F0A5
S21403D6B008F8FFF7FEFE29462046BDE83840FFF788
S21403D6C0F1BF704710B962B6BFF36F8F7047012082
S21403D6D070472DE9FF410E46174698460546A0B10A
S21403D6E00024C461FEF706FCBDF82C3028460293DE
S21403D6F09DF828302246CDE9008331463B46FEF7A7
S21403D700BFFB204604B0BDE8F0812220FAE72DE9EE
S21403D710F0419846002386B00E46174605468DF818
S21403D7201730C0B1C3610DF11701FEF705FC9DF874
S21403D730174094B9BDF83430284602939DF830302C
S21403D7402246CDE9008331463B46FEF799FB204649
S21403D75006B0BDE8F0812220FAE70320F8E738B5E3
S21403D760FFF7B0FE054600F016F804462846FFF716
S21403D770A4FE204638BD4FF0B04301285B6904D0B1
S21403D780022805D1C3F3C000704703F001007047B9
S21403D7900020704770474FF0B0439A6A1207FCD4D4
S21403D7A0186A7047704708B5FFF7FCFF00F01DF8CE
S21403D7B008BD10B5FFF779FE012104460846FEF7BB
S21403D7C03BF82046BDE81040FFF76ABE10B5044696
S21403D7D000F012F82046FAF7E4FC2046F7F7DFFDE0
S21403D7E0BDE81040F9F7AEB9704708B5FFF7FCFF80
S21403D7F008BD0120704770470020704730B589B0D8
S21403D8000446ADF806108DF81020FFF7F1FC054628
S21403D8102046FFF7FDFC03469DB1BDF80600ABB9F5
S21403D82000F0BDF8FF2808BF00200DF10F038DF8A8
S21403D8300F001A46204604990593FEF77FFD09B0AC
S21403D84030BD0028F5D00DF10603F2E700F0A7F887
S21403D850FF280ABF0023034618468DF80F30BDF88D
S21403D86006308DF81800ADF81A3006ABE1E70088ED
S21403D87070470170090A4170704701207047012004
S21403D880704710B5DAF7FCFE0446D0F7E5FB044014
S21403D890D0F7B4FCE4B20440FFF7EFFF204010BD1E
S21403D8A038B5FEF719F90446F6F737FF042824D0EF
S21403D8B0022808BF44F001040025E4B2F7F73EFE51
S21403D8C004281CD0022808BF44F00104E4B2F7F78A
S21403D8D053FB042815D0022808BF44F00104E4B221
S21403D8E0FFF7CDFF04280ED0022808BF44F001043A
S21403D8F085F0010504EA050038BD0125DEE70125AC
S21403D900E5E70125ECE70020F6E7FF20704708B5BA
S21403D910FFF7FBFF002008BD08B520B1FFF7CEFADE
S21403D92000F0010008BD0120FAE708B5FFF7BAFAD0
S21403D930BDE80840FFF7F0BF008810B1C9B2FFF793
S21403D94007BB70472DE9F041B0F8008006460C4649
S21403D950D5B2B8F1000F11D029464046FFF7F8FAC2
S21403D9602246074629464046FFF706FB3A4629461F
S21403D9702046FFF701FB3480BDE8F0810F46F5E74C
S21403D98003461B8808468B4202D00021FFF7E0BA05
S21403D990002070470069003818BF01207047002038
S21403D9A07047F8B506460D46FFF742FC03280446C3
S21403D9B021D02846FFF73CFC032807461BD010F06F
S21403D9C0020318D1A0070DD5F90716D401233C434B
S21403D9D0E20704D431892A89914218BF002303F051
S21403D9E00100F8BD082229463046DCF701F8B0FAF4
S21403D9F080F35B09EBE70020F3E71846F1E770B521
S21403DA000D4600210646FFF797FF044630B1FFF7A1
S21403DA1067FA01462846FFF7C4FF08B1204670BDE3
S21403DA2021463046FFF7ACFFEFE707B50DF10701D8
S21403DA30FFF72AFC20B19DF8070003B05DF804FB4E
S21403DA40FF20FAE708B500F009F8FF2804D0FFF72F
S21403DA50BFFCC0F3C00008BD0120FCE70146002060
S21403DA60FFF72EBC08B5FFF75BFCFF3818BF012095
S21403DA7008BD2DE9F84307460846154688461C4662
S21403DA809DF82090FFF72CFA4619A4B19EB14046A4
S21403DA90FFF742FA254485420FDC2246B9F1000F10
S21403DAA006D131463846DBF7FBFD0020BDE8F88398
S21403DAB039463046F7E72120F8E71D20F6E7000051
S21403DAC0F8B500BFF8BC08BC9E467047F8B500BF63
S21403DAD0F8BC08BC9E4670475FF800F0315D002036
S21403DAE05FF800F0CD5D0020427574746F6E20768B
S21403DAF0616C7565206368616E67656420746F206A
S21403DB0025640D0A0050726573732064657465633B
S21403DB107465640D0A004D756C74692070726573C4
S21403DB20732064657465637465643A2025640D0A1E
S21403DB300052656C6561736520646574656374651E
S21403DB40640D0A004C6F6E672070726573732064F1
S21403DB50657465637465640D0A0072656C61795F4C
S21403DB60636C6561725F68616E646C6572202564C0
S21403DB700D0A0072656C61795F73746172745F6C11
S21403DB8061746368696E675F70756C73653A20616C
S21403DB906E6F746865722070756C73652069732088
S21403DBA06163746976650D0A0072656C61795F73EB
S21403DBB0746172745F68616E646C65720D0A0072DC
S21403DBC0656C61795F6F6E0D0A0072656C61795FD3
S21403DBD06F66660D0A0072656C61795F746F6767BE
S21403DBE06C650D0A0057726974696E6720636F6E01
S21403DBF066696720746F206E763A2025730D0A00D7
S21403DC0053697A653A2025640D0A004661696C6596
S21403DC106420746F207772697465204445564943BF
S21403DC20455F434F4E4649475F4441544120746F16
S21403DC30204E562C207374617475733A2025642E17
S21403DC40202862797465733A202564290D0A0073C7
S21403DC50756363657373210D0A004661696C6564B9
S21403DC6020746F2072656164204E565F4954454D9B
S21403DC705F4445564943455F434F4E4649472C202C
S21403DC807573696E672064656661756C7420636F6F
S21403DC906E66696720696E73746561642C2073749D
S21403DCA0617475733A2025642E202862797465732F
S21403DCB03A202564290D0A005573696E6720636F41
S21403DCC06E6669673A20256420636861727320660E
S21403DCD0726F6D0D0A25730D0A005A472D333031C6
S21403DCE05A3B5453303030312D484F423B42423139
S21403DCF0753B4C4434693B534236753B5241313B8A
S21403DD00004E6574776F726B20737461747573203D
S21403DD106368616E67656420746F2025640D0A006E
S21403DD204D616E75666163747572657220746F6F8C
S21403DD30206269670D0A004D6F64656C20746F6F0F
S21403DD40206269670D0A00496E697469616C697AB5
S21403DD50696E67205A69676265652077697468200B
S21403DD60256420737769746368657320616E642025
S21403DD7025642072656C6179730D0A00436F6E66C5
S21403DD806967207061727365642073756363657376
S21403DD907366756C6C790D0A00726561642076652E
S21403DDA07273696F6E20666F726D206E6577206C76
S21403DDB06F636174696F6E0D0A004661696C656412
S21403DDC020746F207772697465206C617374536571
S21403DDD0656E56657273696F6E20746F204E562C8F
S21403DDE02073743A2025640D0A004F6C6420766510
S21403DDF07273696F6E3A2025640D0A00437572725A
S21403DE00656E742076657273696F6E3A2025640DAD
S21403DE100A00524553455420414C4C210D0A002F0D
S21403DE207A622F747579612D7A69676265652D73D9
S21403DE3077697463682F73696C6162735F746F6F5D
S21403DE406C732F73696D706C69636974795F73643F
S21403DE506B2F2E2E2F2E2E2F7372632F73696C61EA
S21403DE6062732F68616C2F7A69676265652E63003B
S21403DE70417474726962757465206368616E676560
S21403DE80642C2065703A2025642C20636C757374AB
S21403DE9065723A2025642C20617474723A202564D6
S21403DEA00D0A00556E6B6E6F776E20636F6D6D6136
S21403DEB06E643A2025640D0A00496E646578206115
S21403DEC07420777269746520617474723A202564CD
S21403DED00D0A004E6F2073776974636820636F6E54
S21403DEE066696720696E204E562C207573696E67C7
S21403DEF02064656661756C74730D0A00496E7661FD
S21403DF006C69642072656C61795F696E64657820FC
S21403DF10256420696E204E562C20726573657474D2
S21403DF20696E6720746F2064656661756C740D0A8C
S21403DF30003E2000556E6B6E6F776E206572726FB3
S21403DF407200496E70757420627566666572206924
S21403DF50732046554C4C004D6178696D756D206E87
S21403DF60756D626572206F6620617267756D656E8A
S21403DF70747320657863656564656400546865201A
S21403DF80617267756D656E74206973206E6F742099
S21403DF90666F726D617474656420636F7272656315
S21403DFA0746C7900496E636F727265637420617274
S21403DFB067756D656E74207479706500496E636F5E
S21403DFC07272656374206E756D626572206F66206B
S21403DFD0617267756D656E7473004E6F20636F6D47
S21403DFE06D616E6420666F756E640075696E743855
S21403DFF0002A00756E6B6E6F776E0077696C6463CC
S21403E000617264006865786F707400737472696E09
S21403E010676F70740075696E7433326F7074007551
S21403E020696E7431366F70740075696E74386F700C
S21403E030740068657800737472696E670075696E3C
S21403E0407431360075696E743332002E2E2E20001E
S21403E05068656C70000A25730A257325730025739B
S21403E0602008002F7A622F747579612D7A696762AA
S21403E07065652D7377697463682F73696C61627362
S21403E0805F746F6F6C732F73696D706C69636974FB
S21403E090795F73646B2F706C6174666F726D2F7328
S21403E0A06572766963652F6C65676163795F68611E
S21403E0B06C2F7372632F626173652D7265706C616A
S21403E0C063656D656E742E63002F7A622F7475799F
S21403E0D0612D7A69676265652D7377697463682F46
S21403E0E073696C6162735F746F6F6C732F73696DA2
S21403E0F0706C69636974795F73646B2F706C617499
S21403E100666F726D2F736572766963652F746F6BB6
S21403E110656E5F6D616E616765722F6C65676163BF
S21403E120792F7372632F736C5F746F6B656E5F6D9D
S21403E130616E616765722E63002F7A622F7475793C
S21403E140612D7A69676265652D7377697463682FD5
S21403E15073696C6162735F746F6F6C732F73696D31
S21403E160706C69636974795F73646B2F706C617428
S21403E170666F726D2F736572766963652F746F6B46
S21403E180656E5F6D616E616765722F6C656761634F
S21403E190792F7372632F736C5F746F6B656E5F6D2D
S21403E1A0616E75666163747572696E672E6300438C
S21403E1B0757272656E7420436F6E6669673A2025C2
S21403E1C030780053657420434341206D6F646520A7
S21403E1D0746F2025643A2025307800656E61626C82
S21403E1E065640064697361626C6564006F757428A6
S21403E1F0636C69656E742900696E20287365727690
S21403E200657229004D464720537472696E673A203B
S21403E2102573004170704275696C646572204D46C3
S21403E2204720436F64653A20307825303458006EB3
S21403E2306F6465205B004164646974696F6E616C2A
S21403E24020696E74657266616365730020202564B9
S21403E2503A200070616765205B25645D2063686112
S21403E2606E205B25645D20707772205B25645D00FD
S21403E2706E6F7420616374697665006572726F727F
S21403E280203078253038580070616E4944205B3062
S21403E29078253034585D206E6F64654944205B30C2
S21403E2A078253034585D20007870616E205B3078B6
S21403E2B000706172656E744944205B307825303493
S21403E2C0585D20706172656E7452737369205B25A6
S21403E2D0645D006E6F646554797065205B005365FA
S21403E2E0637572697479206C6576656C205B25307E
S21403E2F032585D006E6574776F726B207374617449
S21403E30065205B253032585D20004275666665726F
S21403E3102062797465733A202564202F20256400D3
S21403E320457020636E743A2025640065702025646A
S21403E330205B656E64706F696E742025732C206491
S21403E34065766963652025735D20006E776B205BB9
S21403E35025645D2070726F66696C65205B30782576
S21403E3603034585D206465764964205B3078253008
S21403E37034585D20766572205B3078253032585DE0
S21403E3800020202020257320636C75737465723A11
S21403E3902030782530345820004E776B20636E7417
S21403E3A03A202564006E776B202564205B25735D19
S21403E3B0005072696D617279202870726F2900208F
S21403E3C0206E6F646554797065205B307825303233
S21403E3D0585D002020736563757269747950726F97
S21403E3E066696C65205B3078253032585D00455091
S21403E3F02025643A20257320004572726F723A20F6
S21403E40020556E6B6E6F776E20656E64706F696EE7
S21403E410742E00456E61626C65206576656E7420A9
S21403E420646562756720696E666F20696E20436F48
S21403E430726520434C4920636F6D706F6E656E7412
S21403E440006F6E6C7920636F6F7264696E61746FB0
S21403E45072732063616E20666F726D0A006A6F695D
S21403E4606E203078253038580A006C656176650072
S21403E4702573203078253032580A0072656A6F6932
S21403E4806E446966664465766963655479706500AB
S21403E4906578742E2050414E2049443A20004E574A
S21403E4A04B206F70656E3A20257520736563004EAA
S21403E4B0574B20636C6F7365640066696E64206AED
S21403E4C06F696E61626C653A203078253032580089
S21403E4D066696E6420756E757365643A20307825B8
S21403E4E0303258004368616E67696E6720746F2028
S21403E4F06368616E6E656C2025643A20307825303B
S21403E500325800696E76616C6964206E6574776F45
S21403E510726B20696E6465780053686F7274204965
S21403E520443A203078253034582C20455549363423
S21403E5303A20002C2050616E2049443A203078253A
S21403E5403034580053746172746564206D756C744E
S21403E550692D70687920696E7465726661636500FB
S21403E5604661696C656420746F20257320257320CB
S21403E570307825303258005465726D696E61746563
S21403E5806420257320307825303258004B6565703B
S21403E59020616C69766520737570706F7274206580
S21403E5A06E61626C65642E006661696C65642074D6
S21403E5B06F20736574206B65657020616C69766582
S21403E5C0206D6F64652E007375636365737366757C
S21403E5D06C6C792073657420746865206368696C55
S21403E5E0642074696D656F7574206F7074696F6EDF
S21403E5F0206D61736B2E006661696C656420746FB1
S21403E6002073657420746865206368696C6420747D
S21403E610696D656F7574206F7074696F6E206D61B8
S21403E620736B2E00646973636F766572005365724D
S21403E630766963652025737920646F6E652E004DB9
S21403E64061746368202573792066726F6D20307855
S21403E650253034582C206570202564004E574B20F7
S21403E6604164647265737320726573706F6E73654D
S21403E6703A203078253034580049454545204164D2
S21403E680647265737320726573706F6E73653A2078
S21403E69000232020747970652020206E776B20205D
S21403E6A06C6F6320202072656D202020636C757369
S21403E6B02020206E6F646520202065756900202069
S21403E6C025642020202030782530345820203078C8
S21403E6D0253034582020307825303458203078259B
S21403E6E03034582000736C5F7A69676265655F67CC
S21403E6F065745F62696E64696E67204572726F72D5
S21403E7003A203078253038580A002564206F662072
S21403E71025642062696E64696E6773207573656429
S21403E72000656E61626C6564207072696E74006465
S21403E730697361626C6564207072696E74006164EB
S21403E74064206C696E6B206B6579004552523A20E3
S21403E75043616C63756C6174656420435243206443
S21403E7606F6573206E6F74206D6174636800455225
S21403E770523A20496E7374616C6C20436F64652053
S21403E7806D75737420626520382C2031302C20314F
S21403E790342C206F722031382062797465732069B7
S21403E7A06E206C656E677468004552523A20414588
S21403E7B0532D4D4D4F2068617368206661696C6503
S21403E7C0643A2030782530325800536574206A6FD7
S21403E7D0696E696E67206C696E6B206B6579007372
S21403E7E065742062696E642025643A20307825308B
S21403E7F0327800454D50545900554E494341004D1B
S21403E800324F4E45004D554C5449003F20202020A2
S21403E81000496E6465782049454545204164647225
S21403E8206573732020202020202020204E574B493C
S21403E8306E6465782020496E2046432020202020E1
S21403E84054544C28732920466C6167202020204BA3
S21403E8506579202020200025642020202020002009
S21403E860202564202020202020200020202530384A
S21403E8705820200020307825303458202000496E58
S21403E8806465782049454545204164647265737321
S21403E890202020202020202020496E2046432020B0
S21403E8A02020205479706520204175746820204B01
S21403E8B06579002D2020202020002563202020209D
S21403E8C020256320202020200069657300574152CD
S21403E8D04E494E473A202052454144494E47204F21
S21403E8E046204B45592056414C55455320444953E1
S21403E8F041424C4544204259204D464720544F4BF5
S21403E900454E004E574B204B6579002573206F7597
S21403E910742046433A202530385800257320736503
S21403E92071206E756D3A2030782530325800257385
S21403E930206F75742046433A2025303878005443B8
S21403E94020257320002573205461626C65002564BE
S21403E9502F256420656E747269657320757365640C
S21403E9602E005472616E7369656E74204B65790070
S21403E970256420656E7472257320636F6E73756DE0
S21403E980696E67202564207061636B657420627509
S21403E9906666657225732E0057494C4C0057494CE2
S21403E9A04C204E4F540054727573742043656E7436
S21403E9B0657220257320616C6C6F77207472757393
S21403E9C0742063656E7465722072656A6F696E7310
S21403E9D0207573696E672077656C6C2D6B6E6F7729
S21403E9E06E206B65792E005365742074696D656FB0
S21403E9F0757420666F722054727573742043656E47
S21403EA007465722072656A6F696E73207573696EBA
S21403EA10672077656C6C2D6B6E6F776E206C696EF6
S21403EA206B206B657920746F202564207365636F94
S21403EA306E64732E004552524F523A20002573736C
S21403EA407461636B206D75737420626520646F77E1
S21403EA506E2E0052656164696E6720416C6C6F7739
S21403EA6065640048617368696E67206F6E6C790031
S21403EA70736C5F7A69676265655F6B65795F7365FB
S21403EA807474696E67735F743A203078253034582F
S21403EA900020205065726D697373696F6E733A2038
S21403EAA02573004572726F723A204661696C65641D
S21403EAB020746F2067657420636F6E6669672C2009
S21403EAC07374617475733A2030782530385800466D
S21403EAD061696C65643A20307825303858004D7388
S21403EAE0673A20636C7573203078253034582C20B1
S21403EAF0636D64203078253032582C206C656E2088
S21403EB002564006275666665723A2000454D424587
S21403EB10525F00257353454355524954595F4C453C
S21403EB2056454C3A2025303258002573657261737A
S21403EB3065206B65792025643A203078253038586F
S21403EB4000636D64206E6F74206275696C74007365
S21403EB50726320657020253032782C20636C7573C1
S21403EB6020253034780073656E64696E6720746F91
S21403EB70206D756C7469636173742062696E6400DA
S21403EB8025733A2065703A2025642C20636C3A205E
S21403EB903078253034582C20617474723A203078DB
S21403EBA025303458002C207376723A2025630025CE
S21403EBB0733A20726561643A2030782530327800E3
S21403EBC02C207376723A2025632C20647479706542
S21403EBD03A2030782530325800417267756D656E7D
S21403EBE07420617420696E6465783A202564206910
S21403EBF073206F7574206F662072616E67650043BD
S21403EC006F6D6D616E6420616C72656164792062FC
S21403EC1075696C742E202043616E6E6F7420736565
S21403EC2074204D4647207370656369666963206385
S21403EC306F646520666F7220636F6D6D616E642E00
S21403EC40004D464720436F64652053657420666F06
S21403EC5072206E65787420636F6D6D616E643A2002
S21403EC6030782530345800557365204E6578742007
S21403EC7053657175656E63652053657420666F72A0
S21403EC80206E65787420636F6D6D616E643A203014
S21403EC9078253032580044697361626C6520446598
S21403ECA06661756C7420526573706F6E736520535E
S21403ECB0657420666F72206E65787420636F6D6D61
S21403ECC0616E643A20307825303258004552523A05
S21403ECD02072656164696E67206174747269627517
S21403ECE074652025303278004552523A2061747498
S21403ECF07269627574652073697A65202564207469
S21403ED006F6F206C6172676520666F72206275662E
S21403ED10666572004572726F723A20617474726926
S21403ED206275746520494420307825303458207243
S21403ED3065706F727461626C65206368616E676587
S21403ED402069732073697A65202564422C206275D6
S21403ED50742025644220656E74657265640A006ECD
S21403ED606F20636D64004572726F723A20434C499C
S21403ED702053656E64206661696C65642C20737429
S21403ED80617475733A2030782530385800457272AE
S21403ED906F723A2020455549363420617267756D87
S21403EDA0656E7420697320656D70747920616E6476
S21403EDB0206C6F6F6B7570206279206E6F646520B0
S21403EDC04944206661696C65642E0047726F7570EE
S21403EDD000556E696361737400556E62696E6420D4
S21403EDE025732025733078253032580052657175A7
S21403EDF06573743A20005A444F2073696D706C65CE
S21403EE002064657363207265712025303278005A5A
S21403EE10444F206E6F64652064657363207265716A
S21403EE202025303278005A444F206D617463682081
S21403EE3064657363207265712025303258005573FC
S21403EE40696E67206D79206C6F63616C2045554948
S21403EE50363420666F7220646573742045554936D0
S21403EE603420696E2062696E64696E67005A444F87
S21403EE702062696E642072657120253032780063E3
S21403EE806C7573746572206C696D69742072656144
S21403EE906368656400696E76616C69642070616797
S21403EEA0653A202564206F72206368616E6E656C18
S21403EEB03A202564004368616E6765206368616E67
S21403EEC06E656C207374617475733A2030782530E0
S21403EED03278006475726174696F6E206D75737431
S21403EEE020626520696E2072616E67652030202D72
S21403EEF0203500636F756E74206D757374206265BC
S21403EF0020696E2072616E67652031202D203800DF
S21403EF107363616E20737461747573203078253063
S21403EF203258006E6574776F726B20757064617407
S21403EF306520736574207374617475732030782547
S21403EF4030325800416374697665204550207265F7
S21403EF507175657374207374617475733A203078B1
S21403EF6025303258004C5149205461626C6520723A
S21403EF706571756573743A203078253032580042CF
S21403EF80696E64696E67205461626C652072657190
S21403EF90756573743A20307825303258004C6561B5
S21403EFA0766520257330782530325800506F7765A4
S21403EFB0722044657363726970746F7220257330B0
S21403EFC07825303258005573696E67206D79206C4A
S21403EFD06F63616C20455549363420666F72206432
S21403EFE065737420455549363420696E20756E6204
S21403EFF0696E64696E6700526F757465205461624A
S21403F0006C65202573307825303258002F7A622FAE
S21403F010747579612D7A69676265652D737769748E
S21403F02063682F73696C6162735F746F6F6C732FA1
S21403F03073696D706C69636974795F73646B2F7041
S21403F040726F746F636F6C2F7A69676265652F6181
S21403F05070702F6672616D65776F726B2F636F6D5D
S21403F0606D6F6E2F736C5F7A69676265655F737920
S21403F0707374656D5F636F6D6D6F6E2E6300457899
S21403F08074656E64656420526573657420696E6684
S21403F0906F3A203078253034582028257329002FDE
S21403F0A07A622F747579612D7A69676265652D7347
S21403F0B077697463682F73696C6162735F746F6FCB
S21403F0C06C732F73696D706C69636974795F7364AD
S21403F0D06B2F70726F746F636F6C2F7A69676265DC
S21403F0E0652F6170702F6672616D65776F726B2F17
S21403F0F0636F6D6D6F6E2F7A69676265655F6170AA
S21403F100705F6672616D65776F726B5F736C656552
S21403F110702E630053746179206177616B65207785
S21403F12068656E206E6F74206A6F696E65643A2038
S21403F130257300466F72636564207374617920617A
S21403F14077616B653A202020202020202020202570
S21403F1507300466F7263696E6720646576696365DC
S21403F16020746F2073746179206177616B65004149
S21403F1706C6C6F77696E6720646576696365207467
S21403F1806F20676F20746F20736C656570002F7A2D
S21403F190622F747579612D7A69676265652D737759
S21403F1A0697463682F73696C6162735F746F6F6CE5
S21403F1B0732F73696D706C69636974795F73646BBD
S21403F1C02F70726F746F636F6C2F7A6967626565F1
S21403F1D02F6170702F6672616D65776F726B2F6328
S21403F1E06F6D6D6F6E2F7A69676265655F737461A5
S21403F1F0636B5F736C6565702E630052583A2052DA
S21403F20065736574546F466163746F72794465669B
S21403F21061756C747343616C6C6261636B00657AD1
S21403F220737020636F756E74657273206661696CA4
S21403F230656420257500657A73702052657365745E
S21403F240205468726573686F6C64206572726F729F
S21403F25020257500657A7370205365742054687290
S21403F2606573686F6C64206572726F722025750013
S21403F2702575292025733A2025750053657474690E
S21403F2806E67205468726573686F6C6420636F6D75
S21403F2906D616E64003F3F3F004D616320527820EE
S21403F2A04263617374004D61632054782042636146
S21403F2B07374004D61632052782055636173740044
S21403F2C04D6163205478205563617374004D616308
S21403F2D020547820556361737420526574727900E4
S21403F2E04D616320547820556361737420466169C9
S21403F2F06C0041505320527820426361737400417E
S21403F3005053205478204263617374004150532055
S21403F310527820556361737400415053205478200B
S21403F320556361737420537563636573730041504B
S21403F3305320547820556361737420526574727930
S21403F34000415053205478205563617374204661FE
S21403F350696C00526F757465204469736320496E47
S21403F36069746961746564004E65696768626F7283
S21403F370204164646564004E65696768626F722045
S21403F38052656D6F766564004E65696768626F7275
S21403F390205374616C65004A6F696E20496E646918
S21403F3A0636174696F6E004368696C64204D6F76A1
S21403F3B0656400415348204F766572666C6F77002C
S21403F3C0415348204672616D65204572726F720024
S21403F3D0415348204F76657272756E204572726F80
S21403F3E072004E574B204643204661696C75726522
S21403F3F000415053204643204661696C7572650090
S21403F40041534820584F66660041505320556E615D
S21403F4107574686F72697A6564204B6579004E5718
S21403F4204B2044656372797074204661696C75720B
S21403F43065730041505320446563727970742046A7
S21403F44061696C75726573005061636B6574204205
S21403F450756666657220416C6C6F636174652046E1
S21403F46061696C757265730052656C6179656420B9
S21403F47055636173740050687920746F204D41435F
S21403F480207175657565206C696D69742072656198
S21403F49063686564005061636B65742056616C69CC
S21403F4A0646174652064726F7020636F756E740098
S21403F4B04E574B207265747279206F766572666C50
S21403F4C06F7700434341204661696C75726573002C
S21403F4D042726F616463617374207461626C652049
S21403F4E066756C6C00505441204C6F205072692036
S21403F4F05265710050544120486920507269205269
S21403F500657100505441204C6F2050726920446549
S21403F5106E69656400505441204869205072692022
S21403F52044656E69656400505441204C6F205072E8
S21403F530692054782041627274005054412048690F
S21403F54020507269205478204162727400416464CA
S21403F5507265737320436F6E666C696374205365BC
S21403F5606E740043534C2052782073636865647549
S21403F5706C65206661696C6564000D0044656275A0
S21403F58067207072696E742067726F7570202573BA
S21403F5900A0057726F6E6720706172616D657465DD
S21403F5A0720A0046696E6420616E642042696E6466
S21403F5B020496E69746961746F723A20436F6D7087
S21403F5C06C6574653A203078253032580053746180
S21403F5D07274207461726765740046696E64206194
S21403F5E06E642042696E64205461726765740025F8
S21403F5F0733A2025733A2030782530325800467205
S21403F60061676D656E746174696F6E2052582077FA
S21403F610696E646F772073697A65207365742074E6
S21403F6206F202564002F7A622F747579612D7A69AD
S21403F630676265652D7377697463682F73696C6198
S21403F64062735F746F6F6C732F73696D706C69632D
S21403F6506974795F73646B2F70726F746F636F6C0A
S21403F6602F7A69676265652F6170702F6672616DA8
S21403F67065776F726B2F706C7567696E2F66726134
S21403F680676D656E746174696F6E2F667261676D00
S21403F690656E746174696F6E2E630052583A20412A
S21403F6A0646447726F7570526573706F6E7365200E
S21403F6B03078253032582C20307825303458005294
S21403F6C0583A205669657747726F7570526573703E
S21403F6D06F6E7365203078253032582C20307825AD
S21403F6E03034582C20220052583A2047657447720B
S21403F6F06F75704D656D6265727368697052657378
S21403F700706F6E7365203078253032582C20307831
S21403F710253032582C00205B3078253034585D0075
S21403F72052583A2052656D6F766547726F75705200
S21403F7306573706F6E7365203078253032582C20D1
S21403F7403078253034580065705B253032585D209C
S21403F75069645B253034585D00436C656172696E7D
S21403F7606720616C6C2067726F7570732E0045524C
S21403F770523A204661696C656420746F2063726533
S21403F7806174652062696E64696E67202830782527
S21403F79030325829004552523A2042696E64696EE7
S21403F7A067207461626C652069732066756C6C00F3
S21403F7B04552523A2077726974696E67206E616D9E
S21403F7C06520737570706F7274202530325800523E
S21403F7D0583A2041646447726F757020307825303C
S21403F7E034582C20220075760052583A2056696504
S21403F7F07747726F757020307825303458007576E9
S21403F8007300766965775F67726F75700047726F0E
S21403F8107570733A206661696C656420746F207333
S21403F820656E6420257320726573706F6E73653A18
S21403F83020307825303258006765745F67726F75BD
S21403F840705F6D656D62657273686970207265734B
S21403F850706F6E73650064656661756C745F726560
S21403F86073706F6E73650052583A2047657447721B
S21403F8706F75704D656D6265727368697020307858
S21403F880253032582C007575620047726F75707399
S21403F8903A206661696C656420746F2073656E64D4
S21403F8A02025733A203078253032580052583A20B3
S21403F8B052656D6F766547726F75702030782530A8
S21403F8C03458004552523A204661696C6564207488
S21403F8D06F2064656C6574652062696E64696E6723
S21403F8E02028307825303258290072656D6F76658A
S21403F8F05F67726F75700052583A2052656D6F7667
S21403F90065416C6C47726F7570730052583A2041AC
S21403F910646447726F757049664964656E74696698
S21403F92079696E67203078253034582C20220043BE
S21403F93068616E6E656C206E6F742076616C6964A8
S21403F9403A20256400616464005072696D617279BF
S21403F950002573206D61736B206E6F7720307825DA
S21403F960303858005365636F6E64617279004D6179
S21403F970736B206E6F742076616C69643A2025641D
S21403F980007072696D617279007365636F6E64618E
S21403F99072790025733A20536574202573206D61B0
S21403F9A0736B20746F203078253038580053746199
S21403F9B07475730025733A2025733A004368616EA5
S21403F9C06E656C206D61736B3A0020202020283111
S21403F9D02920307825303858205B00202020202826
S21403F9E0322920307825303858205B0053746174F0
S21403F9F0653A20307825303258202825732900436D
S21403FA00757272656E74206368616E6E656C3A20FB
S21403FA10256400546F74616C20626561636F6E7356
S21403FA203A202564004A6F696E20617474656D70B0
S21403FA3074733A202564004E6574776F726B207377
S21403FA40746174653A203078253032580053746FE9
S21403FA50700025732053746F702E2020436C6561ED
S21403FA606E696E672075702E0042726F6164636103
S21403FA707374696E67207065726D6974206A6F6946
S21403FA806E0054727573742063656E746572206CB1
S21403FA90696E6B206B65792075706461746520737D
S21403FAA074617475730025733A205741524E494E5C
S21403FAB0473A20736C5F7A69676265655F7365743E
S21403FAC05F696E697469616C5F7365637572697487
S21403FAD0795F7374617465206661696C65642E2052
S21403FAE0436F6E74696E75696E6720776974686FA5
S21403FAF0757420696E7374616C6C20636F64652E15
S21403FB00004572726F723A20696E7374616C6C2072
S21403FB10636F6465207365747570206661696C65D0
S21403FB20642E20497320616E20696E7374616C6C59
S21403FB3020636F646520666C6173686564206F6E0E
S21403FB40746F20746865206465766963653F00D0CA
S21403FB50D1D2D3D4D5D6D7D8D9DADBDCDDDEDF00F5
S21403FB60FFFFFFFFFFFFFFFF005A6967426565411E
S21403FB706C6C69616E636530390025733A2069736E
S21403FB807375696E67207363616E206F6E202573CD
S21403FB90206368616E6E656C7320286D61736B20DD
S21403FBA03078253038582900257320697320616C16
S21403FBB0726561647920696E2070726F677265730F
S21403FBC073005374617274004578616D696E696E73
S21403FBD06720626561636F6E206F6E206368616E77
S21403FBE06E656C20256420776974682070616E49A1
S21403FBF06420307825303458005468697320626571
S21403FC0061636F6E206973206E6F74207061727407
S21403FC10206F66207468652063757272656E742043
S21403FC206368616E6E656C206D61736B2028307837
S21403FC3025303858292E2047657474696E67206E00
S21403FC4065787420626561636F6E2077686F73658D
S21403FC50206368616E6E656C206269746D61736B98
S21403FC60206973207365742E004572726F723A2092
S21403FC70257320636F756C64206E6F7420617474D3
S21403FC80656D7074206A6F696E3A2030782530325D
S21403FC9058004E6F20626561636F6E73206C6566F5
S21403FCA074206F6E2063757272656E74206D617357
S21403FCB06B2E204D6F76696E6720746F206E6578A5
S21403FCC074207374617465002573206A6F696E69A6
S21403FCD06E6720307825303458206F6E2063686155
S21403FCE06E6E656C202564002573205374617465FD
S21403FCF03A202573004572726F723A20257320638B
S21403FD006F756C64206E6F742073657475702073E2
S21403FD10656375726974793A2030782530325800F5
S21403FD204572726F723A205363616E20636F6D7013
S21403FD306C6574652068616E646C657220726574A8
S21403FD4075726E656420307825303258002573202E
S21403FD507363616E20636F6D706C6574652E2042ED
S21403FD606561636F6E732068656172643A2025640B
S21403FD7000257320737461636B20737461747573E9
S21403FD8020307825303258002573206E6574776FDF
S21403FD90726B206A6F696E65642E00257320747219
S21403FDA079696E67206E657874206E6574776F72F6
S21403FDB06B2E004E6F6E65005363616E2050726942
S21403FDC06D617279204368616E6E656C7320616E37
S21403FDD0642075736520436F6E6669677572656424
S21403FDE0204B6579005363616E205072696D6172B2
S21403FDF079204368616E6E656C7320616E6420754E
S21403FE00736520496E7374616C6C20436F64650080
S21403FE105363616E205072696D6172792043686125
S21403FE206E6E656C7320616E642055736520436542
S21403FE306E7472616C697A6564204B6579005363EE
S21403FE40616E205072696D617279204368616E6ECF
S21403FE50656C7320616E6420557365204469737402
S21403FE6072696275746564204B6579005363616ECD
S21403FE70205365636F6E64617279204368616E6EAA
S21403FE80656C7320616E642075736520436F6E66C0
S21403FE90696775726564204B6579005363616E20EC
S21403FEA05365636F6E64617279204368616E6E6535
S21403FEB06C7320616E642075736520496E7374617C
S21403FEC06C6C20436F6465005363616E20536563F7
S21403FED06F6E64617279204368616E6E656C732021
S21403FEE0616E64205573652043656E7472616C6938
S21403FEF07A6564204B6579005363616E20536563AE
S21403FF006F6E64617279204368616E6E656C7320F0
S21403FF10616E6420557365204469737472696275F3
S21403FF20746564204B6579005363616E2050726973
S21403FF306D617279204368616E6E656C7320616EC5
S21403FF40642055736520416C6C204B6579732028BB
S21403FF50696E7374616C6C20636F64652C206365D3
S21403FF606E7472616C697A65642C2064697374724A
S21403FF7069627574656429005363616E2053656313
S21403FF806F6E64617279204368616E6E656C732070
S21403FF90616E642055736520416C6C204B657973E4
S21403FFA02028696E7374616C6C20636F64652C2003
S21403FFB063656E7472616C697A65642C2064697318
S21403FFC0747269627574656429004F6E2F4F666696
S21403FFD0207365742076616C75653A202530325837
S21403FFE02025303258004552523A207265616469C2
S21403FFF06E67206F6E2F6F66662025303258004F6F
S2140400006E2F6F666620616C726561647920736515
S2140400107420746F206E65772076616C7565005465
S2140400206F67676C65206F6E2F6F66662066726FEB
S2140400306D202530325820746F2025303258004504
S21404004052523A2077726974696E67206F6E2F6F0A
S2140400506666202530325800496E7374616C6C6590
S214040060642054797065202842617365293A2020FB
S214040070307825303258004361706162696C697467
S2140400806965733A2020202020202020202020305C
S214040090782530345800426F6F746C6F61646572F3
S2140400A02056657273696F6E3A20202020203078BF
S2140400B0253034580053656375726520426F6F743B
S2140400C06C6F61646572204B65793A20202020208D
S2140400D02000426F6F746C6F6164696E672066619E
S2140400E0696C65642100446F776E6C6F616420668A
S2140400F061696C65642E0044656C6574696E67207E
S2140401006661696C656420646F776E6C6F61642CDD
S214040110207374617475733A203078253032580031
S214040120496D61676520646F6573206E6F74206324
S2140401306F6E7461696E20616E20557067726164BB
S2140401406520496D616765205461672028307825ED
S214040150303458292E20536B697070696E67207589
S2140401607067726164652E00457865637574696EA0
S2140401706720626F6F746C6F61642063616C6C627D
S21404018061636B2E005374617274696E6720454216
S2140401904C20766572696669636174696F6E0045A2
S2140401A0424C206661696C6564207665726966698E
S2140401B0636174696F6E2E0045424C2070617373E0
S2140401C0656420766572696669636174696F6E2E0C
S2140401D0002573696E67204F544120636C69656E11
S2140401E074207374617465206D616368696E65005C
S2140401F073746F7070004572726F723A204E6F207F
S214040200696D61676520617420696E646578202570
S21404021064004E6F7420737570706F727465642E0C
S21404022000436C69656E7420696D6167652071753D
S21404023065727920696E666F004D616E7566204939
S214040240443A2020202020202020203078253034D6
S2140402505800496D61676520547970652049443AB1
S214040260202020203078253034580043757272657B
S2140402706E742056657273696F6E3A202030782546
S214040280303858004861726477617265205665722A
S21404029073696F6E3A20004E41005175657279207D
S2140402A044656C6179206D733A202020202020203C
S2140402B02020202020256C64005365727665722009
S2140402C0446973636F766572792044656C6179203E
S2140402D06D733A20256C6400446F776E6C6F6164AE
S2140402E02044656C6179206D733A202020202020FC
S2140402F0202020256C640052756E2055706772614C
S21404030064652044656C6179206D733A2020202052
S2140403102020256C64005665726966792044656CF5
S2140403206179206D733A2020202020202020202070
S21404033020256C6400446F776E6C6F616420457290
S214040340726F72205468726573686F6C643A20200A
S214040350256400557067726164652057616974206E
S2140403605468726573686F6C643A20202020256494
S214040370004F544120446F776E6772616465733A28
S2140403802044697361626C6564004F544120446F75
S214040390776E6772616465733A20456E61626C6558
S2140403A06400426F6F746C6F61642073746174656B
S2140403B03A20257300496E76616C696420455020A6
S2140403C02564207768656E20747279696E67207478
S2140403D06F2073656E64204F5441206D657373619E
S2140403E067652E0053656E64696E67205570677284
S2140403F061646520456E6420726571756573742E3C
S214040400004572726F723A20204661696C656420FA
S214040410746F2073656E64204F544120636F6D6D56
S214040420616E64203078253032582C2073746174E1
S21404043075733A20307825303258005365727665E5
S2140404407220756E6B6E6F776E2C2066616C6C69AD
S2140404506E67206261636B20746F20646973636FD8
S214040460766572792E004D6178696D756D207175AB
S214040470657279206572726F7273206869742028B9
S2140404802564292C207374617274696E6720736501
S2140404906172636820666F72206E6577204F5441E0
S2140404A0207365727665722E0A004170706C7969E5
S2140404B06E6720757067726164650025733A2069FB
S2140404C06E76616C6964206F666673657420637506
S2140404D07272656E7454696D6528307825303858A4
S2140404E029203E207570677261646554696D6528BD
S2140404F030782530385829004F544120436C7573A2
S2140405007465723A207761697420666F7220256478
S214040510207300525865642074696D654F757420A5
S21404052030782530385820732C204D415820746973
S2140405306D654F7574203078253038582073004D1B
S2140405406178696D756D2075706772616465207277
S21404055065717565737473206D6164652028256400
S2140405602920776974686F757420726573706F6E6E
S21404057073652066726F6D207365727665722E00E1
S214040580557067726164696E6720616E7977617908
S214040590004F54412053657276696365206469731D
S2140405A0636F766572792070726576656E746564BD
S2140405B0202D20616E6F7468657220697320616CEB
S2140405C0726561647920696E2070726F67726573F4
S2140405D073004661696C656420746F20696E697483
S2140405E069617465207365727669636520646973EE
S2140405F0636F766572792E004F5441205365727688
S21404060069636520446973636F7665727920696EE1
S2140406102070726F677265737300436C69656E74DD
S21404062020766572696669636174696F6E206661B7
S214040630696C65642E005369676E61747572650033
S214040640437573746F6D007061737365640046411F
S214040650494C4544004E6F207369676E6174757229
S2140406606520766572696669636174696F6E207366
S2140406707570706F72742C20617373756D696E6714
S21404068020696D616765206973206F6B61792E0040
S214040690257320766572696669636174696F6E2076
S2140406A025733A20307825303258004D6178696DCC
S2140406B0756D206E756D626572206F6620646F7747
S2140406C06E6C6F6164206572726F727320726561FE
S2140406D0636820282564292C2061626F7274696E11
S2140406E0672E004F544120436C75737465723A202C
S2140406F073657474696E6720494545452061646472
S21404070072657373206F66204F544120636C757353
S214040710746572005061727469616C2066696C65F8
S21404072020646F776E6C6F616420666F756E642CE0
S21404073020636F6E74696E75696E672066726F6D7E
S214040740206F666673657420307825303858004606
S2140407506F756E642066756C6C7920646F776E6C4A
S2140407606F616465642066696C6520696E207374C5
S2140407706F72616765202876657273696F6E2030C4
S2140407807825303858292E00466F756E64206669C1
S2140407906C6520696E2073746F7261676520776973
S2140407A0746820646966666572656E742076657220
S2140407B073696F6E2028307825303858292074687D
S2140407C0616E2063757272656E74207665727369E5
S2140407D06F6E2028307825303858290046696C65B5
S2140407E020696E2073746F72616765206973207365
S2140407F0616D652061732063757272656E74207214
S214040800756E6E696E672076657273696F6E2028E2
S21404081030782530385829004E6F20696D61676539
S21404082020666F756E6420696E2073746F726167DC
S214040830652E004F544120536572766963652044E3
S2140408406973636F7665727920756E626C6F636B1D
S21404085065640049676E6F72696E672073657276A9
S21404086065722066726F6D206C6F6F706261636B69
S21404087020616464726573730049676E6F72696E93
S2140408806720307825303458204F544120736572E1
S21404089076657220696E20736561726368206F6680
S2140408A02054430053657474696E67204F54412086
S2140408B053657276657220746F203078253034580C
S2140408C00044656C6179696E6720256420736563EE
S2140408D06F6E6473206265666F72652073746172EE
S2140408E074696E67204F544120636C69656E7400AA
S2140408F054696D656F75742077616974696E6720D5
S214040900666F72206D6573736167652E004261645D
S214040910204F544120636F6D6D616E643A203078C9
S21404092025303258004F544120636F6D6D616E64FC
S2140409302030782530325820746F6F2073686F72B9
S2140409407420286C656E202564203C206D696E201A
S214040950256429004F544120636F6D6D616E6420D9
S21404096066726F6D20756E7265636F676E697A6501
S2140409706420736572766572203078253034582E7C
S21404098020204D79204F5441207365727665723A63
S2140409902030782530345800496D616765204E6FE5
S2140409A07469667900476F7420756E657870656340
S2140409B07465642025732E20205374617274206439
S2140409C06973636F766572792E0064656661756C0B
S2140409D074004F54413A206661696C656420746FF4
S2140409E02073656E6420257320726573706F6E7352
S2140409F0653A2030782530325800496D61676520A5
S214040A006E6F7469667900476F7420756E657870CA
S214040A1065637465642025732E202049676E6F72A3
S214040A2065642E004F54413A2044656661756C74C3
S214040A3020726573706F6E736520666F7220496DE1
S214040A40616765206E6F746966792C2073746174AF
S214040A5075732030782530325800496D61676520FB
S214040A606E6F7469667920636F6D6D616E640025C0
S214040A707320756E69636173742C20717565727961
S214040A80696E6700496E76616C696400257320257B
S214040A9073207061796C6F6164207479706520309E
S214040AA078253032580025732025733A206F7574E4
S214040AB0206F662072616E6765206A697474657259
S214040AC02025640025732025733A207061796C6FA5
S214040AD06164206C656E67746820646F65736E2746
S214040AE074206D617463682074797065203078258D
S214040AF030325820282564203C202564290025739C
S214040B002025732064756520746F206E6F6E2D6DBE
S214040B1061746368696E67206D616E75666163747F
S214040B207572657220494400257320257320647508
S214040B306520746F206E6F6E2D6D61746368696EC8
S214040B406720696D61676520747970652049440083
S214040B5025732025732064756520746F206D617479
S214040B606368696E67206669726D77617265207660
S214040B70657273696F6E0025732025732C20527876
S214040B802764204A697474657220283078253032C8
S214040B9058292C205069636B6564204A697474650F
S214040BA072202830782530325829005175657279BC
S214040BB0206E65787420696D616765207265737050
S214040BC06F6E73650025732072657475726E656446
S214040BD0203078253032582E20204E6F206E6577D0
S214040BE020696D61676520746F20646F776E6C6F23
S214040BF061642E00257320746F6F2073686F72749F
S214040C0020282564203C202564290025733A204E9C
S214040C10657720696D61676520697320617661690F
S214040C206C61626C6520666F7220646F776E6C6FA1
S214040C3061642E002573206973206E6F74207573AB
S214040C40696E67206D7920696D61676520696E66D7
S214040C506F2E004552524F523A204E657874204902
S214040C606D61676520697320746F6F206269672001
S214040C70746F2073746F7265202830782530385866
S214040C80203E203078253038582900257320726598
S214040C907475726E65642073616D652046696C6553
S214040CA056657273696F6E20617320637572726520
S214040CB06E746C7920696E7374616C6C65642E0056
S214040CC04F544120446F776E6772616465732044A5
S214040CD0697361626C65643A2046696C6556657230
S214040CE073696F6E20626568696E642063757272DC
S214040CF0656E7420696E7374616C6C6174696F6E72
S214040D00005374617274696E6720646F776E6C6FDB
S214040D1061642C2056657273696F6E2030782530B6
S214040D203858004572726F723A204661696C656481
S214040D3020746F2064656C65746520696D616765F1
S214040D402E004572726F723A204661696C656420A3
S214040D50746F206572617365206F6C642074656DB2
S214040D607020646174612E00496D61676520626C51
S214040D706F636B20726573706F6E7365004F5441BA
S214040D803A20496D616765426C6F636B5265706F9C
S214040D906E736520636F6E7461696E7320696E7618
S214040DA0616C6964206F7220696E636F6D706C6528
S214040DB074652064617461005570646174696E675B
S214040DC0204D696E20426C6F636B205265717565A9
S214040DD0737420506572696F6420746F20256420D4
S214040DE06D7300446F776E6C6F61642064656C612C
S214040DF07920627920736572766572202564206D89
S214040E007300446F776E6C6F61642061626F7274F6
S214040E106564206279207365727665722E00536568
S214040E207276657220646F65736E277420737570AE
S214040E30706F727420706167652072657175657372
S214040E40742C206F6E6C79207573696E6720626CE3
S214040E506F636B20726571756573742E00536572CB
S214040E607665722072657475726E65642027756E79
S214040E70737570706F7274656420636C75737465D3
S214040E807220636F6D6D616E64272E00556E6B6EF7
S214040E906F776E2025732073746174757320636F87
S214040EA064652030782530325800257320686173D5
S214040EB020646174612073697A652028256429207A
S214040EC0736D616C6C6572207468616E2061637406
S214040ED075616C207061636B65742073697A652034
S214040EE0282564292E002573206572726F723A20B5
S214040EF04578706563746564206F666673657420F0
S214040F003078253038582C2062757420676F74202A
S214040F103078253038582E202049676E6F72696EF7
S214040F206700257320696E666F20646964206E6F9F
S214040F3074206D61746368206D79206578706563CC
S214040F4074656420696E666F2E202044726F70701C
S214040F50696E672E004661696C656420746F20773D
S214040F607269746520746F2073746F72616765208C
S214040F706465766963652100446F776E6C6F61649F
S214040F80005570677261646520656E6420726573CF
S214040F90706F6E7365005365727665722061626F5A
S214040FA07274656420757067726164652C2073744E
S214040FB0617475733A203078253032580045727261
S214040FC06F723A2025732068616420696E76616CBE
S214040FD069642025733A200066696C65207665721C
S214040FE073696F6E00416464696E67202564206DC2
S214040FF0732E2064656C617920666F7220696D6D4E
S21404100065646961746520757067726164652E0035
S214041010436F756E74646F776E20746F2075706797
S214041020726164653A202564206D730020537461F0
S21404103074653A2020202573002057616974696E10
S2140410406720666F7220726573706F6E73653A20E0
S214041050257300204E657874204576656E7420549A
S214041060696D65723A202564206D7300204375729D
S21404107072656E7420446F776E6C6F6164204F6681
S214041080667365743A2030782530385820282564ED
S2140410902525290025733A206661696C65642070ED
S2140410A0617273696E67204F544120636D6420300B
S2140410B07825303258004F54412044656661756C7B
S2140410C07420726573706F6E736520746F20636F1F
S2140410D06D6D616E64204944203078253032582C7A
S2140410E02073746174757320307825303258004943
S2140410F06D61676520626C6F636B207265717565E0
S21404110073742074657374206F6E6C7920776F72B5
S2140411106B73207768656E207374617465206973D9
S21404112020424F4F544C4F41445F53544154455F03
S2140411304E4F4E450052616E646F6D2044656C617F
S21404114079206265666F72652073746172740044F8
S2140411506973636F766572696E67204F54412053D6
S214041160657276657200476574204F544120536556
S2140411707276657220455549004F627461696E2027
S2140411806C696E6B206B6579005175657279696E52
S21404119067204E65787420496D61676500446F77F3
S2140411A06E6C6F6164696E6720496D616765005691
S2140411B06572696679696E6720496D61676500576F
S2140411C0616974696E6720666F7220557067726114
S2140411D06465206D65737361676500436F756E742F
S2140411E0646F776E20746F20557067726164650053
S2140411F057616974696E6720746F207570677261D1
S214041200646520766961206F75742D6F662D626142
S2140412106E64206D656368616E69736D0025733A4C
S214041220202564252520636F6D706C657465004900
S2140412306D6167652025640020204552524F523A5E
S21404124020436F756C64206E6F7420676574206627
S214041250756C6C20686561646572210020204865A1
S214041260616465722056657273696F6E3A203078D1
S21404127025303458002020486561646572204C652A
S2140412806E6774683A20202564206279746573005A
S21404129020204669656C6420436F6E74726F6C3AE6
S2140412A020203078253034580020204D616E756635
S2140412B02049443A2020202020202030782530342D
S2140412C058002020496D61676520547970653A207E
S2140412D0202020203078253034580020205665728F
S2140412E073696F6E3A202020202020202030782535
S2140412F03038580020205A69676265652056657242
S21404130073696F6E3A2030782530345800202048B0
S214041310656164657220537472696E673A2020258D
S21404132073002020496D6167652053697A653A2009
S21404133020202020256C64206279746573002020A8
S214041340536563757269747920437265643A202024
S21404135030782530325800202055706772616465F5
S21404136020446573743A2020200020204D696E2E98
S214041370204857205665723A2020202030782530A1
S21404138034580020204D61782E2048572056657228
S2140413903A20202020307825303458002020546FFE
S2140413A074616C20546167733A2025640020202001
S2140413B0205461673A2030782530345800202020A5
S2140413C02020204C656E6774683A20256C640045BE
S2140413D072726F723A20436F756C64206E6F74205D
S2140413E06F627461696E2074616720696E666F202F
S2140413F066726F6D20696D6167652E000A2564202C
S214041400696D6167657320696E204F54412073745B
S2140414106F726167652E00496D6167652064656C4F
S21404142065746525732E004572726F723A202043E8
S2140414306F756C64206E6F74207265616420626CD4
S2140414406F636B3A203078253032582E0A00537476
S214041450617274696E672065726173652066726F67
S2140414606D206F6666736574203078253038582092
S214041470746F2030782530385800436F756C6420BC
S2140414806E6F742073746172742045524153452103
S21404149020283078253032582900454550524F4D83
S2140414A020457261736520636F6D706C65746500AA
S2140414B02F7A622F747579612D7A69676265652D56
S2140414C07377697463682F73696C6162735F746F92
S2140414D06F6C732F73696D706C69636974795F736D
S2140414E0646B2F70726F746F636F6C2F7A696762A8
S2140414F065652F6170702F6672616D65776F726BAC
S2140415002F706C7567696E2F6F74612D73746F72AC
S2140415106167652D73696D706C652D656570726F96
S2140415206D2F6F74612D73746F726167652D6565B9
S21404153070726F6D2D706167652D65726173652EAF
S21404154063002F7A622F747579612D7A69676265F4
S214041550652D7377697463682F73696C6162735F52
S214041560746F6F6C732F73696D706C6963697479CB
S2140415705F73646B2F70726F746F636F6C2F7A690E
S214041580676265652F6170702F6672616D65776F2F
S214041590726B2F706C7567696E2F6F74612D737420
S2140415A06F726167652D73696D706C652D65657006
S2140415B0726F6D2F6F74612D73746F726167652D12
S2140415C0656570726F6D2E630053746F7261676524
S2140415D0204472697665723A20202020202020203C
S2140415E020202020204F54412053696D706C6520C4
S2140415F053746F7261676520454550524F4D2050B5
S2140416006C7567696E0052656164204D6F64696627
S2140416107920577269746520537570706F72743AC6
S21404162020206E6F00534F4320426F6F746C6F61BF
S21404163064696E6720537570706F72743A20202048
S2140416402079657300426F6F746C6F6164657220F5
S21404165053746F7261676520537570706F72743A55
S21404166020446F206E6F742075736520736C6F74DE
S214041670730043757272656E7420446F776E6C6F78
S2140416806164204F66667365743A202020203078A3
S214041690253038580045424C205374617274204FEC
S2140416A066667365743A202020202020202020209F
S2140416B02030782530385800454550524F4D205339
S2140416C0746172743A2020202020202020202020BC
S2140416D02020202030782530385800454550524F79
S2140416E04D20456E643A20202020202020202020F3
S2140416F02020202020202030782530385800496DBE
S21404170061676520496E666F2053746172743A206F
S21404171020202020202020202020307825303858F3
S2140417200053617665205261746520286279746579
S21404173073292020202020202020202020307825D7
S214041740303858004F6666736574206F6620646F81
S214041750776E6C6F6164206F6666736574202020F4
S214041760307825303858004F6666736574206F6687
S2140417702045424C206F66667365743A202020200C
S214041780202020307825303858004F6666736574FC
S214041790206F6620696D6167652073746172743AA0
S2140417A020202020202030782530385800736C5FA5
S2140417B07A69676265655F61665F6F74615F73749B
S2140417C06F726167655F6472697665725F72656180
S2140417D0645F63622829206661696C65642100423F
S2140417E06164206D61676963206E756D6265722041
S2140417F0696E2066696C653A203078253032582048
S21404180030782530325820307825303258203078D9
S21404181025303258004261642076657273696F6EB3
S21404182020696E2066696C6520307825303458004F
S2140418304572726F723A2072656164416E645661D5
S2140418406C696461746553746F726564496D61672D
S21404185065282920747269656420746F2072656136
S21404186064206D6F72652064617461207468616EB3
S21404187020697420636F756C6420686F6C642E0036
S214041880736C5F7A69676265655F61665F6F7461D2
S2140418905F73746F726167655F6472697665725FA1
S2140418A0726561645F63622829204641494C454459
S2140418B021004C617374206F666673657420646FD0
S2140418C0776E6C6F616465643A20307825303858DA
S2140418D00053746F72616765204D6F64756C653A6A
S2140418E0204F54412053696D706C652053746F7299
S2140418F061676520506C7567696E00496D61676540
S214041900732053746F7265643A20202564206F66D2
S21404191020310A00253032583A00657020253032CE
S2140419205820636C757320253034582061747472A3
S21404193020253034582073767220256300206D6687
S21404194067202530325800207265706F7274206DDF
S214041950696E2025303458206D617820253034583F
S214041960207270742D636867202530385800207202
S2140419706563656976652066726F6D202530345818
S21404198020657020253032582074696D656F757433
S21404199020253034580072656D6F766500636C657B
S2140419A06172696E67206C617374207265706F7201
S2140419B0742074696D65206F6620616C6C20617498
S2140419C074726962757465730074657374696E679E
S2140419D02074696D696E67206F6620766172696F20
S2140419E07573207265706F7274696E67206F7065A8
S2140419F0726174696F6E73002D2D2D2D2D2D2D2D76
S214041A002D2D2D2D2D2D2D2D2D2D2D2D2D2D2D2DFD
S214041A102D2D2D2D2D2D2D2D2D2D2D2D2D2D2D2DED
S214041A202D2D2D2D2D2D2D002D2D7461626C6520F0
S214041A307265616473202D2066756C6C2074616217
S214041A406C652D2D00726573756C74203D202564BD
S214041A50206D73002D2D696E6974202F20736368C2
S214041A606564756C65207469636B2D2D2D002D2DB2
S214041A706C6F616420636F6E666967757261746902
S214041A806F6E2064656661756C74732D2D002F7AF5
S214041A90622F747579612D7A69676265652D73772F
S214041AA0697463682F73696C6162735F746F6F6CBB
S214041AB0732F73696D706C69636974795F73646B93
S214041AC02F70726F746F636F6C2F7A6967626565C7
S214041AD02F6170702F6672616D65776F726B2F70F1
S214041AE06C7567696E2F7265706F7274696E672F96
S214041AF07265706F7274696E672E63005245414456
S214041B005F5250545F43464700726561645F726576
S214041B10706F7274696E675F636F6E6669677572FD
S214041B206174696F6E005265706F7274696E673A9D
S214041B30206661696C656420746F2073656E64202A
S214041B40257320726573706F6E73653A203078253E
S214041B50303258004552523A2072656164696E67A5
S214041B6020636C7573746572203078253034582081
S214041B7061747472696275746520307825303458DF
S214041B803A20307825303258004552523A20726551
S214041B90706F7274696E67206F66204C4F4E4720D4
S214041BA0737472696E6720617474726962757465A1
S214041BB02074797065206E6F7420737570706F7200
S214041BC07465643A20636C75737465722030782586
S214041BD03034582061747472696275746520307884
S214041BE025303458005265706F7274696E672045EC
S214041BF06E7472792046756C6C202D206372656154
S214041C0074696E67206E6577207265706F727400F3
S214041C104346475F52505400202D20646972656322
S214041C2074696F6E3A253032582C20617474723A97
S214041C302530345800202020747970653A253032D7
S214041C40582C206D696E3A253034582C206D6178F6
S214041C503A25303458002020206368616E67653A60
S214041C600020202074696D656F75743A25303458E9
S214041C7000636F6E6669677572655F7265706F7212
S214041C8074696E67002054434C4B2075706461740D
S214041C906520616C726561647920696E2070726F6C
S214041CA06772657373004D616E75616C2054434CA6
S214041CB04B20757064617465206661696C65642E7A
S214041CC02573005374617274696E6720757064615D
S214041CD074652074727573742063656E74657220FF
S214041CE06C696E6B206B65792070726F63657373B5
S214041CF000557064617465205443204C696E6B20F3
S214041D004B657900204E6577206B65792065737482
S214041D1061626C69736865643A00204572726F721A
S214041D203A00506172746E65723A20005A434C2031
S214041D30676C6F62616C20636C7573746572206384
S214041D406F6D6D616E647300646972656374696F48
S214041D506E00646973632D636F6D2D67656E006432
S214041D606973632D636F6D2D7265630065787065A6
S214041D7063742D7265706F72742D66726F6D2D6D3F
S214041D806500757772697465006E777269746500AC
S214041D907265706F72742D726561640073656E642B
S214041DA02D6D652D612D7265706F727400437265BA
S214041DB061746573206120676C6F62616C2064696E
S214041DC073636F76657220636F6D6D616E642066F3
S214041DD06F7220746865206173736F6369617465DC
S214041DE0642076616C7565732E00636C7573746518
S214041DF07249641F61747472696275746549641FFC
S214041E006D61784E756D626572546F5265706F724F
S214041E10741F0043726561746573206120676C6F7C
S214041E2062616C2073656E64206D65206120726546
S214041E30706F727420636F6D6D616E6420666F726E
S214041E4020746865206173736F63696174656420C8
S214041E5076616C7565732E00636C75737465724970
S214041E60641F61747472696275746549641F646181
S214041E707461547970651F6D696E5265706F727403
S214041E8054696D651F6D61785265706F727454691C
S214041E906D651F7265706F727461626C654368610C
S214041EA06E67651F00437265617465732061206701
S214041EB06C6F62616C2072656164207265706F720B
S214041EC074696E6720636F6D6D616E6420666F72F1
S214041ED020746865206173736F6369617465642038
S214041EE0636C75737465722C2061747472696275A0
S214041EF0746520616E64207365727665722F636CF8
S214041F0069656E7420646972656374696F6E2E0009
S214041F10636C757374657249641F61747472696264
S214041F2075746549641F646972656374696F6E1FAE
S214041F3000476C6F62616C207265706F7274696EB4
S214041F406720636F6D6D616E6400656E64706F69A3
S214041F506E741F636C757374657249641F61747460
S214041F6072696275746549641F6D61736B1F004303
S214041F70726561746573206120676C6F62616C20A2
S214041F807265616420636F6D6D616E64206D657348
S214041F907361676520746F20726561642066726F72
S214041FA06D2074686520636C757374657220616E49
S214041FB064206174747269627574652073706563F5
S214041FC069666965642E00636C757374657249642A
S214041FD01F61747472696275746549641F00437284
S214041FE06561746573206120676C6F62616C20772D
S214041FF07269746520636F6D6D616E64206D6573C0
S2140420007361676520746F20777269746520746FD6
S2140420102074686520636C757374657220616E64E1
S214042020206174747269627574652073706563697F
S2140420306669656400636C757374657249641F61D0
S214042040747472696275746549641F747970651F67
S214042050646174611F004372656174652061206564
S21404206078706563742D7265706F72742D66726F06
S2140420706D2D6D65206D6573736167652077697472
S21404208068206173736F6369617465642076616C3C
S2140420907565732E00636C757374657249641F618D
S2140420A0747472696275746549641F74696D656FCA
S2140420B075741F00437265617465206120446973FA
S2140420C0636F76657220436F6D6D616E647320472F
S2140420D0656E65726174656420636F6D6D616E64B0
S2140420E02077697468206173736F636961746564CB
S2140420F02076616C7565732E00636C7573746572F7
S21404210049641F7374617274436F6D6D616E6449C4
S214042110641F6D6178436F6D6D616E6449641F0062
S21404212053657473207468652064697265637469A2
S2140421306F6E20666F7220676C6F62616C20636FCF
S2140421406D6D616E64732C206569746865722063B6
S2140421506C69656E7420746F207365727665722080
S2140421606F722073657276657220746F20636C6973
S214042170656E742E0053657473206120666C616707
S21404218020736F20746861742074686520617070B1
S2140421906C69636174696F6E206672616D65776FD2
S2140421A0726B2057494C4C204E4F54207265737006
S2140421B06F6E6420746F20746865206E6578742072
S2140421C05A434C206D657373616765207468617447
S2140421D020636F6D657320696E206F766572207458
S2140421E06865206169722E005365747320612066E9
S2140421F06C616720736F207468617420746865204E
S2140422006170706C69636174696F6E206672616D6B
S21404221065776F726B2057494C4C20726573706FEC
S2140422206E6420746F20746865206E657874205A16
S214042230434C206D65737361676520746861742010
S214042240636F6D657320696E206F7665722074689F
S21404225065206169722E0053657473207468652066
S21404226044697361626C652044656661756C7420AC
S214042270526573706F6E7365204672616D65204398
S2140422806F6E74726F6C2062697420746F2075733D
S2140422906520666F7220746865206E6578742063A6
S2140422A06F6D6D616E642069662074686520636F67
S2140422B06D6D616E64206973206E6F7420616C723C
S2140422C065616479206275696C742E006469736153
S2140422D0626C6544656661756C74526573706F6E86
S2140422E073651F00536574732074686520666C619B
S2140422F06720746F207573652074686520696E6343
S21404230072656D656E7465642073657175656E635C
S21404231065206E756D6265722066726F6D207468D6
S21404232065206672616D65776F726B20666F7220CA
S214042330746865206E6578742072617720636F6DAB
S2140423406D616E642E007573654E657874536571A1
S21404235075656E63651F00436C6920636F6D6D6100
S2140423606E6420746F2063616C6C20736C5F7A6992
S214042370676265655F61665F7365745F74696D65E2
S2140423802066756E6374696F6E20646F63756D6521
S2140423906E74656420696E2061662E6800757463C9
S2140423A054696D651F0053657473207468652074E2
S2140423B0776F2062797465206D616E7566616374EB
S2140423C075726572207370656369666963206964F3
S2140423D0656E74696669657220746F20757365200E
S2140423E0666F7220746865206E65787420636F6DFE
S2140423F06D616E642069662074686520636F6D6D18
S214042400616E64206973206E6F7420616C726561FE
S2140424106479206275696C742E006D666753706506
S214042420636966696349641F005472757374204354
S214042430656E746572204A6F696E2048616E646CBE
S21404244065723A20737461747573203D2025732C6D
S214042450206465636973696F6E203D2025732028A8
S21404246025303258292C2073686F727469642030C2
S214042470782530345800554E73656375726564204C
S2140424806A6F696E00646576696365206C65667458
S21404249000554E736563757265642072656A6F696C
S2140424A06E0075736520707265636F6E6669677516
S2140424B0726564206B65790073656E64206B65795C
S2140424C020696E2074686520636C656172006465BB
S2140424D06E79206A6F696E006E6F20616374696F2F
S2140424E06E00616C6C6F772072656A6F696E73201C
S2140424F06F6E6C79006E6F742000534C5F535441BA
S2140425005455535F4E4554574F524B5F55502030E9
S21404251078253034580054727573742043656E748D
S2140425206572204555492068617320257363686188
S2140425306E6765642E00534C5F5354415455535F85
S2140425404E4554574F524B5F444F574E00534C5FC3
S2140425505354415455535F4E4F545F4A4F494E456A
S2140425604400534C5F5354415455535F5A494742B1
S21404257045455F4E4554574F524B5F4F50454E4569
S214042580443A2025642073656300534C5F535441DA
S2140425905455535F5A49474245455F4E4554574F35
S2140425A0524B5F434C4F5345440025733A202573E2
S2140425B00064697374726962757465640063656E39
S2140425C07472616C697A656400466F726D00257377
S2140425D0696E67206F6E2063682025642C20706106
S2140425E06E496420307825303458004572726F7214
S2140425F03A2044657669636520646F6573206E6F60
S2140426007420737570706F7274202573206E6574F1
S214042610776F726B20666F726D6174696F6E004AB5
S2140426206F696E00496E76616C69642053656375E4
S214042630726974792050726F66696C653A203078D6
S2140426402530325800704A6F696E20666F722025F6
S21404265064207365633A20307825303258004C691C
S2140426606D6974696E67206475726174696F6E2033
S2140426706F66207065726D6974206A6F696E206675
S214042680726F6D20666F72657665722028323535F6
S2140426902920746F203235340052583A205A444F59
S2140426A02C20636F6D6D616E64203078253034584D
S2140426B02C207374617475733A2030782530325840
S2140426C00053696D706C650052583A202573204497
S2140426D06573632052657370004D61746368002CE3
S2140426E0204D6174636865733A20256400446576FA
S2140426F069636520416E6E6F756E63653A20307847
S214042700253034580052583A2049454545204164FE
S214042710647265737320526573706F6E73650052CE
S214042720583A204163746976652045502052657393
S214042730706F6E73652C20436F756E743A20256433
S214042740004E6F6465002C204D6174636865733AAF
S2140427502030782530345800737461636B207665B6
S214042760722E205B25642E25642E25640020257396
S214042770206275696C642025645D005A444F0053DA
S2140427804500484100436C757374657200476C6F6E
S21404279062616C0025737478203078253038582CA4
S2140427A0200050726F66696C653A202573202830C5
S2140427B07825303458292C20436C75737465723A26
S2140427C0203078253034582C2025642062797465AE
S2140427D0732C00205A434C20257320436D642049F3
S2140427E0443A202564005072652D52656C65617309
S2140427F06500416C706861203100416C706861202E
S2140428003200416C70686120330042657461203187
S21404281000426574612032004265746120330047CB
S2140428204100526573657420696E666F3A2030788D
S2140428302530325820282573290064656C65746534
S2140428402062696E64696E673A2025303258202506
S214042850303258000102030405060708090A0B0C67
S21404286000010101010101010101010101005752AA
S214042870495445204552523A200025736570202558
S21404288030325820636C75732025303458206174B8
S21404289074722025303458206E6F742073757070EF
S2140428A06F72746564002573696E76616C69642062
S2140428B06461746120747970650025736174747240
S2140428C0206E6F74207772697461626C650057526B
S2140428D04954453A206E6F2077726974652C206AD5
S2140428E07573742061207465737400524541443ACC
S2140428F0206174747269627574652073697A6520E0
S214042900746F6F206C6172676520666F72206361F6
S2140429106C6C657200636C6E74007372767200522F
S2140429205700524F00202052414D20200020746F43
S2140429306B656E200065787465726E2000454E44A3
S214042940504F494E54202530325800636C7573201E
S2140429502F2073696465202F2061747472202F20E1
S2140429606D666720202F74797065286C656E292F34
S214042970207277202F2073746F72616765202F2072
S21404298064617461202872617729002530345820E8
S2140429902F202573202F2025303458202F20002068
S2140429A02F202530325820282530325829202F2031
S2140429B02573202F202573202F2000556E737570E5
S2140429C0706F72746564004F544120524541443A16
S2140429D02065703A25303258206369643A253034CD
S2140429E0582061747469643A25303458206D736BCA
S2140429F03A25303258206D66636F64653A25303464
S214042A005800524541443A20636C7573202530348F
S214042A10582C2061747472202530345820666169FD
S214042A206C6564202530325800524541443A206390
S214042A306C757320253034582C20617474722025EC
S214042A403034582C20646174614C656E3A2025300D
S214042A5032582C204F4B0028256329253032582520
S214042A6030325825303258253032582530325825E1
S214042A703032582530325825303258006469736134
S214042A80626C65002573642C2064726F7070696EC6
S214042A90672065702030782530325820636C757353
S214042AA02030782530345820636D64203078253003
S214042AB032580047656E65726174656400526563DA
S214042AC0656976656400446973636F76657220434E
S214042AD06F6D6D616E647320726573706F6E73656F
S214042AE02028636F6D706C6574653A202563292C05
S214042AF0202573204944733A200030782530325814
S214042B0020005F45585400524541445F4154545296
S214042B100057524954453A20636C75732025303467
S214042B205820617474722025303458200046414978
S214042B304C20253032580057524954453A20746F79
S214042B406F2073686F727400444953435F41545452
S214042B505200257325733A20636C75732025303430
S214042B60580053766320446973633A2000257357EC
S214042B70616974696E672025642073656320666FD7
S214042B807220646973636F7665727920746F20634C
S214042B906F6D706C65746500537461746520636F43
S214042BA072726573706F6E64696E6720746F2074DA
S214042BB06865207468652072657175657374206E27
S214042BC06F7420666F756E640A002573636F6D708C
S214042BD06C6574652E0A00257353657276696365A1
S214042BE020446973636F76657279205374617465E3
S214042BF0206C696D69747320726561636865640A24
S214042C00002573496C6C6567616C2062726F616441
S214042C106361737420616464726573732C207265D7
S214042C206D617070696E6720746F2076616C69647C
S214042C30206F6E652E0025734661696C656420748A
S214042C406F2073656E64206D6174636820646973B5
S214042C50636F766572793A203078253032580025CD
S214042C60735374617274696E6720646973636F76F4
S214042C7065727920666F7220636C75737465722052
S214042C803078253034580025734661696C656420B5
S214042C90746F2073656E642073696D706C65206450
S214042CA0657363726970746F72207265717565738B
S214042CB0743A203078253032580025734661696CA2
S214042CC0656420746F2073656E642049454545200D
S214042CD06164647265737320726571756573743AA2
S214042CE0203078253032580025734661696C656457
S214042CF020746F2073656E64204E574B20616464A5
S214042D007265737320726571756573743A203078D2
S214042D1025303258004572726F723A20257320624D
S214042D2061642073696D706C652064657363726991
S214042D3070746F72206C656E6774682E0025734D10
S214042D4065737361676520746F6F2073686F727440
S214042D500025734D65737361676520746F6F207308
S214042D60686F727420666F72206E756D2E20656EA5
S214042D7064706F696E74730025734D61746368259F
S214042D807320666F756E642066726F6D20307825CA
S214042D903034582E004572726F723A2025732069BB
S214042DA06E76616C6964206C656E6774682028258D
S214042DB06420213D2025642920666F7220416374B7
S214042DC069766520456E64706F696E7420726573EB
S214042DD0706F6E7365002573676F74206163746922
S214042DE0766520455020726573706F6E7365005566
S214042DF054432074696D653A2025642F25642F2575
S214042E00642025643A25643A2564202825303858F9
S214042E10290028556E6B6E6F776E20636C75732E63
S214042E20205B3078253034585D29000D0A5425304F
S214042E3038583A005258206C656E2025642C20655C
S214042E407020253032582C20636C7573203078251A
S214042E503034582000206D66674964202530345885
S214042E6000204643202530325820736571202530D3
S214042E70325820636D642025303258207061796C96
S214042E806F61645B00426173696300257352582066
S214042E90706B7420746F6F2073686F72743A202599
S214042EA064203C202564002573525820706B7420DF
S214042EB06D616C666F726D65643A202564203C20F3
S214042EC025640020204861766520526F757465720B
S214042ED020537570706F7274002020456E64204411
S214042EE06576696365204F6E6C79002020456E61B7
S214042EF0626C656400202044697361626C656400DA
S214042F004572726F722072657472696576696E674F
S214042F1020696E666F20666F72206C6962726172D9
S214042F2079204944202564002573206C6962726107
S214042F30727925732070726573656E74005A6967BA
S214042F406265652050726F0042696E64696E670040
S214042F50536563757269747920436F7265005365AF
S214042F60637572697479204C696E6B204B6579734E
S214042F700043424B45203136334B310043424B45E8
S214042F8020445341205369676E004543430043423F
S214042F904B4520445341205665726966790050615A
S214042FA0636B65742056616C6964617465005A4C81
S214042FB04C0043424B45203238334B3100454343A3
S214042FC0203238334B310043424B4520636F7265E1
S214042FD0004E4350004D756C7469206E6574776FAF
S214042FE0726B00456E68616E63656420426561635A
S214042FF06F6E205265710043424B45203238334B86
S214043000312044534120566572696679004D756CCB
S21404301074692D50414E002F7A622F747579612D94
S2140430207A69676265652D7377697463682F736957
S2140430306C6162735F746F6F6C732F73696D706C01
S21404304069636974795F73646B2F70726F746F63EE
S2140430506F6C2F7A69676265652F737461636B2F73
S214043060636F6E6669672F736C5F7A6967626565FE
S2140430705F636F6E66696775726174696F6E2E63DF
S214043080002F7A622F747579612D7A696762656597
S2140430902D7377697463682F73696C6162735F74E8
S2140430A06F6F6C732F73696D706C69636974795F85
S2140430B073646B2F70726F746F636F6C2F7A6967AB
S2140430C06265652F737461636B2F6672616D6577D5
S2140430D06F726B2F6165732D6563622E63002F7AA2
S2140430E0622F747579612D7A69676265652D7377C9
S2140430F0697463682F73696C6162735F746F6F6C55
S214043100732F73696D706C69636974795F73646B2C
S2140431102F70726F746F636F6C2F7A696762656560
S2140431202F737461636B2F73656375726974792F7B
S2140431307A69676265652D73656375726974792D3E
S2140431406D616E616765722D6E6F2D7661756C7438
S2140431502E63004572726F723A20204661696C6570
S2140431606420746F20726561642066726F6D2045FA
S2140431704550524F4D2061742030782534582C2009
S2140431807374617475733A20256400454550524F34
S2140431904D20496E697469616C697A65643A2025C4
S2140431A06300454550524F4D20427573793A2025A9
S2140431B063005061727469616C20576F72642053A7
S2140431C0746F7261676520436F756E743A20256468
S2140431D000416464726573733A2030782534582C41
S2140431E0205061727469616C20576F72643A2030A3
S2140431F078255800636F6E6669726D656400617346
S21404320073756D6564000A454550524F4D20496EEE
S214043210666F004E6F7420617661696C61626C65DE
S21404322020286F6C64657220626F6F746C6F6164C3
S2140432306572290050617274204465736372697004
S21404324074696F6E3A20202020202020202020251C
S21404325073004361706162696C69746965733A20CE
S21404326020202020202020202020202020307825E8
S2140432703258005061676520457261736520746931
S2140432806D65202873293A202020202020256400FC
S214043290506172742045726173652074696D65208F
S2140432A02873293A202020202020256400506172AB
S2140432B0742045726173652074696D6520286D738A
S2140432C0293A2020202020202564005061676520AC
S2140432D073697A6520286279746573293A202020F8
S2140432E0202020202020256C0050617274207369F1
S2140432F07A6520286279746573293A202020202074
S21404330020202020256C00576F72642073697A652C
S21404331020286279746573293A20202020202020F2
S21404332020202564202825702900454550524F4DFD
S21404333020696E69743A2030782558002F7A622FF7
S214043340747579612D7A69676265652D737769741A
S21404335063682F73696C6162735F746F6F6C732F2D
S21404336073696D706C69636974795F73646B2F75C8
S21404337074696C2F706C7567696E2F706C756769ED
S2140433806E2D636F6D6D6F6E2F656570726F6D2F2A
S214043390656570726F6D2E6300556E61626C652094
S2140433A0746F20626F6F7420696D61676520617445
S2140433B020736C6F7420256C640A00536C6F742041
S2140433C04D616E61676572206661696C6564207420
S2140433D06F20657261736520736C6F740A004D61AB
S2140433E0782072656164206C696D697420736574F5
S2140433F020746F2025642062797465730A00416422
S214043400647265737320202020202020202020440E
S2140434106174610A00307825346C782020202020DE
S2140434202020307825780A004661696C656420742B
S2140434306F20726561642066726F6D20666C6173BE
S214043440680A00536C6F7420256C640A202041645B
S214043450647265737320202020203A203078253447
S2140434606C580A20204C656E677468202020202043
S214043470203A20307825346C582028256C64206245
S21404348079746573290A00202054797065202020F9
S21404349020202020203A20004E6F2047424C2070E7
S2140434A0726573656E740A005A69674265650A0038
S2140434B05468726561640A00436F6E6E6563740ACD
S2140434C000426C7565746F6F74680A00426C7565AB
S2140434D0746F6F7468206170706C69636174696F6F
S2140434E06E0A004D43550A004F74686572202830F2
S2140434F078256C58290A00202056657273696F6E09
S21404350020202020203A203078256C580A002020DD
S2140435104361706162696C69746965733A203078D6
S21404352025346C580A00202050726F64756374202A
S214043530494420203A2000307825582000536C6FE8
S21404354074204D616E616765723A206661696C65C8
S2140435506420746F20696E697469616C697A652089
S214043560626F6F746C6F6164657220286572726F27
S21404357072203078253478290A0056657273696F8C
S2140435806E20202020203A2025640A0050617274A0
S21404359020202020202020203A2025730A00436182
S2140435A0706162696C69746965733A20307825784D
S2140435B00A00506172742073697A652020203A20CC
S2140435C0256420420A00506167652073697A652085
S2140435D020203A20256420420A00576F7264207324
S2140435E0697A652020203A20256420420A00536C1C
S2140435F06F7473202020202020203A2025640A009F
S2140436004661696C656420746F2072656164206627
S214043610726F6D2073746F7261676520666C617378
S2140436206820286572726F72202564290A00496E24
S21404363076616C696420736C6F7420256420286D31
S214043640617820736C6F74202564290A00466169CA
S2140436506C656420746F2067657420696E666F20DD
S214043660666F7220736C6F742025640A00536C6F47
S21404367074204D616E616765723A20736C6F7420B6
S2140436807772697465206661696C7572652E20416F
S214043690646472657373206F666673657420282588
S2140436A06429202B207772697465206C656E6774B4
S2140436B06820282564292067726561746572207401
S2140436C068616E20746F74616C20736C6F74206C08
S2140436D0656E67746820282564290A00536C6F7425
S2140436E0204D616E61676572207761726E696E67E0
S2140436F03A20736C6F74202564206C656E6774685A
S2140437002028256429206E6F7420616C69676E65B5
S2140437106420746F20706167652073697A65202859
S2140437202564292E2054686520656E7469726520A8
S214043730736C6F742077696C6C206E6F742062658E
S214043740206572617365642E0A00536C6F74204D95
S214043750616E616765723A206661696C656420749F
S2140437606F206572617365202564206279746573C1
S21404377020696E20736C6F74202564206174206148
S21404378064647265737320307825347820286572F3
S214043790726F722030782578290A00457261736545
S2140437A06420256420627974657320696E20736CC6
S2140437B06F742025640A004661696C656420746F22
S2140437C02073657420736C6F7420746F20626F6F3F
S2140437D07420286572726F72203078253478290A2E
S2140437E0004661696C656420746F20736574206C90
S2140437F0697374206F6620736C6F747320746F2003
S214043800626F6F7420286572726F72203078253468
S21404381078290A004661696C656420746F206765C0
S21404382074206E6577206C697374206F6620736CE1
S2140438306F747320746F20626F6F742028657272C1
S2140438406F72203078253478290A00426567696EDD
S2140438506E696E6720696D61676520766572696654
S21404386069636174696F6E2E2E2E002E6661696C14
S21404387065642120284572726F722030782534786A
S214043880290A002E7061737365642120426F6F7479
S214043890696E6720736C6F742025640A00666E690F
S2140438A02B00666E69006E616E00666E692D006C94
S2140438B0696273006273656E640072657365740092
S2140438C07261770073656E645F6D756C74696361AD
S2140438D073740073656E642D7573696E672D6D75EC
S2140438E06C7469636173742D62696E64696E6700D3
S2140438F074696D6573796E63006765742D70746999
S2140439002D726164696F2D636F6E66696700636FFD
S2140439106E6669672D6363612D6D6F6465006576F9
S214043920656E7473007365637572697479007A6979
S214043930676265655F7072696E7400706C7567693E
S2140439406E006E6574006B657973006F7074696FD2
S2140439506E00706C7567006368616E67656B657989
S214043960006368616E67656B007A646F00707269E5
S2140439706E742072656C6174656420636F6D6D612E
S2140439806E64732E0061747472005A646F207265DC
S2140439906C6174656420636F6D6D616E64732E0074
S2140439A0726F75746500706F776572006D676D74FD
S2140439B02D6C7169006D676D742D62696E64006E9E
S2140439C06F64650073696D706C6500696565650094
S2140439D06E776B00756E62696E64006E776B2D751C
S2140439E07064006F75742D636C2D6C697374006954
S2140439F06E2D636C2D6C697374005A646F20696E47
S214043A002D636C2D6C6973742072656C61746564C7
S214043A1020636F6D6D616E64732E005A646F206F41
S214043A2075742D636C2D6C6973742072656C617487
S214043A30656420636F6D6D616E64732E005A646FE7
S214043A40206E776B2D7570642072656C6174656486
S214043A5020636F6D6D616E64732E007363616E2DEB
S214043A606368616E2D6D61736B007363616E0063D2
S214043A7068616E5067006368616E005A646F2075F3
S214043A806E62696E642072656C6174656420636F2F
S214043A906D6D616E64732E00756E69636173740078
S214043AA06368616E67656B65792072656C617465C1
S214043AB06420636F6D6D616E64732E006C696E6B4B
S214043AC0004F7074696F6E2072656C617465642053
S214043AD0636F6D6D616E64732E00726567697374CF
S214043AE06572006469736300696E7374616C6C2D2F
S214043AF0636F64650062696E64696E672D746162E3
S214043B006C65007072696E742D72782D6D736773B0
S214043B100061707372657472790041505320726547
S214043B2074727920666C616720666F7263652063C1
S214043B306F6D6D616E647300456E61626C65732FA4
S214043B4044697361626C6573207072696E74696E21
S214043B5067206F66205278206D657373616765739E
S214043B602E00656E61626C650042696E64696E67FC
S214043B70207461626C652072656C61746564206390
S214043B806F6D6D616E64732E005365637572697430
S214043B9079206B6579732072656C61746564206343
S214043BA06F6D6D616E64732E0064656C657465007C
S214043BB04E6574776F726B2072656C6174656420F1
S214043BC0636F6D6D616E64732E00666F726D007246
S214043BD0656A6F696E2D646966662D6465766963C9
S214043BE0652D747970650065787470616E6964001B
S214043BF069736F70656E0062726F61642D706A6FB0
S214043C00696E006368616E67652D6368616E6E65D4
S214043C106C00696E6974006368616E67652D6B6518
S214043C2065702D616C6976652D6D6F6465007469C9
S214043C306D656F75742D6F7074696F6E2D6D61731D
S214043C406B006D756C74692D7068792D7374617270
S214043C5074006D756C74692D7068792D73746F704B
S214043C600066696E64006E6574776F726B206669B1
S214043C706E6420636F6D6D616E64732E006A6F6987
S214043C806E61626C6500756E7573656400736C6F47
S214043C90742D6D616E6167657200636F756E746511
S214043CA072730066696E642D616E642D62696E645B
S214043CB000667261676D656E746174696F6E006725
S214043CC0726F7570732D736572766572006E6574A7
S214043CD0776F726B2D7374656572696E67006F74A7
S214043CE0612D626F6F746C6F6164006F74612D6315
S214043CF06C69656E74006F74612D73746F7261679E
S214043D00652D636F6D6D6F6E006F74612D73746FC8
S214043D10726167652D656570726F6D0069646C65A8
S214043D202D736C656570007570646174652D7463BD
S214043D302D6C696E6B2D6B657900757064617465A6
S214043D402D74632D6C696E6B2D6B65792072656CB2
S214043D506174656420636F6D6D616E64730074696D
S214043D606D6572006E6F7700436F6D6D616E647380
S214043D7020746F20636F6E74726F6C2069646C6954
S214043D806E672F736C656570696E67206F66207446
S214043D9068652064657669636500666F7263652D81
S214043DA06177616B65006177616B652D7768656E19
S214043DB02D6E6F742D6A6F696E6564007265706F20
S214043DC07274696E672072656C6174656420636FD3
S214043DD06D6D616E64732E00636C6561722D6C612B
S214043DE073742D7265706F72742D74696D650074CA
S214043DF06573742D74696D696E67006F74612D73D5
S214043E00746F726167652D656570726F6D2072657B
S214043E106C6174656420636F6D6D616E64732E00EF
S214043E2077697065006F74612D73746F726167656E
S214043E302D636F6D6D6F6E2072656C6174656420A2
S214043E40636F6D6D616E6473007072696E74496D34
S214043E50616765730072656C6F61640073746F727A
S214043E606167652D696E666F00646174612D70729A
S214043E70696E74006F74612D636C69656E7420726C
S214043E80656C6174656420636F6D6D616E64732E1A
S214043E900076657269667900626C6F636B2D746573
S214043EA0737400706167652D72657175657374004F
S214043EB0757067726164652D7265717565737400DB
S214043EC064697361626C652D646F776E6772616492
S214043ED0657300656E61626C652D646F776E6772DC
S214043EE061646573006F74612D626F6F746C6F61CB
S214043EF0642072656C6174656420636F6D6D616EB9
S214043F006473006E6574776F726B2D737465657277
S214043F10696E672072656C6174656420636F6D6D8D
S214043F20616E64732E007072652D636F6E666967CA
S214043F30757265642D6B65792D736574006D617398
S214043F406B2072656C6174656420636F6D6D616E61
S214043F50642E0073756274726163740067726F75A1
S214043F6070732D7365727665722072656C61746504
S214043F706420636F6D6D616E64732E006672616794
S214043F806D656E746174696F6E2072656C617465BC
S214043F906420636F6D6D616E64732E007365742D9B
S214043FA072782D77696E646F772D73697A65006110
S214043FB072746966696369616C2D626C6F636B2DDC
S214043FC064726F700046696E6420616E6420626974
S214043FD06E642072656C6174656420636F6D6D61D8
S214043FE06E64732E00696E69746961746F7200651D
S214043FF06E61626C655F7479706500737461636B7F
S21404400000617070007A636C006C65676163795F49
S21404401061665F646562756700636F756E7465726A
S214044020732072656C6174656420636F6D6D616E78
S21404403064732E007072696E742D636F756E74658A
S214044040722D747970650073696D706C652D70726D
S214044050696E74007072696E742D74687265736824
S2140440606F6C6473007365742D7468726573686F1F
S2140440706C640072657365742D7468726573686F1A
S2140440806C64730073656E642D7265717565737404
S2140440900073656375726974792072656C61746502
S2140440A06420636F6D6D616E6473007365742D6157
S2140440B06C6C6F772D74727573742D63656E74658E
S2140440C0722D72656A6F696E2D7573696E672D77CA
S2140440D0656C6C2D6B6E6F776E2D6B6579007365F2
S2140440E0742D616C6C6F772D74727573742D6365A3
S2140440F06E7465722D72656A6F696E2D7573696E5E
S214044100672D77656C6C2D6B6E6F776E2D6B65798E
S2140441102D74696D656F7574007365742D6B6579A0
S2140441202D726571756573742D706F6C6963790093
S2140441306D66672D746F6B656E00617073005365F2
S214044140637572697479206170732072656C61742A
S214044150656420636F6D6D616E64732E00476574CD
S2140441602F736574204D464720746F6B656E2E0062
S214044170656E64706F696E742072656C61746564D4
S21404418020636F6D6D616E64732E00656570726F6B
S2140441906D207574696C6974792072656C617465D8
S2140441A06420636F6D6D616E647300536C6F74206E
S2140441B04D616E616765722072656C61746564201A
S2140441C0636F6D6D616E647300626F6F742D736CD4
S2140441D06F740065726173652D736C6F7400657817
S2140441E0742D666C6173682D696E666F00736C6FF0
S2140441F074732D696E666F005072696E74732074E2
S214044200696D652E005072696E74732061747472E1
S21404421069627574652E00436C65617273207468F8
S21404422065205A444F206C697374206F6620636C53
S21404423069656E742028696E2920636C75737465CD
S21404424072732E004164647320636C7573746572B4
S2140442507320746F20746865206B6E6F776E2063AE
S2140442606C69656E742028696E2920636C75737496
S214044270657273206F6E207468697320646576694E
S21404428063652E00436C6561727320746865205AFA
S214044290444F206C697374206F6620636C69656E86
S2140442A07420286F75742920636C75737465727333
S2140442B02E004164647320636C7573746572732096
S2140442C0746F20746865206B6E6F776E20636C69FC
S2140442D0656E7420286F75742920636C7573746515
S2140442E07273206F6E2074686973206465766963E0
S2140442F0652E0053656E647320616E20757064616C
S2140443007465206368616E6E656C20726571756590
S21404431073742E006368616E6E656C1F0053656E61
S214044320647320616E2075706461746520636861CF
S2140443306E6E656C2070616765207265712E205400
S214044340686520737461636B2073656E6473206E96
S214044350776B20656E68616E636564207570646152
S21404436074652072657120666F72206E6F6E2D7A8A
S21404437065726F20706167652E006368616E6E6596
S2140443806C1F706167651F00506572666F726D738F
S21404439020616E20656E65726779207363616E2E88
S2140443A0007461726765744E6F646549641F736355
S2140443B0616E4475726174696F6E1F7363616E43D8
S2140443C06F756E741F0042726F61646361737473F9
S2140443D020746865204944206F6620746865206EE2
S2140443E06577206E6574776F726B206D616E61679A
S2140443F0657220616E642061637469766520636803
S214044400616E6E656C732E006E776B4D67654964DE
S2140444101F6368616E6E656C4D61736B1F0050653B
S21404442072666F726D7320616E20656E6572677951
S214044430207363616E206F6E20676976656E2063F5
S21404444068616E6E656C206D61736B2E00746172AC
S2140444506765744E6F646549641F7363616E447563
S214044460726174696F6E1F7363616E436F756E74E9
S2140444701F6368616E6E656C4D61736B1F005365D8
S2140444806E64732061206E6574776F726B2061644E
S2140444906472657373207265717565737420666FD4
S2140444A0722074686520676976656E2049454545BF
S2140444B020616464726573732E00696565651F0008
S2140444C0526571756573747320616E204945454560
S2140444D02061646472657373206261736564206F1F
S2140444E06E206120676976656E206E6F646520496C
S2140444F0442E006E6F646549641F0053656E6473D2
S21404450020612073696D706C6520646573637269DD
S21404451070746F72207265717565737420666F723D
S214044520207468652073686F7274206164647265B1
S214044530737320616E6420656E64706F696E742098
S2140445407370656369666965642E00646573741FB9
S214044550746172676574456E64706F696E741F006B
S21404456053656E64732061206D617463684465737B
S21404457063726970746F72735265717565737420B3
S214044580746F2074686520676976656E2064657349
S21404459074696E6174696F6E2077697468207468D4
S2140445A06520676976656E2070726F66696C652E25
S2140445B0006E6F646549641F70726F66696C651F70
S2140445C00053656E64732061206E6F6465206465B5
S2140445D07363726970746F72207265717565737433
S2140445E020746F206120676976656E207461726737
S2140445F06574206465766963652E00746172676508
S214044600741F0053656E64732061205A444F204221
S214044610696E6420636F6D6D616E6420746F2061D3
S2140446202064657669636520737065636966696589
S2140446306420696E2074686520636F6D6D616E64B6
S21404464020617267756D656E74732E0044657374AD
S214044650696E6174696F6E1F536F7572636520654A
S2140446606E64706F696E741F44657374696E6174EA
S214044670696F6E20656E64706F696E741F636C7507
S2140446807374657249441F72656D6F746545554948
S21404469036341F6465737445554936341F005365B4
S2140446A06E647320616E2061637469766520656E3E
S2140446B064706F696E7420726571756573742074A6
S2140446C06F2074686520646576696365207769740D
S2140446D0682074686520676976656E2073686F72F3
S2140446E0742049442E0053656E647320616E2075F1
S2140446F06E62696E64207265717565737420666F88
S21404470072206120756E69636173742062696E64D9
S214044710696E6720746F20746865207461726765BB
S21404472074206465766963652E00746172676574C7
S2140447301F736F757263652065756936341F736FF2
S2140447407572636520656E64706F696E741F636C42
S214044750757374657249441F64657374696E617415
S214044760696F6E45554936341F64657374696E61A6
S21404477074696F6E20656E64706F696E741F005383
S214044780656E647320616E20756E62696E64207255
S21404479065717565737420666F722061206D756C23
S2140447A07469636173742062696E64696E672074E9
S2140447B06F2074686520746172676574206465761A
S2140447C06963652E007461726765741F736F757212
S2140447D063652065756936341F736F75726365206B
S2140447E0656E64706F696E741F636C75737465723E
S2140447F049441F67726F7570416464726573731FF2
S2140448000053656E64732061205A444F204D616ED8
S2140448106167656D656E74204C6561766520636FAF
S2140448206D6D616E6420746F2074686520746172A7
S214044830676574206465766963652E0074617267C3
S21404484065741F72656D6F76654368696C6472651E
S2140448506E1F72656A6F696E1F0053656E647320FF
S21404486061205A444F204D474D542D42696E6420B2
S2140448702842696E64696E67205461626C652920FB
S2140448805265717565737420746F2074686520743E
S2140448906172676574206465766963652E00746169
S2140448A0726765741F7374617274496E6465781FE9
S2140448B00053656E64732061205A444F204D474D63
S2140448C0542D4C514920284C5149205461626C6542
S2140448D029205265717565737420746F2074686539
S2140448E020746172676574206465766963652E005A
S2140448F053656E64732061205A444F20506F776569
S214044900722044657363726970746F7220526571A5
S2140449107565737420746F2074686520746172679B
S2140449206574206465766963652E0053656E6473EA
S2140449302061205A444F20726F7574652072657129
S2140449407565737420636F6D6D616E6420746F207B
S214044950746865207461726765742E00746172678A
S21404496065741F696E6465781F00696E6465781FD8
S21404497065756936341F696E7374616C6C436F6455
S214044980651F00696E6465781F65756936341F6B2C
S21404499065791F005443206C696E6B206B65792023
S2140449A07265717565737420706F6C6963791F41E5
S2140449B07070206C696E6B206B65792072657175FA
S2140449C065737420706F6C6963791F00426F6F6C37
S2140449D03A20616C6C6F772074727573742063650B
S2140449E06E7465722072656A6F696E207573696E7F
S2140449F0672077656C6C2D6B6E6F776E206B6579B0
S214044A001F0070726F66696C6549641F636C75730A
S214044A1074657249641F0074617267657449641F23
S214044A2000456E61626C6573207072696E74696E9F
S214044A3067206F66205278206D65737361676573AF
S214044A402E0053657473207468652062696E646909
S214044A506E67207461626C6500696E6465781F63B6
S214044A606C75737465721F6C6F63616C45701F722E
S214044A70656D6F746545701F65756936341F004330
S214044A806C65617273207468652062696E64696E11
S214044A9067207461626C652E005072696E747320B0
S214044AA07468652062696E64696E67207461626CFE
S214044AB06520746F2074686520636F6D6D616E6425
S214044AC0206C696E652E00436C6561727320616CA0
S214044AD06C207365637572697479206B6579732EBF
S214044AE00044656C6574652074686520737065633E
S214044AF06966696564206C696E6B206B65792069EC
S214044B006E6465782E005072696E747320616C6CE6
S214044B10207365637572697479206B6579732E00EA
S214044B205465726D696E6174657320746865206D72
S214044B30756C74692D50485920696E746572666187
S214044B406365005573656420746F207374617274B2
S214044B50206D756C74692D50485920696E746572A1
S214044B6066616365206F74686572207468616E2080
S214044B706E617469766520616E6420666F726D205E
S214044B80746865206E6574776F726B2E2054686542
S214044B9020737461636B20757365732073616D6530
S214044BA02050616E4964206173206E617469766575
S214044BB020726164696F206E6574776F726B2E0065
S214044BC0706167651F6368616E6E656C1F706F77D2
S214044BD065721F6F7074696F6E734D61736B2028F6
S214044BE04269742030203D20526F757465727320BC
S214044BF0616C6C6F7765642C204269742031203DAB
S214044C002042726F61646361737420616C6C6F77A9
S214044C106564291F00417474656D70747320746F25
S214044C20206368616E676520746865206368696CD4
S214044C30642074696D656F7574206F7074696F6E27
S214044C40206D61736B20746F2066696C74657220C6
S214044C506F757420756E646573697261626C652025
S214044C6076616C7565732028652E672E206E6F201E
S214044C706D6F7265207468616E2033206461797389
S214044C80292E0074696D656F7574206F7074696F72
S214044C906E206D61736B1F00537769746368657368
S214044CA0206265747765656E2064696666657265FC
S214044CB06E74206B65657020616C697665206D6F17
S214044CC064657320737570706F727465642062799E
S214044CD0206120726F757465722E004B65657020B6
S214044CE0616C697665206D6F64651F005072696E2D
S214044CF07473207468652063757272656E74204ED2
S214044D006F64652049442C2045554936342C20616F
S214044D106E642050616E2049442E00496E697469A1
S214044D20616C697A65732061206E6574776F726B47
S214044D303B207468697320697320612074657374FA
S214044D4020636F6D6D616E64207573656420666F95
S214044D50722074632D737761702D6F75742074657B
S214044D607374696E672E00536574732074686520C7
S214044D706E6574776F726B20696E646578207573E0
S214044D80656420627920616C6C2066757475726542
S214044D9020434C4920636F6D6D616E64732E202032
S214044DA04265666F726520657865637574696E67BB
S214044DB0206120434C4920636F6D6D616E642C2026
S214044DC0746865206672616D65776F726B207377A1
S214044DD069746368657320746F2074686973206EE1
S214044DE06574776F726B2E2020416674657220742A
S214044DF0686520636F6D6D616E642066696E6973A5
S214044E0068657320657865637574696E672C2074AD
S214044E106865206672616D65776F726B207377695B
S214044E207463686573206261636B20746F207468B2
S214044E30652070726576696F7573206E6574776F1A
S214044E40726B2E202054686520434C492075736588
S214044E5073207468652073616D65206E6574776F62
S214044E60726B20696E64657820756E74696C207444
S214044E706865206465766963652072657365747316
S214044E80206F72206974206973206368616E676599
S214044E9064207468726F7567682074686973206329
S214044EA06F6D6D616E642E00417474656D707473FD
S214044EB020746F206368616E676520646576696335
S214044EC065206F76657220746F206120646966665B
S214044ED06572656E74206368616E6E656C206769C2
S214044EE076656E20696E20746865206368616E6EF0
S214044EF0656C20617267756D656E742E0054686506
S214044F00206368616E6E656C20746F206368616EE2
S214044F10676520746F1F0066696E64556E757365E9
S214044F206450616E49640066696E644A6F696E61B6
S214044F30626C654E6574776F726B005065726D694E
S214044F407473206A6F696E696E67206F6E2074686A
S214044F5065206E6574776F726B20666F72206120B1
S214044F60676976656E206E756D626572206F662061
S214044F707365636F6E647320414E442062726F6182
S214044F806463617374732061205A444F204D676DC7
S214044F9074205065726D6974204A6F696E696E6715
S214044FA0207265717565737420746F20616C6C2053
S214044FB0726F75746572732E00412073696E676C28
S214044FC065206279746520696E6469636174696ECC
S214044FD06720686F77206C6F6E672074686520643E
S214044FE065766963652073686F756C64206861769E
S214044FF065207065726D6974206A6F696E696E6784
S214045000207475726E6564206F6E20666F722E2033
S214045010412076616C7565206F6620307866662060
S2140450207475726E73206F6E207065726D6974206D
S2140450306A6F696E20696E646566696E6974656C0C
S214045040792E1F00436865636B73206E6574776FF3
S214045050726B20706A6F696E207374617475732E38
S2140450600057726974657320746865206578746582
S2140450706E6465642070616E20494420666F7220F9
S214045080746865206465766963652E006578747057
S214045090616E69641F0052656A6F696E7320616E83
S2140450A0206578697374696E67206E6574776F72AD
S2140450B06B20696E206120736563757265206F725C
S2140450C020696E736563757265206D616E6E6572B8
S2140450D02077697468206120646966666572656E07
S2140450E0742064657669636520747970652E004261
S2140450F06F6F6C65616E206E6574776F726B206B74
S214045100657920617661696C6162696C6974791F7E
S2140451104368616E6E656C206D61736B1F416E2013
S214045120656E756D65726174696F6E20696E64690B
S214045130636174696E672074686520646576696364
S21404514065207479706520746F2072656A6F696E65
S2140451502061732E54686520737461636B206F6ED0
S2140451606C79206163636570747320534C5F5A498D
S214045170474245455F454E445F44455649434520AE
S214045180616E6420534C5F5A49474245455F534C11
S214045190454550595F454E445F4445564943452E60
S2140451A01F0052654A6F696E732061206E657477BE
S2140451B06F726B2E00426F6F6C65616E206E657445
S2140451C0776F726B206B657920617661696C6162BA
S2140451D0696C6974791F4368616E6E656C206D61D5
S2140451E0736B1F004C65617665732061206E657471
S2140451F0776F726B2E005475726E73207065726DC5
S2140452006974206A6F696E696E67206F6E20666FB8
S214045210722074686520616D6F756E74206F6620E9
S21404522074696D6520696E646963617465642E00D3
S214045230412073696E676C65206279746520696EB7
S2140452406469636174696E6720686F77206C6F6E3B
S2140452506720746865206465766963652073686F83
S214045260756C642068617665207065726D6974205B
S2140452706A6F696E696E67207475726E206F6E2031
S214045280666F722E20412076616C7565206F6620ED
S21404529030786666207475726E73207065726D69F8
S2140452A074206A6F696E20696E646566696E6974D7
S2140452B0656C792E1F004A6F696E732061206E65D7
S2140452C074776F726B206F6E206120676976656EE7
S2140452D0206368616E6E656C2C2077697468206143
S2140452E020676976656E20545820506F7765722063
S2140452F0616E642050414E2049442E005468652057
S2140453006368616E6E656C206F6E2077686963688B
S21404531020746F206A6F696E20746865206E6574E9
S214045320776F726B1F4F6E652D6279746520736993
S214045330676E65642076616C756520696E64696362
S2140453406174696E672074686520545820506F77BE
S214045350657220746861742074686520726164697B
S2140453606F2073686F756C642062652073657420A3
S214045370746F1F5468652050414E204944206F6E58
S21404538020776869636820746F206A6F696E20747A
S2140453906865206E6574776F726B1F00466F726D5A
S2140453A0732061206E6574776F726B206F6E206158
S2140453B020676976656E206368616E6E656C2C2066
S2140453C077697468206120676976656E2054582072
S2140453D0506F77657220616E642050414E204944B8
S2140453E02E00546865206368616E6E656C206F6E6F
S2140453F020776869636820746F20666F726D207406
S2140454006865206E6574776F726B1F4F6E652D62CC
S214045410797465207369676E65642076616C75655A
S21404542020696E6469636174696E672074686520B8
S214045430545820506F7765722074686174207468BD
S2140454406520726164696F2073686F756C6420628E
S214045450652073657420746F1F5468652050414E30
S214045460204944206F6E20776869636820746F2033
S214045470666F726D20746865206E6574776F726BE4
S2140454801F005468697320696E6974696174657372
S21404549020612054434C4B20757064617465207001
S2140454A0726F6365647572652E0053706563696612
S2140454B0792074686520616D6F756E74206F662040
S2140454C074696D6520746F207761697420616674F1
S2140454D06572206F6E652054434C4B207570646172
S2140454E07465206F7065726174696F6E20636F6D8A
S2140454F0706C65746573206265666F72652062659C
S21404550067696E6E696E672061206E657720544306
S2140455104C4B20757064617465206F70657261749D
S214045520696F6E2E0054686520616D6F756E742009
S2140455306F662074696D65206265747765656E2094
S21404554073756273657175656E74207472757374A1
S2140455502063656E746572206C696E6B206B65796A
S214045560207570646174657320696E206D696C6C57
S214045570697365636F6E64731F00536574206F727E
S21404558020636C6561722073746179206177616B46
S21404559065207768656E206E6F74206A6F696E6525
S2140455A06400536574206F7220636C6561722066B4
S2140455B06F726365206177616B6500446973706C14
S2140455C061792074686520736C65657020737461F6
S2140455D074757300464F522054455354494E472021
S2140455E0505552504F534553202D206761746865BB
S2140455F0722074696D696E67206D65747269637371
S21404560020666F72207265706F7274696E6720749C
S21404561061626C65206F7065726174696F6E732E5B
S21404562000436C6561727320746865206C617374E2
S214045630207265706F72742074696D65206F6620C1
S214045640617474726962757465732E004164647360
S2140456502061206E657720656E74727920746F20E1
S214045660746865207265706F7274207461626C650C
S2140456702E00546865206C6F63616C20656E6470E0
S2140456806F696E742066726F6D2077686963682030
S21404569074686520617474726962757465206973D0
S2140456A0207265706F727465641F54686520636C3D
S2140456B075737465722077686572652074686520F2
S2140456C0617474726962757465206973206C6F63A3
S2140456D0617465641F546865204944206F662074AD
S2140456E068652061747472696275746520626569A0
S2140456F06E67207265706F727465641F3020666F03
S2140457007220636C69656E742D73696465206174B8
S2140457107472696275746573206F72203120666FC7
S21404572072207365727665722D7369646520617480
S21404573074726962757465731F546865206D696E4A
S214045740696D756D207265706F7274696E67206915
S2140457506E74657276616C2C206D65617375726506
S2140457606420696E207365636F6E64732E1F5468BD
S21404577065206D6178696D756D207265706F7274E1
S214045780696E6720696E74657276616C2C206D652F
S21404579061737572656420696E207365636F6E64E9
S2140457A0732E1F546865206D696E696D756D206370
S2140457B068616E676520746F207468652061747410
S2140457C072696275746520746861742077696C6C9C
S2140457D020726573756C7420696E20612072657022
S2140457E06F7274206265696E672073656E742E1F0F
S2140457F00052656D6F76657320616E20656E7472F7
S214045800792066726F6D20746865207265706F7299
S21404581074207461626C652E0054686520696E6439
S2140458206578206F6620746865207265706F727480
S21404583020746F2062652072656D6F7665641F0044
S214045840436C6561727320616C6C20656E7472695A
S21404585065732066726F6D20746865207265706F5C
S2140458607274207461626C652E005072696E747373
S21404587020746865207265706F7274207461626C3F
S214045880652E00576970657320616C6C20646174C2
S2140458906120696E207468652073746F7261676531
S2140458A0206465766963652E005072696E74732091
S2140458B061726269747261727920627974657320A8
S2140458C06F6620746865204F544120696D61676572
S2140458D0206F6E206469736B2E0054686520696EB1
S2140458E0646578206F662074686520696D616765F5
S2140458F020746F207072696E7420697473206461FA
S21404590074611F546865206F666673657420696EDB
S214045910746F20746865204F544120696D61676513
S21404592020746861742077696C6C206265207072DC
S214045930696E7465641F005072696E747320696EB4
S214045940666F726D6174696F6E2061626F75742024
S2140459507468652073746F72616765206465766920
S21404596063652E0052656C6F6164207468652073ED
S214045970746F72616765206465766963652E00449A
S214045980656C657465732074686520696D61676508
S2140459902061742074686520737065636966696540
S2140459A06420696E6465782E0054686520696E64A8
S2140459B0657820617420776869636820746F206254
S2140459C06567696E2064656C6574696E67207468C3
S2140459D06520696D6167651F005072696E74732077
S2140459E074686520696D616765732E00456E616233
S2140459F06C6573204F544120646F776E67726164E0
S214045A0065732E0044697361626C6573204F54415C
S214045A1020646F776E6772616465732E0053656EDB
S214045A20647320616E2055706772616465456E64A8
S214045A305265717565737420746F20616E204F54BF
S214045A4041207365727665722E0043616E2062652E
S214045A50207573656420746F2064796E616D696364
S214045A60616C6C79207475726E206F66662073653F
S214045A706E64696E6720706167652072657175650E
S214045A80737473206F6E2074686520636C69656E2A
S214045A907420736964652C206966207468652073B5
S214045AA0657276657220646F65736E2774207375ED
S214045AB070706F727420746869732066656174759B
S214045AC072652E00426F6F6C65616E2076616C7530
S214045AD065207475726E696E67206F6E2028312992
S214045AE0206F72206F66662028302920746865202F
S214045AF070616765207265717565737420666C6184
S214045B00671F0053656E647320616E20696D61675C
S214045B106520626C6F636B207265717565737420A3
S214045B20666F7220612066696C65207468652073F0
S214045B3065727665722073686F756C64206E6F7418
S214045B4020686176652E202054657374206861721F
S214045B506E657373206F6E6C792028746573742079
S214045B606361736520392E352E36202D204D6973DA
S214045B7073696E672046696C6529005072696E7495
S214045B807320696E666F726D6174696F6E206F6ED6
S214045B90207468652063757272656E742073746110
S214045BA07465206F6620746865204F544120636CCA
S214045BB069656E7420646F776E6C6F61642E005333
S214045BC0746F707320746865204F54412073746139
S214045BD07465206D616368696E652E005374617226
S214045BE0747320746865204F544120636C69656E35
S214045BF074207374617465206D616368696E652EC4
S214045C0020546865207374617465206D61636869E7
S214045C106E6520646973636F766572732074686555
S214045C20204F5441207365727665722C2071756519
S214045C307269657320666F72206E657720696D6180
S214045C406765732C20646F776E6C6F616473207461
S214045C50686520696D6167657320616E642077618D
S214045C6069747320666F7220746865207365727633
S214045C70657220636F6D6D616E6420746F2075703D
S214045C8067726164652E005072696E74732074685E
S214045C9065206D616E756661637475726572204900
S214045CA0442C20496D616765205479706520494409
S214045CB02C20616E642056657273696F6E20696E5F
S214045CC0666F726D6174696F6E20746861742061AA
S214045CD072652075736564207768656E206120712F
S214045CE075657279206E65787420696D61676520C4
S214045CF069732073656E7420746F207468652073EE
S214045D0065727665722062792074686520636C69B2
S214045D10656E742E00506572666F726D73207369BB
S214045D20676E61747572652076657269666963610B
S214045D3074696F6E206F6E2074686520696D616784
S214045D40652061742074686520737065636966698C
S214045D50656420696E6465782E0054686520696EF3
S214045D6064657820617420776869636820746F209E
S214045D70626567696E2076657269666963617469CF
S214045D806F6E206F662074686520696D6167651F95
S214045D9000426F6F746C6F61647320746865206969
S214045DA06D6167652061742074686520737065632F
S214045DB0696669656420696E646578206279206323
S214045DC0616C6C696E6720746865204F544120626C
S214045DD06F6F746C6F61642063616C6C6261636B7B
S214045DE02E0054686520696E646578206174207797
S214045DF06869636820746F20626567696E20626FE5
S214045E006F746C6F6164696E672074686520696D71
S214045E106167651F005072696E747320696E666FE1
S214045E202061626F75742074686520696E7374618E
S214045E306C6C656420626F6F746C6F616465722E3F
S214045E4000537562747261637473206120636861C1
S214045E506E6E656C2066726F6D2065697468657217
S214045E6020746865207072696D617279206F722083
S214045E707365636F6E64617279206368616E6E65C4
S214045E806C206D61736B206F6620746865206E6588
S214045E9074776F726B2D7374656572696E672063B1
S214045EA06F6D706F6E656E742E005468652063683F
S214045EB0616E6E656C206D61736B20746F207375F4
S214045EC062747261637420746865206368616E6EC0
S214045ED0656C2066726F6D1F546865206368616E1A
S214045EE06E656C20746F20737562747261637420BF
S214045EF0746865206D61736B2066726F6D1F004158
S214045F006464732061206368616E6E656C20746FD0
S214045F102065697468657220746865207072696D9E
S214045F20617279206F72207365636F6E6461727933
S214045F30206368616E6E656C206D61736B206F669E
S214045F4020746865206E6574776F726B2D73746544
S214045F506572696E6720636F6D706F6E656E742E02
S214045F6000546865206368616E6E656C206D6173AD
S214045F706B20746F206164642061206368616E6EB8
S214045F80656C20746F1F546865206368616E6E6567
S214045F906C20746F2061646420746F2074686520BC
S214045FA06D61736B1F00536574732065697468654F
S214045FB07220746865207072696D617279206F72E0
S214045FC0207365636F6E64617279206368616E6EB8
S214045FD0656C206D61736B2E005468652063686180
S214045FE06E6E656C206D61736B20746F20737562C2
S214045FF0747261637420746865206368616E6E658C
S2140460006C2066726F6D1F5468652076616C7565CA
S21404601020746F2073657420746865206368616EED
S2140460206E656C206D61736B20746F2E1F00536554
S214046030747320746865207072652D636F6E66696C
S2140460406775726564206B657920736F2074686168
S2140460507420746865206A6F696E696E672064656B
S214046060766963652063616E20656E74657220745C
S2140460706865206E6574776F726B2E005365747353
S2140460802074686520707265636F6E6669677572E2
S2140460906564206B65791F0053746F707320746891
S2140460A065206E6574776F726B20737465657269AC
S2140460B06E672070726F636573732E00537461721B
S2140460C0747320746865206E6574776F726B2073C2
S2140460D074656572696E672070726F636573732E7C
S2140460E00041206D61736B206F66206F7074696F5A
S2140460F06E7320666F7220696E6469636174696E7C
S2140461006720737065636966696320626568617693
S214046110696F722077697468696E20746865206E8A
S2140461206574776F726B2D7374656572696E67201C
S21404613070726F636573732E1F00446973706C61AD
S2140461407973207468652063757272656E74207343
S2140461507461747573206F6620746865206E657448
S214046160776F726B207374656572696E67207072E0
S2140461706F636573732E00436C6561727320746875
S214046180652067726F757073207461626C65206F2A
S2140461906E20657665727920656E64706F696E74BC
S2140461A0005072696E747320696E666F726D6174E6
S2140461B0696F6E2061626F75742074686520636F02
S2140461C06E74656E7473206F6620746865206772DB
S2140461D06F757073207461626C652E004172746909
S2140461E066696369616C6C792064726F707320747D
S2140461F0686520626C6F636B206E756D62657220D5
S214046200646566696E6564206279207468652070CA
S214046210617373656420617267756D656E74206F53
S2140462206E6C79206F6E63652C20616E64207468D2
S214046230656E20616C6C6F77732069742075706F5F
S2140462406E20612072657472792E0054686520622F
S2140462506C6F636B206E756D62657220746F20615F
S21404626072746966696369616C6C792064726F70B4
S21404627020746F20666F7263652061207265747285
S21404628079202D2073657420746F2030784646205C
S214046290746F2064697361626C651F005365747360
S2140462A02074686520726563656976652077696E13
S2140462B0646F772073697A652E202042792064659E
S2140462C066696E6974696F6E20696E2074686520ED
S2140462D0536D61727420456E657267792070726FB3
S2140462E066696C65206974206D7573742062652018
S2140462F073657420746F2031206275742074686925
S2140463007320616C6C6F777320697420746F2062DD
S21404631065206368616E6765642E00546865206D49
S2140463206178206E756D626572206F66207468658C
S21404633020626C6F636B732072656365697665644F
S214046340206265666F726520616E2041505320613D
S214046350636B2069732067656E6572617465641F7C
S214046360004D616B65732074686973206E6F646595
S214046370207374617274206964656E7469667969E1
S2140463806E6720617320612074617267657420668D
S2140463906F722062696E64696E672077697468201C
S2140463A0616E20696E69746961746F72206E6F64C1
S2140463B0652E0054686520656E64706F696E74207F
S2140463C06F6E20776869636820746F2062656769FA
S2140463D06E207468652046696E64696E6720616E17
S2140463E0642042696E64696E6720746172676574BE
S2140463F02070726F636573731F004D616B65732045
S21404640074686973206E6F64652073746172742097
S21404641074686520696E69746961746F722070614E
S2140464207274206F66207468652066696E64696E8F
S2140464306720616E642062696E64696E672070729C
S2140464406F636573732E0054686520656E64706FA1
S214046450696E74206F6E20776869636820746F2095
S214046460626567696E207468652046696E64696E45
S2140464706720616E642042696E64696E6720696E87
S21404648069746961746F722070726F636573731FC9
S21404649000456E61626C652F64697361626C652089
S2140464A0646562756720606C6567616379206170F6
S2140464B070206672616D65776F726B2064656275B5
S2140464C06760207072696E7420747970652E00455A
S2140464D06E61626C652F64697361626C651F00454A
S2140464E06E61626C652F64697361626C65206465B5
S2140464F062756720607A636C60207072696E7420BF
S214046500747970652E00456E61626C652F646973DC
S21404651061626C6520646562756720606170706096
S214046520207072696E7420747970652E00456E61F1
S214046530626C652F64697361626C6520646562755C
S214046540672060636F726560207072696E74207471
S2140465507970652E00456E61626C652F646973619F
S214046560626C652064656275672060737461636B32
S21404657060207072696E7420747970652E0053659D
S2140465806E64732061207265717565737420666F1E
S21404659072204F544120636F756E746572732E00BB
S2140465A052657365747320616C6C207468726573CD
S2140465B0686F6C64732076616C75657320746F20E5
S2140465C03078464646462E00536574732061207420
S2140465D068726573686F6C642076616C7565206696
S2140465E06F72206120706172746963756C617220C9
S2140465F074797065206F6620636F756E7465722E8D
S2140466000054797065206F6620636F756E746572CA
S2140466101F5468726573686F6C642056616C756588
S2140466201F005072696E74732074686520746872F3
S2140466306573686F6C6473206F6620616C6C20747D
S214046640686520636F756E746572732E00436C659F
S21404665061727320616C6C20636F756E7465722052
S21404666076616C7565732E005072696E7473206162
S2140466706C6C20636F756E7465722076616C7565DC
S214046680732E005072696E74732074686520766188
S2140466906C7565206F662074686973207061727407
S2140466A06963756C617220636F756E7465722E0013
S2140466B054686520636F756E7465722074797065AE
S2140466C020746F207072696E741F005072696E7445
S2140466D07320616C6C20636F756E746572207661CE
S2140466E06C75657320616E6420636C6561727320DB
S2140466F07468656D2E00536574204D464720746F8C
S2140467006B656E2C2043414E4E4F54204245205517
S2140467104E53455420425920434C492E005072692A
S2140467206E74204D464720746F6B656E2E00507253
S214046730696E7420616374697665206576656E7427
S214046740732E0044697361626C6520746865206505
S2140467506E64706F696E7420666F72205A434C20A4
S2140467606D657373616765732E00456E64706F693B
S2140467706E7420696E6465781F00456E61626C6590
S214046780732074686520656E64706F696E74206625
S2140467906F72205A434C206D657373616765732E60
S2140467A0005072696E7420737461747573206F661A
S2140467B020656E64706F696E74732E0053686F770D
S2140467C073207468652076657273696F6E206F66D1
S2140467D02074686520736F6674776172652E005343
S2140467E065742074686520636F6E66696775726584
S2140467F064203830322E31352E3420434341206D08
S2140468006F646520696E2074686520726164696FC0
S2140468102E2053656520646F63756D656E746174B0
S214046820696F6E20726567617264696E6720524193
S214046830494C5F494545453830323135345F43630A
S214046840614D6F64655F742E0041205241494C5F70
S214046850494545453830323135345F4363614D6FC1
S21404686064655F742076616C75651F005265747587
S214046870726E732050544920726164696F20636F8E
S2140468806E66696720696E666F726D6174696F6E95
S21404689020746F2064657465726D696E6520746813
S2140468A065205048592074797065206265696E6762
S2140468B02075736564206279205241494C2E2072FB
S2140468C0657475726E2076616C75652069732065D3
S2140468D06E756D205241494C5F4945454538303206
S2140468E03135345F507469526164696F436F6E6604
S2140468F069675F7420652E6720205241494C5F49C2
S2140469004545453830323135345F5054495F52413D
S21404691044494F5F434F4E4649475F3250344748D9
S2140469205A203D203078303055205241494C5F493A
S2140469304545453830323135345F5054495F52410D
S21404694044494F5F434F4E4649475F3250344748A9
S2140469505A5F414E54444956203D203078303155D4
S214046960205241494C5F494545453830323135342B
S2140469705F5054495F524144494F5F434F4E464926
S214046980475F32503447485A5F434F4558203D20AE
S2140469903078303255205241494C5F494545453898
S2140469A030323135345F5054495F524144494F5F69
S2140469B0434F4E4649475F32503447485A5F414E2C
S2140469C0544449565F434F4558203D203078303371
S2140469D0550053656E64732061207265616420619E
S2140469E074747220666F72207468652074696D65AD
S2140469F0206F662074686520646576696365207315
S214046A0070656369666965642E20497420736574CD
S214046A1073206120666C616720736F207768656EEB
S214046A2020697420676574732074686520726573C2
S214046A30706F6E736520697420777269746573204D
S214046A407468652074696D6520746F20697473209A
S214046A506F776E2074696D6520617474722E0049B8
S214046A60641F737263456E64706F696E741F646529
S214046A707374456E64706F696E741F005768656E34
S214046A802073656E64696E67207573696E6720612E
S214046A902062696E64696E672C207370656369662C
S214046AA069657320776865746865722061206D7502
S214046AB06C7469636173742062696E64696E6720BE
S214046AC073686F756C6420626520757365642E0048
S214046AD07573654D756C74696361737442696E642D
S214046AE0696E671F0053656E64732061207072655B
S214046AF02D6275666665726564206D756C7469636F
S214046B00617374206D65737361676520746F2061AB
S214046B1020676976656E2067726F75702049442019
S214046B2066726F6D206120676976656E20656E6497
S214046B30706F696E742E0067726F757049641F7388
S214046B4072632D656E64706F696E741F00437265A0
S214046B50617465732061206D657373616765206277
S214046B60792073706563696679696E6720746865F1
S214046B70207261772062797465732E2055736520C0
S214046B807468652073656E6420636F6D6D616E64F2
S214046B9020746F2073656E6420746865206D657359
S214046BA073616765206F6E6365206974206861731E
S214046BB0206265656E20637265617465642E204587
S214046BC0783A2072617720307830303046207B3037
S214046BD030203041203030203131203232203333DF
S214046BE02034342035357D2073656E64732061202F
S214046BF06D65737361676520746F20636C75737459
S214046C006572203135202830783030304629206FA0
S214046C1066206C656E6774682038207768696368D8
S214046C2020696E636C7564657320746865205A43C6
S214046C304C206865616465722E00436C75737465D8
S214046C407249641F446174611F00526573657473EE
S214046C5020746865206E6F64652E005772697465CB
S214046C60732061206D6573736167652E00456E64DD
S214046C70706F696E741F436C757374657220494433
S214046C801F4174747269627574652049441F4D61AE
S214046C90736B1F4461746120747970651F4461745A
S214046CA06120627974651F005265616473206120F7
S214046CB06D6573736167652E00456E64706F696EEB
S214046CC0741F436C75737465722049441F41747451
S214046CD07269627574652049441F312069662073A1
S214046CE0657276657220646972656374696F6E2C6A
S214046CF0203020696620636C69656E74206469724E
S214046D00656374696F6E1F0053656E64732061203B
S214046D106D6573736167652E0044657374696E618F
S214046D2074696F6E1F536F7572636520656E647049
S214046D306F696E741F44657374696E6174696F6EEF
S214046D4020656E64706F696E741F00536F7572638E
S214046D506520656E64706F696E741F004C69737489
S214046D6073207768696368206F7074696F6E616CEE
S214046D70206C6962726172696573206F662074683C
S214046D806520737461636B2061726520696D706C35
S214046D90656D656E746564206F6E20746869732013
S214046DA06465766963652E005072696E7473206933
S214046DB06E666F726D6174696F6E2061626F757452
S214046DC020746865206E6574776F726B20737461C7
S214046DD074652C20636C7573746572732C20616EF5
S214046DE06420656E64706F696E74732E006F6666D9
S214046DF07365741F005072696E747320696E666FD3
S214046E00726D6174696F6E20666F7220616C6C209F
S214046E10617661696C61626C6520736C6F74732E45
S214046E200052656164732072617720646174612026
S214046E3066726F6D20666C6173682073746F72611E
S214046E4067652E004164647265737320746F2072E4
S214046E506561641F4E756D626572206F6620627987
S214046E6074657320746F20726561641F00507269C4
S214046E706E747320666C6173682073746F726167D6
S214046E806520696E666F726D6174696F6E2E00455B
S214046E9072617365732074686520737065636966D0
S214046EA069656420736C6F742049442E0053746FB4
S214046EB07261676520736C6F74206E756D6265729F
S214046EC01F00426F6F74732074686520696D616774
S214046ED06520696E207468652073706563696669E9
S214046EE0656420736C6F742049442E00434C49201B
S214046EF0696E7374616E6365206578616D706C6528
S214046F000064756D6D795F696E7374005A434C2026
S214046F10636F6D6D616E64730062617369630067AD
S214046F206C6F62616C006D66672D636F64650075D7
S214046F3073652D6E6578742D73657175656E6365FE
S214046F4000782D64656661756C742D7265737000C7
S214046F50746573742D726573706F6E73652D6F6EC2
S214046F6000746573742D726573706F6E73652D6F20
S214046F706666005A434C20626173696320636C75CD
S214046F807374657220636F6D6D616E6473007274E2
S214046F90666400436F6D6D616E642074686174206E
S214046FA072657365747320616C6C206174747269A5
S214046FB0627574652076616C75657320746F2066DF
S214046FC06163746F72792064656661756C742E00F3
S214046FD05241494C006C6F7765722D6D61632D725A
S214046FE061696C2D3830322E31352E342E63006CA8
S214046FF069627261696C2E6100756E636C61696D9D
S2140470006564006275666665722D6D616E6167659E
S2140470106D656E742E63006576656E742D71756588
S21404702075652E63007A69676265652D757070658F
S214047030722D6D61632E63006E65696768626F7298
S2140470402E63006173736F63696174696F6E2E6378
S214047050003138323173003134323231003132315A
S2140470600032730031323231313200313232313152
S21404707000323831003831310031383231310031A4
S2140470803231313132313232323173003132320000
S214047090313231313232310031313131003232382D
S2140470A000726F7574652D7461626C652E63006D75
S2140470B061632D6D756C74692D6E6574776F726B74
S2140470C02E63006C65676163792D7061636B65740C
S2140470D02D6275666665722E6300000102030D312B
S2140470E02E312E312D383934303839310100010033
S2140470F0020303000300000013B779FAC925DDB7BD
S214047100ADF3CFE0F1B614B80102000000000000B1
S214047110FFFFFFFF01000000010000000000000068
S2140471200000000000000000000000000000000056
S2140471300000000000000000000000000000000046
S2140471400000000000000000033F1F000138030099
S214047150FD370300DB370300A93703003938030083
S2140471600B380300AB3703002C00000002020203B6
S2140471700000000001020000000801B420720400B0
S2140471800008015ADC7104000008004098710400ED
S21404719000000000000000000000FCFEFFFF0000EE
S2140471A000000000FFFF000000000000FFFF0000DA
S2140471B000000000FFFF000000000000400018066A
S2140471C0F4D200002C00B0023DBE00001700F2000E
S2140471D00C7C00000C0041009E4200006400FCFE93
S2140471E0FFFF000000000000FFFF0000000000009A
S2140471F05A00F306A554FEFF2100A301A1FEFFFFDB
S2140472001100A600832700000A006100DC260000A7
S21404721006003B00F820000003001500AD13000034
S214047220C800FCFEB4008B087BC0FBFF4D00E402E4
S214047230E756FFFF2C00A20183EBFFFF1A000301B1
S214047240B31A00001100A300552900000A005E00CE
S2140472505A28000006003A00212200000400180004
S214047260731600006D28040034DF030034DF0300C7
S21404727034DF030034DF030034DF030034DF0300AD
S21404728034DF030034DF030034DF030034DF03009D
S21404729034DF030034DF030034DF030034DF03008D
S2140472A034DF030034DF030034DF030034DF03007D
S2140472B034DF030034DF030034DF030034DF03006D
S2140472C034DF030034DF030034DF030034DF03005D
S2140472D034DF030042DF030034DF030057DF03001C
S2140472E034DF030034DF03007CDF030034DF0300F5
S2140472F034DF030034DF030034DF0300A4DF0300BD
S21404730034DF030034DF030034DF030034DF03001C
S214047310BCDF030034DF0300DADF03000B000000E9
S2140473200B00000002000000000020200000000007
S214047330030000008C8C3C000000000000000000ED
S21404734000000000000000581200000000000000CA
S214047350FFFFFFFFFFFFFFFF554E4B00474F200088
S21404736042544C00474F3200474F3300474F3400D7
S214047370474F3500474F3600474F3700474F3800D2
S214047380474F3900474F4100474F4200474F43009D
S214047390474F4400474F4500474F46004A4D50006C
S2140473A0424452005550520042544D004D534D0035
S2140473B046544C00554E4B00474F200042544C0058
S2140473C04241440046544C00465243004F54410048
S2140473D044534C004241500055504700544D45001C
S2140473E046415500545A4600554E4B0050494E00EF
S2140473F0454D3400554E4B0048562000554E4B0024
S214047400455850004C574D00554E4B0052425400C0
S21404741044534C00454D3400554E4B0041535400E4
S214047420554E4B0056465900494E4800554E4B00A3
S2140474304C434B0058544C004F424600554E4B00AC
S214047440485244004D454D0042555300555347009D
S21404745044424700444D410056435400554E4B00A9
S2140474605550200052502000415030004150310009
S2140474704150200044502000444543005873040003
S2140474805C730400B4730400E8730400F47304002B
S214047490FC730400087404001874040020740400C8
S2140474A02C7404003C7404005C740400554E4B00B9
S2140474B04649420042544C00455854005057520026
S2140474C0574447002053570043525300465348003E
S2140474D042414400464C540042524F00010401030A
S2140474E003060105010501090600060B0000070B4B
S2140474F0050B000000000000000000000400E40C7F
S2140475000A00010410010000000500020000030048
S2140475109877040094770400807704007C7704004E
S21404752078770400747704006277040052770400C6
S21404753038770400307704002677040024770400A4
S2140475400C7704000977040001770400F076040041
S214047550E0760400CE760400B4760400AC7604002C
S214047560A07604009C760400987604008A760400CC
S2140475707F760400667604004D760400F1750400F8
S214047580F0750400E0750400B8750400AD750400D9
S214047590AC750400987504000000000000000000AC
S2140475A00000000000000000000000000F000000C3
S2140475B000000000000000000000000000000000C2
S2140475C000000000000000000000000000000000B2
S2140475D000000000000000000000000000000000A2
S2140475E00100000000000000000000000000000091
S2140475F00F00000000000000000000000000000073
S2140476000000000000000000000000000000000071
S2140476100000000000000000000000000000000061
S2140476200000000000000000000000000000000051
S2140476300000000000000000000000000000000041
S2140476400000000000000000000000000000000031
S2140476500000000000000000000000000000000021
S2140476600000000000000000000000000000000011
S2140476700000000000000000000000000000000001
S21404768000000000000000000000000000000000F1
S21404769000000000000000000000000000000000E1
S2140476A0FFFFFFFFFFFFFFFFFFFF000000000000DB
S2140476B000000000000000000000000000000000C1
S2140476C000000000000000000000000000000000B1
S2140476D000000000000000000000000000000000A1
S2140476E00000000000000000000000000000000091
S2140476F00000000000000000000000000000000081
S21404770000FFFFFFFFFFFFFFFF9C0000FF000000DD
S2140477100000000000000000000000000000000060
S214047720800000000000FFFFFFFFFFFFFFFFFFFFDA
S21404773000000000FFFF0000000000000000000042
S2140477400000000000000000000000000000000030
S2140477500000FFFFFF000000000000000000000023
S2140477600000000000000000000000000000000010
S2140477700000000000000000000000000000000000
S21404778000000000000000000000000000000000F0
S2140477900000000000000000FC03010101010101DB
S2140477A001010101010101010100000000000001C6
S2140477B00020060000000601010000200204110457
S2140477C0040211101A080A021801081110111A08E6
S2140477D00A04020D0B19195C0110280B0114000091
S2140477E0000000000000000000000000000101018D
S2140477F00101010001010101010101000001010173
S214047800000100010100000000000000000000006C
S214047810000000000001000000000000000000005E
S2140478200000000001FF010023E1010075E40100EF
S21404783063E2010063E5010062E1010079EB010007
S21404784064EE010024E1010025E1010026E10100C7
S21404785027E1010028E1010029E101002AE10100F5
S2140478600000010080000100000101008001010009
S214047870000201008002010020E201000003010072
S2140478800005010080050100000601002C890100A6
S214047890800601000007010001E5010002E5010081
S2140478A00008010080080100004001008632101024
S2140478B0FFFFFFFFFFFFFFFFF3E70300F9E7030007
S2140478C0FFE7030005E803000BE803005A69674274
S2140478D06565416C6C69616E636530394E574B2043
S2140478E05374656572696E6700009596959595055F
S2140478F007090D0000000000000102030406000052
S214047900B3FD0300351104004F1104006611040092
S21404791079110400891104009D110400AF110400BC
S214047920BF110400DB110400F01104000208010D6D
S2140479300D01010112010000FFFFFFFFFFFFFFFF23
S214047940000000000000000001090501000200001C
S214047950000000031EF1EE0B687904002C1D0400E1
S2140479606D280400FE000000481D0400C87A0400C8
S21404797000000000521D0400B87A04000000000055
S2140479805F1D0400A87A0400000000006C1D0400BB
S214047990987A0400000000008A1D0400847A04001B
S2140479A000000000821D0400707A0400000000003D
S2140479B0891D04005C7A040000000000971D040082
S2140479C04C7A040000000000091C0400387A040005
S2140479D000000000901D0400287A04000000000047
S2140479E09C1D0400147A04000000000024E6030032
S2140479F0047A0400000000000000000000000000FC
S214047A0000000000CF4E0300AD1D0400EA1D040074
S214047A10010100FFA9D50000131E0400581E04002F
S214047A20010100010107FF0065D50000A51E040042
S214047A30101F0400010100FFA5D40000311F04003C
S214047A404A1F040000010100FF000000E14E03008D
S214047A506F1F0400C71F04000101FF00C94E030086
S214047A60DE1F04003520040001010207FF000000A9
S214047A70C34E0300DE1F0400352004000101020784
S214047A80FF000000BD4E0300DE1F04003520040086
S214047A9001010207FF00000059D40000562004002C
S214047AA095200400010101FFF9D30000B42004006E
S214047AB0F9200400010000FFB5D30000B420040040
S214047AC0F9200400010000FF3DD40000202104003A
S214047AD0261F040000FF0000B74E030075210400B3
S214047AE0134C0400FF000000B14E0300E82104001C
S214047AF0134C0400FF00000095D300005722040036
S214047B00CC22040000FF00006DD30000E422040031
S214047B104623040000FF0000A34E0300572304007E
S214047B209D23040002FF000035D30000A6230400B2
S214047B301A24040001FF00009324040076240400A1
S214047B408524040091240400A2240400B82404001C
S214047B50CE240400D8240400E2240400000000001C
S214047B60E627040011000000F227040012000000BB
S214047B70FA27040013000000022804002100000075
S214047B800A28040022000000112804002300000034
S214047B9018280400AA0000001F280400FF000000A4
S214047BA000000000FFFFFFFFFFFFFFFF00000000D4
S214047BB000000000000001080109020A030B040C7F
S214047BC0050D060E070F081001180119021A031BEB
S214047BD0041C051D061E071F08200121022203237C
S214047BE0042405250626072708280129022A032B2C
S214047BF0042C052D062E072F0830013102320338D7
S214047C000239043A08E004E104E204E802E902EA7C
S214047C1004F008F110000000000000000205000057
S214047C20807C040001000000947C04000100000035
S214047C30A87C040001000000BC7C040001000000D5
S214047C40D07C040001000000E47C04000100000075
S214047C50F87C0400010000000C7D04000100000014
S214047C60207D040001000000347D040001000000B3
S214047C70487D0400010000005C7D04000100000053
S214047C8000000000707D04000300000040000000B7
S214047C900000000000000000707D040003000000E7
S214047CA0400000000000000000000000707D04009A
S214047CB00300000040000000000000000000000078
S214047CC0707D040003000000400000000000000077
S214047CD000000000707D0400030000004000000067
S214047CE00000000000000000707D04000300000097
S214047CF0400000000000000000000000707D04004A
S214047D000300000040000000000000000000000027
S214047D10707D040003000000400000000000000026
S214047D2000000000707D0400030000004000000016
S214047D300000000000000000707D04000300000046
S214047D40400000000000000000000000707D0400F9
S214047D5003000000400000000000000000000000D7
S214047D60707D0400030000004000000000000000D6
S214047D70000020012000000008000000040042214A
S214047D8030000000BC7D040000FF4200300000000C
S214047D90000000000400410045F000000600410019
S214047DA04F57030019008100E90C010019008400F4
S214047DB069170100008000000000000006435553C8
S214047DC0544F4D00000000000000000000000000BA
S214047DD00000000000000000000000000000040195
S214047DE00401040104010401040104010401040162
S214047DF0040104010401FFFFFFFFFFFFFFFFFFFF75
S214047E00FFFFFFFFFFFFFFFFFFFFFFFFFFFF000176
S214047E1002030405060708090A0B1F1C1F1E1F1E63
S214047E201F1F1E1F1E1F07021F012F0037013F00C2
S214047E305701DF02E700FF02000000000000000018
S214047E400000000000000000000000000000000029
S214047E50000000000000000000000000852E040062
S214047E60FFFF0000000000003D2F0400482F040020
S214047E706D280400502F04005E2F04006D280400B3
S214047E80712F04007C2F04008A2F04008E2F040018
S214047E909E2F0400BBFE0300AE2F0400B22F040086
S214047EA0BD2F0400C72F0400D12F0400D52F0400D3
S214047EB0E32F0400F72F04000D30040000800000B8
S214047EC0000000000000000000000000FFFFFFFFAD
S214047ED0FF000000000000004D99010000000000B3
S214047EE0000000000000F03F0000000000002440F6
S214047EF000000000000059400000000000408F40D1
S214047F00000000000088C34000000000006AF8403B
S214047F100000000080842E4100000000D01263415F
S214047F200000000084D797410000000065CDCD41D5
S214047F30340204002095040000000000AF3804005A
S214047F401095040000000000B438040000950400F6
S214047F5000000000B5380400F0940400000000009F
S214047F60971D0400DC940400000000008A1D040031
S214047F70C894040000000000BA380400B894040052
S214047F8000000000C0380400A894040000000000AC
S214047F90C43804009894040000000000D338040099
S214047FA08894040000000000F0380400789404006C
S214047FB000000000F9380400689404000000000083
S214047FC00E3904005894040000000000DD0F04007D
S214047FD048940400000000001E39040008940400BD
S214047FE000000000153D0400948B0400000000000F
S214047FF06E2D0400548B0400000000002539040094
S214048000948A0400000000002E39040098890400B5
S214048010000000003B3904008C85040000000000CA
S214048020DB2F0400648404000000000042390400CE
S214048030648404000100000046390400248404001B
S214048040000000004B390400E88204000000000031
S2140480501BE00300E8820400010000003B39040032
S2140480608C85040000000000523904008C8504004E
S2140480700100000057390400B48204000000000028
S21404808061390400B4820400010000006939040068
S214048090E48004000000000029E70300B080040028
S2140480A000000000000000000000000000000000C7
S2140480B0C08004006D3904006D280400FE00000032
S2140480C0853904003C8C040000000000EA3D0400EE
S2140480D02C8C0400000000000000000000000000DB
S2140480E000000000F48004008A3904006D280400AF
S2140480F0FE000000A0390400BC8D0400000000004F
S214048100A6390400AC8D040000000000AC3904005D
S2140481109C8D040000000000B53904008C8D04001A
S214048120000000006AE403007C8D040000000000E8
S21404813074E20300448D0400000000007BEB03009F
S214048140308D040000000000BF390400208D0400B8
S2140481500000000068E70300108D04000000000023
S214048160C4390400008D040000000000CB3904006C
S214048170F08C040000000000D0390400E08C0400F9
S21404818000000000D43904008082040000000000CF
S214048190DB3904002882040000000000E3390400F0
S2140481A0F481040000000000EF390400C0810400DC
S2140481B000000000000000000000000000000000B6
S2140481C0D0810400FA3904006D280400FE00000083
S2140481D045F903005C8C040000000000C824040079
S2140481E04C8C0400000000000000000000000000AA
S2140481F000000000048204001B3A04006D280400FA
S214048200FE00000045F903007C8C0400000000001A
S214048210C82404006C8C0400000000000000000069
S2140482200000000000000000388204003D3A04000C
S2140482306D280400FE0000005B3A0400CC8C0400A9
S21404824000000000393F0400BC8C0400000000005D
S2140482506A3A0400AC8C0400000000006F3A040084
S2140482609C8C040000000000763A04008C8C040009
S21404827000000000000000000000000000000000F5
S214048280908204007B3A04006D280400FE0000007F
S214048290F1F80300688D040000000000983A04001A
S2140482A0548D0400000000000000000000000000E0
S2140482B000000000C4820400A03A04006D280400F4
S2140482C0FE000000BC3A0400FC8D04000000000020
S2140482D0DB2F0400EC8D040000000000000000000A
S2140482E00000000000000000F8820400C13A040008
S2140482F06D280400FE000000DA3A0400AC8E040088
S21404830000000000D3F503009C8E0400000000006B
S214048310E33A04008C8E040000000000BC3A04001B
S214048320DC8D040000000000E83A0400CC8D040054
S21404833000000000F53A0400E48304000000000096
S214048340033B0400B083040000000000113B04005B
S214048350708304000000000025390400948A040099
S2140483600000000000000000000000000000000004
S214048370808304001A3B04006D280400FE000000FD
S2140483805E6F04007C8E0400000000006F6F040023
S2140483906C8E040000000000CA0904005C8E040011
S2140483A000000000000000000000000000000000C4
S2140483B0C0830400383B04006D280400FE0000005F
S2140483C0623B0400CC8E0400000000007C2A0400FB
S2140483D0BC8E040000000000000000000000000046
S2140483E000000000F4830400693B04006D280400C8
S2140483F0FE00000029E70300008F040000000000D0
S214048400C8240400F08E040000000000393F040075
S214048410DC8E0400000000000000000000000000E5
S2140484200000000034840400893B04006D28040026
S214048430FE00000029E70300308F0400000000005F
S214048440A93B0400208F040000000000C824040098
S214048450108F040000000000000000000000000070
S2140484600000000074840400B03B04006D2804007F
S214048470FE000000CA3B04006490040000000000F4
S214048480802404005490040000000000FD3B040017
S21404849044900400000000006AE4030034900400E2
S2140484A0000000009B240400249004000000000048
S2140484B0CF3B04001490040000000000E73B0400D7
S2140484C00490040000000000F03B0400F48F040055
S2140484D000000000F73B0400E48F040000000000E6
S2140484E0033C0400B48F040000000000393F04007D
S2140484F0A48F040000000000123C0400948F0400C3
S21404850000000000890A0400848F040000000000B4
S214048510173C0400748F0400000000002E3C040086
S214048520648F040000000000423C0400508F0400E6
S21404853000000000523C0400408F040000000000CD
S214048540613C0400588504000000000000000000A0
S214048550000000000000000068850400663C04007B
S2140485606D280400FE0000007D3C0400D48F040047
S21404857000000000863C0400C48F040000000000D5
S2140485800000000000000000000000009C850400BD
S2140485906D2804006D280400FE0000008D3C0400D5
S2140485A0D48B0400000000009A3C0400188A0400DF
S2140485B000000000A33C04006489040000000000DE
S2140485C0B13C04003089040000000000BF3C0400F5
S2140485D0FC88040000000000CD3C0400648804000D
S2140485E000000000DE3C04003C880400000000009C
S2140485F0EB3C04009C87040000000000F63C0400EA
S2140486004487040000000000093D04001C870400A1
S214048610000000007B1C0400B88604000000000074
S2140486201C3D04007886040000000000273D04007A
S2140486304486040000000000000000000000000063
S21404864000000000548604003A3D04006D2804002F
S214048650FE0000005E3D040084900400000000005C
S214048660643D040074900400000000000000000054
S214048670000000000000000088860400683D040036
S2140486806D280400FE0000009FFA0300B490040066
S214048690000000009A3D0400A490040000000000BE
S2140486A0A63D0400949004000000000000000000B2
S2140486B00000000000000000C8860400BC3D040062
S2140486C06D280400FE00000029E70300189104004A
S2140486D000000000C8240400089104000000000004
S2140486E096190400F89004000000000045F9030001
S2140486F0E490040000000000D83D0400D490040078
S21404870000000000EF3D0400C490040000000000D8
S2140487100000000000000000000000002C87040099
S214048720FB3D04006D280400FE000000203E04000B
S2140487302891040000000000000000000000000073
S2140487400000000054870400253E04006D28040041
S214048750FE000000493E040078910400000000007A
S214048760A93B04006891040000000000553E040084
S21404877058910400000000005C3E04004891040088
S21404878000000000693E0400389104000000000068
S214048790000000000000000000000000AC87040099
S2140487A0743E04006D280400FE000000E23C040051
S2140487B02892040000000000913E04001892040071
S2140487C000000000340204000892040000000000C8
S2140487D049110400F8910400000000005C3C040009
S2140487E0E8910400000000009FFA0300D8910400FA
S2140487F000000000983E0400C89104000000000039
S214048800A33E0400B891040000000000B03E04003B
S214048810A891040000000000C03E040098910400E3
S21404882000000000D33E040088910400000000000D
S2140488300000000000000000000000004C88040057
S214048840E53E04006D280400FE0000003402040027
S2140488503892040000000000000000000000000041
S2140488600000000074880400033F04006D28040020
S214048870FE0000009FFA0300A89204000000000017
S2140488804911040098920400000000005C3C0400B7
S2140488908892040000000000263F0400789204003A
S2140488A000000000653A0400BC88040000000000D4
S2140488B0000000000000000000000000CC88040057
S2140488C03D3F04006D280400FE000000393F04000C
S2140488D0689204000000000045F903005892040062
S2140488E000000000533F040048920400000000000B
S2140488F00000000000000000000000000C890400D6
S2140489005C3F04006D280400FE00000029E7030015
S214048910C892040000000000C8240400B8920400B2
S214048920000000000000000000000000000000003E
S214048930408904007C3F04006D280400FE0000000B
S2140489409C3F0400E892040000000000AF3F0400CF
S214048950D8920400000000000000000000000000A0
S2140489600000000074890400C53F04006D2804005C
S214048970FE000000E53F0400089304000000000029
S214048980D3F50300F8920400000000000000000085
S2140489900000000000000000A88904006D28040000
S2140489A06D280400FE000000EF3F0400C0890400A8
S2140489B000000000000000000000000000000000AE
S2140489C0D08904006D2804006D280400FE00000011
S2140489D0FB3F04005893040000000000CC2F040062
S2140489E0489304000000000001400400389304008B
S2140489F00000000005400400289304000000000066
S214048A000940040018930400000000000000000061
S214048A100000000000000000288A0400194004003A
S214048A206D280400FE00000029E70300D893040024
S214048A300000000034400400C89304000000000056
S214048A4047400400B893040000000000C824040053
S214048A50A893040000000000544004009893040007
S214048A600000000065400400889304000000000035
S214048A70734004007893040000000000844004005F
S214048A8068930400000000000000000000000000DE
S214048A9000000000A48A0400914004006D2804002D
S214048AA0FE000000AB4004002C8E04000000000012
S214048AB0DE4004001C8E040000000000194104007F
S214048AC00C8E04000000000030410400208B0400DB
S214048AD0000000003A410400EC8A04000000000094
S214048AE0000000000000000000000000FC8A0400F3
S214048AF03E4104006D280400FE0000005E6F040082
S214048B004C8E0400000000006F6F04003C8E0400CE
S214048B10000000000000000000000000000000004C
S214048B20308B04005D4104006D280400FE00000044
S214048B30EBF50300F893040000000000393F04003E
S214048B40E89304000000000000000000000000009D
S214048B5000000000648B0400704104006D280400CB
S214048B60FE00000029E7030038940400000000001B
S214048B70623B040028940400000000007C2A0400E1
S214048B80189404000000000000000000000000002C
S214048B9000000000A48B04008B4104006D28040030
S214048BA0FE000000693E040050950400000000002A
S214048BB09FFA0300409504000000000034020400FD
S214048BC030950400000000000000000000000000D3
S214048BD000000000E48B0400AB4104006D28040090
S214048BE0FE000000C9410400A09504000000000037
S214048BF0D34104009095040000000000DE41040008
S214048C008095040000000000971D04007095040081
S214048C1000000000ED410400609504000000000020
S214048C20000000000000000000000000954E030055
S214048C30F84104006D280400FF000000914E030074
S214048C40054204006D280400FF000000B1DA0000AD
S214048C50174204006D280400FF00000049DA0000F3
S214048C60444204000C4A040001FF0000B1DA00008C
S214048C70844204006D280400FF00000049DA000066
S214048C80B24204000C4A040001FF0000E5DA0000CA
S214048C90F34204001443040000FF0000E5DA000079
S214048CA01D4304007A4304000000FF0061DB00005B
S214048CB088430400A1430400010001FFD1DB000047
S214048CC0C6430400084404000102FF0061DB000000
S214048CD01E4404004D44040001000102FF0000008D
S214048CE0D9D800007E440400BA44040007FF0000FC
S214048CF0F9D80000C0440400F344040001FF000057
S214048D000DD90000FB4404004B4504000100FF009D
S214048D1069D9000060450400B14504000101FF0064
S214048D203DD90000C1450400FB45040001FF0000D6
S214048D30BDD90000034604004C46040001000001AF
S214048D400707FF0001DC00009E460400F34404000D
S214048D5001FF000001DD0000E64604002A47040087
S214048D60010700010700FF00F34E03007F470400DD
S214048D70C54704000107000101FF000089DC00006C
S214048D80014804003C480400010000FF59DC0000D0
S214048D905A4804009E4804000100FF0029DC000035
S214048DA0B14804009E4804000100FF00D1DC000026
S214048DB0F0480400FB45040001FF000041DD00000C
S214048DC02B4904005C4904000100FF0089C600002A
S214048DD06D2804006A490400000707FF2DC600003A
S214048DE06D28040083490400000707FF19CB000020
S214048DF06D2804008F49040007FF000019CB00000B
S214048E006D2804008F49040007FF0000454E030048
S214048E106D280400944904000000FF00F5CA000011
S214048E206D280400AB20040001FF0000BDCA00004A
S214048E306D280400CC49040000FF00000DC60000A5
S214048E406D2804006D280400FF0000000DC6000015
S214048E506D2804006D280400FF0000001B4E03006C
S214048E606D2804006D280400FF0000001B4E03005C
S214048E706D2804006D280400FF0000001B4E03004C
S214048E806D2804006D280400FF000000DDC5000006
S214048E906D280400024A04000101FF00C9C5000051
S214048EA06D280400174A040001FF0000174E030053
S214048EB06D2804006D280400FF00000091C5000022
S214048EC0403B04006D280400FF00000091C500002C
S214048ED0214A04006D280400FF00000011C70000AA
S214048EE0424A0400594A04000001000007FF00003B
S214048EF0134E03007F4A04006D280400FF000000A0
S214048F0091C40000994A04006D280400FF00000084
S214048F108D4E0300C74A04006D280400FF000000BD
S214048F207F4E0300E14A04006349040000FF00008A
S214048F30EDCD0000064B04006D280400FF00000081
S214048F4065C30000204B04006D280400FF000000E9
S214048F50F9C20000434B0400C04B04000000031099
S214048F60FF000000D5C30000154C0400834C040029
S214048F7001FF0000A9C30000984C0400DB4C040069
S214048F8000FF0000BDC20000EC4C04006D28040085
S214048F90FF000000114E03001B4D04006D28040062
S214048FA0FF00000099C20000674D040063490400F6
S214048FB000FF000065C20000A84E0400FD4E040039
S214048FC000FF000049C20000174F04006D2804008B
S214048FD0FF0000002DC20000274F04006D28040087
S214048FE0FF000000014E03003B4F0400B94F04008D
S214048FF000FF0000FDC10000445004006D2804007A
S214049000FF000000B9C10000615004008C50040049
S21404901007FF000079C1000096500400EF500400DA
S214049020000500FF31C10000A2510400B551040040
S2140490300002FF000DC10000E45104006D28040086
S214049040FF000000014E0300F651040030520400F5
S21404905000FF0000A1C00000B6520400FC52040049
S214049060000301FF91C000009C530400E253040077
S214049070000301FFF1330100825404006D2804004C
S214049080FF000000035C0300AA54040025550400F6
S21404909002FF000025E100007A550400134C04008A
S2140490A000FF0000F1E00000A2550400134C040089
S2140490B000FF0000A1E00000BB5504006D2804007A
S2140490C0FF00000019260100D45504006D28040092
S2140490D0FF000000F1250100215604006D2804005D
S2140490E0FF0000007D2501004C5604007256040063
S2140490F000010100010102FF55250100F15704009B
S2140491001958040000FF00003525010040580400EB
S2140491106D280400FF000000892401006A5804003A
S2140491206D280400FF000000D5590300835804008E
S2140491306D280400FF000000FD1A0100A958040071
S214049140DA5804000002FF004958030037590400A7
S2140491506D280400FF00000045580300645904000D
S2140491606D280400FF000000B11A01007F590400B6
S214049170A959040000FF000089180100D959040009
S2140491806D280400FF00000041040100EC590400AF
S2140491906D280400FF00000029040100045A04009E
S2140491A06D280400FF000000BD5703001D5A04008C
S2140491B06D280400FF000000A95703004A5A040063
S2140491C0C45A040000FF0000A1170100035B04005A
S2140491D06D280400FF0000008D1601007B5B040070
S2140491E06D280400FF000000E5020100BF5B0400D8
S2140491F06D280400FF000000C9020100DC5B0400C7
S2140492006D280400FF00000041030100875C040091
S2140492106D280400FF00000035030100155D0400FE
S2140492205A5D040000FF000001030100915D040084
S214049230E25D040000FF00002D010100155E04003D
S2140492406D280400FF000000E9F50000415E0400FC
S214049250AA5E04000000FF00E9F50000FF5E0400BB
S214049260615F04000000FF008DF60000A65F0400A6
S214049270D95F04000002FF00175703002E600400A5
S2140492807C60040007FF0000BDF70000986004003F
S2140492906D280400FF000000D1F50000BC60040047
S2140492A0E160040000FF0000E1F600003A610400FB
S2140492B06D280400FF000000A9EF00007761040099
S2140492C06D280400FF00000075EF0000A161040093
S2140492D06D280400FF000000EF550300DC61040065
S2140492E04B62040000FF0000E1E800009C620400FA
S2140492F01B63040000FF0000E155030061630400E3
S214049300B363040000FF0000BB550300FA630400C7
S2140493104764040000FF0000B15503009164040094
S214049320CF64040000FF0000AB550300DF640400B4
S214049330CF64040000FF0000A55503000665040082
S214049340CF64040000FF00009F5503002D65040051
S214049350CF64040000FF000099550300556504001F
S214049360CF64040000FF0000755503007E6504000A
S2140493706D280400FF0000007B550300A065040070
S2140493806D280400FF00000099E30000C86504008F
S214049390016604000001FF00C5E300002266040025
S2140493A06D280400FF000000775503004D66040096
S2140493B06D280400FF00000081E3000068660400D6
S2140493C06D280400FF0000003DE3000083660400EF
S2140493D0B066040000FF000025E30000CB6604002E
S2140493E06D280400FF0000006DCB0000F666040044
S2140493F06D280400FF0000006DCB00001D6704000C
S2140494006D280400FF00000081C000002E670400E1
S2140494106D280400FF0000004DC0000043670400F0
S2140494206A67040000FF00004DC000007A6704006D
S2140494306A67040000FF0000E5BF0000A16704009F
S2140494406D280400FF000000F94D0300BC6704000B
S2140494506D280400FF00000045BC0000DF67040020
S2140494604968040000FF000025BC00006C68040086
S2140494706D280400FF000000E5D70000D269040050
S2140494805F6A0400010000FFC5D600007C6A040081
S214049490D06A040000FF0000F9D60000E56A040064
S2140494A0376B04000100FF0065D600004D6B040016
S2140494B03A6C04000107FF00FD4D03004A6C0400EB
S2140494C06D280400FF000000C9CF00005B6C040098
S2140494D06D6C0400000101000007FF00C1CE00000F
S2140494E0A86C0400B96C040000010100FF00000031
S2140494F0F9D60000086D0400196D0400010000FF91
S21404950039CE0000086D04004B6D040000FF000017
S214049510116501005C6D04006D280400FF00000066
S21404952079BC0000A86D04006D280400FF0000004C
S214049530097C03006D2804006D280400FF00000069
S214049540317301006D2804006D280400FF0000003C
S214049550F57201006D280400ED6D040002FF0000A2
S214049560997A0100F56D04006D280400FF000000E0
S2140495702D7A0100216E0400446E04000200FF00F0
S2140495808B7C03006D6E04006D280400FF00000051
S214049590097A01008F6E0400AD6E040002FF00001D
S2140495A0E1790100C26E0400AD6E040002FF000003
S2140495B00100000024450020000000000000000018
S2140495C0FFFF00004F5503000000000003000000EA
S2140495D0FFFF0100C955030000000000040000005E
S2140495E0FFFF01005D5603000000000004000000B9
S2140495F0FFFF0000E1560300000000000600000024
S214049600FFFF00005357030000000000190000008D
S214049610FFFF0100E5570300054004003061002009
S2140496200000000000000000000000000000000031
S214049630196F04009C960400000000001F6F0400CD
S2140496405879040000000000266F0400287B0400FC
S21404965000000000EA3D0400187B0400000000003F
S2140496602F6F0400087B040000000000416F040014
S214049670F87A040000000000506F0400E87A040042
S21404968000000000616F0400D87A040000000000A7
S214049690000000000000000000000000AC9604007B
S2140496A0736F04006D280400FE0000008E6F040033
S2140496B0C496040000000000000000000000000043
S2140496C0000000009D800300936F04006D280400D2
S2140496D0FF03010001013F040201003F04020200EF
S2140496E03D040202003D04010200010200030100E1
S2140496F002023D040201000202020100020200000E
S2140497000020202020202020202028282828282048
S2140497102020202020202020202020202020202040
S21404972020881010101010101010101010101010A8
S2140497301004040404040404040404101010101098
S2140497401010414141414141010101010101010162
S21404975001010101010101010101010110101010B4
S2140497601010424242424242020202020202020234
S2140497700202020202020202020202021010101088
S21404978020000000000000000000000000000000B0
S21404979000000000000000000000000000000000C0
S2140497A000000000000000000000000000000000B0
S2140497B000000000000000000000000000000000A0
S2140497C00000000000000000000000000000000090
S2140497D00000000000000000000000000000000080
S2140497E00000000000000000000000000000000070
S2140497F00000000000000000000000000000000060
S2140498000000000000000000A00100002814002052
S21404981000021000C0490020C815002000000208FD
S21404982000000000FFFFFFFFFFFFFFFFFFFFFFFF3B
S214049830000000000000000000000000000000001F
S2140498400000000000000000200000009DA60100AB
S214049850100000007DA701000000000100000101C7
S2140498600001010120C001B8000000000000000053
S214049870FFFFFFFFFFFFFFFFFFFFFFFFFFFFFFFFEF
S214049880FFFFFFFFFFFFFFFFFFFFFFFFFFFFFFFFDF
S214049890000102020303040506080C0C0C00010276
S2140498A003040707C8C8C8C8C8C8C8C8C8C8C8C83A
S2140498B0030404080808080800B801B802B800B091
S2140498C0A4B404008CB404000304040808050000CF
S2140498D0000000000000000000000000000000007F
S2140498E0EA06000048704C0F44700E0E30707E136B
S2140498F002989A173870340F34705A0F3070481024
S2140499002C7048102870D0112470E81120703E0F77
S2140499101C70901218700C1314703A0FB110086073
S21404992001D80A7104B87F78020C7E78641000C6E9
S214049930881F00A01DB8707803B018600F3027B3D6
S2140499400F330111C04806987C0229B0086001D87C
S214049950087109DD047109BB11101660A04808607F
S21404996004100112FF3221500860D04808600088B5
S2140499700698381400C4441F00A000BA03DF107110
S21404998009DF0672029836031DB8507800A0441307
S214049990281441158110086002D81471108806989E
S2140499A0201900C014C000B80698861B00910698BB
S2140499B092020160B83020D806711EBC637C784DD4
S2140499C05412F03240DE0472404804DB08720DDDA7
S2140499D00C72044BEF3014480698F20400C4E040BE
S2140499E000544412086201322140087C811140D997
S2140499F01C72B1123032CF4A013AB1DA107208D86A
S214049A00067104D80871804C237C5670684C441246
S214049A1000C4A41E00A04414413AF3240164415C2B
S214049A20412A047580B800C46040005481D8367159
S214049A3040D90472237C084B0698F20404BA1CB975
S214049A40767900C1204001B835797F2161210079FB
S214049A5006B906A901D8067102981002804C307C1B
S214049A600298640208D86A7100C1544000B8141100
S214049A7010D95E71584C441280BDA26DFF25784CF7
S214049A804412FC22513A2814104C00C20CC101B8EE
S214049A902412281408622814086228140862281459
S214049AA0304C304C00C11C4000B814111814086126
S214049AB000C5284001B85415FF3504711049181420
S214049AC0B04C441208620132067102980401804CBC
S214049AD008D80C7107BA24D8047106BA187004D8CA
S214049AE00C7101BA40D80E7102BA0A7005BA20D8B1
S214049AF0047203BA204C4411C04C1814086118149C
S214049B009111383111429111186110D90472EF3253
S214049B1000C1084001B8141110311E611142281406
S214049B20A1110861181406986C1B181400C108408B
S214049B3001B814111861FF31181400C1448001B82B
S214049B4014111814086118143088024806989403EF
S214049B50009308DB047101F800A027B00F3000A0C2
S214049B601088B111186180D90A7100C1884000B804
S214049B700811009100A000C4684000B8441000A07A
S214049B8000C08840005004118261041082601050A6
S214049B90F07200A0541550451271069802050698F6
S214049BA0920407B8707802B841781EBA5B7A5C7A79
S214049BB05D7A00C220C001B8241206982A1900C58E
S214049BC0481F00A05415511400C3FF010000313D86
S214049BD009647F3406989C0201585128047501587C
S214049BE041280E758111086102D90472FF0FCC70EA
S214049BF007B8727800F8EBBD00C0441F00A004113B
S214049C00113D10D91271FF33186300C1781002B8E1
S214049C10381107B97479581000A0069892020D30CE
S214049C200472044809DC0472084800C11CC101B867
S214049C30141100C3D01E00A0911504351A7218130F
S214049C401CBB08D804716C7B04D804716A7B1DBBEA
S214049C502F7C5B7B1670044B18131CBB08D804714E
S214049C606F7B04D804716D7B217C0C3002600698EF
S214049C707E040698C40B00B8B111186140D9067268
S214049C800298580401BC00C2084001B800DC0A71FE
S214049C9024150265604A0A702C4A241508654C4A45
S214049CA0043508D90471202400C13C1F00A01412F6
S214049CB000DC327120D8067101B80C70F0DA0C7230
S214049CC00CDB087102B806988604482400C33841A1
S214049CD001B834138F7B0E7102B9911308DB04723A
S214049CE003B928707C4914111110FD300DDC1C7268
S214049CF000C0A01E00A0041080D8107100C04480CC
S214049D0001B80410E5200475804900C3884000B8F3
S214049D10FFB80120114108710141181308240142BB
S214049D2000C1284000B8141101411C655141911529
S214049D3020351E65514118132813481300C3844068
S214049D4000B8341003D81671073005DC1071B11052
S214049D508F780A7200C384C40350217B1DB85078E0
S214049D6000B800C13C1F00A014121C602150F03043
S214049D700152281100A04024076400C0FFFF010020
S214049D80013C17B0022001584028067518AC01ECB7
S214049D9000A0208800C020C001B8041217B4211304
S214049DA004123052F8711964402400C35C1F00A0EA
S214049DB0341014110698F60D1961009211592129D0
S214049DC0067600BB11590698D60D8762313B04729D
S214049DD0215A412A00A000C2686000B8B8B91F61C1
S214049DE00D49181200A0308801B9116100C30000A3
S214049DF0C0FF3110312800BC002D0C75115418AC6E
S214049E0001EC312DF470196451134155312C009333
S214049E1000A000C3C00FFEFF50B2313A014250AA60
S214049E2000A006983E07FFB0867808715CB86B7889
S214049E306E7800C2548001B800C0D81F00A0041079
S214049E400812B822217A237A52B8417801B80C60F5
S214049E5021A809B819604CA800C0FFD1C1FF4FB2B1
S214049E60013A00C0002E300001424FAA24B86E7892
S214049E70ACB9FFB004D804714CB923A90698A80558
S214049E8000C01390010006982E0500A0069802054F
S214049E9019B81460FFB28C620F32826A21400698A9
S214049EA02E0549BC21B952B849B207DE2A7105DE2F
S214049EB00871627C607C1D0C6179677864786B78C5
S214049EC06278657863786078617C010C010C687848
S214049ED0020C69786C78020C00C22C8001B8277AD0
S214049EE0287A267A6A78050C41790A0CB11040D88B
S214049EF006710298BA06784A2B7A327A584A247A35
S214049F0000C400011100404A00C01084000008127A
S214049F10508800C584100100FBAD10BD01BB8A6BE0
S214049F2021B9FAA9C44A1812217A227A00C0341F29
S214049F3000A00410FCA88264411030300129F9A95D
S214049F40F8ADFBB08260FBA80330A065211004487E
S214049F5020EC237A0410037A184A2411DC4A0158A8
S214049F600029241004753150F8B1115081632A7108
S214049F70514031400812FCB18461FCA90F310E71C6
S214049F8017B0112817B111591028FA76C44AF9B136
S214049F901812217A227AA07000950812F8A800C236
S214049FA00C8001B8207A844A00B80812020CA44A2D
S214049FB0087A020C21B84178784A0B7A127A00C2E1
S214049FC0C81F00A0FFB008D80472184A241000DC8A
S214049FD00A7140A80422241041A806989C0200C2D4
S214049FE0481F00A02410015100C4FF01000041399D
S214049FF01150081200A006983E0700BC00C20C8050
S21404A00001B8217A52B84978020C4878020C49B84B
S21404A010417852AC21AC204A087A067A077A49ACD1
S21404A02000A059B840785AB101D9FC72427857B8A2
S21404A030407858B101D9FC72427800A000C20C8066
S21404A04001B8217A227A21B8547852B8BC4A24112D
S21404A0509979127107B915614CA9617800BB03BCE4
S21404A0600C64147009B919614CA9417801BB1263D8
S21404A07000C4002E300000C0FFD1C1FF4FB101392B
S21404A08041414FA9E44AC8B8081224AB4CB823A8E7
S21404A0900698A80500C004900100FFB186790471F3
S21404A0A0084806982E0500C08009004040A809B854
S21404A0B0FFB108D9047103B853A8B11004D80C71C1
S21404A0C056BB607B57BA627A607A02D80C7156BB6C
S21404A0D0607B59BA627A607A04B86E783DB8607864
S21404A0E000C05638000000C1B08001B81411997938
S21404A0F0087200C0D604000000C124C000B81411C1
S21404A1009F79047208484CA82EB8FFB108D9067186
S21404A1104AA804704BA80FB834A800C00C5E000010
S21404A12046B2014246AA00C12C4001B81411086187
S21404A1300631087100B90698501106983E14B111FC
S21404A14001D90E710698921B02D906720698A00CC5
S21404A1500698381451140698920406982A110698FC
S21404A160641700A006984E1701D80A711CB85B78CD
S21404A17007B8757800B84CA84AA84BA800C0F321C5
S21404A180FFFF46B1013946A904B86F7800A0FABCAF
S21404A1901964415C512C00C0581F00A00410012C07
S21404A1A00675069892040698780FB110186005D8BC
S21404A1B0327140BA06980E1404B86578911004D823
S21404A1C016711CB86E7800C0684000B821780698EE
S21404A1D0781101400A721DB8427806984A1402980B
S21404A1E05E0B1DB8717804B86C7841B84278637811
S21404A1F04478FFB104D906720298CA0900C00490D4
S21404A2000100FFB186790471084806982E0500C33C
S21404A2102C1F00A000C274C000B82414481300BC4D
S21404A22048121C4B1C4A2414481300BC4812084B02
S21404A230584A2414481301BC48124ABA447A427A4B
S21404A2404BBA447A427AFFB086780472617A4CBA82
S21404A250647A657A3DBA607A4DB942B83FBB5B7999
S21404A26066796179020C6479050C63796079050C6A
S21404A270627965795A7900C2340102B8241305B8A4
S21404A28019603140081242B86A78020C4A78020C07
S21404A29040BCFFB208DA06714ABA06704BBA627A54
S21404A2A0657A677A667A6A79667B0298A40A00C336
S21404A2B02C1F00A000C274C000B8241448131C4B02
S21404A2C01C4A241448133FBC48121C4A00BC4812BB
S21404A2D0084B444A2414481301BC48124ABA647A08
S21404A2E0627A4BBA647A627AFFB3867B0472617AC6
S21404A2F04CBA647A657A3DBA607A01D94E7164784C
S21404A30000C1708001B800C08000080008110698DB
S21404A310860B42B861784DB97F797E796A78687819
S21404A3206278020C7B790F0C7A79140C7479417874
S21404A33060787579050CFFB208DA06714AB80470BD
S21404A3404BB8657801BC1664407002D93C71069817
S21404A350860B42B84DB96878407841787F797E7923
S21404A3607B790F0C7A79140CFFB208DA08717179CC
S21404A3704ABA067070794BBA7279657A6A78020CB2
S21404A3804A78050C01BC1664020C417940790C0C21
S21404A39000C04C0102B848100698F20400C4784085
S21404A3A000B8007C00C0A01E00A0041180D9327141
S21404A3B0911104D92C727F2021200411FD310DDD6A
S21404A3C0207200C0448001B80411E521147600C050
S21404A3D0244001B804118A790871207C104C207C32
S21404A3E02AB86278511400C0581F00A00410012C2B
S21404A3F017B001118768015841280E760521876930
S21404A400415C412D112D06700698920442B84DBB4E
S21404A4107C7B6478020C29B868785114404406752D
S21404A4200698920442B844782AB84278FFB101D913
S21404A4300C7100C1548001B8CBB80811911004D82F
S21404A440147100C0A01E00A0041080D8067107B8BE
S21404A450537800F807B800C1CC1E00A000C220C084
S21404A46001B824122811777800F8B110947838715E
S21404A47006989C02E4B911591128067600B80C70A7
S21404A480A0B9115901290475A0B8826000C3C01F81
S21404A49000A03413012B341000C3FFFF00FF42B1A9
S21404A4A03139114042A800A01DB09178FA7142B823
S21404A4B06478020C00BA29AA00C4548001B842B8D1
S21404A4C04DB900C3C04001B83413977B047240EC06
S21404A4D0020C44785C7953AA0A0C281442B84DB985
S21404A4E0FFB301DB2671244C00C3FF0FFF013814B1
S21404A4F05479407841785579020C5B795A79140C72
S21404A5005F795E794A784278347002DB1471527946
S21404A51051795079020C5B795A795F795E791E70AD
S21404A52004DB1A7100C4FF07000000C3342102B81C
S21404A53048133FBB467B020C5B795A793DBB407B94
S21404A5404CBB447B457B00C3301F00A03414403C06
S21404A550207100C068C000B8481028131C4B1C4863
S21404A560341448102813144B444834144810281341
S21404A5704AAA4BAA04B86D781DB851785CB84B78D3
S21404A5804E7800A000C074C000B80411108800B94A
S21404A590181068480411108801B90B6118102C486B
S21404A5A004111088008800C1231C000018104AB843
S21404A5B064784BB86478260C28B000C1FFFF0FF00F
S21404A5C0113871B90B61114028A828B973797479C8
S21404A5D000C21010303045AA54790E0C00C0E84072
S21404A5E001B8041100C23030101045AA0E0C041035
S21404A5F0008810880698620D0091009020888F616C
S21404A6008F600698620D0090886A21400112906A55
S21404A610035800C13F3F00001138FFBC0224412804
S21404A6201138014245AA28B953794AB844784BB838
S21404A630447800900091181000912C48181000914E
S21404A6406848181000A09168436091694361115BE3
S21404A650012B112841603128315B00BA3028067678
S21404A6603128204A4163302806763128104A41634F
S21404A670302806763128084A416330280676312881
S21404A680044A4163302806763128024A416330285A
S21404A6900476014A00A0115910D9067108600860B2
S21404A6A008D90471086004D90471046002D90471DD
S21404A6B0026001D90471016000A000BA01D80671D5
S21404A6C00148112A1F61016001D8F6720138F6723A
S21404A6D000A000C220C001B8241211592129127307
S21404A6E000210E7100C238C001B8241201212129AC
S21404A6F000A002B020D8147100C0B01E00A0041040
S21404A70002B9457906987613EA7003B09F78087202
S21404A71000B806A800F806983E0700C5641F00A007
S21404A7205088044D1CBC00C0B41E00A0811101D981
S21404A7301E71407C009501150C4D5088044DFFBBDE
S21404A7401863315B04110698EE0D3129F8750698E6
S21404A750681A54150698921B01D908720698580769
S21404A76006700698F4071CBB547B06984E1701D84F
S21404A770067202981A0FFFB901211038F672811278
S21404A7809B7AF07100C2448001B8241400C0C01E35
S21404A79000A0041001130020041040500C7200B9ED
S21404A7A00698280F18B90A7018B90698280F00B921
S21404A7B000B806981E0F704A08B806981E0F00C206
S21404A7C0284000B814B806981E0F00C2EC4001B822
S21404A7D00CB806981E0F202210B806981E0F108874
S21404A7E0308806985807009300910698280F00C0F2
S21404A7F0C41E00A00412FFB90121214118100095BF
S21404A80000F8312811280410081200A004B83128D2
S21404A8101128F8B1181000A0069880080E70069843
S21404A820C40B0698800806987212069812079112AE
S21404A830211900C02C4001B80A78097800F810B92C
S21404A84001BA0698041406982A110698641700C5D7
S21404A850641F00A081109D78FC7200F891120332E8
S21404A8601CB900C3A01E00A0341300C4B04000549A
S21404A8701DB84278707903DE067144783A707179AF
S21404A880A11020D806710298541080DB1C7102D8DF
S21404A890187205B80814A11010300248081400B83D
S21404A8A008149110086008141DB86278A11000DC22
S21404A8B00676517900BA06984E1701D8227291117D
S21404A8C020311D61911004D80E7200C1501F00A0E3
S21404A8D0141101D90A71208806985011009200C1FB
S21404A8E0204000B801DB1871084C03DE0471904C5C
S21404A8F0441400C3FF1F0000413BFF233811944952
S21404A90000C3384101B83413086380DB0C7103BA02
S21404A910186206983C100870186206983C100C4999
S21404A9200879097914102140081100A000BD069882
S21404A930760210B903DC047100B901BA069804144F
S21404A94002D9067100404E7203B118610F310698A1
S21404A9507811FFD82872811008D8187106DD0A719C
S21404A9600698760203DC0C720698BC1106984A1404
S21404A9700C7006DD10710698C211487020B804A841
S21404A98006DD1072069880080698120701F840B88B
S21404A99004A800F800C0A01E00A00413086301DB8E
S21404A9A0227191100111186111381DB910D808715F
S21404A9B044790298541002DBFA72A11328DBF4726D
S21404A9C003BD06981E11069880081DBA7F7A06985D
S21404A9D0F20400C5681F00A00698760200BA03DCDD
S21404A9E01672044DA11002D804711C4D00C10CC18E
S21404A9F001B80698AE045415212D06983E05029813
S21404AA00AA089110015503355150011900A000C140
S21404AA104C1F00A0141001D8427101480860FE20A3
S21404AA200E75811020D8087100C1501F00A01411A3
S21404AA3001D9287100C02C4001B8041221510861C4
S21404AA400F3118611152281000C0084001B80411D3
S21404AA509112215120311152211900A0811380DB5B
S21404AA60067201B800A000C314C001B83410063042
S21404AA702E726C4B34121C4B341018600230207249
S21404AA80811080D8DE713410014A08620460803078
S21404AA9021508C480A717F234D233410013000A0C6
S21404AAA000BD06981E111CB847784578437802B84E
S21404AAB0447800A0069880080698BC1100C5741F48
S21404AAC000A0541506983E050298AA08B1138F7B79
S21404AAD00A7200C384C40350017B06983E1400C166
S21404AAE0384101B814118F790E7100C1B84000B80E
S21404AAF000BA06983C1050BA06980E1406987811B8
S21404AB00FFD84A71911004D84872811008601CD886
S21404AB10407220D938721112FF32215134718021CB
S21404AB208021111400C0D81E00A00413FFBA3151AE
S21404AB30113A215111531DB938107B7940440E72D5
S21404AB4000B900C2AC1E00A01812067004B86078E3
S21404AB500698381400F800B900C2A440005418122D
S21404AB60644A0AB918121CBA507A517A1DB9427945
S21404AB705F7900A00698760207DC10729110002018
S21404AB800A75069872120298660F0698120701B99B
S21404AB90911004D8047100B910BA0698041400BAC7
S21404ABA00040347100C0A01E00A00411086101D941
S21404ABB0127104D9E2728110086001D8DA711DB8E6
S21404ABC0647800C11CC101B80698AE0401B81160CF
S21404ABD0002A047600BA00C5781F00A05415212D5B
S21404ABE0069872120698580700C57C1F00A000F845
S21404ABF000BC811108D9167280D9207201B910BA26
S21404AC000698041400400E7101BC10700698BC111E
S21404AC1006984A1420B804A800F8069872128111FF
S21404AC200231127100B900C2144000541812244AAA
S21404AC3002B918120698BC1100C5801F00A054154E
S21404AC400698F01A0298AA080411012114711CBA75
S21404AC50737A042004122811042004110121F472CA
S21404AC6000A00698F20401F806984E1701D816714B
S21404AC70FFB9012110380E7281109B78087104B94F
S21404AC80677900F8911010D8287100C51CC101B866
S21404AC9054110698EE0D00C5C81E00A0541551297F
S21404ACA0EA7507B876781DB8447801B804A800F8A1
S21404ACB0B110186010D82E7100C05040005400C364
S21404ACC0084000B83114984C44113411086101D975
S21404ACD0FA714412281008622810086228100862C4
S21404ACE02810E8700298B00206989202113804728E
S21404ACF01E6202BB00C1D81E00A0141120390C72BB
S21404AD00911210DA0672417B00A006983E1400C227
S21404AD10A01E00A0241220DA0472617B1CBA527AA8
S21404AD2000A01CBA727A811204DAFC7200A01CB865
S21404AD306B7800C0684000B82F7800A006984E17BD
S21404AD4001D83A7100C22C4001B824100360911156
S21404AD5020310151383111501D6008121DB9457952
S21404AD6000C2448001B8241200C0C01E00A0041013
S21404AD7018200020041020500471657910631EB951
S21404AD80637900B902EC00CD114502EC00CC01DB7E
S21404AD90087100BB0298D61803B841110731FA218E
S21404ADA01C760621911210DA087102DD10721E70EC
S21404ADB020B80698B20D3038147208B806987E0487
S21404ADC000C02C4000B82978207800F8056020D808
S21404ADD0067102980C1602EC00CA05B823DA18713C
S21404ADE004DBDA7120DAD67110DAD2721EB8617812
S21404ADF000B801DA067202EC00C8911110D9267167
S21404AE0000C1B81E00A014111150FF300C72076167
S21404AE10A110115002300A7180DB0A720AB89E70C3
S21404AE201DB97C791860911111402111C03111406F
S21404AE3001191EB8411108D90471667820D9047224
S21404AE406578A11002D80672C0DA1E711EB82731C2
S21404AE5023DD087210DB1072607825DD0A7121DDAF
S21404AE60087208DB0471627803B84111073108726E
S21404AE70A1152035AA7102DD2072A11120D9A07176
S21404AE8002D91672CCDA9872411140D9927206B879
S21404AE90054D5A720298AE1421114049C0D94C711E
S21404AEA0A03141154035026551410461086308DA52
S21404AEB01E7204DA36721049A1150235067110DBCB
S21404AEC00E7201340A7108DB22711EB86778CC3220
S21404AED011101A300ADC0872CCDE0471FD3100C091
S21404AEE00D0F0C0D216001D85C7207B80298D814B7
S21404AEF000BA411108D90C7102EC00CA05B830DA60
S21404AF00EC720734F031036101DA0471014900C0C0
S21404AF10F300A3E3216001D8D27100C098144068FE
S21404AF2021604030014440DA0471204C043202624D
S21404AF30204A111006301F60014218311D6111426B
S21404AF400298F614204A00C00517085021601130F4
S21404AF5001422088FFBB0DDA507100C1DE1B2501BB
S21404AF6080BC04DA107208DA0A7200C12084100069
S21404AF70E024A02408634143026401DA06711E49F2
S21404AF80024B00C0201F00A008633810BC2002DA61
S21404AF90127101B91159A11380DB087100C100FCBC
S21404AFA0FF0118100298621800C4A01E00A04410E6
S21404AFB080D87C710092D0DA06710DDA0C711EBD51
S21404AFC0437DEFBD0698140304620DDA8672A11160
S21404AFD005D95C7100C2404000542412142428147D
S21404AFE001D9067202D9327140D91E7102EC00CA28
S21404AFF0211018320471FA2220D804720822FE2284
S21404B000087502EC00C8F87001D90E7102EC00C88D
S21404B01002D9067204DC187200C0A01E00A0041038
S21404B0201D6001D806711EB8647807B87378029854
S21404B030D61800C0A01E00A0041080300A7100C0FC
S21404B040C41E00A0041000A006984E1701D82E7146
S21404B050911010D828728110A0D8227203B0847878
S21404B0601C7200C12C4001B814100DBA487A697AD3
S21404B0706B7A08111CB87B7807B8757800A0641042
S21404B08000C6881F00A0C3B806987C0200C4441FEC
S21404B09000A014BA281400B8011AB1108F780A72E6
S21404B0A000C084C40350017891101030011905BA09
S21404B0B006980E1402D9067101B804A800C0A01E92
S21404B0C000A004130698641180DB067102985814D5
S21404B0D01DBA7C7A01DB6A7100C2241F00A0241109
S21404B0E01114FF3402EC00C8FF24FA7608610698AF
S21404B0F0C20D046111380F3004611114011141109E
S21404B1000698C20D01D8087203B80298D8140C4ADF
S21404B11001DB227124101128112804120230047154
S21404B120106200C0FFFF0000213800C2204000B8B3
S21404B130FF200812411008600698C20D01D87C71E1
S21404B14020BC1033767100BB00C1201F00A014156C
S21404B150C021112C511218620F320E7140885114FE
S21404B1600698FA1841430094511208651C620F327F
S21404B1700E71411151140698FA181C64414308656F
S21404B180513B00C1DC1E00A01411111231100F3007
S21404B190127100BA056101D80471114201600FD81A
S21404B1A0F472311003601E30047201B8003A08725B
S21404B1B004B80298D8140298C41600C0384101B8DE
S21404B1C004118F7914717F206920041108613031CD
S21404B1D010DD06711DBA637A0698120300F83088EB
S21404B1E05088FF34087102ECFF24F87002EC00CD9E
S21404B1F01410595001440421FF22F2720F4C00959A
S21404B200009300A000C1A81E00A0141100A030885E
S21404B2100698421B8111086102D906720298061A22
S21404B2201CBB557B086120D906710298F619008864
S21404B230A11018600698201908211415FC251EBBB9
S21404B2405C7B5D7B00C1084001B814110731FE2108
S21404B250307608D82A725113FC23341304DB207189
S21404B2601863FF33315B00C110C000B814110861C5
S21404B27080490C71FF31302954751EBB7B7B1070DE
S21404B2807B7B7C7B00DD04717D7B01BB3815EC2564
S21404B290541300DF5471042505DF5471541521112D
S21404B2A020880698EE0D009251293E7500C108408C
S21404B2B001B8141102DB0C710731315B31292A768F
S21404B2C00C7004DF0872016180D91E72069820197A
S21404B2D000C010C000B80698861B069820191411E2
S21404B2E0FFD9607202984C1A0090009300A054157F
S21404B2F0A111186110D9A672082508D8A0710825CE
S21404B30010D89A71208821110698EE0DFC25541247
S21404B310112AF82554110C2520D80871F02554114B
S21404B3201025202904762159181500920298B81978
S21404B33007B97179811010D80A711CB8447802B81C
S21404B34041781CB9747904B9677900F88110A0D8DB
S21404B35008711CB9497900A0086002D8FA710698E9
S21404B3602019108806983E14106210DA0871082115
S21404B3701415F025541100C20020FEFF2029127572
S21404B3800698921B01D90A72069880080698120736
S21404B39000941CBB41100C2006986413411108212C
S21404B3A01410069864133128441111120861FF31F1
S21404B3B0FF32012210521072186118140424441328
S21404B3C0042438140C701861214118140824081435
S21404B3D0029838144044147100C1AC1E00A0141521
S21404B3E051131C630FDB0C72196506980205411590
S21404B3F000A000C3784000B83413807B0672069819
S21404B400120706983E1408BB51140698B01A441541
S21404B410FC25541500C3784000B83413807B0471AF
S21404B42000A002983E051CB900C3A01E00A0341359
S21404B430086308DB1A718113A0DB06714979107062
S21404B4406979086302DB087204B9677900F800A01A
S21404B4508111086102D910711CB9757906982019F2
S21404B4601411FF3100A0FFB900A004100821141124
S21404B470F421081100A08111106110310E71069894
S21404B480201908211411F821141100A0E4B60400B0
S21404B49000000000BCB4040001000000000000002E
S21404B4A000F04902E4B6040000000000E0B4040022
S21404B4B0010000000000000000F0490204B504008A
S21404B4C04063598F404B4C000B000B001A00FF7F63
S21404B4D0C46100200000000086B9040000000000DB
S21404B4E0F4B504004063598F404B4C000B000B002E
S21404B4F01A00FF7FC46100200000000084B9040025
S21404B50000000000FC1F0103E4B804001CC0011086
S21404B51000F807001CC001301402080050C00100E7
S21404B520874130042440060107006200387000009A
S21404B53000000000000000030068010F40B824402B
S21404B54058400101FC006900804005012363E011B6
S21404B5509BC34A74F003000003800000BE0A000088
S21404B560E040010133000000F0400401590B0000E4
S21404B570640483078813C83A90200A00284101010E
S21404B580001E00003C410B0100148C00141A2128F4
S21404B5902E343B42495043557698BA0C286900002D
S21404B5A0010000000721286414171A002004C86943
S21404B5B0A1203A093C42010129000000A0800201B2
S21404B5C070780300D5C00000A8800111F0010000C7
S21404B5D0A88001310542CB01AC800111F0010000C6
S21404B5E0AC80013105228D00B08001010003000209
S21404B5F0FFFFFFFFFC1F010334B904001CC0011049
S21404B60000F807001CC00130F502080050C0010015
S21404B6108741300C2440060107C052000000000099
S21404B620000000000000000300000000000000000E
S21404B630584001016402FF00804005014B01A00848
S21404B6409BC34A74F00300000000000000000000E2
S21404B650E040010133000000F04004010000000057
S21404B660640483078813C83A9C200A002841010111
S21404B670031000003C410B01000000000000000025
S21404B68000000000000000000000000000000000B1
S21404B69001000000000000000000000000000000A0
S21404B6A0000000003C42010100000000A0800201EE
S21404B6B070780300D5C00000A8800111F0010000D6
S21404B6C0A88001310542CB01AC800111F0010000D5
S21404B6D0AC80013105228D00B08001010003000218
S21404B6E0FFFFFFFF0C400200018014007F400000B3
S21404B6F02040020000000000000000003040070068
S21404B7000000000000000000000000000000000030
S21404B7100000000000000000A007000050400100E8
S21404B720000000005C400200000000000000000072
S21404B730A840010007000000B440040000400000D8
S21404B740FF4C000000410000FF4D000008C001004F
S21404B7500000000020C00110FF00000020C00130DF
S21404B7600043000024C00400EC80B3034375A80221
S21404B770000000002E02000054C003000E2D09E64F
S21404B78054060708D1B6020064C00800043000005E
S21404B79040201006C8F248181FE8F600BD4B721584
S21404B7A011A3180510325476980A000088C00100C8
S21404B7B00000000008000101040700001800010151
S21404B7C00000000020000101088400001C40020163
S21404B7D01000000020F913045C4005014108000035
S21404B7E001000000B0070800A700000000000000E9
S21404B7F0944007010101103050707F7F0000000064
S21404B800000000000000000000000000000000002F
S21404B810E440010100000000EC4001017DA8D98B42
S21404B8200041020100612000B75635120C410301A5
S21404B830F95412002030042988BB40002441010139
S21404B84000000000304103016406660C0C01000091
S21404B850E853FA00684103016404830788138200EE
S21404B8600000000030420301000000000000000E4B
S21404B87000000000444201010000000010800101A5
S21404B8800300000038800201114910000100000086
S21404B89088800101000000009C800101EB4002004A
S21404B8A0B48001013700000188000202000C000485
S21404B8B04C0000009400010200040000D0000202C4
S21404B8C00E00000090029608E40001023D094204BE
S21404B8D0F400010200000000180101026000510299
S21404B8E0FFFFFFFF1200000066666600000000000F
S21404B8F098B9040088B9040000000000001A9A00F1
S21404B900005A620280841E000420FE001149500280
S21404B910000000000000000000000000000000001E
S21404B92000000000B1841E000000000000000000BB
S21404B93000000000120000006666660000000000BA
S21404B94098B9040088B90400000C0000001A9A0094
S21404B950005A620280841E0004200000114950022E
S21404B96000000000000000000000000000000000CE
S21404B97000000000B1841E0000000000000000006B
S21404B9800000000005040000E1190000E1190000B1
S21404B9900000000000000000193F0106041001002A
S21404B9A00001010600102700000900000000000046
S21404B9B000000000E1AF010091AF01009DAF01005F
S21404B9C08DB0010043860300DD8B0300E18B03008A
S21404B9D0E58B0300E98B0300ED8B030000010304F1
S21404B9E064EE01001000000024E101001A000000CB
S21404B9F079EB01001100000075E40100110000005D
S21404BA0063E511000400000023E1110004000000B7
S21404BA1025E101000800000026E101000A000000FC
S21404BA2027E1010002000000000000000000000002
S21404BA30A0BB04008FBB040000000000A1BB0400F0
S21404BA40C77E040000000000C17E0400C37E04001C
S21404BA5000000000C57E04006DBB0400B6BB0400F5
S21404BA60C87E0400C27E040000000000C67E0400F7
S21404BA7084BA0400BF7E0400C07E0400C47E0400B2
S21404BA80BE7E0400000203040508090A0B00010236
S21404BA900304051D2000B40108020200AA00FFFFEB
S21404BAA0FFFFFFFFFFFFFFFFDDED0200150D0200A5
S21404BAB0813C020001210300913F02000F93030022
S21404BAC0119303001393030015930300C9B70200F0
S21404BAD0398D0200E1D402009D1A0300A12C020055
S21404BAE00B930300C5910200510B0300B51D020021
S21404BAF00D930300BF7B0300AD24020067500300D0
S21404BB000000000000130000000000000000000019
S21404BB100000000001000000AD95020002000000D5
S21404BB2085A403000300000005950200040000003D
S21404BB30FFA3030005000000A59402000000000017
S21404BB40000000000023001B2200FF00000000008D
S21404BB500C090202000000001C1A0B0303FF06086F
S21404BB600402020204020A0B030302030480FF0217
S21404BB7004FF010101010800000000000000005A53
S21404BB806967426565416C6C69616E6365303980CE
S21404BB900000183810300000000000008F8E8C80E3
S21404BBA081815A6967426565416C6C69616E63653B
S20C04BBB0303906080C10800071
S20C04BBB81C91FB7F0100000054
S21004BBC0CCBB0400405E0020B70100006F
S21404BBCC0000000000000000FFFF00000100000061
S21404BBDC0000000000000000000000000000000050
S21404BBEC0000000000000000000000000000000040
S21404BBFC0000000000000000000000000000000030
S21404BC0C000000000000000000000000000000001F
S21404BC1C000000000000000000000000000000000F
S21404BC2C00000000000000000000000000000000FF
S21404BC3C00000000000000000000000000000000EF
S21404BC4C00000000000000000000000000000000DF
S21404BC5C00000000000000000000000000000000CF
S21404BC6C00000000000000000000000000000000BF
S21404BC7C00000000000000000000000000000000AF
S21404BC8C000000000000000000000000000000009F
S21404BC9C000000000000000000000000000000008F
S21404BCAC000000000000000000000000000000007F
S21404BCBC000000000000000000000000000100006E
S21404BCCC0000F00108000000081000200100230109
S21404BCDC04000000101000200600300101000000D3
S21404BCEC14100020C72D0300000000000000000004
S21404BCFC000000000000000000000000000000002F
S21404BD0C000000000000000000000000FFFFFFFF22
S21404BD1CC0EA2101C0EA21010080000000F04902BB
S21404BD2CA45F002000600B0000800000082E00209A
S21404BD3CC8000000FE000000000000004C71040067
S21404BD4C18100020FFFFFFFFFC74040033000000F3
S21404BD5C71DF0000330000003955030095F2030030
S21404BD6C99F20300A6F20300B3F20300C0F2030038
S21404BD7CCDF20300E0F20300F2F20300FFF203003C
S21404BD8C0CF3030019F303002EF3030041F3030032
S21404BD9C53F3030068F3030077F3030088F30300FC
S21404BDAC97F30300A7F30300B3F30300C0F30300F5
S21404BDBCD0F30300E2F30300F1F3030000F40300F2
S21404BDCC09F403001EF4030033F4030048F40300E0
S21404BDDC68F4030076F4030095F40300B0F403004F
S21404BDECC3F40300D0F40300E5F40300F4F40300F6
S21404BDFC03F5030015F5030027F503003AF50300D5
S21404BE0C4DF5030063F50300000000000F0000006E
S21404BE1CFF0000000000000000000000000000000E
S21404BE2C00000000000000000000000000000000FD
S21404BE3C0030E70400C81803B3FD0300B8FD030084
S21404BE4CE5FD030010FE03003EFE03006CFE03003B
S21404BE5C9BFE0300C8FE0300F8FE030028FF030045
S21404BE6C78FF0300FFFFFFFF005C2605F060002050
S21404BE7C06000000B895040000000000E83D002011
S21404BE8C0000000000000000307F04002445002061
S21404BE9C14610020E4470020016F04000600000033
S21404BEAC00000000000000000000000018960400CB
S21404BEBC309604000C6F04006D280400FE0000008D
S21404BECC4461002000000000F44700205C48002079
S21404BEDCC448002000000000000000000000000021
S21404BEEC000000000000000000000000000000003D
S21404BEFC000000000000000000000000000000002D
S21404BF0C000000000000000000000000000000001C
S21404BF1CD581030004980400FFFFFFFF1985030076
S21404BF2C15850300FFFFFFFF1D850300FFFFFFFFC2
S21404BF3C0DDB0100FFFFFFFFFFFFFFFFFFFFFFFF0F
S21404BF4CFFFFFFFFFFFFFFFFFFFFFFFF00000000E8
S21404BF5C20A10700000000005DC7030000000000DD
S21404BF6C00000000000000000000000000000000BC
S21404BF7C000000000000000000000000044E00203A
S21404BF8C09030200991C02006D280400000000003E
S21404BF9C000000000000000000000000044E00201A
S21404BFACA1090200000000006D2804000000000037
S21404BFBC000000000000000000000000044E0020FA
S21404BFCCE5130200991C02006D2804000000000012
S21404BFDC000000000000000000000000F96F0400E0
S21404BFEC044E00203D210200000000006D280400D1
S21404BFFC000000000000000000000000000000002C
S21404C00C044E0020C1350200000000006D28040018
S21404C01C000000000000000000000000000000000B
S21404C02C044E0020313B0200000000006D28040082
S21404C03C00000000000000000000000000000000EB
S21404C04C044E00202D500200000000006D28040051
S21404C05C00000000000000000000000000000000CB
S21404C06CB80B0000044E00209D5502000000000092
S21404C07C6D28040000000000000000000000000012
S21404C08C00000000044E0020FD60020000000000CA
S21404C09C6D280400000000000000000000000000F2
S21404C0AC00000000044E0020C162020000000000E4
S21404C0BC6D280400000000000000000000000000D2
S21404C0CC00000000044E0020079A03000000000045
S21404C0DC6D280400000000000000000000000000B2
S21404C0EC00000000044E0020E96802000000000076
S21404C0FC6D28040000000000000000000000000092
S21404C10C00000000044E0020596F020000000000DE
S21404C11C6D28040000000000000000000000000071
S21404C12C00000000044E002089A603000000000056
S21404C13C6D28040000000000000000000000000051
S21404C14C00000000044E002091D402000000000001
S21404C15C6D28040000000000000000000000000031
S21404C16C00000000044E002001ED02000000000058
S21404C17C6D28040000000000000000000000000011
S21404C18C0000000091AF0300044E00200D1B0300BA
S21404C19C991C02006D28040000000000000000003A
S21404C1AC0000000000000000044E0020D121030013
S21404C1BC000000006D2804000000000000000000D1
S21404C1CC0000000000000000FFFFCEFAEFBEFFFFE9
S21404C1DCFDFFFDFF2C01001E2C01400680001027DD
S21404C1ECFFFF04F8FFFF0C000000000000004000F6
S21404C1FCFDFF2C019C000000FFFFFDFFFFFFFFFF6F
S21404C20C60EA8000800010C1CDAB01FFFFFFFFFF8A
S21404C21CFFFFFFFFFFFFFFFFFFFFFFFFFFFFFFFF19
S21404C22CFFFFFFFFFFFFFFFFFFFFFF01FF05FFFF01
S21404C23CFF0101FFFF0201FFFF640250FF0F010222
S21404C24C08031E0605021601010A0C052007051034
S21404C25C10010F080410010601010104FF0301017B
S21404C26CFF0C01FF405AB47F0150403000FFFFFF23
S21404C27C0B03FF050B0101FF03010305020201FF7B
S21404C28CFFFFFFFFFFFFFF010102FFFFFF40FF015F
S21004C29C01000000B54C00008D4C0000B2
S804006D018D
