S01B00006275696C642F72656C656173652F7A69676265652E73333714
S21400400008100020F16C000035B0000021E9020025
S21400401021E902003DB0000045B0000021E90200A1
S21400402021E9020021E9020021E9020021E902005B
S21400403049B00000A425040021E9020021E902009D
S21400404021E9020021E9020021E9020009680000D6
S21400405021E9020021E9020021E9020021E902002B
S21400406021E9020021E902004DB5000021E9020025
S21400407021E9020021E9020021E9020021E902000B
S21400408021E9020021E9020021E9020021E90200FB
S21400409021E9020021E9020021E9020021E90200EB
S2140040A021E90200597000003D70000021E902007D
S2140040B021E9020021E9020021E902001D040200B4
S2140040C05F4303005B43030081FB0100754303006D
S2140040D063430300DD0302006743030011E80100A9
S2140040E05D04020021E9020021E9020021E9020044
S2140040F021E9020021E9020021E9020021E902008B
S21400410021E9020021E9020021E9020021E902007A
S21400411021E9020021E9020021E9020021E902006A
S21400412021E9020021E9020021E9020021E902005A
S20800413021E902007A
S214004134F0B5114A114C124E00F00105E3695F0711
S21400414413D40DB9334213D103EA00078F4207D1C3
S2140041540B4A1A40002A14BF6FF001000020F0BD7D
S214004164013AEBD16FF00200F9E74FF0FF30F6E7C3
S2140041746FF00100F3E700BF80969800000003503C
S214004184020001000B4B70B5D96911F480310DD1D2
S21400419401244FF48072084E084DF46020462C64C7
S2140041A41A61FFF7C5FF3464EC6070BD6FF0010060
S2140041B4FBE700BF0000035000100350002003502C
S2140041C438B541F6713301220C4C0021E569E363EE
S2140041D40B4B05F48035DA600223606121202361ED
S2140041E4FFF7A6FF10B92120FFF7A2FF0122054B17
S2140041F4DA600DB10023E36338BD00BF000003504E
S214004204001003500020035070B5134C6061E3693E
S2140042145B071ED40E4656F8043B8D18A361AE42C7
S2140042240BD10423002121202361FFF781FF58B915
S214004234BDE870402120FFF77BBF08210846FFF742
S21400424477FF10B10423236170BD56F8043BA361C5
S214004254E5E74FF0FF30F7E7000003502DE9F84399
S214004264174B1646DA69894602F4803841F67132ED
S214004274DA630122074603F58053124DDA6066B905
S21400428430460122104BDA60B8F1000F03D000224A
S214004294A3F50053DA63BDE8F88307F500542C4011
S2140042A4E41BB44228BF3446494622463846FFF744
S2140042B4ABFF0028E5D12744A144361BDFE700BF47
S2100042C40000035000E0FFFF0020035045
S2140042D02DE9F04F4FF0FD0BC9B09A460DF11B09C2
S2140042E09DF8503108AFCDF80C90CDF808B0019786
S2140042F0059303890446009383790E4690464188C9
S2140043008288407810F0C4FD054650B10090A3881E
S214004310002062883C4911F0FBF8284649B0BDE809
S214004320F08F99F800002DF08AFB38B12846A38854
S2140043306288364911F0ECF88D25EEE75A46394684
S21400434099F800002DF023FB8346002855D0529B99
S2140043501BB1BDF84C3198424FD8002399F8009015
S2140043600793A9F14102012A5FFA8BFC36D838463A
S2140043700CF1FF3C5FFA8CFE254ADFF89CC07345C3
S21400438025DB059B07A94FF0040C0A6043BB1823E6
S2140043909FED1B7B5E431F486246831908363044F8
S2140043A083ED027B15F080FEB8F1000F01D088F88F
S2140043B00090BAF1000F01D0AAF800B0529B002B73
S2140043C0ABD05A463946184615F06EFEA5E710F8EB
S2140043D0011F013351400CFB01F2D0E7059B3BB1B6
S2140043E023464A466146384600960EF001FE94E79C
S2140043F0BCF1080FD8D83946C9E701258DE700BFBC
S214004400000000000000000040CF030075CF03004E
S214004410C59D1C8180100020930100010000000053
S2140044202DE9F04F93B0CDE90A32DDE91C630E9317
S21400443053EC102BCDE90801104619468DED060BFE
S2140044401E9D15F007F880B1DDE906014FF0FF323A
S214004450C74B15F027F840B9DDE906014FF0FF32EB
S2140044606FF4801315F000F870B1DDE908019DEDDA
S214004470060B0E9B1E95CDE91C63DDE90A3213B0D0
S214004480BDE8F04F00F08CB90022DDE906010023FC
S21400449014F0EAFF002800F03781DDE906A303F1F7
S2140044A0004BCBF30A5015F48063A0F2FF3008BF30
S2140044B006260F9314F0FCFC9DA3D3E9002314F00A
S2140044C061FD9DA3D3E9002314F0A6FBCBF31304F0
S2140044D0894644F07F5180460022A64B504641F460
S2140044E0401114F097FB96A3D3E9002314F04AFD7D
S2140044F002460B464046494614F08EFB14F0DCFF9D
S214004500044614F0D5FC90A3D3E9002380468946E0
S21400451014F038FD0022984B14F07EFB14F0CCFF0C
S2140045208BA3D3E9002307464946404614F02AFDEC
S21400453080463846894614F0BBFC87A3D3E900239F
S21400454014F020FD02460B464046494614F062FB36
S21400455002460B46CDE90C2314F014FDDDE90C23CE
S214004560804689461046194614F056FB0022CDE9CF
S2140045701001824B4046494614F02EFE0022804B26
S21400458014F04AFB02460B464046494614F024FE09
S21400459000227C4B14F040FB02460B464046494640
S2140045A014F01AFEDDE90C238046894600204FF001
S2140045B0804114F02FFB02460B464046494614F055
S2140045C02BFB02460B46DDE9100114F005FE07F250
S2140045D0FF3700226C4B14F01FFB00223B0514F043
S2140045E0D1FC52465B468046894614F05BFF0028A5
S2140045F040F08D80CDE90C8904F16303C62B8CBF97
S2140046000527042729051FD555A3D3E900235046BF
S214004610594614F03DFF002800F0838052A3D3E9EA
S21400462000235046594614F01FFF002879D0A642B2
S214004630D8BF00244FF00007C4BF341B04F1FF347A
S21400464026463C4645F480650E9B9F422CBF4FF0A5
S2140046500008A3EB070815F0020903D0002F18BFC7
S2140046604FF000083CB1DDE90C235046594614F0E3
S214004670B3FD82468B46DDE906010022002314F0D6
S214004680F3FE10B10BF100439B46DDE9080125F46B
S2140046900063CDE90183DDE90A324BEC10AB0096EE
S2140046A000F07EF802465FB3DDE9091315F0200F2F
S2140046B0089E00F101050CBF65204520B047DDE9E6
S2140046C008010523002205930A23002CCDE90232B7
S2140046D007F1FF374FEAD473B8BF64422A46019306
S2140046E004970A9B00942EF0A8FF0246B9F1000F2B
S2140046F006D00B9BC41A0B9B1A190E9BA34245D8D7
S214004700104613B0BDE8F08FDDE906ABC9E600221F
S214004710404649461A4B14F05FFD013CCDE90C01BA
S2140047206AE7002E90D00F9B002B8DD0013E8BE7C2
S214004730FB799F501344D33FB3C8608B288AC63F8B
S21400474061436F63A787D23F71A379094F930A40ED
S2140047501655B5BBB16B0240EF39FAFE422EE63F66
S2140047602D431CEBE2361A3F0000000080842E41E9
S214004770FFFFEF7F0000F83F0000E03F00002C4006
S21400478000002440000018400000F03F2020DDE933
S2140047900913089DA8470134ADE700BF00000000DC
S2140047A02DE9F04F5BEC10AB97B0CDE90501DDE9E4
S2140047B02048CDE90723504652465B465946229F7D
S2140047C014F048FE70B90323CDE902870193A44B89
S2140047D00093DDE90501DDE907232EF060FE17B042
S2140047E0BDE8F08F4FF0FF326FF480135046594605
S2140047F014F03AFE28B10423CDE902870193994BC1
S214004800E6E74FF0FF3250465946974B14F04AFE03
S21400481050B178074CBF04220322CDE902874CBF73
S214004820924B934B0192D3E7504689A3D3E90023DA
S214004830594614F037FE38B987A3D3E9002350460B
S214004840594614F011FE68B1DDE90723DDE90501DC
S2140048504BEC10ABCDE92187209417B0BDE8F04FA4
S214004860FFF7DEBD002200235046594614F0FCFD3B
S214004870B8B15B4652460020002114F0CBF9012364
S21400488082468B46099317F4806F08BF06243021B2
S21400489023460EAAA4F12009092B04D89946E41A47
S2140048A007E00990EFE7013B4B4502F8011BF3D107
S2140048B020245946504614F0FFFD6E4B054603EB88
S2140048C0C90393ED007B8DED0A7B14F0F1FA0246E6
S2140048D00B465046594614F09DF9DDE90A2314F0BC
S2140048E051FB02460B46CDE90C2314F00DFE06469E
S2140048F014F0CEFA02460B46DDE90C0114F08AF9F4
S21400490002460B46CDE90C2300225B4B14F0CAFD91
S214004910B8B10136304614F0BBFA02460B46DDE964
S2140049200A0114F0ABFD08B100260135B9F1000FFD
S21400493014D00A210EAB1A19202C40D13022A144E3
S21400494050E00022DDE90C014B4B14F08DFD0028F1
S214004950ECD10EB1F107E9D50136E7E7284614F0A9
S214004960A7FA02460B465046594614F053F9002261
S214004970414B14F079FD10B9013525F001050A21E7
S2140049800EAB1A19202C0AD095FBF1F001FB10553E
S214004990303502F8015B013405460028F2D107F0F5
S2140049A00302012A38D1B8F1000F35D0099A12B99E
S2140049B017F00C0F01D008F1FF38302223E0B6FBC9
S2140049C0F1F001FB1063092E03F1300309F1FF3902
S2140049D004F1010402F8013BB0D90646ACE70EA983
S2140049E00A551C46202CCAD04C4504F10103F6D1CA
S2140049F004F158020DEB02042E2204F8202C1C466B
S214004A00BDE71A550134A04506D9202CF9D1CDE9C9
S214004A10028701940EABDBE6202CF8D0099B3BB155
S214004A202D2204F158036B4403F8202C0134EEE7E2
S214004A307A0704D504F158032B226B44F4E73B07AE
S214004A40E5D504F1580320226B44EDE7AFF3008070
S214004A500000000065CDCD410000000065CDCDC151
S214004A60C6EB0300CAEB0300FFFFEF7FBDEB0300BE
S214004A70C2EB0300883304000000E03F00000000A3
S214004A8070B58EB02C22002103A815F06FF96423B0
S214004A904FF002320893CDE905230B2301218DF850
S214004AA034305B4B8DF810101D880D4040F0A98007
S214004AB0084632F01BFE0A22564B574C1A704FF42B
S214004AC02873ADF812304FF0FF332360534B544930
S214004AD01B8820460B82534B534A1B68CD828B6142
S214004AE0524B0D621B884B82514B1B68CB611BF0EF
S214004AF02BFD20B14FF41B714E4833F08FFE05217D
S214004B0020682EF08DFF20B140F27D21494833F019
S214004B1085FE206814F03AF8474B206819682FF095
S214004B2042F80C2533F04AFA6843099033F046FA07
S214004B3068430DEB05010790206815F059FF20B17A
S214004B4040F295213B4833F069FE25681DF034FF9E
S214004B500022014628462FF09EF820B140F2972109
S214004B60344833F05BFE40F20353344D344E2B8012
S214004B70052396F90000AB707F2801D11BF0DAFD03
S214004B803378EB7033F01AFA00EB80008000A880D0
S214004B9033F014FA0023C0004FF0FF31E880AB601A
S214004BA04FF0FF3018A3D3E9002332F0F1FE254979
S214004BB020682FF029F8206802A92FF045FC20B1C4
S214004BC04FF434711B4833F029FE042220680DEBA5
S214004BD002012EF0BDFF042804D040F2D72115486C
S214004BE033F01CFE01A901202EF0BEFB06F066FA8B
S214004BF001201CF023FA2AF00CFC1CF049FA1BF0EA
S214004C0031FD0EB070BD00BF0A0020FF4203000059
S214004C102A52002099580020504C0020364D04009F
S214004C20C85E00203C4D040015770300344D040098
S214004C30384D04008F240400B05C0020444C002053
S214004C408F610020897703000348044B834202D01B
S214004C50034B03B118477047BC610020BC610020BD
S214004C6000000000064B0749C91A891048BF0131E9
S214004C70491003D0044B0BB101481847704700BFDA
S214004C80BC610020BC6100200000000010B5064C8E
S214004C90237843B9FFF7D8FF044B13B10448AFF3AA
S214004CA000800123237010BDB01500200000000016
S214004CB0BC70040008B5044B1BB104490448AFF3AC
S214004CC00080BDE80840CDE700000000B4150020D5
S214004CD0BC700400A3F5803A704700BF154B002B4C
S214004CE008BF114B9D46FFF7F5FF00218B460F4688
S214004CF01148124A121A15F039F80C4B002B00D046
S214004D0098470B4B002B00D098470020002104004A
S214004D100D000B4815F01EFB15F000F820002900CA
S214004D2029F07DFC15F004FB0000080000000000E0
S214004D30000000000810002008100020F058002096
S214004D4061A3010038B500F00FFF012805D000F080
S214004D500BFF022801D000F01FFF064D2B783BB951
S214004D6000F002FF0128044602D129F04FFC2C7007
S214004D7038BD00BF0853002070B50C46088800F008
S214004D80DDFC94F844300546834214D004F11C063A
S214004D90304629F0D7FB84F8445029F0D7FB32215F
S214004DA0A064304629F0C9FB94F844100248BDE8D8
S214004DB0704013F023BE70BD688C030010B5044627
S214004DC0008800F0BBFCA37884F84400834202BF4E
S214004DD00123E3702371074B04F11C00C4E9073478
S214004DE000F0A2FD224620880349BDE8104000F0EE
S214004DF0B7BC00BF37E30200794D000070B5C3783A
S214004E0004460D461646002B33D1C1B1204813F098
S214004E10F5FDE36CA6600BB1E06D9847E368F61A03
S214004E2063699E4222D2217E1A480131C9B2217698
S214004E3013F0E4FDA36D13B1217EE06D9847E57095
S214004E4029F084FB15B3237903BB238AF3B1A26848
S214004E50801A83421AD201230F48237113F0CEFD25
S214004E60236D9BB1E06DBDE87040184701232376A3
S214004E70E5E70029E3D1094813F0C0FD636DE6605D
S214004E802571002BDBD0E06D9847D8E770BD00BFDA
S214004E90858C0300968C0300C48C0300B18C030041
S214004EA0F8B51E46838804460D4617460BB1868025
S214004EB0F8BD8178008829F05FFA0123E370084B7B
S214004EC0E5802781A680C4E903340C34204600F030
S214004ED02BFD29462046BDE8F84029F02EBB00BF32
S214004EE083E30200816810B5B1FA81F104464909EE
S214004EF0008829F0B8FAA168A088B1FA81F14909BA
S214004F0029F0B1FA034B1A68A24204BF00221A60C5
S214004F1010BD00BFCC15002010B50446014604485D
S214004F2013F06CFD2046BDE81040FFF7DBBF00BF66
S214004F30DA8C030070B50446D0E90030E2680F4E04
S214004F40002A18BF1846336804F1100513B10C4B3D
S214004F501B7863B1217A80B229F085FA7D21094B4E
S214004F60346023612846BDE8704029F0E6BA06485A
S214004F7013F044FD054B32212361F3E7CC150020E6
S214004F8009530020194F0000F38C0300914F0000D6
S214004F9010B50446034813F031FD2046BDE8104026
S214004FA0FFF7C8BF298D030010B50446E0B10F48CF
S214004FB013F024FD0123E360636853B9217A208847
S214004FC029F051FAA36B7BB1E06B0121BDE81040DC
S214004FD018472046FFF786FF04F1100029F0B2FAC2
S214004FE02046FFF7A7FFEDE710BD00BF3F8D03008B
S214004FF010B5044630B3144813F000FDA1682088AD
S214005000B1FA81F1490929F02EFA0023E3606368BA
S2140050106BB9A1682088B1FA81F1490929F023FA11
S214005020A36B7BB1E06B0021BDE81040184720461B
S214005030FFF758FF04F1100029F084FA2046FFF726
S21400504079FFEDE710BD00BF4A8D030010B504469A
S21400505068B1074813F0D2FCE36820461BB1BDE8F0
S2140050601040FFF7C5BFBDE81040FFF79DBF10BD5D
S214005070568D030010B50E4C0E48214613F0BEFCAC
S21400508082210D4813F0BAFC82210220A21E00F0F5
S21400509001FC014630B134F8022C0848BDE8104047
S2140050A013F0ACBC0648BDE8104013F0A7BC00BF28
S2140050B0964D0020658D0300808D03008B8D0300C8
S2140050C0CF8D030038B50E4C82212246022000F018
S2140050D0D1FBA51C014650B122880A4813F08EFC6D
S2140050E04C222846084914F0DFFF4B23238035F86E
S2140050F0021C064A0648BDE8384013F07FBC00BFD5
S214005100944D0020DA8D03005A8E0300964D002041
S214005110388E030010B504460146074813F06EFCAF
S214005120012C064803D1BDE8104029F082B9BDE83D
S214005130104029F080B900BFA68E0300145C002042
S21400514070B50024184D194E3378A34217DC00249E
S214005150174D184E3378A34217DC0024164D174E11
S2140051603378A34217DC00F0FFFC0128144818D15E
S21400517029F05FF9BDE87040124800F007BD2846E8
S214005180FFF71CFE01346035DEE7284629F037F9C4
S21400519001343435DEE7284629F06AF90134403513
S2140051A0DEE729F048F9E5E7941C00200D530020BF
S2140051B0741E00200E530020541B00200C530020A9
S2140051C0145C0020155100002DE9F04FDFF85883DD
S2140051D085B0FFF777FF03A8CDF80C8029F06CF9AF
S2140051E0054614F03FFCBF4CC2B21F2A627004D9B9
S2140051F0BD4813F003FC00F04FFA2946A01C14F03B
S21400520053FF03A829F058F9054614F02BFCC2B248
S2140052101F2A84F8212001D9B448EAE7294604F178
S214005220220014F041FF03A829F046F900260446A0
S214005230AF4FDFF8F8922578002D55D1DFF8F092C1
S214005240AC4FFFF77DFF99F800203978AA4813F095
S214005250D5FB99F800303E78DFF8A4B21E44F6B2CB
S214005260012E38BF01265B46DA464FF482714FF6B0
S214005270FF720135B5421D7059809A8003F10C0308
S214005280F7DB0C259D4C9E499648CAF8084000F06E
S21400529027FDDAF808309AF8070005FB003000F022
S2140052A037FB9AF80730974801338AF8073000230F
S2140052B03A789A4200F3718100254FF00C0B924B1E
S2140052C099F80020AA4200F37B8131468C4800F012
S2140052D08DFB039B43451A4640F08C818B4805B0F6
S2140052E0BDE8F04F13F08ABB532D0FD163784C2BDB
S2140052F040F0C780A378502B40F0C3800122844B37
S2140053001A7003A829F0D8F8044694E7423D112DF8
S214005310F7D801A353F825F07B5300000353000091
S2140053200353000003530000035300000353000020
S2140053300353000001540000035300000353000011
S214005340B5530000615300000353000003530000F0
S214005350035300000353000035550000835400003B
S214005360644B012019780023664A994202F1A40290
S214005370C7DD02F8A20C0133F7E7601C00F062FA02
S2140053800546E01C29F0B5F801210246284600F043
S2140053908FF960223B785F485A43811885524FF454
S2140053A0FA620A824FF448724A615B4A01330A6520
S2140053B03B70A6E7601C00F045FA00224FF0340B65
S2140053C08246564E114600F073F93378544D0BFB67
S2140053D003F325F803A0E818E378693B18BF012318
S2140053E0837029F00CF800214E4A33785160012171
S2140053F00BFB03550B44337015600E46117480E7A3
S214005400601C00F01FFA00221146834600F050F997
S2140054103422424DDFF808A12B7853432AF803B014
S2140054200AEB0300E378693B18BF0123837028F07A
S214005430E6FF3549002308468A6BC2B93C2202FBC8
S214005440030034222B7802FB03A383635EB9354A3C
S2140054503346114652F8040B78B934202A7800FBFC
S21400546002A241F823202B7801332B7049E7013341
S214005470042B01F13C01DFD1E8E70133042BE9D12D
S214005480F1E7601C00F0DEF90546E01C29F031F873
S21400549001210246284600F00BF9602339781D4AA0
S2140054A04B43D418D5524FF44873A420114D238291
S2140054B063612B78DFF84CC058430CEB00020CF805
S2140054C000304FF40070508003201071907132202D
S2140054D00133DBB201315371946082F8A000397059
S2140054E0C3E700BF345B0020C58E0300DC8E0300DC
S2140054F00D5300200B530020EC8E030048160020AE
S214005500D0150020B8180020C8170020218F0300EF
S21400551009530020941C0020A3E402000E53002030
S214005520741E0020145C0020964D00200C530020B2
S2140055300A530020601C00F085F9002282461146BE
S21400554000F0B6F899F800302F4D990145F801A003
S214005550012105EB83129160E27862B1E01C00F055
S21400556071F900220446114600F0A2F899F80030BE
S21400557005EB831254603C212448254C027805EB49
S21400558083155143013304EB010C62540132CCF80D
S214005590345089F800300270B3E62BB11BF8052CA6
S2140055A005FB0244CBF8084059460193009000F0F2
S2140055B019FF019B00980133A4300BF10C0B77E622
S2140055C03978184629444A1E0BFB02A2D2790BFBF7
S2140055D001A10BFB024400938C6000F011FD3978AA
S2140055E00C4829440BFB01A100F068FC009B013528
S2140055F03C3365E613F8011D00297FF46BAE3B21B2
S21400560002F8011C66E600BF541B00200A53002067
S214005610C8170020481B002007B5022101200DF105
S214005620060200F027F938B9044813F0E7F9BDF888
S214005630060003B05DF804FB0020FAE73E8F030087
S21400564007B50221ADF806000DF10602012000F0B4
S21400565021F9014610B1034813F0D0F903B05DF804
S21400566004FB00BF5F8F030010B5FFF7D5FF0446AD
S2140056700146074813F0C2F90121064813F0BEF9A7
S21400568024B9BDE810400120FFF7DABF10BD00BF07
S2140056908F8F0300A18F030008B5044813F0AEF9FE
S2140056A000F008F928F03FFF28F03AFFB78F030014
S2140056B00B460E4910B40446087808B90120087055
S2140056C00B48210A405CE1B273B1012A04D0032AD8
S2140056D008D00023012201E0134602225DF8044BA5
S2140056E003F01EBF0023F8E70422F7E7105300205C
S2140056F0862504003021074A030AD35C01224B4367
S21400570041F21001C0B203F1A043824003F57033AA
S2140057105A507047862504003021074A030AD35C96
S21400572001224B4342F21001C0B203F1A043824073
S21400573003F570335A50704786250400064A030A5C
S214005740D25C30235A43054BC0B29B5823FA00F074
S21400575000F00100704700BF8625040014C0035007
S2140057602DE9F04F304B0646187885B008B9012071
S21400577018702E4C23783BB9CDE9021229F0DEF8DA
S214005780DDE90212012323702948330AC75C00248E
S2140057903020284D5FFA86F800FB04F315F803C0A6
S2140057A0BCF1000F38D101205FFA84F9E8544FF0BD
S2140057B0300B0BFB04F005EB000A1030CAE90212AE
S2140057C028441D49AAF8026008F08AFB414638467C
S2140057D003F0E6FE022825D10BFB07FB174B53F818
S2140057E00B3023FA08F313F0010F14BF0122032233
S2140057F0302303FB045348461A711149524629F0D8
S2140058009FF801234A4641463846CDE9003303F067
S21400581041FE05B0BDE8F08F0134102CBCD1FF244A
S214005820A146C4E70022E3E7105300200F530020F0
S21400583086250400781F0020D3E4020010C0035021
S214005840E5E4020080B10278A2F14103032B0BD8F5
S21400585040783038C0B2082806D8054B134413F8F1
S214005860413C40EA032070474FF6FF70704700BF88
S2140058708625040008B50B4642B101460448006878
S21400588002F0CCFCBDE8084028F044BE022008BD6B
S214005890A85C002008B50B4642B1014604480068E3
S2140058A002F048FEBDE8084028F034BE022008BDDD
S2140058B0A85C00202DE9F0414FF000088CB0134F93
S2140058C002AEFF2300930A2243463146386829F089
S2140058D04EFBC0B1354606EB800405E055F8043BA8
S2140058E0434528BF03F10108AC423868E9D9296866
S2140058F002F0A8FF0028F1D02D28EFD00CB0BDE8AC
S214005900F04128F007BE0CB0BDE8F081A85C00208E
S21400591028B1034B0360034B43600023836070474A
S21400592019000003285C0020FF2307B50021044A65
S2140059300093083008F056FA03B05DF804FB00BF89
S21400594035E502000B460449024608680349097813
S21400595008B128F002BE70478022002012530020B3
S214005960F8B50C4618B122210E4832F057FF2468CD
S21400597023685E795F8830463946FFF7E3FF08B94B
S2140059808120F8BD8568002DFAD0A368E27C3046F9
S214005990F9B2A84704460028F2D12CF09CFD204618
S2140059A0EFE700BFC48F0300F8B515460D4A04465E
S2140059B010680D4A0B46117850B1224628F0CDFDEE
S2140059C0034628B100210C27C678B14201DB00202F
S2140059D0F8BD07FB01F45A681019125BAA42F7D00B
S2140059E00131F2E780220020125300202DE9F74F04
S2140059F004460D460026444B444F1860444B19702D
S214005A0033010021F85C01360FF0AEF80C2EF7D10A
S214005A100C2D28BF0C254FF0000901953B4EDFF8F2
S214005A20FCA03C4DDFF8F880019B4B4502DC03B040
S214005A30BDE8F08F23784FF0000B337063887380D7
S214005A40A388B380A379C6F80880B371E379C8F851
S214005A50005088F804304FF00003A768A8F8063016
S214005A60E3795B450ADC012116F8100B0FF07CF891
S214005A7008F1080809F101090C34D5E74FF00003D6
S214005A8038886B812880F9784FF0000C2981BB7824
S214005A90C5F804A0002B00930CBF802340232B7373
S214005AA07A680AF10C03614512DC0C2303FB01AA99
S214005AB0BB6843B1009A4FF6FF71B2FA82F2164BFA
S214005AC052092CF098FC14350BF1010B0C37C7E784
S214005AD0B2F800E00CF1010C23F80CEC92F802E0AE
S214005AE00C3303F816EC92F804E00C3203F815ECCD
S214005AF012F809ECBEF1010F14BF4FF0100E4FF074
S214005B00110E03F814ECCEE7802200203439002072
S214005B1012530020842800206159000084220020AF
S214005B20042B0020014B1860704700BF7C22002029
S214005B3070B5128805460E46FFF736FF044670B16C
S214005B4002790499806813F0BBFF064B1B680BB9FB
S214005B50002070BD28462288F1B29847F8E78620D4
S214005B60F7E700BF7C22002008B50EF03DF90228BA
S214005B7006D0012806D0044B18784000C0B208BDF5
S214005B800120FCE70220FAE711530020014B1860C1
S214005B90704700BF78220020034B1A781AB90122FA
S214005BA01A700AF0A1BA7047115300200022064B63
S214005BB010B51A70054B1C682CB1FFF7D5FF2346AD
S214005BC0BDE81040184710BD115300207822002071
S214005BD037B50446002832D00EF006F9022830D138
S214005BE060892CF0D8FFE079237A003818BF0120AE
S214005BF0012B637A08BF40F008000BB140F010009C
S214005C0063890BB140F00400257CA188A2790DB110
S214005C10E36873B90C4B0FF005FB217808460FF0CC
S214005C207DFB2CF0E1FA002814BF0320002003B00F
S214005C3030BDCDE90035054B0FF0F4FAEDE7022054
S214005C40F5E70120F3E700BF8DDB03006EAC030031
S214005C50034B044A5B7C012103201370FFF71ABE36
S214005C60145C00201353002010B50446FFF7F0FF25
S214005C70B4F57F4F10D10D4B1A88134400229A704A
S214005C80FFF7F8F90A48FFF74FFEBDE810404FF45B
S214005C909671074828F051BC4FF601739C4204D118
S214005CA0BDE81040034828F0ACBB10BD944D002062
S214005CB04C5C0020145C002010B5074C01212246E5
S214005CC00320FFF7D7FD28B92378044A003B18BF06
S214005CD00123537410BD00BF13530020145C002032
S214005CE00822F8B535244A4B30251A7032221C712A
S214005CF031245A70DA709A714FF400125C711C727B
S214005D00444C4264C464444C01220465434C9D7078
S214005D108465434CDD71C465424C85184466424C2C
S214005D20C5678466414C424D0467424CC0F88050BB
S214005D304467202480F8784080F8844000F12104ED
S214005D40C0F888403C4C80F84820C0F88C403B4C5B
S214005D5080F85420C0F89440394C80F8602080F8D1
S214005D606C2080F89020C0F89840364CC0F8B830C8
S214005D70354BC0F8A440C0F8BC300E24022380F88F
S214005D80A84080F8C030314C314BC0F8AC40C0F869
S214005D90C430304C304BC0F8B040C0F8C83009248E
S214005DA082232E4D80F8B44080F8CC302C7C2C4BCF
S214005DB080F89C20C0F8A000C0F8D03044B1294B31
S214005DC080F8D820C0F8D43005F11103C0F8DC30D4
S214005DD00C224FF0000CCB798F685A4327F802C08C
S214005DE0BE180122443013440C347060B270F47054
S214005DF0CB71FFF761FFFFF7B7FE012806D12B7CBA
S214005E0023B1BDE8F840154828F0FBBAF8BD00BF3E
S214005E10145300209E250400010020009D25040048
S214005E20020020009C250400030020009B2504009F
S214005E300500420004004200070030009A250400D6
S214005E401200100100404200FDFF21008A250400D8
S214005E50982504000600420000FF4401145C002060
S214005E60944D002001FF100170B50D4606461446FD
S214005E7013460A4601460D4812F0C0FD25B92046D5
S214005E80BDE87040FFF7F0BE072D05D1214630462D
S214005E90BDE8704000F06CBA062D05D121463046AC
S214005EA0BDE8704000F060B870BD00BF15900300FC
S214005EB00148FFF737BE00BF695E00004FF4C0130D
S214005EC030B5036001230C220371064B8C68836097
S214005ED0CB795A43A518686003480133A050CB71AC
S214005EE030BD00BF9F2504000400010102290246C0
S214005EF008B50ED004D839B9104628F0CBFB06E01A
S214005F004029F9D0412907D1104628F0B9FB0020D6
S214005F1008BD28F0C9FBFAE7014812F06FFDF6E766
S214005F204890030008B511461A46034B53F8200064
S214005F30FFF7DCFF002008BD642B0020426B094BF6
S214005F40D2681A7082785A70C2789A70826B0AB1D8
S214005F50D278DA70007804210930024AC0B2FFF71E
S214005F6099BC00BF1D530020024B53F8200028F0B8
S214005F70B7BB00BF642B002038B504460078064D3A
S214005F8009302A460421C0B2FFF774FC18B96B78B2
S214005F90A370AB78E37038BD1D53002038B50446B7
S214005FA00078164D09302A460421C0B2FFF762FC7D
S214005FB018BBA3782A78022B12D004D893B92046AF
S214005FC028F068FB01E0FF2B10D0A06BA8B1E378A7
S214005FD0022B12D1EB7863B1BDE8384028F0F7B950
S214005FE0002AECD1204628F04BFBEEE7002AF9D138
S214005FF0E5E7BDE8384028F0F5B938BD1D53002068
S214006000F8B504460B78214A0D4642F82300437043
S214006010FFF7B2FF636B1E4ADC639A632046FFF706
S214006020BDFF204628F010FB4FF480136360042366
S2140060302372636BA06B0C33E360164BA21C2361C8
S2140060400123A261237558B1134A84F82030E26117
S214006050E21C6262114A84F82C30C31CA2622363DD
S2140060600C210627EB79AE6859430028775206EBD9
S21400607001020CBF02210421D17001219170084950
S2140060800434013354609160EB71F8BD642B00203A
S214006090BDE602000340300101FF300102FF10019F
S2140060A0255F0000024641793C20084B013900FB81
S2140060B00130D378042B08D8012B04D80BB928F06C
S2140060C0DFBA28F0E7BA28F0EFBA7047C817002002
S2140060D0024641793C20084B013900FB0130D37859
S2140060E0042B08D8012B04D80BB928F0D3BA28F013
S2140060F0C7BA28F0D9BA7047C817002030B587B09D
S21400610004464579FFF730FD012822D1E2786B1E60
S214006110042A1ED8DFE802F00433031F29001046C5
S21400612063784FF480728DF804304FF48273ADF8C4
S21400613006300623ADF8083001238DF80B30002317
S2140061408DF80A0001A8CDE903238DF81430FFF777
S2140061503FFD07B030BD3C210A4A01FB03235B6BC1
S214006160D868003818BF0120DAE73C21054A01FB51
S21400617003235B6BD868B0FA80F04009D0E70020B4
S214006180CEE700BFC817002030B587B00446457973
S214006190FFF7EAFC01282AD1E3786A1E042B26D8EA
S2140061A0DFE803F00C0C0C0327003C21164B01FB28
S2140061B002335B6BDB68003B18BF012362788DF807
S2140061C00A308DF804204FF482720123ADF80620C1
S2140061D006228DF80B30ADF8082000234FF48072AD
S2140061E001A8CDE903238DF81430FFF7F1FC07B0C2
S2140061F030BD3C21044B01FB02335B6BDB68B3FA1A
S21400620083F35B09DAE700BFC817002010B586B035
S2140062100446FFF7A9FC012812D16378094A8DF8D5
S21400622004304FF48273ADF806304FF48073CDE936
S2140062300223002301A804938DF81430FFF7C8FC4E
S21400624006B010BD0800070110B586B00446FFF77B
S2140062508BFC012820D16278104B8DF804204FF477
S214006260827294F8A01094F8A10059701870ADF8D6
S214006270062004934FF480720223094901A88DF882
S2140062801430CDE90212FFF7A3FC94F8A130013BCD
S21400629018BF012384F8A13006B010BD215300209A
S2140062A00800050110B583780446EBB10379022B8C
S2140062B007D143793C200D4A013B00FB032028F020
S2140062C0F3F9A379022B02D12046FFF717FF2046E9
S2140062D0FFF7BAFF02236078A4F86C305522BDE8B9
S2140062E01040122128F05BB910BD00BFC81700206F
S2140062F04388094A082113808388538083681B8A51
S214006300938090F8A03093718379D371007804302D
S214006310C0B2FFF7BFBA00BF164E002038B50D4614
S21400632004460178104812F069FB4FF602739D424E
S2140063300CD163791BB10D4A12789A4201D201231F
S21400634063712046BDE83840FFF7D2BFB5F57F4FF2
S214006350F7D1204628F02CFAA278A368022A0CBFB0
S214006360012200229A70ECE75E9003000A53002098
S214006370024B53F82000FFF7D1BF00BF8C2B002044
S21400638038B504460078134D04302A460821C0B2BA
S214006390FFF770FA20B1BDE838400F4812F02EBB68
S2140063A02B8863806B88E978A380AA88A3681A8202
S2140063B0AB7984F8A030EB79A37119B1074B1B7841
S2140063C08B4205D2064812F019FB2378013363711D
S2140063D038BD00BF164E0020789003000A530020F8
S2140063E0A1900300F8B504460B784A4A0D4642F8D9
S2140063F023004370FFF7C4FFA268474B0227D3640D
S214006400464B0C265365464BA11C1365454B464828
S214006410C2E916344FF44013E36001236161E16280
S2140064204249103221632265211D414AA163414938
S214006430626504F1A002A061E163E265E01C611DF3
S2140064403D4A206261643D483D492266A21D237490
S214006450237784F8283084F8343084F84030A164F8
S21400646084F84C7084F8583084F864306062A26611
S214006470E879AA6806FB00F104EB060E02EB010CB5
S214006480CCF804E04FF0060EDFF8C4C042F801C0B6
S214006490C118C9B2714342F801E002EB010C0021B9
S2140064A0CCF80410DFF8ACC084F88030C4F870C0B4
S2140064B084F89830DFF8A0C0224BC4F878C0C4F83F
S2140064C09C30DFF898C0831CDBB2C4F87CC07343F2
S2140064D0DFF88CC084F8747084F88C7004F16C0754
S2140064E0C4F884C0C4F89070DFF878C0164FC4F8BB
S2140064F088C0C4F89470D71870347C60134CD4509D
S214006500C31CDBB273430826D4180430D65061602F
S214006510E871F8BD8C2B00201DE702005FE7020043
S214006520A562000013E702001000300101FF3001F1
S21400653004FF200102FF200105FF300100FF3001AB
S21400654003FF2101A22504006F00180012000104B9
S214006550070001084A002100A02504005100100091
S214006560A32504005500210000239B6AB3F5804F45
S21400657003D21968064A914203D000230370836051
S2140065807047012202709A689B694260F7E700BF75
S21400659007B0CD5E024B034A1A6029F0B5BC00BFB7
S2140065A00000002002020FF073B53F4B04461A7835
S2140065B01AB102221A7002B070BDCDE9002200287E
S2140065C0F9D001261E7032F037F8384D384B186077
S2140065D017F01CF82B785BB902F0D8F940B93548AB
S2140065E00823354A3549006801F018FE00B92E70B8
S2140065F0334B5A68E260334A9A601A6E22605A6ECB
S2140066006260D3F87021A2601B6E5C042CD52E4A03
S214006610D368D807FCD42D4B1A68531C29D04FF4E6
S214006620801393402A4A13660423294C4FF0804275
S21400663023664FF480632366102323664FF40053CB
S2140066406846236601A92266636628F0C9F8009B9F
S2140066502366019B63662B78002BACD0164B1A681A
S21400666022665B686366A6E71A4AD368D907FCD435
S214006670D1E7194B1B78002BD6D1184B5A68144B10
S21400668012B94FF480121A66154A526812B94FF4BE
S21400669000121A66134B5B68002BC5D14FF48002BC
S2140066A00B4B1A66C0E700BF24530020255300207A
S2140066B0C42B0020A85C0020C82B00200071080016
S2140066C00080004455CEAC0000000440745C0020FE
S2140066D00090004400000450235300200080055022
S2140066E000C005500000065038B5224D04462B78F1
S2140066F0012B02D001232B7038BD0028FCD028F0D7
S21400670094F8013009D028F090F840F2011398422E
S21400671003D0194AD368DB07FCD42268174B1A66E5
S21400672062685A66A268C3F87021E268D40744BF5C
S21400673000229A60124B1A68013213D1114A12785D
S21400674082B911494968C80748BF1A600F4A52689B
S214006750D10744BF01221A600D4A5268D20744BFCF
S21400676002221A6016F05AFF0A4B186831F05FFFD3
S2140067700023C0E7245300200000044000800044AB
S214006780745C0020235300200080055000C0055094
S21400679000000650C42B002070B50024A36AB3F591
S2140067A0804F23D21A68134B9A421FD1124E337869
S2140067B013F0FD0518D14FF480341048FFF7F4FEAF
S2140067C0032004F027FA0E4B0320DC6004F006FAE0
S2140067D00C4B1C61AB6ADB69984704460748FFF719
S2140067E083FF0CB901233370204670BD4FF48174CB
S2140067F0FAE700BF07B0CD5E23530020B42B00207D
S21400680000A000440090004413B5204B1B7803B949
S214006810FEE700231E4CCDE900336A4608231D49D7
S214006820206801F0FBFCF8B91B4AD2F84031D2F8D8
S21400683040211F2B4FF0010311D9203A9340019AB3
S2140068401A43019208236A461249206801F072FE34
S214006850124B134A1A6029F057FB02B010BD934042
S214006860009A1A430092EDE72D28F1D10A4AD2F891
S2140068704031D2F840211F2B4FF0010385BF203A4C
S21400688093409340019398BF0093DBE72453002086
S214006890A85C002000710800008000440000002072
S2140068A00B020FF038B50025AB6A0446B3F5804FEF
S2140068B010D21B6BB3F5804F0CD20748FFF774FE5F
S2140068C0AB6A20461B6B5B689847BDE838400248B9
S2140068D0FFF70ABF38BD00BFD02B002013B5002439
S2140068E0A36A0190B3F5804F13D21B6BB3F5804FAC
S2140068F00FD20948FFF758FEA36A01211B6B01A8B7
S2140069009B69984704460448FFF7EEFE204602B00F
S21400691010BD4FF48174F9E7D02B002070B5002627
S214006920B36A0446B3F5804F0D4612D21B6BB3F51F
S214006930804F0ED20848FFF737FEB36A20461B6B1F
S21400694029469B69984704460348FFF7CDFE204634
S21400695070BD4FF48174FAE7D02B002070B5002686
S214006960B36A0446B3F5804F0D4612D21B6BB3F5DF
S214006970804F0ED20848FFF717FEB36A20461B6BFF
S2140069802946DB69984704460348FFF7ADFE2046D4
S21400699070BD4FF48174FAE7D02B0020F8B50027BD
S2140069A0BB6A0446B3F5804F0D46164611D21B6BE4
S2140069B07BB10948FFF7F8FDBB6A20461B6B3246E1
S2140069C029465B6A984704460348FFF78DFE204633
S2140069D0F8BD4FF40174FAE7D02B002070B50026FE
S2140069E0B36A0446B3F5804F0D4612D21B6BB3F55F
S2140069F0804F0ED20848FFF7D7FDB36A20461B6BC0
S214006A0029469B6A984704460348FFF76DFE2046D2
S214006A1070BD4FF40174FAE7D02B0020F0B50027C4
S214006A20BB6A0446B3F5804F0D461646ADF5337D7A
S214006A3020D21B6BB3F5804F1CD21048FFF7B4FD75
S214006A40BB6A20461B6B40F2C1225B6A01A99847CD
S214006A50044630B10948FFF747FE20460DF5337D62
S214006A60F0BD836A32461B6B2946DB6A01A898474D
S214006A700446EFE74FF40174EFE700BFD02B002089
S214006A8010B50024A36AB3F5804F10D21B6BB3F584
S214006A90804F0CD20748FFF787FDA36A1B6B1B6B62
S214006AA0984704460348FFF71FFE204610BD012402
S214006AB0FBE700BFD02B0020F0B58FB0044601A83E
S214006AC00E461546FFF7EEFE9DF80C30012B12D150
S214006AD0B5F5402F27D8B4F5402F24D86319B3F561
S214006AE0402F20D821462A46304613F0DDFA0024EF
S214006AF020460FB0F0BD0027BB6AB3F5804F15D215
S214006B001B6BB3F5804F11D20A48FFF74DFDBB6AE9
S214006B102A461B6B314620465B6B98470446054861
S214006B20FFF7E2FDE4E740F20244E1E740F2011439
S214006B30DEE700BFD02B0020F0B58FB0044601A8DA
S214006B400E461546FFF7AEFE9DF80C30012B1FD102
S214006B50B5F5402F06D8B4F5402F03D86319B3F522
S214006B60402F13D940F2024420460FB0F0BDE25841
S214006B70013225D104339D42F9D82A4631462046B3
S214006B8027F083FE0028EDD00024EDE70023F2E78F
S214006B900027BB6AB3F5804F15D21B6BB3F5804F49
S214006BA011D20A48FFF700FDBB6A2A461B6B314626
S214006BB020469B6B984704460448FFF795FDD3E7AD
S214006BC040F20344D0E740F20114CDE7D02B00207A
S214006BD070B58EB0044601A80D46FFF763FE9DF81B
S214006BE00C30012B22D144EA0503C3F30C03002B1F
S214006BF033D1B5F5402F04D940F2024420460EB0FA
S214006C0070BDB4F5402FF7D82544B5F5402FF3D81E
S214006C10204604F5005427F031FEAC4202D000288E
S214006C20F6D1E9E70028E7D00024E7E70026B36AB4
S214006C30B3F5804F14D21B6BB3F5804F10D20A48C1
S214006C40FFF7B2FCB36A29461B6B2046DB6B9847FE
S214006C5004460548FFF748FDD0E740F20444CDE778
S214006C6040F20114CAE700BFD02B0020BFF34F8FBD
S214006C700549064BCA6802F4E0621343CB60BFF3D3
S214006C804F8F00BFFDE700BF00ED00E00400FA05EF
S214006C9070B5D0B1C9B10E4E431E013913F8014F7D
S214006CA02046325D02F00302012A11F8012F08BFC8
S214006CB004F12000B55C05F00305012D08BF203265
S214006CC0801A01D1002CE9D170BD0120FCE700BF7D
S214006CD0254C04000348044A0449121A921027F06F
S214006CE020BE00BF34410000D04200008C59002076
S214006CF008B5154B83F30A8800F030F8FFF7EAFF73
S214006D00124B13498B4212D30020124B12498B426E
S214006D1018D3FDF7E3FF186850F82240586840F88B
S214006D202240013298688242F5D30C33EAE700220B
S214006D30F8E71C6844F8220001325C68A242F8D3E7
S214006D400833E4E70022F8E708000020C4700400D7
S214006D50D0700400D0700400D0700400124B134AA8
S214006D6070B59A60D3F88820114D42F47002C3F8CB
S214006D7088206FF0010205F50054226641F2FF728A
S214006D8062660222C3F8D020BFF34F8FBFF36F8F27
S214006D904FF44036032003F03DFF0320E66003F087
S214006DA01DFF2E6170BD00BF00ED00E0004000003A
S214006DB000800044014B1860704700BF7C5C0020D8
S214006DC0054B1860054B1B6F03F00703032B01D11F
S214006DD02FF08CBD704700BF845C00200080005000
S214006DE02DE9F04104464FF001080C250D4E0CB974
S214006DF0BDE8F08194FAA4F0B0FA80F00F2808FA03
S214006E0000F2C8BF103824EA0204CABF05FB0062BD
S214006E1005FB0062B4325768002FE8D09168C0B214
S214006E20B847E4E7E02B002008B50C4831F0A2FC98
S214006E30192003F0E1FE28B1192003F0EBFE19201B
S214006E4003F0CCFE1A2003F0D7FE28B11A2003F078
S214006E50E1FE1A2003F0C2FE002008BD0028040050
S214006E602DE9F0410E461746054618B30F2923D8DC
S214006E700378DBB1013BDBB2022B19D8104AD35C96
S214006E806A78D340DB0717D50E4BD3F81043ACB95E
S214006E9031F0D2FB80463A462846314602F03AFCAC
S214006EA0404631F0C4FB2046BDE8F0817F23E7E78B
S214006EB00023E5E72224F6E72124F4E70224F2E79C
S214006EC0F425040000C0035010B5044610B3037840
S214006ED0E3B1013BDBB2022B1AD8104AD35C6278CE
S214006EE0D340DB0718D531F0A7FB01226178237861
S214006EF08A4030214B4341F2100103F1A04303F5D1
S214006F0070335A5031F093FB002010BD7F23E6E724
S214006F100023E4E72220F8E72120F6E7F425040022
S214006F2010B5044610B30378E3B1013BDBB2022B85
S214006F301AD8104AD35C6278D340DB0718D531F0F4
S214006F407BFB0122617823788A4030214B4342F252
S214006F50100103F1A04303F570335A5031F067FB7C
S214006F60002010BD7F23E6E70023E4E72220F8E7B1
S214006F702120F6E7F42504002DE9F0410D461646DB
S214006F801F46044600284DD000294BD00178002922
S214006F903ED04B1EDBB2022B3CD8244AD25C637830
S214006FA0DA40D00701D4FF293ED1022E01D9042EA3
S214006FB03AD131F041FB23788046FF2B05D032468C
S214006FC02046296802F0ECFB28602868421C0BD19A
S214006FD02378FF2B20D1164B6078D3F8241428F0A2
S214006FE003FA431C286017D00C22124B02FB003316
S214006FF0069A5F609A602378FF2B04D001230E4A1E
S2140070008340C2F82434404631F011FB002007E0EC
S2140070107F22C4E70022C2E7404631F008FB2D205D
S214007020BDE8F0812220FBE72120F9E7F4250400E3
S21400703000C00350E02B002000D0035008B502F03B
S2140070405FFB044B00F05530C3F82004BDE8084051
S214007050FFF7C6BE00E0035008B502F051FB044B34
S21400706000F0AA30C3F82004BDE80840FFF7B8BE19
S21400707000E003502DE9F04F144606460F4689B04F
S2140070800393C36B01225B6904A960689847F36B9E
S21400709001225B6905A93846984704A828F056F8E7
S2140070A0054650B10023A37563754FF0FF33A36008
S2140070B00025284609B0BDE8F08F05A828F053F84B
S2140070C00123A375237E04EBC303DF611D8463687D
S2140070D0BB420ED1206005A828F066F84FF0FF33BB
S2140070E02075A360237D043B022B26D80023A375BE
S2140070F0DEE723681A1A53425341A37505A828F001
S21400710053F8237D834218BFA57505A828F02FF8ED
S214007110804604A828F02BF8804518BF002305A851
S21400712018BFA37528F02AF8804604A828F026F889
S21400713080451CBF0023A375D4E705A828F017F8E0
S21400714080B1F36B022238465B6906A9984706A809
S21400715028F01BF80346207D032839D8DFE800F026
S2140071603838040905A8F3E7CC22237E04EBC303D2
S2140071701A8401F083FC129B187005A894F81880F6
S21400718027F0E9FF04EBC80888F82200237E05A84C
S21400719004EBC303B3F820A093F8228027F0E7FFA0
S2140071A0814605A827F0EAFF8346B9F1000F14D000
S2140071B0F36B022238465B6906A9984706A827F0B3
S2140071C0AAFF607568B90023A3754FF000093CE07C
S2140071D0227E04EBC2021384CBE705A827F086FFC5
S2140071E0EFE794F81690B9F1000FEED0BAF1000F61
S2140071F00DD1B8F1000F1DD00123E375637E002B7F
S2140072003FD1B8F1010F30D184F8198014E0736CC7
S21400721007EB0B015A4287EA010010421CBF00220E
S214007220A2755A1E0A409B1A9A45CCD8A37D002BFD
S214007230DFD1CAE7E37D43B94FF0000953465A460B
S2140072403946304627F0CDFCA060A37D13B12269F5
S214007250524422611F49227E097891421AD901328E
S2140072602276039ACAB91D4623E796F834307BB9CE
S214007270F36A0133E2D1B8F1030FDFD10123A3761D
S214007280DAE7B8F1010FE0D0B8F1030FD4D1F5E793
S2140072909946D3E70023A3750BE7002B3FF409AF0D
S2140072A0E57D002DDFD0B9F1000F11D1B8F1030F45
S2140072B03FF4FFAEA1684B1C3FF4FBAE129B224688
S2140072C0009330460123FFF7D5FE0546A075F0E68D
S2140072D04D46EEE6182604002DE9F04F0E46984679
S2140072E000238BB004464FF0FF31104617468DF84A
S2140072F0133001F0ADFBB6F5801F20D2314605AA4B
S21400730004F1080027F074FE451C014603D1237CD7
S214007310BBB92D2010E0384601F09AFB0122394611
S21400732020460DF1130327F0AEFC0028EFD09DF8A1
S214007330133088F8003000200BB0BDE8F08FB01C8A
S214007340E5D1E56A691C36D12046616A27F08FFBD5
S2140073500546B31C18BF0123DFF8CC900193636A7F
S214007360626C0293236805A902FB053AE36B0522CB
S2140073705B695046984705A827F082FF27F0A5FFCF
S214007380504627F0ADFF4FF0000B824601464B1CDF
S21400739005D0636C81EA0A025B42134211D029468B
S2140073A0204627F064FB029BAB422CD0BBF1000FBB
S2140073B02CD10546D3E72368ED1A636CB5FBF3F5CD
S2140073C0C7E7484601F044FB0DF113034946204643
S2140073D0019A27F058FC034690B1B21C03D0D9F8A6
S2140073E00020B2420CD19DF8132003930D4B88F871
S2140073F0002049461A68384612F056FE039B9B4604
S214007400D9F80810C3E7BBF1000F82D0B6F5801F8D
S21400741091D2314698F800307A6804F1080001F0FD
S21400742045FA88E714260400BC3300202DE9F34112
S2140074300446174698460E46184D816AE36A8B4204
S21400744001D04B1C02D102B0BDE8F081284601F005
S214007450FFFA0122294620460DF1070327F013FC08
S21400746038B14346294620469DF80720B8470028ED
S214007470E9D0A9684A1C04D16968204627F084FB35
S2140074800146012EDAD16B6881EA0302636C5B4227
S2140074901A4218BF4FF0FF31D0E700BF90330020EC
S2140074A02DE9F04F4FF0FF334FF6FF7200250446EC
S2140074B000F108068BB0C0E90923C36205620563C4
S2140074C03046884627F065FD204627F0A0FA60BBC8
S2140074D02046414627F01BFB204627F098FA60BB63
S2140074E05E200BB0BDE8F08F2368E26B606C5769D6
S2140074F000FB0530052205A9B84705A827F0C0FE01
S214007500012807460CD12946204627F0D1FA012F3C
S214007510024600D101322946204627F097FA03E0BA
S21400752027F0D8FE0028EED10135E3699D42DBD373
S214007530204627F06CFA0028CAD000254FF0FF3905
S2140075404FF6FF73CA46A846C4E90853E369984550
S2140075500AD3A5EB0905012D2CD84FF6FF72636AF6
S21400756093423CD16720BCE72368E26B606C5769A6
S21400757000FB0830052205A9B84705A827F080FEBD
S214007580834605A827F053FE0746584627F09DFE7B
S21400759068B1574538BFC4F82480B94528BFB946F6
S2140075A0BD4238BF3D46BA46236A0133236208F11E
S2140075B00108CBE74FF6FF7300256362E3699D423F
S2140075C0CBD2676C2068E36B052207FB05005B697E
S2140075D005A9984705A827F02AFE0135EEE7E26BD5
S2140075E0676C2068694607FB030055690522A847B3
S2140075F0684627F01CFE626A2368606C4B4D00FBF1
S214007600023027F06DFE4FF0FF33A062E3622A4699
S2140076106FF00101204605ABFFF75EFE002846D15D
S214007620AD6829462046E56227F0CDF9206320B9EB
S2140076302046E16A27F0A8FAE0622946204627F0AD
S214007640A3FA0546A36A9D4233D1204627F08EF959
S21400765000278046B946E36999453CD3B84559D9D1
S2140076602046616A27F003FA0026054604F1400A20
S214007670B74212D8626C2368694602FB0539E36B91
S21400768005225B6948469847684627F0D0FD534672
S21400769002464946E06B27F025FE2946204627F09D
S2140076A0E6F90136B0450546E2D1642019E7A56A39
S2140076B0B7E72946204627F086F9236B2946034478
S2140076C007462363204627F05FFA0546002FB9D108
S2140076D0C4E90B07B6E7636C2568052203FB09556A
S2140076E0E36B05A95B692846984705A827F0C8FDFF
S2140076F027F0EBFD58B1284627F0F2FD014620465C
S21400770027F061F9636C143B984208BF013709F112
S2140077100109A0E7304627F03CFC00232046194626
S214007720034AFFF783FE0020DBE600BFE8330020B5
S21400773075EC02002DE9F041036B9046826B90B029
S2140077409A4288BF8363426C436A07680E4602FB10
S2140077500377C36B01A905225B6904463846984740
S21400776001A827F08DFD01280146307057D0656CC2
S214007770E26B2368606AD2F814C005FB003005226D
S21400778006A9E04706A827F07BFD01284FF0000574
S21400779023D0D4E90A3201219342CDE90B458DF876
S2140077A034800E958DF83C102AD11946204627F0D5
S2140077B0EBF9236B626C14339B1AE06223630C9B19
S2140077C053B99DF83C303BB1626A616C2368E06B4C
S2140077D001FB023127F00CFD0C9DE36B05225B6973
S2140077E001A93846984701A827F04AFD3070284678
S2140077F0236BA26B9A4288BFA36310B0BDE8F081EA
S214007800237C33B91C490BAA04F1080001F09CF84C
S214007810D5E72046194A0BABFFF708FECFE7237CD7
S21400782023BB2246164904F1080001F08DF8616A70
S214007830204627F03DF9616A421C204627F006F9EB
S214007840054620B9236B626C1344143B2363204621
S214007850A16A27F099F92368A062C01A636CB0FB8E
S214007860F3F06062204627F0D2F9B6E70023204600
S214007870044AFFF7DBFDDAE7D97F0000557F0000FA
S2140078800FED0200ABEC020073B50D46D11E4A4266
S2140078901C461B7E4A419A4226D129682368994293
S2140078A022D3636899421FD8114E0DF10703324662
S2140078B0FFF712FDC0B972686B689A4214D19DF842
S2140078C00730DA1E53425341227E93420CD163693D
S2140078D001336361D4E90323934205D22968A26881
S2140078E042F8231001332361012002B070BD00BFAF
S2140078F0E83300202DE9F04F9A468BB09DF85030C3
S214007900DFF850B10293DBF81030804653450D4641
S2140079101646C0F09880D146DBF804300193B9F1E2
S214007920000F00F08C80D8F83C3001225B6907A974
S2140079300198984707A827F016FCDBF80030984215
S21400794040F0848007A827F019FC0428074614D1C5
S21400795007A827F01AFC019B029A04463B44002A1B
S2140079603ED1864212D91446361A4046019927F06F
S2140079700BF9A9EB04090190D1E7D8F83C300222B4
S2140079805B69019808A9984708A8E2E7841B544554
S21400799028BF5446032C03EB0607AAEB040A1DD99E
S2140079A0D8F83C30294638465B69A208984724F048
S2140079B0030304F003061F441D44002ED5D0D8F858
S2140079C03C3001225B6908A938469847324628466B
S2140079D008A9354412F068FB0026C6E72646ECE701
S2140079E0074600F00302039203442A180492059304
S2140079F0049BDD1B059BD81B039B9F420FD1002FCA
S214007A00B3D0D8F83C30012208A95B6998473A46BB
S214007A10284608A912F0FCF978B93D44A5E7D8F83D
S214007A203C30012208A95B6998470422284608A929
S214007A3012F0EEF908B9043FDAE74FF03609484687
S214007A400BB0BDE8F08F4FF06309F8E74FF06F0911
S214007A50F5E700BF143400202DE9F0410F46164626
S214007A609846044688B060B390F83450FDB10121C2
S214007A7026F0C2FF00210E9BCDE90511CDE90237A5
S214007A809DF83C30CDF804808DF81C30237C04969D
S214007A908BB90D4901AA04F1080000F055FFDDE995
S214007AA00553E06B002E08BF1D4627F03EF928461A
S214007AB008B0BDE8F0812046044A01ABFFF7B6FCEB
S214007AC0EDE70546F3E700BFD9EC02008978000031
S214007AD07FB590F84260044601920DF10B030A460A
S214007AE03046114927F029F9012E0546E36B17D1D8
S214007AF032465B6903A998479DF80B10039B019AD1
S214007B0059B19BB243EA0243012228460393E36B32
S214007B1003A99B69984704B070BD62F30F03F3E7AF
S214007B2001229B6901A9F5E7143400202DE9F04FE6
S214007B3099B0CDE90B230E460A69416CD31D143962
S214007B40B3FBF1F3013302EBC302036B044693422B
S214007B50C0F0FB810023DFF8F8930A93E36A4846F7
S214007B601946079300F074FFD6E9033705930C9B7C
S214007B70022B1CD1CC2F40F074810B9B8BB131466D
S214007B80204627F030F9656C14900B9B63B1E36BCD
S214007B9001225B69706816A9984716A827F0E7FACD
S214007BA00CE0059B1B68149308230E930DE0782FBA
S214007BB0656CEAD80B9B002BE9D1F07D00280CBF42
S214007BC004230823782F0E9328D901230025089331
S214007BD008230393336808990C98C9F80030C9F84D
S214007BE0107027F0E5FA00230F930D930693099380
S214007BF0039BDDF81CA09B0889F814001193616CA8
S214007C0003984A1E0AEA02028B1AEFB10544AB42F9
S214007C101CD8236B5B1A1344236386E0079A6B1EFB
S214007C201340EB1A3A1D934207D257B1082BCCD813
S214007C300023042508930395CCE700250423089524
S214007C40C7E704250897F6E78342E2D3039AB846C7
S214007C509B1A9F4228BF984652449F42049278D966
S214007C600123D9F8102089F81730974276D1C9F841
S214007C7004A0069399F81730002B71D099F81820B5
S214007C800699D31C09EBC3030132C3F804A0A3F87A
S214007C900880997289F81820B8F1000F14D00C9B50
S214007CA0022B60D10F9B7BB90D9B4344032B0BD952
S214007CB0E36B01229B69049814A99847054600289F
S214007CC040F0D58001230F93069B16A80193089BCE
S214007CD0009399F814204346316800F06FFEE36B7A
S214007CE050469B69119A16A99847051E0A9B18BF0D
S214007CF05346039A0A9351464346204626F071FFA0
S214007D00236B039AC9F808009B1A08F1030222F0B5
S214007D1003029B1A2363002D40F0A9800D9BDDF81B
S214007D2010A04344A7EB08070D935146204626F0C3
S214007D302BFF00258246002F7FF461AF844A31680E
S214007D40936804F10800E36252680C9B00F0AEFDF5
S214007D5089E0069B002B18BF03238AE7022388E7E7
S214007D60C9F804A098E70B9B002B30D1059BB8F10F
S214007D70030F03EB080B27D9DDE90401E36B4FEA99
S214007D8098029B6998470546002864D118F00302BC
S214007D905ED0059B28F003052B440593049B1D44E9
S214007DA04FF0FF33059915A8159312F07DF9E36B94
S214007DB0284601229B6915A998470546CDF814B0B8
S214007DC0002D81D0049B94E74246049DE8E706F127
S214007DD02003DDF810B01093F37D70689BB100238C
S214007DE0357E099AD9B28D4211D9109903F1010C4A
S214007DF031F83310914225D90E9906EBC303D869A2
S214007E000A44104403E00E9B099A13441844E36B9B
S214007E1001225B6915A99847159B01221393099BBC
S214007E20584604330993E36B13A99B699847049B50
S214007E3005464344A3EB0B03042B06D970B90BF19C
S214007E40040BC9E76346521ACCE7CDF810B0B7E783
S214007E50CDF814B038E7CDF814B0B3E7CDF810B0CD
S214007E60B0E770252F46384619B0BDE8F08F3D2D97
S214007E70F8D104F1080303932368079A606CA2EB19
S214007E80030ABAFBF0FA00FB0A3027F029FAE16A87
S214007E908046204626F078FEA36A216B8342626CF9
S214007EA045D0D9F80830571E3B40891A0B4427683E
S214007EB023630A9BE062DF1BB7FBF2F7BA4533D1B8
S214007EC0079BB3EB080A12D0E36B4FEA9A024146CF
S214007ED09B6998478346E36A079A5344E362236B99
S214007EE003989B1A4344236327F053F8DA46236823
S214007EF0616CE06B01FB073127F067F9204626F03E
S214007F0086FD204626F083FE3269616CD31D143947
S214007F10B3FBF1F30133206302EBC302BAF1000FA7
S214007F2005D09042A8D29DE74FF0000ADFE73269FD
S214007F30616CD31D1439B3FBF1F3013302EBC302BA
S214007F40236B9342BFF40AAE8CE71C278BE700BF77
S214007F50BC330020032A2DE9F34106460D4617469A
S214007F601C4606D1237A012B23D0012002B0BDE89F
S214007F70F081DFF86080096842460DF10703FFF7DD
S214007F80ABF960600028EDD19DF80730032BE9D0EF
S214007F90D8F804206B689A42E4D1237A2969012B29
S214007FA0D4F80CC007D172690CEB0103934202D9D6
S214007FB02074207CDAE708316144E1603B46012208
S214007FC029463046FFF7B2FD60600028CAD0002080
S214007FD0CCE700BFE83300202DE9F341032A17461B
S214007FE0089C06D1237A012B25D0012002B0BDE8DB
S214007FF0F0812668DFF89080304642460DF1070390
S214008000FFF76AF960600028ECD12568D8F804000C
S214008010A96A6A6C4840534210EA030CE2D1237AFC
S214008020012B0AD1E068D8F8103003447069834207
S21400803003D984F810C0207CD8E72868EB6A1B1A9E
S214008040081AB3FBF2F3B0FBF2F083420BD1706C6C
S214008050F36A421E1340326B121A134428463363E7
S21400806026F092FDE862D8F81020E3680832134440
S214008070E36001223B4604492068FFF757FD606035
S2140080800028AFD00020B1E7E83300202DE9F0410A
S2140080900025604B0E46D3F8008004461D6018B9D4
S2140080A021252846BDE8F08190F8347007B30A68A9
S2140080B003689A4240F0A4804A6843689A4240F0B7
S2140080C09F808A6883689A4240F09A80CA68C3682C
S2140080D09A4240F095800A6943699A4240F090803F
S2140080E08A69C36B9A4240F08B804B698361D8E7FC
S2140080F068223946856B11F039FED6E902123368DC
S21400810004F1080023607368A563636033696361E4
S2140081107369A36126F04FFFB36904F14000E3637F
S2140081209B68984720B9676C17B16368B3FBF7F78D
S21400813094F84330E761002BB2D00023656C2366C9
S214008140002D65D0002F63D02368B3FBF5F205FB46
S2140081501233002B56D16668B6FBF5F305FB1363A6
S214008160002B4FD1204626F01EFCA369043303449F
S2140081709E4249D340F634726369CC3B934245D85D
S214008180B5F5805F44D30321204626F035FCD4E9BC
S2140081900001E36B1B6898470546E36B0220DB682B
S2140081A09847D5B941462046FFF77AF96428054630
S2140081B004D141462046FFF773F905466DB9636C56
S2140081C0226A143B204602FB03F626F0ECFBA3696A
S2140081D0043303449E4238BF5A25002D0CBF0123AA
S2140081E0002384F8343007D1D4E900010A4A136822
S2140081F00133136026F079FFE06B26F096FD50E71A
S2140082005D254EE759254CE75A254AE75F2548E79E
S2140082105B2546E74C2D0020482D00202DE9FF4128
S2140082200C4616461F46054688B390F8343083B38E
S214008230B1F5801F2FD2DFF86480012126F0DCFB29
S2140082404246214628460DF10F03FFF745F8024641
S214008250C8B99DF80F30012B10D1D8F81030BB42AA
S21400826013D1009031462846FFF744FB0446E86BDE
S21400827026F05BFD204604B0BDE8F081022B0CBF63
S21400828060242D24F3E72D24F1E76324EFE721246F
S214008290F0E71124EEE72924ECE700BF14340020B1
S2140082A02DE9F04385B00E4617461C460546DDF818
S2140082B03080A0B390F834309BB3B1F5801F32D233
S2140082C0DFF86890012126F097FB4A46314628469B
S2140082D00DF10F03FFF700F8E8B99DF80F30012BFA
S2140082E014D1D9F8102004EB08039A4215D322467D
S2140082F00090434639462846FFF7FCFA0446E86BEA
S21400830026F013FD204605B0BDE8F083022B0CBF17
S21400831060242D24F3E72D24F1E76324EFE72124DE
S214008320F0E71124EEE72924ECE700BF1434002020
S21400833073B50C461646054630B390F834302BB36A
S214008340B1F5801F24D2012126F056FB214628468F
S214008350104A0DF10703FEF7BFFF044680B99DF8EB
S2140083600730032B0CD0022B0CD12846094926F0E7
S2140083703AFD3060E86B26F0D8FC204602B070BDAF
S2140083802D24F7E76124F5E72124F6E71124F4E726
S2140083902924F2E7143400202DE9F3411E46002379
S2140083A00C4617460546336050B390F834304BB34E
S2140083B0B1F5801F28D2DFF85480012126F01CFB7F
S2140083C02146424628460DF10703FEF785FF044680
S2140083D0A0B99DF80730032B10D0022B03BF012352
S2140083E03B600423D8F8103018BF38603360E86B61
S2140083F026F09BFC204602B0BDE8F0812D24F6E76F
S2140084002124F7E71124F5E72924F3E714340020A4
S21400841073B50446056B26F0C6FA636E03449D42A8
S2140084202CBF00230123854294BF00252D1A207CF3
S21400843084F85030656584F85800A8B100230C4EC7
S2140084401A4619462046009626F091FD002305465A
S2140084501A4619462046009626F092FDE368284400
S214008460984294BF0020C01AE06502B070BD00BFFD
S214008470FFFF0F002DE9F3471E4643690446B3424B
S214008480884617469DF828904ED300258DF807504D
S214008490204626F088FAD4F830A082450AD2236A0D
S2140084A0B5EB430F06D2002220460DF10701FFF779
S2140084B041F9B8B39DF80730012B05D100222046BC
S2140084C00DF10701FFF736F9B9F1030F06D0314673
S2140084D0204626F058FA256B854227D3144D4FF0D8
S2140084E0FF31284600F0B4FA4B46294600222046C3
S2140084F0C5E90376C5F80080FFF718FB236E05462E
S21400850063B12046FFF784FF94F8503013B994F80F
S21400851058301BB1236E04F150009847284602B02D
S214008520BDE8F0870135B3E76225F7E71C25F5E7D8
S214008530E83300202DE9FF410F4690461E460546CB
S21400854098B390F8343093B3B1F5801F31D21A4CFB
S214008550022126F051FA2246394628460DF10F032D
S214008560FEF7BAFE024678B101234246009339462A
S21400857033462846FFF77EFF0446E86B26F0D5FB19
S214008580204604B0BDE8F0819DF80F30012BEBD1FA
S2140085902169B142E8D10093414633462846FFF7A9
S2140085A0A9F904460028DFD1E7E72124E8E71124EB
S2140085B0E6E72924E4E700BF143400202DE9F04361
S2140085C090F8423087B0012B05460391A1EB0208D4
S2140085D040F0B080B8F1FF0F01D81F4600E0032737
S2140085E06426002445E00127012B4FF03206F8D020
S2140085F0002432223FE0284605AB2246504926F0AA
S214008600D0FB95F842300598012B3FD14FF6FF720C
S21400861090422BD1264664225FFA84F9921BBA4216
S21400862018D3012F4BD10022012BCDF814808DF8E2
S214008630132038D1082205A90DF1130026F06CFE90
S2140086409DF81330059A42EA032231462846FFF782
S2140086503FFA40B102233A4900932846CC230968E2
S21400866003AAFFF707FF07B0BDE8F083C0B258B112
S2140086700134012364229442BDD3012B14BF32225D
S21400868064225FFA86F9C9E70334F2E7421C04D194
S214008690264632225FFA84F9C0E780B208B1013478
S2140086A0A7E70234A5E7102205A90DF1130026F06E
S2140086B033FE9DF81330059A42EA0342C5E7039A53
S2140086C0012B059225D10823202205A90DF11300C0
S2140086D08DF8133026F020FE9DF813201202314646
S2140086E02846FFF7F5F995F8423009F10101012B0C
S2140086F0C9B21BD10028ADD12846BDF81420FFF71B
S214008700E7F90028A6D109F10201BDF81620C9B282
S2140087109CE71023202205A90DF113008DF81330D5
S21400872026F0FAFD9DF813201204D8E7002891D110
S214008730059A8BE7B8F5803FFFF455AF022753E75D
S2140087401434002070B586B00E4605460392A0B3DA
S21400875090F834309BB3B1F5801F32D2022126F058
S2140087604BF931462846184A0DF11703FEF7B4FDBB
S214008770044618B99DF81730032B0ED10223314654
S21400878000932846CC2303AAFFF774FE0446E86B42
S21400879026F0CBFA204606B070BD022B0BD10A4954
S2140087A0284626F020FB039902468142EFD0284651
S2140087B0FFF704FFEAE76124E9E72124EAE711244A
S2140087C0E8E72924E6E700BF14340020F7B50C4696
S2140087D01646054668B390F8343063B3B1F5801F8B
S2140087E02BD2022126F008F921462846144A0DF11C
S2140087F00703FEF771FDC0B99DF80730032B14D0B0
S214008800022B14D10E49284626F0EDFA471C0246E4
S21400881039462846FFF7D2FE044606B13760E86BB5
S21400882026F083FA204603B0F0BD2D24F7E7612436
S214008830F5E72124F6E71124F4E72924F2E700BF40
S2140088401434002030B50C46054685B028B390F8A1
S214008850343023B3B1F5801F23D2022126F0CCF8A2
S2140088600DF10F03214628460F4AFEF735FD034655
S21400887088B99DF80F20032A0DD0032221460092C6
S21400888002462846FFF7F6FD0446E86B26F04DFA4A
S214008890204605B030BD2D24F7E72124F8E7112443
S2140088A0F6E72924F4E700BF143400202DE9F0434E
S2140088B0466886B3056898464FF0000CA946AE4653
S2140088C055F83C400CF1010CC4F31307013401D0F9
S2140088D0B94217D0B4450EF1080EF1D12F46002448
S2140088E003E0B44207F1080712D055F834300134DB
S2140088F00133F6D1C1F3130141EA0851C7E900126A
S214008900BDE8F08341EA0851CEE90012BDE8F083E5
S214008910B8F1030F03D101230372BDE8F0830023EF
S21400892003E0B34209F10809F5D055F833400133A6
S214008930C4F30754032CF4D1C1F3130343EA0853DA
S214008940C9E90032BDE8F0832DE9F04106464068EB
S21400895082B0B8B10F4690460024336853F83450BE
S21400896003EBC403C5F30752C5F31301013506D064
S2140089705B683046CDF80080B84718B1706801349F
S2140089808442EAD302B0BDE8F08100BF024B19680A
S214008990024B1868FFF77ABB885C0020A85C0020B2
S2140089A008B52FF03CFE014B186008BD403400208F
S2140089B0014B18682FF02EBE4034002073B50446D5
S2140089C02248012A00EAC1119DF8185023F07C4085
S2140089D007D9961E012E28D9073303F07F031943C3
S2140089E008E09DF81C300A43DB0603F0C05313432F
S2140089F043F060410023C4E900108DF80730B5B19C
S214008A00202221460DF1070026F086FC1A220DF1E1
S214008A100700211D26F080FC082063689DF80720CB
S214008A2043EA8263636002B070BD1143E2E71B2233
S214008A300DF10700214626F06FFC23689DF80720FD
S214008A40042043EAC2632360EDE700BF80FFFF0710
S214008A5038B5094B0D461A680021044611F086F910
S214008A6000234FF0FF322383C4E900252361A26070
S214008A70E382A37638BD00BF142604000138C0B2D6
S214008A8005289ABF014B185C012070471926040080
S214008A902DE9F0410746154600240E46596888B071
S214008AA0490A012922464FEA510104F10104F8D887
S214008AB0DC78997824031B88C90201F4006104F469
S214008AC080540C43C3F30A035203234492B24FF07C
S214008AD000089C18274B6FEA0444039325F078435C
S214008AE0ED4302A90DF107001B2202938DF80780C3
S214008AF026F012FC9DF80720029B02A943EAC263F7
S214008B000DF107001B2225F07845049302958DF899
S214008B10078026F001FC9DF80720029B6FEA1444AC
S214008B2043EAC26305934FF0FF330794069307A901
S214008B30BB69012206F110009847BB6905A90446E7
S214008B40012206F108009847BB69404518BF044655
S214008B5004A90122301D98470122404518BF04464B
S214008B60BB69304603A99847404508BF204608B071
S214008B70BDE8F08101009AB238B5104B0546D3F82F
S214008B8000310C4603F00303022B0BD0032B0DD051
S214008B90012B0FD12DF0C4FE032305B1286004B1CC
S214008BA0236038BD2DF006FF0723F6E72FF04AFDB9
S214008BB00623F2E701230020EFE700BF0080005005
S214008BC038B5134B0546D3F820010C4600F00700D5
S214008BD004281AD8DFE800F003090D111500012358
S214008BE005B1286004B1236038BD2DF05FFE042374
S214008BF0F6E72DF095FE0323F2E72DF097FE05230A
S214008C00EEE72DF089FE0223EAE700231846E7E7A1
S214008C100080005038B5104B0546D3F840310C465E
S214008C2003F00303022B0BD0032B0DD0012B0FD127
S214008C302FF00AFD082305B1286004B1236038BD73
S214008C402DF0B8FE0723F6E72FF001FD0923F2E723
S214008C5001230020EFE700BF0080005038B5104B1E
S214008C600546D3F860310C4603F00303022B0BD005
S214008C70032B0DD0012B0FD12FF0E6FC082305B1F6
S214008C80286004B1236038BD2DF094FE0723F6E774
S214008C902FF0DDFC0923F2E701230020EFE700BFF9
S214008CA00080005041F6713210B5104C104BA042B7
S214008CB094BF00240124D969DA639A6801F48031EC
S214008CC022F4401242EA04529A600A4A90420A4A41
S214008CD0D2F818028CBF40F0020020F00200C2F862
S214008CE0180209B10022DA6310BD00BF005A620202
S214008CF00000035080F0FA0200C007502E4B984246
S214008D004AD022D82D4B984240D014D82C4B9842AB
S214008D1039D00AD82B4B984232D02B4B98422FD0C2
S214008D202A4B98422CD000207047294B9842FAD103
S214008D30284B186F7047284B98422AD0274B9842EA
S214008D40F1D1244BD3F880007047254B98422BD0A6
S214008D5009D8244B984223D0234B9842E3D11D4B8D
S214008D60D3F88C007047214B984221D003F574034A
S214008D7003F510539842D6D1164BD3F89800704797
S214008D80144B986D7047134B586E7047114B586FC5
S214008D907047104B986F70470E4BD3F8840070479F
S214008DA00C4BD3F8880070470A4BD3F890007047F6
S214008DB0084BD3F8940070470048E8010024F400FC
S214008DC0C0CF6A0080841E0000093D0040420F00AC
S214008DD0405DC6000080E00FC0EA210180BA8C0129
S214008DE0007E560380D54302006CDC020090D00360
S214008DF037B50C460021114B0191D3F8803105465A
S214008E0003F00303022B0ED0032B11D0012B03D14A
S214008E1001A8FFF7D5FE0D210DB1019B2B6004B113
S214008E20216003B030BD2DF081FD05210190F3E7F0
S214008E302DF072FD02210190EEE700BF0080005089
S214008E4038B5104B0546D3F840320C4603F0030302
S214008E50022B0BD0032B0DD0012B0FD12FF0F4FBE0
S214008E60082305B1286004B1236038BD2DF0A2FDAB
S214008E700723F6E72FF0EBFB0923F2E7002318465B
S214008E80EFE700BF0080005038B5144B0546D3F816
S214008E9000020C4600F0070004281BD8DFE800F0AC
S214008EA003090D111500012305B1286004B12360E4
S214008EB038BD2FF0C9FB0823F6E72DF07BFD07230E
S214008EC0F2E72FF0C4FB0923EEE72DF00FFD0C238D
S214008ED0800AE9E700231846E6E700BF0080005056
S214008EE038B5144B0546D3F808020C4600F00700C8
S214008EF004281BD8DFE800F003090D111500012334
S214008F0005B1286004B1236038BD2FF09DFB08230F
S214008F10F6E72DF04FFD0723F2E72FF098FB092325
S214008F20EEE72DF0E3FC0C23800AE9E70023184661
S214008F30E6E700BF00800050032814D005D80128BB
S214008F4005D0022809D0002005E00F28FBD1084BE9
S214008F50186FC0F3013001307047054BD3F890000E
S214008F60C0F30460F7E7024B186FC0F38020F2E707
S214008F70008000501FB500230193252817D8DFE88E
S214008F8000F0131A1D272C363B51565B60656A7835
S214008F90161A401616561A272C27361A5127783BCB
S214008FA03B3B3B2727275B602DF086FC0190019812
S214008FB005B05DF804FB2DF099FCF7E72DF07CFC7E
S214008FC002460220FFF7B8FFB2FBF0F20192EEE78E
S214008FD02DF08CFC02460320F4E72DF087FC0246B9
S214008FE00320FFF7A9FFB2FBF0F25208EEE70021DC
S214008FF001A8FFF7FDFEDAE7002101A8FFF7E0FD74
S214009000D5E702934FF0E0231B695B0705D52DF0EB
S2140090106DFC0290029B0193C9E703A902A8FFF723
S214009020F9FDF7E7002101A8FFF7F4FDBFE70021EF
S21400903001A8FFF713FEBAE7002101A8FFF724FFF7
S214009040B5E7002101A8FFF74BFFB0E7002101A814
S214009050FFF792FDABE7094BD3F8803003F003032C
S214009060022BA8D0032B01D000209FE72DF05EFC3A
S2140090709CE7002101A8FFF7E3FE98E70080005078
S21400908008B50120FFF776FFBDE80840034988428F
S21400909094BF01210221032000F002B880F0FA02FA
S2140090A0032810B50C4627D004D8012804D002287F
S2140090B017D010BD0F28FCD126F04CF926F052F937
S2140090C0124A013C136F23F4405343EA04331367F8
S2140090D02DF00CFC0021FFF7E5FDBDE81040FFF782
S2140090E0CFBF0A4A4C1ED2F8903023F0F85343EA1A
S2140090F00463C2F89030DCE7044A4C1E136F23F476
S214009100806343EA84231367D3E700BF00800050E0
S2140091101FB500230193252821D8DFE800F013208F
S2140091202020202A2F454A4F54595E712020342093
S214009130204A202020202A204520712F2F2F2F2044
S21400914020204F54314B1B6F03F00703013B032BCA
S21400915005D8DFE803F00C02080A042301930198FF
S21400916005B05DF804FB0323F8E70623F6E70223C1
S214009170F4E7002001A9FFF73BFEF0E7002001A975
S214009180FFF71EFDEBE702934FF0E0231B695B073A
S21400919005D52DF0ABFB0B230393039BDEE703A95A
S2140091A002A8FFF737FDF8E7002001A9FFF732FD18
S2140091B0D5E7002001A9FFF751FDD0E7002001A95F
S2140091C0FFF762FECBE7002001A9FFF789FEC6E79E
S2140091D0002001A9FFF7D0FCC1E70C4BD3F8803084
S2140091E003F00303022B03D0032B05D00023B5E7BF
S2140091F02DF07CFB0B23B1E72DF098FB0523ADE7A4
S214009200002001A9FFF71CFEA9E700BF0080005060
S21400921008B50320FFF790FE034B187026F09AF867
S214009220BDE8084026F09EB82653002010B5044638
S2140092302DF05CFB0021FFF735FD1CB1BDE81040AA
S214009240FFF71EBF034B0320BDE810401978FFF759
S21400925027BF00BF2653002038B50546FFF74EFD52
S214009260204B04465A68012A04D11F494A609A696D
S2140092709207FCD10020FFF74BFF042803D126F00D
S21400928069F826F06FF8194A24F0407395421FD00B
S214009290174A95421FD0174AD16811F0060FFBD126
S2140092A09068936091684B4013F4F81F16D12846D7
S2140092B0FDF780FD0020FFF72BFF042810D12DF0CE
S2140092C015FB0021FFF7EEFCBDE83840FFF7D8BEDF
S2140092D043F00073DFE743F08073DCE79060E9E774
S2140092E038BD00BF00C0015000E0015040420F00F2
S2140092F080841E000000015070B504460020FFF771
S21400930007FF03287CD045F60E030221414AC2F827
S2140093108030414B9962012103F580539962936D29
S214009320D903FCD4D4E900131B0543EA0163E17BAF
S21400933094F823500B43217B43EA0143617B43EAC5
S2140093400133A17B43EA811313619169D4E90403D5
S2140093501B0643EA806301F000410B43A17EE07EDA
S2140093600B43217E43EA0143617E43EA0123936176
S214009370E169136A002923F00D0343EA010314BFD1
S2140093800121002143EA800343EAC103136294F8F3
S214009390203094F82200916A4FEA431331D194F8B2
S2140093A0216021F0330143EA06130B4343F0010327
S2140093B093621A49174A936D31EA0303FBD10221DF
S2140093C0154B9962936D5B00FCD41369A16823F476
S2140093D0700343EA015313614FF000420E4B9A614B
S2140093E018B9022203F580539A6215B901220C4B74
S2140093F09A6294F824301BB1064B0A4AC3F88020C0
S21400940070BD21F0330129430B4343EA40039362C6
S214009410EFE700BF00C0005000D00050030001403E
S21400942000E00050F1A7FFFF014B93F900007047E2
S21400943027530020014B1880704700BFF8600020BB
S2140094400C4A10B51369044643F0040313612DF06B
S214009450BDFD25F08BFF084B084AC3F8202430BF1B
S21400946025F085FF01F058FF1CB9BDE810402DF02F
S2140094703DBA10BD00ED00E000E003500000FFFF25
S214009480034A0179D36E23F030030B43D36670474B
S21400949000400050072A2DE9F0410D461446984634
S2140094A00FD803269700BE4000FA07F2314615484B
S2140094B025F060FF05F0030231461348BA4025F058
S2140094C059FF124A12490123B8F1000F08BF11468E
S2140094D003FA04F40C609DF818000E490E4B0028A1
S2140094E018BF0B461C600D4B9DF81C00C3F82044AB
S2140094F0103103F22443002818BF0B461C60BDE859
S214009500F08100BF00C4035008C4035010E40350A9
S21400951010D4035014D4035014E4035000E0035056
S214009520F8B504460D461F4616464AB101238B4041
S2140095303021184A01FB0022EFB141F210015350CE
S2140095403023072D4FF00F0104FB03F316D8A800B5
S21400955006FA00F281401048184425F00BFF4EB979
S214009560012330210B4AAB4001FB042277B141F2C4
S21400957010015350F8BD42F21001E0E7A5F10800D3
S214009580800006FA00F281400448E5E742F2100146
S214009590EFE700BF00C0035004C003500CC00350E8
S2140095A03022064B072902FB00338ABF0839586869
S2140095B0D8688900C84000F00F00704700C003500C
S2140095C041F67132034BDA63012203F50053DA6089
S2140095D0704700BF0000035041F671320121044B72
S2140095E0DA6303F50052D1600022DA63704700BFE9
S2140095F000000350044B1868421C02BF034AD2F80E
S21400960094001860704700BFAC5C0020004000501B
S214009610CB784A7810B55B010C7843EA82030A7966
S214009620234343EA02130C22424302F1B04213637F
S214009630012C02BF8A78024B43F8202010BD00BFE1
S214009640D080035008B54FF0B0435A6802B960B1F5
S2140096505B680BB125F0A3FE4FF0B04130B101209E
S214009660074B586025F09BFEC86008BD25F097FEA6
S2140096700223CB6025F093FE0122024B5A60F4E7EA
S21400968000100058002000584FF0B0414B6810B54D
S2140096900BB125F084FE01220B4BC4785A60837808
S2140096A0934043EA840344782343047943EA04134B
S2140096B0447943EAC4038B60044B5A600378C3F1D1
S2140096C00203CB6010BD00BF0020005800100058F9
S2140096D0054B5B69C3F38512827003F03F021B0BD8
S2140096E042700370704700BF00C007500120034B54
S2140096F09B680A3303F01F03984070470080E00F12
S214009700034BD3F82424D3F820041040704700BF3E
S21400971000C003502DE9F8431E4B0546D3F810331E
S2140097204B1E0E2B0E46174690F8008044781BD929
S214009730F9B14FF000092846C7B12EF08BFF302351
S214009740072C03FB08F316D80F21A400124809FAC9
S21400975004F2A140184425F02AFEC6B9284697B15F
S214009760BDE8F8432EF076BF8946E4E725F02EFEE6
S214009770E5E78946E3E70F21083CA400074809FA15
S21400978004F2A140E6E7BDE8F84325F01FBEBDE8B9
S214009790F88300BF00C0035004C003500CC0035041
S2140097A0214B2DE9F0411646D3F810234A1C0546F6
S2140097B00C4605D1D3F82414407825F015FE04464F
S2140097C0002C2EDB072C14DC03274FEA84082A78AB
S2140097D007FA08F73946154802FA08F225F0E7FDB9
S2140097E06A78394602F00302114802FA08F225F0B8
S2140097F0DEFD012316F0050F0E4A18BF0E4903FAC8
S21400980004F30CBFC2F81034C1F8103416F0060F7B
S21400981018BF094AC2F814340123064AA340C2F806
S21400982020342046BDE8F08100C0035000C4035039
S21400983008C4035000E0035000D0035070B504463F
S2140098402AF0C2F9064630B90FCC044D0FC594E88D
S2140098500F0085E80F00304670BD00BF443400207E
S21400986047F6FF739A42F0B570D0022970D8394B8C
S2140098705B5C022B6CD8384DDE0005EBC304A77882
S21400988015F83330012F394638BF0121012B16D188
S214009890E078401A0021884205D8012F2CBFC01955
S2140098A00130C0B2F0BD431A6568A0EB530335F92A
S2140098B013509542D4BF194603F1FF30EBE76068BA
S2140098C00028EFD0B0F90040944204DBB0F9024023
S2140098D09442B8BF144683883544FF2B19BFC8236B
S2140098E02827B0F90630B0F90870A3EB04030CBFC4
S2140098F00122002293FBF7F36E7813441BB29E42BC
S21400990001DD002B01DA731E1BB24FF47A7C00EBEC
S214009910C305EA88AD685F1C14FB02521D4622EAA6
S214009920E2723BB25C329E42B2FBFCF204DD00EB1C
S214009930C307BF889742EAD200EBC50398889042D7
S21400994028BF1046884238BF0846AAE7FF20A9E786
S2140099500020A7E71F260400443400200229F0B5A3
S21400996061D8324B595C02295DD8314B13F831006F
S214009970012816D103EBC1039C78D878012C214628
S21400998038BF0121904294BFC1EB0001C1EB020138
S214009990001BCAB28242C8BF00225B6833F91200BD
S2140099A0F0BD002A3DD003EBC103596800293AD028
S2140099B09878904202D3B1F90200F1E7DC78B1F969
S2140099C000009442ECD95C788B88013CA3F1FF063A
S2140099D0734201F10405E4B2734101F10C07DEB2F3
S2140099E0B44217D805EBC3034FF47A7512FB05F2A1
S2140099F0B3F902405B68D21A04EBD47302EB63023D
S214009A0092FBF4F29042CBDBB1F902009042C7DC45
S214009A1010B2C5E737F833C05E1C9445E2D3334630
S214009A20DDE70448BCE70448BAE700BF1F26040089
S214009A30443400200CFEFFFF0080FFFF08B50448FA
S214009A40FFF7FCFEBDE8084001202AF0C3B800BFBF
S214009A50242604007FB51422002101A810F086F900
S214009A60044B01A94FF0FF3002932AF0F9F807B033
S214009A705DF804FB006A18002DE9F0418CB08846BA
S214009A80DDE912761D460446002847D0002945D059
S214009A90002F43D0002E41D013F00F033ED12048B4
S214009AA02049A360002A08BF01462362C4E90013C8
S214009AB0404609A925F023FD68BB204609992EF0EB
S214009AC024FE294620462EF020FE6946404625F014
S214009AD0A6FD00BB6946204625F0D2FD404603A9F8
S214009AE025F0A8FDB8B9204603A925F0C9FD0697BC
S214009AF00127204645F0005506A90797089525F04A
S214009B00BFFD204609A909960A970B952EF023FE5D
S214009B1020462EF0DDFD0CB0BDE8F0812120FAE7EE
S214009B2000010004000101042DE9F04F97B08946BA
S214009B3090461F460546DDF880A0002800F0BB8052
S214009B40002900F0B8803AB1229B002B00F0B380C9
S214009B50239B002B00F0AF80BAF1000F00F0AB8023
S214009B60219B002B00F0A78067B13C680026229B53
S214009B7043440293464507D307B13C60002017B024
S214009B80BDE8F08F3C46F1E75CB1229B219A9B5DD5
S214009B90125D01345340239A04F00F0493550136A6
S214009BA0E8E7A8EB060BBBF10F0F58D9434B484626
S214009BB0C5E90034AC602C6213A925F0A0FC00288F
S214009BC0DDD1284613992BF00F0B2EF09EFD59463B
S214009BD028462EF09AFD484604A925F020FD0028C8
S214009BE0CDD1284604A925F04BFD484607A925F007
S214009BF021FD0028C3D1284607A925F041FD0123F1
S214009C0022992F4ACDF828A00B930C928A190D9210
S214009C1028464BF000520AA90E9303920F9225F0A5
S214009C202FFD28460DA925F02BFD239B039A991995
S214009C300123109111931292214A284610A9CDF8BB
S214009C404CA0149315922EF086FD284613A92EF0EC
S214009C5082FD28462EF03CFD5E4400288FD1229BD4
S214009C6003EB060B239B1E44029B9B4501D14646F5
S214009C7080E7ACB9219B2246CDE900A349461023D4
S214009C802846FFF7F9FE00287FF479AF0AF11002A4
S214009C9012F8013D0133DBB213700BB95245F7D110
S214009CA0219A1BF8013B125D0134534006F8013B34
S214009CB004F00F04D8E7212061E700BF0303000487
S214009CC0100000207FB50E461D460446F0B102B9CE
S214009CD0E3B901230192029345F000530393002356
S214009CE00B4AA360C4E900232362204601A925F09D
S214009CF0C7FC314620462EF008FD204629462EF0A9
S214009D0004FD20462EF0E4FC04B070BD2120FBE7E5
S214009D1000000943084B984202D0084B984207D1EE
S214009D200B88B3F5105F14BF6FF0850000207047F6
S214009D306FF08500704700BF004440040013C00465
S214009D401038102808D8064BC34013F0010F0CBF7C
S214009D506FF08600002070476FF08600704700BFE7
S214009D60010101002DE9F04F8A46A5B00021DDE98A
S214009D703074DDE932590490934606A810221E4638
S214009D80DDF8D0800FF0F2FF102200210AA80FF0B5
S214009D90EDFFBAF1000F05D16FF0860A504625B0E8
S214009DA0BDE8F08FBBF1000FF6D00FB9002CF3D151
S214009DB02E9B13B92F9B002BEED115B9B9F1000FCE
S214009DC0EAD1B8F1000FE7D004993046FFF7A2FFBA
S214009DD0014610B16FF0850AE0E7282205901AA820
S214009DE00FF0C4FF2022059912A80FF0BFFF1AA893
S214009DF02EF081FC10B16FF0920ACFE751465A461A
S214009E00049812AB25F088FC82460028C6D112982A
S214009E10FFF796FF82460028BED114B9C8F80000A6
S214009E20BCE7AF4256D23B199D4253D24C45B3D8FD
S214009E302246394628460FF043FE504B9E4268D0D5
S214009E40C8D34F4B9E4203D003F540739E42C1D108
S214009E502F46102200210EA80FF088FF4C459BD8F5
S214009E60484B9E422F9B56D10D2B95D101238DF842
S214009E7038302E9B0DF1390203F10C0153F8040B18
S214009E808B4242F8040BF9D11B78137001238DF82E
S214009E90473014F00F0624F00F0B4CD106AB01939D
S214009EA00EABCDE9027500935A46002312A91AA8F4
S214009EB0FFF73AFE074600285DD04A4600212846AE
S214009EC00FF054FF0023012FC8F8003093D16FF035
S214009ED08B0A63E72A4B9E42BBD003F540739E4233
S214009EE0B7D0264B9E427FF475AF4C453FF654AF35
S214009EF014F00F027FF450AF2346CDE9007512A987
S214009F001AA8FFF7B9FD07460028D6D1C8F80040C2
S214009F1044E72F46ECE7102B7FF43EAF2E9B0EAAAD
S214009F2003F1100C164618685968083303C66345D3
S214009F303246F7D1ADE707EB0B030DF1280C03F122
S214009F40100E624618685968083303C27345944673
S214009F50F7D10F2CA2D805EB0B0303930AAB0293A1
S214009F6006AB01930EAB00933246002312A91AA843
S214009F70FFF7DAFDC7E7002EC8D0ECE70044400440
S214009F800010C0040013C0042DE9F04F8A46A1B0AB
S214009F900021DDE92A45DDE92C688146934606A8BE
S214009FA010221F460FF0E2FE102200210AA80FF032
S214009FB0DDFEBAF1000F05D16FF08609484621B0E4
S214009FC0BDE8F08FBBF1000FF6D00CB9002DF3D131
S214009FD016B9B8F1000FEFD12E9B002BECD04946F6
S214009FE03846FFF797FE014600283AD1282205900A
S214009FF016A80FF0BBFE202205990EA80FF0B6FE9D
S21400A00016A82EF078FB10B16FF09209D6E74846F6
S21400A0105A4651460EAB25F07FFB81460028CDD12F
S21400A0200E98FFF78DFE81460028C5D115B92E9BE8
S21400A0301860C3E7B44217D263199E4214D245454E
S21400A040BAD82A46214630460FF03AFD384B9F4292
S21400A05019D006D3374B9F4258D003F540739F4222
S21400A0602ED06FF08509A9E7324B9F424FD003F5FB
S21400A07040739F4225D02E4B9F42F2D1454503D9CF
S21400A0806FF089099AE734462B0795D12B460122B3
S21400A090CDE900460EA916A8FFF7EEFC2E9B044657
S21400A0A01D6000288AD04246002130460FF05EFE32
S21400A0B000232E9A012C1360A6D16FF08B097DE742
S21400A0C034460D3D4545DBD801238DF82830234620
S21400A0D00DF1290204F10C0153F8040B8B4242F8EF
S21400A0E0040BF9D11B780D3413704FF48073ADF860
S21400A0F0363006AB01930AAB00932A460023CDE91F
S21400A10002460EA916A8FFF70FFDC7E73446103D16
S21400A1104545B5D823460AAF04F1100C3A461868F0
S21400A1205968083303C263451746F7D11034E0E791
S21400A130004440040010C00410B54FF42F720021F4
S21400A14004460FF013FE8023C4F88C30054B04F150
S21400A1509C00C4F88430012384F88830BDE81040A1
S21400A16024F0A3BBD690030010B5D0F8A0400A4652
S21400A1708CB925F0E9FC044610B90024204610BD31
S21400A1802D2896BF064B074953F82010064A074865
S21400A19025F023FEF2E7D0F8A4101046A047ECE71F
S21400A1A010270400D9900300C28F0300FE9103001D
S21400A1B0F8B590F88060044616B100263046F8BD23
S21400A1C025F0F3FA0028F8D1012384F8803094F8BB
S21400A1D0883033B1D4F884101F4884F8886025F09E
S21400A1E0FCFD4FF0FF37D4F8B402421C1FD0C4F871
S21400A1F0B47210F0FF052CD0204625F0D3FA29467D
S21400A200204600F091FB0028EDD0204625F0D8FA35
S21400A21094F888303BB1D4F884100F4825F0DDFD63
S21400A220002384F88830002384F88030C6E725F0C1
S21400A230B9FD431CDDD1D4F88C30D4F89420013B12
S21400A2409A4204DB054A0649064825F0C6FD012663
S21400A250E9E70126C7E700BFFBA20300C28F0300A1
S21400A260E7900300FE910300F8B50B780446302B08
S21400A2700D46164604D14B7803F0DF03582B11D059
S21400A280284F6A1E12F8011F002934D128460A22D8
S21400A2900FF0DCFB202C03460D4631D1B1FA81F0DD
S21400A2A040091AE04A1C1F4912F8013F8BB928469C
S21400A2B00FF0D8FB1C4B02382340032B12D101347D
S21400A2C0A41084420AD1A87837288CBF0020012029
S21400A2D003E0CB5C13F04400E6D1F8BDCCBF012010
S21400A2E00020FAE7002CB8BF0334B0EBA40FD4BFAD
S21400A2F001200020F1E77B5C13F00400C2D1ECE7FC
S21400A30026B1084302D0013B61F100050122A240BC
S21400A310013A1A40002D08BF9A420CBF01200020C7
S21400A320DBE700BF254C040003000080F0B503788F
S21400A33001467B2B17D10646022400220B4F16F847
S21400A340015F7D2D05D10B5D6BB9D24302F0010094
S21400A35008E07B5D13F0440002D001320134EEE7E2
S21400A360202DFBD0F0BD0020FCE700BF254C0400EC
S21400A37070B506460D460FF075FB0446304625F0D0
S21400A3802CFDAC4200D370BD024825F026FD0134FA
S21400A390F7E700BF159A03002DE9F04104460221B5
S21400A3A04E48FFF7E5FF1E212068FFF7E1FF6368D0
S21400A3B0586825F012FD4A4825F00FFD67683B7B7C
S21400A3C0FD2B0CD8D7F808804FF0FF3540460FF02D
S21400A3D049FB06460C3717F8013BFF2B01D1BDE8B9
S21400A3E0F081212B48D8212B66D8DFE803F067736D
S21400A3F075114B4D4F5165656565656565655355CA
S21400A40057595B5D5F6165656565656565656F6325
S21400A410344C1EB1202B05F10105DCD002212F485B
S21400A420FFF7A6FF1E212D48FFF7A2FF2E4825F0B6
S21400A430D4FC2E4920460FF019FD2D49002818BFE0
S21400A44021462C4825F0C9FC3B78202B02D12B2036
S21400A45025F0B7FC284825F0C0FC4EB118F80530AA
S21400A4601F2B05D018F805001F2801D0B54229DBA0
S21400A4701B4825F0B2FCAEE7204C214AFE2B08BF55
S21400A4801446C6E71F4CC4E71F4CC2E71F4CC0E784
S21400A4901F4CBEE71F4CBCE71F4CBAE71F4CB8E783
S21400A4A01F4CB6E71F4CB4E71F4CB2E71F4CB0E793
S21400A4B01F4CAEE70D4CACE7104CAAE706B10135D1
S21400A4C01C4CABE725F07DFC0135CBE7002E82D097
S21400A4D0013580E7184C9CE7184C9AE78DDB0300A3
S21400A4E0C28F030091910300BFAD0300A09103004B
S21400A4F096910300FBA20300AC940300989103001E
S21400A500D7AC0300E3910300EA910300DB9103005C
S21400A510D7910300CE910300C4910300BA910300C3
S21400A520CF910300C5910300BB910300B0910300D7
S21400A530A991030090910300E2910300E9910300C2
S21400A5402DE9F04F9BB005468B46002400920393FE
S21400A5500FF088FA249F039B04901C6028463C60FA
S21400A5600AAA09A925F05BFC064658B90A980FF016
S21400A57079FA3446B046039B1860D5F89C300293AF
S21400A580029B1BB920461BB0BDE8F08F029BD3F898
S21400A5900890B9F1000F6FD02E4416F8013B202B1F
S21400A5A011D000260C23734309EB030A59F8033035
S21400A5B00193002B5BD0099B434558DB9AF8082093
S21400A5C02AB1721C3EE03B6801333B60E5E7396820
S21400A5D0D5F894200793039B521A1A601AAB03EB24
S21400A5E0880151F8403C0199184605930FF01CFD70
S21400A5F006900028E5D101980FF034FADDE906232D
S21400A6000146DAF80400D7F800A090F80CC0BCF1B8
S21400A610FE0F19D103F1FF3EC64515D0D0F80090C5
S21400A620059801920FF01EFA0AF1010A8244019A77
S21400A630AA44AAEB05033B601AF8013B002BF8D0AE
S21400A64008F101081646ADE7D5F894200591A2EB6F
S21400A6500A028A4220DC58460FF004FA05990144A3
S21400A6607B290DD958461E4A009924F045F92B46F9
S21400A670049A2A4493422AD1029B1B6802937FE7DE
S21400A680DDE90012584624F037F95846154A009975
S21400A690013424F031F994E7BCF1FE0F91D1013B6F
S21400A6A043458ED1D0F8009059F80C2B22B9049B64
S21400A6B03B60039B1A60DAE75846009924F01CF9C1
S21400A6C05846084A009924F017F90134ECE713F8C5
S21400A6D0011B0029CED14FF0200103F8011CC9E769
S21400A6E0F0910300159A03002DE9F047002486B088
S21400A6F0DDE90EA81C60064689468AF80040116807
S21400A700154888F8004017461D468DF81740FCF798
S21400A710BFFA18B901242B6801332B600020D6F845
S21400A7209C6036B914B1012388F8003006B0BDE845
S21400A730F087B06868B14B460021CDE902A8CDE9A4
S21400A74000750DF1170225F09EF99DF81730002BC5
S21400A750E8D13668E5E700BFF59103002DE9F04F34
S21400A7600446ADF5477D06AE80220021304605AF93
S21400A7700DF110080FF0FAFA3B46802231462046CB
S21400A780CDF80080FFF7DCFE012847D130460FF0F9
S21400A79069F93B68D8F8002005461A442244114659
S21400A7A0C01A013B334400EB020EAEEB010CBCF1C9
S21400A7B0000F1EDC002120EAE0739954D4F8903094
S21400A7C099463A68D8F800101144494516DCD4F882
S21400A7D09410A81A014403441644C4F89410C4F80C
S21400A7E090303518AB1B002B13DC0DF5477DBDE80C
S21400A7F0F08F13F801CF01F801CBD6E7E05C25F027
S21400A800E0FAD4F8903009F101090133C4F8903029
S21400A810D7E716F8010B25F0D4FAE3E7E5DD26AD19
S21400A8208022002128460DF58C7B0FF09FFA002130
S21400A8304FF4007258460FF099FAB24631464FF080
S21400A8400109002311F8012B002A3CD1304603925F
S21400A8504BF829300FF006F92946039A1AF801CB6F
S21400A8600DF58C7E5EF8043B834235D1013291456E
S21400A87001F801CBF2DAD4F890903B684B4532DC15
S21400A88023463146264A274825F0A7FA28460FF0E1
S21400A890E9F83A68D8F80030154413442344801A7F
S21400A8A01A466E1E1F18B91A002929DC002120EA54
S21400A8B0E072D1542C18631B002B96DD15F8010BA3
S21400A8C025F07FFAF7E7202A03F1010304BF4BF8CF
S21400A8D0293009F10109B5E733449B5C6345C1D0D3
S21400A8E00023AB54C7E7D4F8903009F10109E05CC7
S21400A8F025F067FAD4F890300133C4F89030BCE7FE
S21400A90016F8011F02F8011BD4F890100131C4F8A4
S21400A9109010D4F894100131C4F89410C3E700BF27
S21400A920D6900300FA9103002DE9F843D0E92456A7
S21400A93004460F46002294F89830012B07D10A2FC0
S21400A94007D1002384F898300020BDE8F88300F291
S21400A9509F801B2F01D10223F4E70D2F0DD1012379
S21400A96084F898300D2025F02CFA0A2025F029FAD4
S21400A97000230120C4E92433E7E74FF00008082F3E
S21400A98084F8988034D1454530DDB5420FD138463D
S21400A99025F017FA202025F014FA013D384625F058
S21400A9A010FA013E04F80580C4E92456CCE7FBDA29
S21400A9B005F1FF39384625F004FA04EB0903A6EB47
S21400A9C00902611918460FF07BF804F80680014664
S21400A9D0013E484825F001FA35464D4501DC4D4616
S21400A9E0E2E7082025F0EDF9013DF6E7ACD0DBE71D
S21400A9F07F2F1CD1002EA7DDB542A5DA6319691C8E
S21400AA0021441846721B0FF05BF804F806800146D6
S21400AA10394825F0E2F90820013E25F0D2F9B54282
S21400AA20F9D1D4F89430013BC4F894308CE70A2F5F
S21400AA3098D0092F03D12046FFF790FE84E7D4F87C
S21400AA408C30013BB3427FF77FAFB54204EB05087D
S21400AA5005F101090CDB384688F80070D4F894300C
S21400AA60C4F890900133C4F8943025F0AAF96BE747
S21400AA704146721B04EB09000FF022F8404625F011
S21400AA80ACF90820013E25F09CF9B542F9DDE2E775
S21400AA90022B06D15B2F01D1032353E784F89820BD
S21400AAA049E7032B7FF450AF413F84F89820032FEB
S21400AAB03FF64AAFDFE807F002070A1601212046F4
S21400AAC025F02CF940E74FF0FF31F8E7B542BFF626
S21400AAD03BAF605D25F075F9D4F890300133C4F8CB
S21400AAE0903031E7002D7FF72FAF013D0820C4F8E6
S21400AAF09050BAE7039203009A95030008B50248FF
S21400AB00FEF7AAFB002008BD00B4C40430B58BB025
S21400AB106C46174D0FCD0FC40FCD0FC495E803003C
S21400AB2084E80300134BD3F84C2112031CD5A3F57D
S21400AB30FE431C884FF6FF739C4208BF8C248DF89A
S21400AB401940FEF771FC044484F308040A488DF8A3
S21400AB501840FCF735F96846FEF7CEFB3220FEF7C4
S21400AB6069FC00200BB030BDD3F85041E4B2E6E7F4
S21400AB70C82704000080E00F00F049020028ACBFA0
S21400AB8000F16040064B4FEA0111C9B2ABBF00F5B9
S21400AB90614000F00F0080F800131954704700BFA2
S21400ABA014ED00E008B52DF047FD0B4B1A7872B98E
S21400ABB001221A702DF03BFD6FF0040210460132A0
S21400ABC0052152B2FFF7DAFF3D2AF7D108BDBDE8EE
S21400ABD008402DF02CBD00BF28530020002807DBBE
S21400ABE001234109034A00F01F00834042F8213048
S21400ABF0704700BF00E100E0054B421153F82230D9
S21400AC0000F01F0023FA00F0C04300F00100704778
S21400AC1000E100E0002808DB01224309034900F0B8
S21400AC201F008240603341F82320704700E100E0B7
S21400AC3010B504462DF0F3FC024B1C602DF0EAFC28
S21400AC40002010BD6C34002010B52DF0E8FC034B3E
S21400AC501C682DF0DFFC204610BD00BF6C340020C1
S21400AC6038B50C461546014610B9FFF7EDFF01460C
S21400AC702B46224603480DF0E3FE0028D4BF3720BB
S21400AC80002038BD75FF020008B500F0E3FB18B1E0
S21400AC906A2102482DF0C2FD002008BD089203007C
S21400ACA008B500F049F80C4A536A43F4702353621F
S21400ACB0EFF308834FF0CD31084A043B934208D2A5
S21400ACC000F070FAFFF7E0FFBDE808400448FEF722
S21400ACD0B5BD43F80419F1E700ED00E008000020D8
S21400ACE02426040007B5042200200DEB020128F0FC
S21400ACF02FFF042803D0D72104482DF08FFD01989C
S21400AD0000F0DCF903B05DF804FB00BF0892030016
S21400AD10082310B50C0A41400648C9B241F30002A8
S21400AD20013B024013F0FF0382EA5101F6D184EAA8
S21400AD30010010BD2083B8ED38B5FEF75BFC044675
S21400AD4024F027FBE30729D401221046114600FA17
S21400AD5001F3234002F1010222D01D4B33F81130DB
S21400AD601C48062B028844881B491FD14FF20F034C
S21400AD709C4218D1B2F5406F28BF4FF4C0624CF227
S21400AD803C330A80438040F201739A4201BF134B62
S21400AD90134AD2E90001C3E9000115E00021DCE70F
S21400ADA0102AD3D1DCE74FF4C062E8E740F207256B
S21400ADB0AB420AD14FF20F05AC4204D19A4204BF0F
S21400ADC04CF23C3242800B8038BD1A460B80DAE7E4
S21400ADD088290400885900201E4E00207034002068
S21400ADE080590020014B1888704700BF1E4E002077
S21400ADF0014B1888000A70471E4E0020044B054879
S21400AE001B881A0AB3F5406F38BF00EB8200704704
S21400AE101E4E002058290400044B1888044B020AD2
S21400AE2053F82230C0B203EB800070471E4E00205D
S21400AE302829040010B504462DF0F5FB4FF20F024A
S21400AE40044B1C805A80BFF35F8FBDE8104025F08E
S21400AE505BB800BF885900206D4A2DE9F0416D4B64
S21400AE6055686D4C5D65516A99656C49D1F800026C
S21400AE70D865D1F80412586B1966916A10F0040F61
S21400AE805966D16A4FF000009966116BD966516B0E
S21400AE901967D26BD8645A67D3E90E1218BF1146E9
S21400AEA05F4A91421A655DD301F12000A04259D84D
S21400AEB08869C5F308051864CE69062D5E6455D109
S21400AEC0584DA84252D3584DA8424FD205884DF649
S21400AED0426085424AD11868C3F890005868C3F8A3
S21400AEE0940040F20170A242154604D22E68043245
S21400AEF0B6F1CD3FF7D00022C3E91E22C3E92022D7
S21400AF00C3E92222641BDFF81CC1434DDFF818E1B9
S21400AF109C648D422DD8D3E91EC7D3E92065D3E9BA
S21400AF2022414FF0000E013AD2B2FF2A3CD1BEF1C8
S21400AF30000F05D0C3E91EC7C3E92065C3E9224157
S21400AF40B3F85430C3F308030C2B3BD8022B54D968
S21400AF50DA1E092A51D8DFE802F031574043505034
S21400AF605050504D0021C3E910112D494FF4206078
S21400AF70B9E755F8044D6445CBD37445C9D2E60706
S21400AF80C7D50026294F57F8048FA045C1D00136F3
S21400AF90062EF8D132B1013AD2B202F11E0643F8BB
S21400AFA02640B6E70522F8E7E0464FF0010EBC461D
S21400AFB037462E4625460C464146B4E740F6012065
S21400AFC0BDE8F0813B2B18D1194B9B6913F0020F9B
S21400AFD040F2025318BF1846F2E740F60320EFE7A8
S21400AFE040F6042240F20173B0F5206F0CBF104605
S21400AFF01846E5E740F60520E2E740F60722013B63
S21400B0004B2B98BF1046DBE740F60220D8E700BF80
S21400B01000ED00E0F05800200810002000E100E0FD
S21400B02008000020D0420000408C03006459002035
S21400B0300080015A00F00CB800F00AB800F008B81A
S21400B04000F006B800F004B800F002B800F000B84F
S21400B05072B61EF0080F09D01EF0040F0DD0DFF8F0
S21400B06050E0AEE8FF1F6FF002000CE0DFF840E0B3
S21400B070AEE8FF1F6FF00E0005E0DFF834E0AEE844
S21400B080FF1F6FF006006946EFF309828EE807009F
S21400B09086460848084C854501D3A54501D384F368
S21400B0A00888FFF7D9FE84F30888FFF7C3FE000080
S21400B0B0F058002048000020081000204BF6EF62F1
S21400B0C083B2002B08BF1346044A000C13804FF6C9
S21400B0D0CE2308BF1846024B18807047FC6000203D
S21400B0E0FA6000200B4BB3F900201888002AB8BF7E
S21400B0F080F0620042001A80074AB2F900101388F6
S21400B1000029BCBF83F4805383F00B0359001180E1
S21400B11058407047FC600020FA60002007B568467B
S21400B12000F01AF8DDE900010022034B03B05DF8D9
S21400B13004EB25F0E3B900BF7834002007B5009390
S21400B14013460A460146034824F08EFF03B05DF816
S21400B15004FB00BF783400200249034A0160521AFB
S21400B16042607047C0610020000001200048704720
S21400B1707834002038B5416004462DF050FA054674
S21400B1802146044823F094FB2846BDE838402DF0BD
S21400B19041BA00BFA0340020014823F086BB00BFA0
S21400B1A0A03400200222014B1A677047004000506E
S21400B1B070B52DF034FA174E054617482DF0DAFA1A
S21400B1C03378CBB900F046F9044620B128462DF076
S21400B1D021FA204670BDFFF7DFFF2DF095FB0F4BE1
S21400B1E01C602CF071F80E4B0E4A1860536F43F03B
S21400B1F00103536725F09EF900F028F825F0B1F911
S21400B200094B002418600123284633702DF002FAFB
S21400B210DFE700BF3453002000280400A4340020D9
S21400B220CC34002000400050A8340020054B1B689A
S21400B2305843054B00F5742000F23F20B0FBF3F0B6
S21400B240704700BFCC34002040420F00294B2A4AEA
S21400B250D3F8003170B503F0030313602BF0C8FD7C
S21400B2604FF4C870FFF7E2FF0022244B2449186011
S21400B270244C0B680132D2B20A2A44F8040BF9D1E6
S21400B280034400EBC00003440B601F4B1F4D1B78AC
S21400B29013B3184BD3F8003103F00303022B22D06C
S21400B2A0032B23D0012B17D12BF03AFB024698B183
S21400B2B0174B184EDC6800231946C4F30B04013400
S21400B2C004EB84040138E4FB06010EF03DF9FFF7B9
S21400B2D0ADFF2B6803442B601F20FFF7A7FF2B68EA
S21400B2E003442B6070BD2BF065FBDFE72DF0AAF959
S21400B2F0DCE700BF008000500C350020D034002072
S21400B300D4340020D83400203853002004350020E0
S21400B31000C0015040420F000122154B10B55A677D
S21400B320144B154C1B7813B302202DF0DEFAF0B147
S21400B3302CF04EF8D8B1A36DD90302D5E36D9A0769
S21400B34015D40D4B9B6DDB0711D401220B4B1A70E5
S21400B3502DF0BFFABDE81040094B0A4A1860136F7B
S21400B36023F0070343F0030313672BF0BFBA10BDA7
S21400B37000D000503953002000C000503653002043
S21400B38000350020008000500122014B1A707047E3
S21400B3903953002007B5FFF7C1FE01A8FEF798F95C
S21400B3A09DF80530012B25D1234B9A6DD20311D47D
S21400B3B05A6B6FF3162242F4BC1242F4A0625A6330
S21400B3C01A6B22F4704242F440421A631A6B42F43B
S21400B3D0E0621A639DF8043063B94FF000531B68AF
S21400B3E0164B1B68164B1B68164B1B68164B1B68C8
S21400B3F0164B1B68164AD2F8803043F00303C2F897
S21400B400803025F0B6F8FFF7CDFBFFF777FBFFF7A8
S21400B4107DFB0DF05FFBFFF7CBFE00F01BF825F081
S21400B420A9F8FFF73DFC25F0B4F828F0C1F903B001
S21400B4305DF804EB25F09FB800C0005000400020E7
S21400B4400080002000C000200000012000400120F5
S21400B4500080005070B52DF0EFF8144E0546347895
S21400B460FCB9134B1C60134B1C60134B1C6000F0A4
S21400B47031F801202CF098F82CF08AF80F4B024691
S21400B480186020B928462DF0D2F8232070BD234638
S21400B49040F2E7310A480EF057F80A4B18600123CD
S21400B4A0337028462DF0C3F80020EFE73C53002009
S21400B4B01C350020183500202435002020350020BB
S21400B4C018FCFFFF14350020014B1868704700BFBA
S21400B4D01435002030B50024194B85B018689A88BA
S21400B4E00290D3F806009B7A00901648ADF80C2020
S21400B4F08DF804302DF03EF902A88DF808408DF83E
S21400B5000C40FEF7C1F8694601208DF80040FEF7B2
S21400B5107FF81F220C4B9A615A614FF0B042936A33
S21400B52013F00803FBD113620120FEF78BF80A2004
S21400B530FFF770FB0A20FFF751FB05B030BD00BFD8
S21400B540B1290400FC2704000020005810B52DF097
S21400B55073F84FF0B04304465B691A07074A03F0D6
S21400B560010003F00D0348BF40F0020053612BF0CA
S21400B57045FF2046BDE810402DF059B80020005881
S21400B58021282DE9F341054604D82C46204602B072
S21400B590BDE8F08100240B4E0B4FDFF8308000230F
S21400B5A0CDF800801A461946386823F0E0FC84423D
S21400B5B0EBD2222CE9D056F8043BAB42E6D001345D
S21400B5C0EDE700BFD02C0400A85C0020FFFF0F00B2
S21400B5D02DE9F04F644E654D89B025F026F83168A8
S21400B5E02868FCF753FD0446002827D0336800245B
S21400B5F0D3E900019A6912689047336804A89B69EA
S21400B6009B689847336802209B69DB6898473268D6
S21400B61005985368E7B2B3FBF0F3BB42916904F1B7
S21400B62001044ED8CB680020984733689B695B6856
S21400B630984731682868FCF729FD04460027DFF89C
S21400B64044A1DFF84481DFF84491F4B9484BDB5D50
S21400B650002B00F08480D8F800602868314602ABE2
S21400B66003AAFCF799FE2D2807D070B9039B012B7F
S21400B6700BD031462868FDF7E5F8DAF80030314699
S21400B6801A682868FDF75EF804460137222F0AF18B
S21400B690040A08F1040809F10109D6D1B4FA84F3C2
S21400B6A0344A5B0913702B681B7C33B124F089FF86
S21400B6B018B1DB2130482DF0B1F8204609B0BDE8BE
S21400B6C0F08F12680B6907FB002098479FE7D8F8B1
S21400B6D0003003AA194402AB0191FCF75DFE2D2849
S21400B6E001992BD018B30BF1010B5FFA8BF18E4248
S21400B6F02868ECD8214BDB5D002BC6D0F3B27E2B3E
S21400B7002868C2D8D8F8003003AA06EB030B5946BF
S21400B71002ABFCF741FE2D282B68B6D059461846DA
S21400B720FDF790F8013604460028E7D0ADE7039B06
S21400B7307BB999F80020029B9A42D4D099F8003041
S21400B740DAF800202868FCF7F5FE0028CBD004467F
S21400B750D0E728680191FDF775F80199EEE7084BE8
S21400B760A346DE5DC1E700BF885C0020A85C002021
S21400B770AC2C04003E5300206E9203008A2C04007A
S21400B780462C0400BC290400D02C0400682C0400BD
S21400B790F8B51F46214B04461B780D46164623B1C6
S21400B7A000F47E23B3F50E2F2BD02046FFF7E8FEDD
S21400B7B02128044614D81A4B53F82010194B1B782E
S21400B7C0ABB1194B212C18681DD8184B1B5DD3B193
S21400B7D03268FCF7B7FF044650B124F0F1FE07E0EC
S21400B7E0FF2807D93A46314680B224F0FFFB0024F2
S21400B7F02046F8BD4FF4A9710D482DF00FF8002132
S21400B800DCE70146DAE77F2D08BF00253B463246D7
S21400B81051FA85F1FCF78EFEDDE700BF3D530020B0
S21400B820D02C04003E530020A85C0020AC2C040062
S21400B8306E92030030B5134600F07E62B2F17E6F62
S21400B8408BB00DD10A46C0F30B016846FEF73AFAF4
S21400B85020B140F2931109482CF0E0FF0BB030BD48
S21400B8605A0824F0B0FE0028F8D04FF49C71034824
S21400B8700BB0BDE830402CF0D1BF00BFDE92030015
S21400B8802DE9F341C70705460E46144604D540F297
S21400B890E31148482CF0C2FFE10704D54FF4F271DB
S21400B8A044482CF0BBFF444B93F80080B8F1000FDF
S21400B8B020D043F260239D4208D1224631463F48BD
S21400B8C00EF0F2FB002002B0BDE8F081C5F30B07D6
S21400B8D005F44055B5F5805F14BF4FF40F204FF4C4
S21400B8E00E20234632467F21384302B0BDE8F041A1
S21400B8F0FFF74EBF05F47043B3F5805F3DD1C5F347
S21400B9000B052F4A05F17E65631E2B4493422ED805
S21400B9102F4607EB0408474542D1AA070ED04FF63C
S21400B920FF7336F8022BA81E43EA024304220DEBEF
S21400B93002010193FFF77EFF0235023CA3070ED0FB
S21400B940023C24F00103F35A04226FEA03436FEA31
S21400B95013430DEB020128190193FFF76BFF002C30
S21400B960B0D0224631462846FFF764FFAAE740F2E9
S21400B970FD1110482CF052FFCAE705F46043B3F5FA
S21400B980005F04D1C5F30B0505F53E25C0E740F280
S21400B990052108482CF042FF6FF00F074546B8E730
S21400B9A017F8013BFF2BB6D04FF4047101482CF07A
S21400B9B035FFB0E7DE9203003D530020FE60002016
S21400B9C0FF03E00F10B500F077F824F048FE0446B9
S21400B9D018B100F079F8204610BD00F07BF8044658
S21400B9E00028F6D10122014B1A70F2E73F530020DF
S21400B9F0054B1B7833B1054BC0F3130100221868C2
S21400BA00FCF7E4BE112070473F530020A85C0020DE
S21400BA10144B2DE9F0411B7805460E461746FBB140
S21400BA2024F004FE012805D9841EE4B2012C09D9AD
S21400BA30212412E03B4631462846BDE8F04100226C
S21400BA4000F052B800F038F83B460022314628464F
S21400BA5000F076F8044600F037F82046BDE8F0819E
S21400BA601124FAE73F530020124B70B51B780446AA
S21400BA700D461646E3B124F0D9FD012805D9831EEC
S21400BA80DBB2012B08D9212410E032462946204695
S21400BA90BDE8704000F040B800F00EF82046324690
S21400BAA0294624F0DEFD044600F00EF8204670BD60
S21400BAB01124FBE73F53002008B52CF0B0FD014BE6
S21400BAC0186008BD28350020014B18682CF0A2BD70
S21400BAD028350020024B1968024B1868FCF7D6BAC6
S21400BAE0885C0020A85C002037B505460C46C0F3ED
S21400BAF013010848ED02006805D5224603B0BDE8EC
S21400BB003040FCF715BC009313462246FCF7C8FBF2
S21400BB1003B030BDA85C002030B405461346074A83
S21400BB200C46C0F313011068EA0203D5226830BC45
S21400BB30FCF708BE224630BCFCF7FCBCA85C002024
S21400BB40F7B505460F4614461E461BB9212528465E
S21400BB5003B0F0BD0029F9D024F068FD4BF2346242
S21400BB60ABB2934220D14FF0FF3322466946CDE96F
S21400BB70003325483346FFF7E3FF082205462349EE
S21400BB8068460EF045F938B933462246694641F212
S21400BB90F010FFF7D5FF0546002DD8D1324669468E
S21400BBA038460EF081FAD2E741F2F01293420FD1F6
S21400BBB0174B311908299A6CDB6CC7D8CDE90023DE
S21400BBC069463246384621440EF06EFA0025BEE736
S21400BBD002280AD1C5F30C4332199342B6D3C5F3F3
S21400BBE00B0104F17E643246ECE7032809D1C5F365
S21400BBF00C4332199342A9D3C5F30B0104F53E2436
S21400BC00F1E70125A3E700BF021008C05C2D040081
S21400BC100080E00F10B526F094FF28F02BF8BDE862
S21400BC201040034601210220014A02F0F1BB00BF8A
S21400BC305493030013B5D0E9023253F822301C782F
S21400BC40204626F090FF2346009001210220024A5B
S21400BC5002F0DEFB02B010BD68930300014B1878BB
S21400BC6026F06BBB40530020FF232DE9F04F8FB02A
S21400BC701122002108A88DF813300EF077F808A8D6
S21400BC8025F065FD01210220AF4A08AB02F0C0FB9B
S21400BC9041F24903AD4A0121022002F0B9FB06A891
S21400BCA025F056FE08A90DF1130025F05CFE0220D3
S21400BCB00021A74A02F0ACFB002026F06FFB10B173
S21400BCC006A809F0ABFB9DF92A3001210220A14A03
S21400BCD000939DF82B3002F09BFB26F02EFF831E70
S21400BCE0DBB2FC2B05462DD8012102209A4A02F031
S21400BCF08FFB0124234600210220984A02F088FB8D
S21400BD0005A9E0B226F01BFF034650B1A0F11602CB
S21400BD10012A40F2AA8001210220914A02F078FB13
S21400BD200CE09DF91430012101939DF81630022095
S21400BD3000938C4A9DF8153002F06AFB0134E3B29A
S21400BD409D42D7D8BDF8284008F076F82346002153
S21400BD50854A0090022002F05BFB02200021834A05
S21400BD6002F056FB002026F019FB10B108A809F0D7
S21400BD7055FB01217E4A022002F04AFB26F039FEDE
S21400BD80044626F034FE234601217A4A009002201B
S21400BD9002F03EFB08F088FC00210220764A02F002
S21400BDA037FB9DF81330FF2B65D000210220734A25
S21400BDB002F02EFB01216E4A022002F029FB25F03C
S21400BDC0D7FD012103466E4A022002F021FB08F04F
S21400BDD00BF8002103466B4A022002F019FB25F0FF
S21400BDE0CDFD044625F0CCFD23460121664A009091
S21400BDF0022002F00DFB2CF01EFD08F0FDFC0121D8
S21400BE000346624A022002F003FB0027DFF8BC91DB
S21400BE1008F0F2FCFCB2A04233D82CF00CFD012353
S21400BE205B4A1946022002F0F3FA002026F085FA53
S21400BE30584B594C0093012100230220574A02F028
S21400BE40E7FA236863B1012102201B78544A02F006
S21400BE50DFFA2368012102205B78524A02F0D8FA02
S21400BE6026F070FA0FB0BDE8F08F012102204E4A8E
S21400BE7002F0CEFA62E7002102204C4A02F0C8FA2D
S21400BE8098E709EB04152046D5F8088008F06EFD03
S21400BE908246204608F0B6FC454E464B002818BFA2
S21400BEA0334620469B4608F061FD0AF0A3FA414B54
S21400BEB00021002808BF1E463F4A53460220CDE90F
S21400BEC000B602F0A5FAAA792B7B0292AA88012175
S21400BED001926A8802200092384A02F099FA0025F8
S21400BEE0DFF8ECA098F80430ECB2A34203D82CF0AC
S21400BEF0A2FC01378CE714235C43D8F800600220CC
S21400BF00325B06EB040B9BF90C3000922C4A0021A6
S21400BF1032EA230228BF524613462A4A02F078FA2B
S21400BF20002026F03BFA38B15846345B25F08DFDEC
S21400BF30014620460AF0ACFA01210220224A02F00D
S21400BF4067FA0135CEE700BFA9930300B893030054
S21400BF50D493030000940300DB930300F1930300E3
S21400BF6020940300F89303002D9403004D940300DF
S21400BF7097940300569403007894030056B4030085
S21400BF808394030099940300AF940300C5940300C0
S21400BF903E95030056950300003A00204A9503009C
S21400BFA064950300789503001594030098910300A8
S21400BFB08093030088930300D0940300F09403005A
S21400BFC09D930300269503008DDB03003439002083
S21400BFD0919303002DE9F7430025134F134E08F005
S21400BFE00BFCECB2A04202D803B0BDE8F0834FEAE7
S21400BFF00418204617F8089008F004FC0C4A4B4634
S21400C000002808BF3246002102200092094A02F0AA
S21400C010FFF917F8080025F0B7FC01210220064AB0
S21400C02002F0F6F90135DAE73439002017E20300AA
S21400C0300DE20300939503008DDB030008B58368CB
S21400C0405A681178C26853F82230A1F1650251424D
S21400C0505141187808F088FD30B9BDE80840012144
S21400C0600220024A02F0D4B908BD00BF9E95030024
S21400C07000210220014A02F0CBB900BFB8950300A8
S21400C08000210220014A02F0C3B900BFE695030072
S21400C09010B5044686B01822002168460DF066FEEC
S21400C0A0684626F0C8F8D4E9022052F8203002EBA1
S21400C0B080021B788DF80B30516891F900108DF8CE
S21400C0C00A1091680988ADF808106168091A0329F2
S21400C0D007DDD26803F01F03127843EA42138DF897
S21400C0E00B30684607F056FF00210346024A02203E
S21400C0F002F08EF906B010BD0296030007B50020C8
S21400C10026F0DFFC00210090034B0220034A02F0D9
S21400C1107FF903B05DF804FB0F9603001596030045
S21400C12013B5D0E9023253F8221003EB82035B68A2
S21400C130087819680023094CA222994208BF2146B4
S21400C140C01A18BF012026F0B0FC01210090044B55
S21400C1500420044A02F05CF902B010BD00F8FF07A4
S21400C160209603002E97030013B5D0E9023203EBA6
S21400C170820153F82230D1E901141878FF220038E2
S21400C18018BF01202378096826F08FFC0121009053
S21400C190034B0420034A02F03BF902B010BD00BF77
S21400C1A0279603002E97030008B5002101230C4AAA
S21400C1B026F0FFFA0A4826F062F80020094909F03E
S21400C1C0C1F9002026F0EAF810B1054809F026F972
S21400C1D0BDE8084001210420034A02F019B900BF57
S21400C1E0BF5700203C9603008DDB030010B525F0FA
S21400C1F0C9FB034630B1BDE8104001210420054AC2
S21400C20002F006B90121BDE810400420024A02F0FF
S21400C210FFB800BF4A9603005B96030010B526F0F1
S21400C22030F8BDE81040034601210220014A02F022
S21400C230EFB800BF6696030010B525F0F2FFBDE824
S21400C2401040034601210220014A02F0E1B800BF77
S21400C2507C96030037B5D0E90232012453F8223029
S21400C2604FF6FF701D78FE2204FA05F1002326F033
S21400C27088FC2B46009021460420024A02F0C8F8AB
S21400C28003B030BD90960300D0E9023253F8223056
S21400C2901B7823B101210220024A02F0B9B8024AF3
S21400C2A013707047AF9603004053002007B56846EA
S21400C2B025F04EFB07F0C0FD01210346084A022088
S21400C2C002F0A6F8684609F0A9F808F027F8012158
S21400C2D00346044A022002F09BF803B05DF804FB14
S21400C2E0C5960300DF96030037B5D0E902454068DF
S21400C2F054F82530401B0328D8BF002004EB8504E3
S21400C300C8BFE06819786368C8BF00781A78A36861
S21400C31093F900300090012026F0B7FB38B90121D0
S21400C3200220084A03B0BDE8304002F071B8064B60
S21400C3300190009301210220044B054A02F068F8A0
S21400C34003B030BDF0960300F89603002FC5030037
S21400C3500C97030007B5012026F09FFB48B9009014
S21400C36001210220084B094A02F052F803B05DF89A
S21400C37004FB054B0190009301210220044B054A63
S21400C38002F046F8F2E700BFF89603002397030092
S21400C39078EF03000C97030008B5D0E9023253F893
S21400C3A02230187826F02BFB30B9044A0121BDE86C
S21400C3B00840042002F02CB8014AF7E7389703003B
S21400C3C05497030008B5D0E9023253F82230188893
S21400C3D026F013FB30B9044A0121BDE808400420CA
S21400C3E002F016B8014AF7E773970300A397030015
S21400C3F073B50378044613F0050F08D10121042015
S21400C400194B1A4A02B0BDE8704002F001B84588E0
S21400C410062D10D1836801215B68154A1B780193AD
S21400C420838804200093104B01F0F2FF2378012B41
S21400C430E4D102B070BD35B98388012104200D4ACD
S21400C44001F0E6FFF2E7012DF0D186680A490020E8
S21400C45009F078F8304608F0E1FF29460420074A3C
S21400C46001F0D6FFE2E700BFD0970300D99703009C
S21400C470EB97030008980300259803008DDB030064
S21400C4802DE9F04700268EB0354D09AC0FCD0FC410
S21400C4902B6801210220334A236001F0B9FF34469D
S21400C4A025F06AFAF5B2A8420BD825F065FA2346BD
S21400C4B00090012102202C4A01F0AAFF0EB0BDE830
S21400C4C0F087284605A926F084FA0346002841D1BD
S21400C4D09DF81430032B39D904238DF814302B46DD
S21400C4E000210220214A01F093FF9DF814300EAA85
S21400C4F002EB8303002153F8143C1D4A022001F08E
S21400C50087FF28469DF821709DF815809DF81890A5
S21400C510BDF816A026F05FFA3B46CDE902A0002142
S21400C5200220CDE90089134A01F072FF0134002091
S21400C530E4B225F033FF18B10DF1190008F06EFFD4
S21400C540002102200C4A01F063FF01E0002BC6D157
S21400C5500136A5E700210220084A01F059FFF7E757
S21400C560642D04003D980300B6980300F39303007F
S21400C570FBA203006A980300C28F03009198030091
S21400C580C3688268013BDBB252F8233002201B7876
S21400C590652B14BF00220121044B1BBF01211A701A
S21400C5A0034A044A08BF197001F032BF60610020D8
S21400C5B0CD980300DB980300D0E9023253F822300E
S21400C5C01A88014B1A8070470061002007B5D0E931
S21400C5D0023103EB810253F8213052681988054B6B
S21400C5E00548128800930088012309F015FC03B063
S21400C5F05DF804FBF1C3000000610020C368826898
S21400C600013BDBB252F823305B78A3F1660253425B
S21400C6105341014A137070476361002030B5D0E97A
S21400C620023253F8223089B01D78012302AA194637
S21400C630044626F0BEF801230093102302210DEBDA
S21400C6400302204626F096F8284604AA02A926F0F9
S21400C650B2FA0446002025F0A1FE18B1214604488F
S21400C66007F07AFC0020034908F052FF09B030BDFD
S21400C670EA9803008DDB0300002330B58FB002215B
S21400C680009309AA1223054626F074F805AA014667
S21400C69009A807F03FFA044698B1232805D1134AA3
S21400C6A00121042001F0B4FE09E0212801D1104A3E
S21400C6B0F6E70346012104200E4A01F0A9FE0FB05A
S21400C6C030BD01232846194603AA26F072F805A9AC
S21400C6D003A826F072FA0546204625F05FFE18B13C
S21400C6E02946054807F038FC044AD9E7F7980300BE
S21400C6F01A99030055990300769903008DDB030011
S21400C700F0B5D0E9023253F8221003EB82039B689F
S21400C71005461F7887B038460E7825F01FFE04467B
S21400C72008BBD5E9022101238DF80830194452F8D8
S21400C730210002EB810200888DF809709268ADF83E
S21400C7400A00127804218DF80C2028460DF10D02FF
S21400C75026F02FF8304602A98DF8154026F03DF950
S21400C760044625F0EFFD334601210420024A0094DA
S21400C77001F04EFE07B0F0BD8B99030030B50121E5
S21400C7808FB00220244A01F043FE002005AB01AA28
S21400C79009A926F00AFA0025044614B128460FB067
S21400C7A030BD02202B4621461C4A01F031FE2046B1
S21400C7B025F0F4FD10B10AA808F030FE0021022092
S21400C7C09DF83030164A01F023FE00210220079B18
S21400C7D0144A01F01DFE00210220BDF82030124A46
S21400C7E001F016FEBDF814300021104A022001F0B8
S21400C7F00FFE013501A825F0CCFDEDB20121022087
S21400C8000B4A01F005FE284605AB01AA09A926F049
S21400C810CCF90446C1E700BFBD990300039A0300A4
S21400C8200B9A0300179A030075B40300209A0300BE
S21400C8308DDB0300F0B5064699B088B925F09AF866
S21400C840074600250EA826F0BAF901210220364A2E
S21400C85001F0DEFD2C46BC4204D3284619B0F0BDDC
S21400C8600127EEE713A826F0AAF9002E4AD00223E5
S21400C87006A913A88DF84C3026F093F90028ECD1C1
S21400C880FE2402A913A826F092F99DF8593043F029
S21400C89001038DF85930002E3FD123463146022041
S21400C8A0224A01F0B5FD9DF859300AA943F001036C
S21400C8B013A88DF8593026F07AF9002025F06EFD81
S21400C8C010B114A808F0AAFD0C9B00210220184AFB
S21400C8D001F09EFDBDF82820002112F4007F0CBF59
S21400C8E04C23412312F0100F0CBF6E227922022037
S21400C8F00092104A01F08CFD013506A825F049FD8E
S21400C900EDB207E020460AAB06AA13A926F04BF9BB
S21400C9100028B6D00134E4B29DE700210220064A82
S21400C92001F076FDBFE700BF2A9A0300039A0300D2
S21400C930179A0300669A03005F9A030030B5012435
S21400C94099B00EA826F03BF913A88DF8384026F0CB
S21400C950D4F8C0B9BDF84C1011EA040513D121462D
S21400C9600220424A01F054FD29460220404A01F0C6
S21400C9704FFD214602203D4A01F04AFD2146022095
S21400C9803A4A01F045FD06A90EA826F00AF920B19C
S21400C9901022FF2106A80DF0E9F904A826F009F9EF
S21400C9A0059B01210220334A0093334B01F030FDF2
S21400C9B09DF8123001210220304A00932E4B01F0E0
S21400C9C027FD00212C4B2E4A022001F021FD06A84F
S21400C9D025F0DFFC13A826F0F2F802230AA913A814
S21400C9E08DF84C3026F0E3F800283CD10B9B0093E2
S21400C9F001210220234B244A01F00AFD0121214B8C
S21400CA00224A022001F004FD0120FFF713FF012156
S21400CA101C4B1F4A022001F0FBFC0020FFF70AFF18
S21400CA20044624F0A7FF2346009001210220194A5D
S21400CA3001F0EEFC0121164A174B022001F0E8FC3B
S21400CA40FFF79CFE012887BF144A1549154A074977
S21400CA500346CDE90101009201210220124A01F0AD
S21400CA60D7FC19B030BD4FF0FF33C0E78DDB0300B5
S21400CA70799A0300B79A0300AF9A0300C79A030097
S21400CA80B9C30300E7D00300DA9A0300EA9A03006A
S21400CA90F19A0300FA9A03000E9B0300759A0300AE
S21400CAA023B9030075B903001C9B030010B5D0E939
S21400CAB0023253F822301C78201E18BF012026F0C0
S21400CAC008F8054A054B0020002C08BF1A46BDE8AA
S21400CAD01040034908F01CBD449B0300499B03001B
S21400CAE0529B0300D0E9023210B553F822301C885E
S21400CAF0204625F0F0FF2246BDE810400020014900
S21400CB0008F006BD939B030037B5044607F06CF9A2
S21400CB10014638B100200D4A0D4903B0BDE830404B
S21400CB2008F0F6BCE368A268013BDBB252F823309B
S21400CB30084D18780123084A00936C2818BF2A4627
S21400CB401023204625F016FE03B030BDE19B0300FF
S21400CB50E99B0300396100204961002013B5836812
S21400CB609A681278672A22D101A825F0C6FF0446E3
S21400CB70A8B9BDF80420174908F0CAFCBDF804306F
S21400CB80DA070AD413F0020F134B144A18BF1A46DA
S21400CB901349002008F0BCFC19E0124AF8E70246E8
S21400CBA01149002008F0B4FC22461049F1E7C2689B
S21400CBB001A953F8220003EB82035B6800681B6838
S21400CBC0ADF8043025F09FFF04460028ECD102B0F3
S21400CBD010BD00BF1C9C03000F9C030016C503007D
S21400CBE03D9C0300FF9B03004F9C03007B9C0300BF
S21400CBF0034A04491388C85401331380704700BFA2
S21400CC002E4E00204653002073B5154D01242B7878
S21400CC10144E13F0040F0CBF02230423124A2146BD
S21400CC201470328802200192EB5C104A0093104B7D
S21400CC305B8801F0EDFB002102200E4A01F0E8FBC4
S21400CC400D4B2946009332882346022001F026FC2D
S21400CC5021460220094A02B0BDE8704001F0D8BB68
S21400CC60465300202E4E0020455300208A9C030089
S21400CC70204E0020AF9C0300D19C03008DDB0300F8
S21400CC8070B516464FF48A52114B124DDA80598011
S21400CC90114B1B881A1E18BF012240EA82000F4A59
S21400CCA01278003A18BF012240EA0210287063B1D9
S21400CCB003246B701B0AAB7009F00AFC631C285532
S21400CCC0EE54074B02341C8070BD0124F4E700BF0D
S21400CCD0204E0020465300202C4E002044530020B7
S21400CCE02E4E002038B5D1E902320C46054653F8E0
S21400CCF02230024619880C4B1878FFF7C1FFE3680C
S21400CD00A268013352F82330188823F0ECFC4DB1AA
S21400CD10E368A268023352F823301878BDE838403A
S21400CD20FFF766BF38BD00BF41530020F0B505468B
S21400CD30EB68AA68023352F8233008461C78294666
S21400CD4085B0FFF7CFFF204624F06DFE204E214F22
S21400CD5078B3204624F073FE0321441C03AA284619
S21400CD6022F025FD3288E4B2C2F1FF01039B091BC5
S21400CD7089B299424FF0010122443CBFC2F1FF0341
S21400CD8003930091DBB203213A44284625F0F2FCD7
S21400CD90039A022C338804BF0F48110AFA5408BFBE
S21400CDA0C15413441C44348005B0BDE8F040FFF77E
S21400CDB02BBF204607F080FC0123328804460093F0
S21400CDC0032103463A44284625F0D4FC3388E9E795
S21400CDD02E4E00204653002047530020052307B55B
S21400CDE0012100930220044B044A01F011FB03B01A
S21400CDF05DF804EBFFF7A2BDB89C0300BF9C0300E0
S21400CE0013B5044625F075FE38B1CDE90040012182
S21400CE100220034B034A01F0FBFA02B010BD00BF2C
S21400CE20E19B0300D69C0300194B37B51B783BB932
S21400CE3001210220174A03B0BDE8304001F0E8BAED
S21400CE40D0E90232144C53F8223001211D78638851
S21400CE5002200093114A2B4601F0DAFA104B257196
S21400CE601B78104D63B1012102200F4A01F0D0FA61
S21400CE7020460E4A298803B0BDE8304024F0A2BB05
S21400CE8020460A4A298803B0BDE8304024F05CBC3E
S21400CE9045530020ED9C0300204E0020FB9C030021
S21400CEA0425300202E4E0020129D030046530020C1
S21400CEB02DE9F041D0E9023253F8221003EB820349
S21400CEC05A680C7817889A68DB68B2F80080C6B093
S21400CED01D780021304B0220304A0094CDE90178BD
S21400CEE001F096FA002D0CBF6E2379230121022053
S21400CEF02B4A01F08DFAFF23002D0DF1170606AD23
S21400CF00019320460CBF80234023424639460296B2
S21400CF10009525F0AEF80446002835D1307824F088
S21400CF2088FD0746B0B1284625F0F7F91D4BFD28C9
S21400CF30A8BFFD200093234682B20DF119010220FE
S21400CF4001F0ACFA01210220174A01F061FA46B05E
S21400CF50BDE8F081307824F072FD60B1284625F0F7
S21400CF60E1F9FD28A8BFFD200E4B82B200930DF11B
S21400CF701A013B46E3E7307807F09EFB0B4B024670
S21400CF80009329460123DAE7009001210220084B8E
S21400CF90084A01F03DFADAE783D103002C9D03002E
S21400CFA0519D0300BFE403008DDB0300D19C03000A
S21400CFB076A503005B9D0300D0E9023253F82210E9
S21400CFC003EB82032DE9F04F5A680F78B2F8008021
S21400CFD09A68C7B0B2F80090DA681B6992F800A0A9
S21400CFE01E7800212F4B304A0446CDE901890220E5
S21400CFF0009701F00DFABAF1000F0CBF6E237923EB
S21400D00001210220294A009606AD01F001FAFF220E
S21400D010002128460CF0AAFE304624F00AFD83467E
S21400D02008B30023052100932046FD230DF11902C5
S21400D03025F0A0FB2870BAF1000F0CBF8023402318
S21400D0404A4641463846CDE9005624F0DDFF014603
S21400D050144806F081FF01210220154A01F0D8F994
S21400D06047B0BDE8F08F304624F0E9FC60B1FD2300
S21400D07005212046CDF800B00DF11A0225F07AFB06
S21400D08085F801B02870D6E70590304607F014FB07
S21400D090059A0346009205212A46204625F06AFB9B
S21400D0A0C9E700BF76D103002C9D03006C9D0300EA
S21400D0B08DDB03002DE9FF471C465B68E5685B1BBC
S21400D0C000255FFA83F803952F46FFF7D9FDEBB2EC
S21400D0D0984509D90C9BDB5D282B37D8202B5DD8CB
S21400D0E00137FFB2002B5BD1FFF78EFD04B0BDE821
S21400D0F0F087132A2FD801A151F822F065D200003C
S21400D10077D2000089D20000BDD20000E9D000002E
S21400D110E9D00000E9D00000E9D0000057D10000B7
S21400D12057D1000057D1000057D1000057D100005A
S21400D13057D1000057D1000057D1000057D100004A
S21400D14057D1000069D10000E3D20000A3F13102FC
S21400D150D1B21329CDD90137FFB2A3F14102032A78
S21400D160C2D8422B00F0BD806B4E00213288DFF81B
S21400D170B0A1C2F1FE039BB2FF2B28BFFF230132F2
S21400D1800091DBB22046524469B225F0D2FA3388C9
S21400D1900AF8030001331844308061E0242BDCD801
S21400D1A0013B232BA0D801A252F823F065D2000041
S21400D1B077D2000089D200003DD20000E9D00000FE
S21400D1C0E9D00000E9D00000E9D00000E9D0000076
S21400D1D0E9D00000E9D00000E9D00000E9D0000066
S21400D1E0E9D00000E9D00000E9D0000065D20000D8
S21400D1F077D2000089D20000BDD20000E9D000003E
S21400D200E9D00000E9D00000E9D00000E9D0000035
S21400D210E9D00000E9D00000E9D00000E9D0000025
S21400D220E9D00000E9D00000E9D0000065D2000097
S21400D23077D2000089D200003DD200004FF00409EA
S21400D240E368A2682B4452F823301E68F0B209F156
S21400D250FF39FFF7CDFC19F0FF094FEA1626F5D186
S21400D260013534E7E368A2682B4452F82330187877
S21400D270FFF7BEFCF4E7E368A2682B4452F82330BD
S21400D280188823F030FAEBE7E368A2682B4452F8DC
S21400D29023301E68B6F1807F09D2F0B2FFF7A8FCF3
S21400D2A0C6F30720FFF7A4FCC6F30740E0E72B46CB
S21400D2B001210820194A01F0ABF815E74FF00409E0
S21400D2C0E368A2682B4452F823301E68F0B209F1D6
S21400D2D0FF39FFF78DFC19F0FF094FEA1626F5D146
S21400D2E0BEE7294603AA204622F061FA00210A4E2C
S21400D2F00B4A3388DDF80C9002EB030CCAB291455A
S21400D30001F1010102D84B443380A9E710F802A0CE
S21400D3100CF802A0F2E700BF2E4E0020859D030009
S21400D32046530020094B1B7823B101210820084AE8
S21400D33001F06EB8D0E9023253F82230054A1B8855
S21400D340012113800820044A01F062B845530020EA
S21400D350AB9D03002C4E0020ED9D0300D0E9023269
S21400D36053F82230054A1B780121003B18BF0123E1
S21400D37008201370024A01F04BB800BF4353002048
S21400D380139E0300D0E9023253F82230034A1B787A
S21400D390012113700820024A01F03AB844530020D5
S21400D3A0429E030010B5D0E90232044653F82230FC
S21400D3B0132219880B4B1878FFF762FCE368A26803
S21400D3C0013352F823301878FFF712FCE368A2689E
S21400D3D0023352F823301878FFF70AFCBDE81040F5
S21400D3E0FFF712BC4153002010B5D0E902320446C4
S21400D3F053F82230112219880B4B1878FFF740FC9F
S21400D400E368A268013352F823301878FFF7F0FB80
S21400D410E368A268023352F823301878FFF7E8FB77
S21400D420BDE81040FFF7F0BB41530020D0E90232C0
S21400D43053F82230034A1B78003B18BF0123DB0059
S21400D440137070474153002010B5D0E9023253F8EC
S21400D4502230044619880E4B06221878FFF710FC77
S21400D4600120FFF7C5FBE368A268034452F82330A7
S21400D470188823F038F9E368A268023352F823309C
S21400D480188823F030F9BDE81040FFF7BDBB00BF99
S21400D490415300202DE9F043D0E902324FF0FD0958
S21400D4A0013253F8221003EB82035A68C7B017887C
S21400D4B09A68B1F80080147853F8043C002C0DF1FB
S21400D4C0170506AE18783A4614BF40238023414617
S21400D4D00295CDF80490009624F0CBFD034638B1B3
S21400D4E0184A0121082000F093FF47B0BDE8F083FA
S21400D4F0201E18BF01200A224146C000FFF7C0FBCD
S21400D500384623F0F0F82878FFF772FB4A46314693
S21400D510287824F03CFA044628B10B4F3D88C5F124
S21400D520FF03834202DA2346084ADAE7024608483F
S21400D5303146284425440CF0B7FD3D80FFF764FBD8
S21400D540D3E700BF789E03002E4E0020949E030073
S21400D5504653002010B5D0E90232044653F8223074
S21400D560082219880B4B1878FFF78AFBE368A26835
S21400D570023352F823301878FFF73AFBE368A268C4
S21400D580013352F82330188823F0ADF8BDE8104078
S21400D590FFF73ABB4153002073B5D0E90232054687
S21400D5A0023253F8221003EB820353F8042C53F88C
S21400D5B0083C0C781988234B168818780622FFF743
S21400D5C05FFB0020FFF714FB304623F08CF8204664
S21400D5D0FFF70EFBEB68AA68033352F8233018886F
S21400D5E023F081F8EB68AA68043352F823301888D1
S21400D5F023F079F8204609F067F9E8B9204607F0E5
S21400D6005BF805210446019001AA284622F0CFF8CF
S21400D610019B01469C4206D0224631460A480BF042
S21400D620EDF902B070BD094D09482E8822463044F7
S21400D63034440CF045FA2C8002B0BDE87040FFF789
S21400D640E3BA00BF41530020C09E03002E4E0020C8
S21400D6504653002073B5D0E902324FF48A5153F88E
S21400D6602230104D1A88104BD9805A8000232A4643
S21400D67000930121FF2325F07DF82B78044613F054
S21400D680040F0A4B08BF01261B7818BF032613B1E8
S21400D69008F01EFFA855064B1C8002B0BDE870407F
S21400D6A0FFF7B2BA46530020204E00204353002016
S21400D6B02E4E0020D0E9023253F82230034A1B785F
S21400D6C0003B18BF01231370704700BF4253002071
S21400D6D010B50C4608B907F07DFE024B18715C7158
S21400D6E010BD00BF204E00202DE9F341D0E90232E4
S21400D6F04168304D891A0229C4BF911C53F8211085
S21400D7002878D4BFFF21097838B9012102202A4A97
S21400D71002B0BDE8F04100F07BBE53F82200DFF80F
S21400D720B0800488501EC0B253F8206003EB82031A
S21400D7305B68224F1878FFF7CBFF06F07DFBB8F842
S21400D74000300146224600931D483B4624F080FDEB
S21400D7500246C8B93179B8F800305F2917D1CDE94B
S21400D76000374FF6FF712046154B23F01FFF28B1F8
S21400D770034601210220134A00F04AFE0023124A03
S21400D7802B701380114A137002B0BDE8F0814FF67B
S21400D790FB718C4208D9CDE900372146084B4FF67D
S21400D7A0FF7023F061FFE2E72146054A009723F069
S21400D7B08DFFDCE7455300200B9F030046530020F7
S21400D7C0204E0020129F03002C4E002044530020C1
S21400D7D02E4E0020002210B50A2104461046FFF700
S21400D7E04FFA002022F07FFF0122044B1A70FFF749
S21400D7F00BFA2046BDE81040FFF776BFBC57002066
S21400D80038B51C4615460123224624F0D2FF60B9DF
S21400D8102146284625F097F9044620B10121042028
S21400D820034A00F0F5FD204638BD0024FBE700BFA4
S21400D830399F03002DE9F0430C4615461F46D0E9F4
S21400D840022352F8231002EB830293680E8893F8A3
S21400D8500080D3688BB0B3F800903246012106AB47
S21400D860FFF7CEFFF0B90DF1200CF4B101232A88A2
S21400D8704021CDE902C2CDE90471CDE90093222111
S21400D880434606AA304624F0CBFF0B4B0B4A0093C8
S21400D8900B4B0190002C08BF134601210420094AB7
S21400D8A000F0B6FD0BB0BDE8F083624628686968F4
S21400D8B0032303C22246DBE7989F03007D9F0300F5
S21400D8C0779F0300859F030007B501236A46002162
S21400D8D024F06FFF6846034908F04AFB03B05DF882
S21400D8E004FB00BFF1C30000D0E9023253F8223037
S21400D8F00149188808F00EBBF1C3000010B5D0E946
S21400D900023203EB8201496853F8223009784FF45B
S21400D9108A52188824F074FFBDE81040034601219F
S21400D9200420014A00F074BDA29F0300D0E9023231
S21400D93053F8223002214FF48A5210B5188824F08A
S21400D94051FFBDE81040034601210420014A00F0C3
S21400D9505FBD00BFBB9F03001FB5D0E9023203EBDB
S21400D960820153F82230496818884FF48A53098890
S21400D9700293094B094A0193094B1B7800931278CE
S21400D980084B24F0A5FF012103460420064A05B0F3
S21400D9905DF804EB00F03CBD304E002046540020FD
S21400D9A0455400203A4E0020D29F03002DE9F04354
S21400D9B0D0E9023253F8221003EB82035A680E882D
S21400D9C017789A68DB688BB092F80090B3F80080FE
S21400D9D03246042106AB0446FFF712FF28BB08AD0B
S21400D9E001232A460521204624F0E3FE38B9042008
S21400D9F001210F4A00F00CFD284623F0A9FF4FF442
S21400DA008A53CDE904930023CDE902530323212151
S21400DA10CDE9008306AA3B46304624F001FF0121EB
S21400DA200346044A042000F0F3FC0BB0BDE8F08384
S21400DA30EA9F030019A0030038B5D0E9024303F1BA
S21400DA408043023B0222104954F823009D000CF04C
S21400DA50DFF968B90D4B0E491A78042A0CD82C4405
S21400DA60A0681A78008821F8120001321A7038BDB2
S21400DA70084B09491A78F0E70121BDE83840042030
S21400DA80064A00F0C5BC00BFE9C9030046540020A2
S21400DA903A4E002045540020304E00202BA00300B4
S21400DAA008B5C368806803F18043023B022206493A
S21400DAB050F823000CF0ACF910B9044B187008BDF0
S21400DAC00022034B1A70FAE7E9C903004654002007
S21400DAD04554002037B5D0E9023153F821208C0098
S21400DAE015784268521A012AC5BF1B195B686C0973
S21400DAF01C78DCBF44F0180405F01F0529462046B4
S21400DB0024F0ADFD034640B12346012104200E4A11
S21400DB10009500F07DFC03B030BD0121A94074B92A
S21400DB202346FE224FF6FF7025F02BF80121034610
S21400DB300420064A03B0BDE8304000F069BCFE226F
S21400DB4041EAC461EEE700BF41A0030061A0030004
S21400DB5038B5D0E902456B1C990054F823301A7882
S21400DB60052A05D80C4463681B88591E07290BD95B
S21400DB70012104200E4A00F04BFCBDE8384001218C
S21400DB8004200C4A00F044BC416854F8040C491BBD
S21400DB900329CABFA16808490968008824F0F1FF74
S21400DBA0BDE8384002460549002007F0CBBC00BF60
S21400DBB07FA003009FA0030000F8FF07BCA003009F
S21400DBC008B5D0E9023253F8220003EB8203596805
S21400DBD0FF22038809684FF6FF7024F0D2FFBDE8E5
S21400DBE0084002460149002007F0ACBCCFA0030065
S21400DBF008B5D0E9023253F82230052140221888B1
S21400DC0024F0F0FDBDE8084002460249002007F077
S21400DC1099BC00BFF0A0030008B5D0E9023203EBC0
S21400DC208201486853F82210027840230988312080
S21400DC3024F02BFEBDE8084002460249002007F00B
S21400DC4081BC00BF11A1030008B5D0E9023203EB86
S21400DC508201486853F8221002784023098833204E
S21400DC6024F013FEBDE8084002460249002007F0F3
S21400DC7069BC00BF2BA103001FB5D0E9023253F8E0
S21400DC80221003EB82039B6808881A780023D21AB6
S21400DC9018BF0122CDE9023302A94023D20124F0A5
S21400DCA003FE01210090044B0420044A00F0B0FB60
S21400DCB005B05DF804FB00BF989F030049A1030070
S21400DCC007B5D0E9023253F82230032140221888E3
S21400DCD024F088FD01210090034B0420034A00F045
S21400DCE097FB03B05DF804FB989F030058A1030060
S21400DCF037B5C3688268053352F8233004211D788F
S21400DD006A460123044624F054FD38B90420012154
S21400DD10064A00F07DFB684623F01AFE2B466A464C
S21400DD2000212046FFF786FD03B030BD72A1030038
S21400DD3007B5D0E9023203EB8201486853F8221097
S21400DD40027840230988322024F09FFD01210090AC
S21400DD50034B0420034A00F05BFB03B05DF804FBB2
S21400DD60989F0300A3A1030070B50446806910F0D5
S21400DD70010600F0020505D175B1C0F3072024F0B6
S21400DD80EDFA09E01DB1B2210E482AF047FDA06960
S21400DD90C0F3810024F0D1FAE3691BB9BA2109481F
S21400DDA02AF03CFD204614F093F9E3692DB1607E1D
S21400DDB09847BDE8704024F0C5BA20469847002E24
S21400DDC0F7D170BDB8A1030008B514F075FC28B1F2
S21400DDD0BDE80840472102482AF020BD08BD00BF24
S21400DDE0B8A103002DE9F041FF2B04460F469046EC
S21400DDF01D469DF8186005D0FF2E03D0D52111488A
S21400DE002AF00CFD0023FF2D18BFAD000E4A1CBFE4
S21400DE1045F00105EDB222600C4AC4E9063818BF89
S21400DE20A561FF2EC4E901232361E76007D0A3693B
S21400DE3043F0020323F47F4343EA0623A361BDE8CD
S21400DE40F08100BFB8A103002C35002069DD00007A
S21400DE50002310B5054C03610460054CC261C0E99F
S21400DE6001430123C160836110BD00BF2C35002033
S21400DE7069DD0000826938B502F00203D207044665
S21400DE800D4610D533B3FC2114482AF0C7FCFF2DED
S21400DE9011D1A36913F00C0F1AD040F20B110F48E2
S21400DEA02AF0BCFC14E0FF2912D023B940F201117D
S21400DEB00A482AF0B3FC284623F0E5FEFF2805466C
S21400DEC004D14FF4827105482AF0A8FC04EB4514EF
S21400DED0204638BDFF29DCD0E8E700BFB8A1030024
S21400DEE00023054AC0E9063103610260C360034AA5
S21400DEF0034B4260836070472C35002069DD0000CC
S21400DF009D200200014826F000BD00BF2C350020F1
S21400DF10014826F006BD00BF2C35002013B50E487C
S21400DF2026F0CDFC22F05BFC25F096FC25F0B8FC34
S21400DF3025F0C2FCFCF756FF0446FCF76DFF2346AF
S21400DF40009001210420054A00F062FA02B0BDE804
S21400DF501040FCF74DBF00BF2C3500202AA203005E
S21400DF60022808B503D12AF052FC014B186008BD00
S21400DF705C35002008B50CF0DFFE0122044B1A7059
S21400DF802AF0D1FCBDE8084002490348FDF7F2B884
S21400DF9048540020B45C002060350020014B187007
S21400DFA0704700BF47540020024B187808B105F0B0
S21400DFB027BF70475961002008B5074B1B780BB187
S21400DFC0002008BDFFF7F0FF0028F9D106F070FA30
S21400DFD0023818BF0120F4E74754002070B5FFF759
S21400DFE0EBFF174D20B1FFF78DFF0428044613D82A
S21400DFF02B781BB92AF097FC01232B7022F0FDFB2F
S21400E0000446D8B12B781BB9F7210E482AF006FC37
S21400E010BDE87040FFF776BF22F0F1FB0028E7D09E
S21400E0202B785BB12AF0FBFA06460021012028F087
S21400E03063FD30462AF0EEFA00232B70204670BDB2
S21400E040485400204BA203001FB5FFF7C7FF044645
S21400E050FDF73AFAA04228BF204688B103A929F066
S21400E06039F9034638B9CDE90000064A039906484F
S21400E0702AF0E9FB18B18E2104482AF0CFFB0120D4
S21400E08004B010BDF90703003C3500204BA2030086
S21400E0900D4B10B51B780D4C0D4A0121002B18BFF7
S21400E0A02246022013460B4A00F0B2F90A4B084AF1
S21400E0B01B780121002B18BF2246BDE810401346EE
S21400E0C00220064A00F0A4B95961002027CA0300BE
S21400E0D008CA0300C0A2030047540020DFA20300C2
S21400E0E010B5D0E9023253F8223002201B78012105
S21400E0F0002B15BF01240024044A054A00F088F9C5
S21400E1002046BDE81040FFF749BF00BFFEA203004F
S21400E1101BA30300D0E9023253F82230034A1B78CF
S21400E120003B18BF01231370704700BF59610020E1
S21400E13038B50125084B1D702AF071FA04462946A9
S21400E140284628F0D9FC20462AF064FABDE8384074
S21400E15002490348FDF70EB849540020BC5C002075
S21400E1608835002070B514F02DFB10F0070F1D4DFC
S21400E17011D02B785BB901262E702AF050FA04468F
S21400E1803146304628F0B8FC20462AF043FABDE86F
S21400E190704014F0E7B824F0D8FC022803D1124BE4
S21400E1A01B78032BE5D914F00DFB18B90E4B1B7822
S21400E1B0032B14D814F0D6F804460028D9D02B78B0
S21400E1C05BB100262E702AF02AFA05463146012059
S21400E1D028F092FC28462AF01DFA204670BD4FF023
S21400E1E0FF34ECE7495400201D5800201FB5FFF708
S21400E1F0B9FF0446FDF768F9A04228BF204688B15B
S21400E20003A929F067F8034638B9CDE90000064AA5
S21400E210039906482AF017FB18B18C2104482AF007
S21400E220FDFA012004B010BDD50C030068350020AF
S21400E2303AA3030010B5094C0949002007F068F915
S21400E24023681B68587923F054FD23681B685879A7
S21400E25022F049FD05F000F8002010BDC43A002069
S21400E260A7A3030008B524F060FC024628B1BDE869
S21400E27008400020014907F04BB908BDCAA30300B7
S21400E28008B524F068FC024628B1BDE80840002026
S21400E290044907F03DB95422BDE80840FF21024872
S21400E2A00BF064BDE2A30300444E002038B50446DC
S21400E2B00D4624F054FC024628B1BDE83840002044
S21400E2C0034907F025B9034B23F8145038BD00BFA7
S21400E2D000A40300444E0020F7B50024094E0A4D62
S21400E2E00A4F56F8043B03B93B6835F8022B00206A
S21400E2F0009207492246013407F00AF92A2CF0D189
S21400E30003B0F0BDC85C0020984E0020C45C00201E
S21400E3101CA4030008B52A21034824F018FCBDE815
S21400E3200840FFF7D9BF00BF984E002007B5D0E9D8
S21400E330023253F822301A78292A0DD8084B53F89F
S21400E34022300BB9074B1B680749002031F8121022
S21400E3500091064907F0DCF803B05DF804FB00BF47
S21400E360C85C0020C45C0020984E00201CA403005B
S21400E37008B52A21034824F0ECFBBDE80840FFF767
S21400E380ABBF00BF984E002038B5D0E9023253F834
S21400E390221003EB82035B680C781D88002004497A
S21400E3A007F0B6F829462046BDE83840FFF77EBF9E
S21400E3B027A40300F7B50024094E0A4D0A4F56F865
S21400E3C0043B03B93B6835F8022B0020009207494E
S21400E3D02246013407F09CF82A2CF0D103B0F0BD99
S21400E3E0C85C0020444E0020C45C00201CA403002F
S21400E3F010B5024622F090FC20B9044C236811B1F7
S21400E4001343236010BD23EA0203FAE7745D00207D
S21400E4100CB413B502460C4622F07EFC60B9094BDC
S21400E4201B681A4208D005A9049801910AF0FAFA66
S21400E43014B1054825F09CF902B0BDE8104002B0C2
S21400E440704700BF745D002026A70300034610B582
S21400E450D3E9023253F8223008461C78211E18BF32
S21400E4600121FFF7C5FF014648B9084A084B0220BC
S21400E470002C08BF1346074AFFF7CAFF10BD00214D
S21400E4800220054AFFF7C4FFF8E700BF88930300A1
S21400E4908093030028A703003EA70300F8B50546AF
S21400E4A01F460C468E18B44200D1F8BD00212846FF
S21400E4B014F8013B069AFFF7ABFF002FF3D00021BC
S21400E4C02846024AFFF7A4FFEDE700BF159A0300AF
S21400E4D00021024A0248FFF7BBBC00BF65E500000A
S21400E4E090350020FF21014822F072B990350020B7
S21400E4F00022034BFF2103481A7022F062B900BFC6
S21400E5004A5400209035002013B5114C2378032B75
S21400E51013D8009300230F4A18460F4906F0F8FF59
S21400E520237842F21072002B08BF0022FF210B480E
S21400E53002B0BDE8104022F033B900220849104668
S21400E54006F0E6FF02B0BDE81040FFF7D1BF00BFFF
S21400E5504A5400204FA7030061A70300903500200F
S21400E5606BA70300F0B52A4D8FB02B7813B309A81C
S21400E57024F025FB022309A88DF8243024F00DFB97
S21400E5800646244B01AA03F110071446186859687A
S21400E590083303C4BB422246F7D11F4B05AA03F13A
S21400E5A01007144618685968083303C4BB4222464D
S21400E5B0F7D1E6B1012409A824F09DFA28B99DF800
S21400E5C02430C3F340031C43E4B22B781349002BDA
S21400E5D04FF000034FF0A00208BF1946204624F073
S21400E5E064FA90B92B7801332B700FB0F0BD01A9F7
S21400E5F009A824F0D4FA0028DCD105A909A824F03B
S21400E600CEFA04460028D6D0D4E7FFF77DFFECE725
S21400E6104A540020782D0400882D040000F8FF07D7
S21400E62010B50020334906F073FF08220020324957
S21400E63006F06EFF314B32491A78324B0020002A22
S21400E64018BF1946304C0A46304906F061FF0020D4
S21400E65023F073FE2368002B47D01B78022B44D987
S21400E66000222B4B10462B4906F052FF22F09BFB54
S21400E67029490246002006F04BFF00F0CBF8274958
S21400E6800246002006F044FF23681B78032B2CD993
S21400E69000F0D0F822490246002006F039FF00F0CC
S21400E6A001F920490246002006F032FF00F002F988
S21400E6B01D490246002006F02BFF00F0A5F81B4976
S21400E6C00246002006F024FF00F0FAF8184C19491C
S21400E6D054F82020002006F01BFF00F0F7F816493B
S21400E6E054F82020002006F013FFBDE8104023F069
S21400E6F029BE00BF8DA70300A9A703004B54002026
S21400E70008CA030027CA0300003A0020CCA703006B
S21400E710569503004A950300E8A703000CA80300DB
S21400E72030A8030054A8030078A803009FA803009D
S21400E730785D0020C6A80300E9A8030008B5D0E964
S21400E740023253F82230187840B10020074906F00C
S21400E750DFFEBDE80840802000F034B8044906F02B
S21400E760D7FEBDE80840802000F046B80CA903009C
S21400E77029A90300D0E9023253F82230034A1B7855
S21400E780003B18BF01231370704700BF4B54002096
S21400E79018220021094BC3E900121A7B0AB9084A5D
S21400E7A09A601A7C12B94FF47A72DA8140F6B8325F
S21400E7B05A8200229A829A75704700BFB0350020B0
S21400E7C0E09304000A4B10B51B687BB11B78032B43
S21400E7D002D8B0F5007F09D1064C236803432360B6
S21400E7E06368184202D02AF00DF8A08210BD00BF60
S21400E7F0003A0020B0350020024A136823EA0003DE
S21400E80013607047B0350020014B1868704700BF92
S21400E810B0350020024B9868FA23B0FBF3F070473F
S21400E820B03500200122024B98601A73704700BF73
S21400E830B0350020024BD889FA23B0FBF3F07047BE
S21400E840B03500200122024BD8811A74704700BFF1
S21400E850B0350020114B10B51B68114CDBB11B788E
S21400E860032B02D823689B0515D529F0CBFFA38A76
S21400E870C01A638A80B283423EBFD4E90032934313
S21400E880236024F0DCF820B9236813B9A37D012B9C
S21400E89001D1E08910BDA068FCE700BF003A002067
S21400E8A0B0350020024B588AFA23B0FBF3F07047CD
S21400E8B0B0350020014B5868704700BFB0350020C7
S21400E8C0014B987D704700BFB0350020014B987D06
S21400E8D0704700BFB035002038B504460D462AF014
S21400E8E045F8244B1B7813B1204622F057FA402CEB
S21400E8F027D006D884B13F2C18D0BDE8384023F086
S21400E90021BD4C3C0C2CF8D81B4B2341DB07F4D420
S21400E9100220FFF771FFF0E74FF40070FFF76CFF7F
S21400E9200220FFF74FFF154B1C71E6E74FF400700F
S21400E930FFF762FF0220FFF75FFF00220F4B1A71FE
S21400E940DBE723F080FC0028D7D10C4C022023798B
S21400E95001332371FFF750FF4FF40070FFF732FFCB
S21400E9602379AB42C9D322F01AFA0028C5D122F087
S21400E970EFF9C2E74B540020FEEEFFFFC83500203B
S21400E98010B505F031FA02280AD124F034F803460F
S21400E99030B1BDE8104000220249104606F0B8BD6E
S21400E9A010BD00BF75A903000021024A0248FFF708
S21400E9B04FBA00BF81E90000D035002038B50020EE
S21400E9C023F0BBFC124B1B6893B11B78022B0FD9AC
S21400E9D005F00AFA022816D10E4C2568FFF73AFF12
S21400E9E0A842206008D0FF2122680B4821F0D8FEFC
S21400E9F0BDE8384023F0A6BCFF21074821F0E8FE1A
S21400EA000028F5D1EFE7FF21034821F0DAFEEFE713
S21400EA10003A0020C8350020D035002002460249C2
S21400EA20002006F075BD00BF89A9030010B5244C70
S21400EA302448FF2121F0C5FE2078022814D00328A0
S21400EA4030D0012804D02120BDE81040FFF7E6BFF3
S21400EA501D4B19780029F7D002231C4A237013781F
S21400EA60052B08D100231370184B1B78052B0ED1ED
S21400EA7003232370E7E70133DBB2994203D1052372
S21400EA8013700020E0E7052B1370EDD1F9E7104A6C
S21400EA90104932F8230007F03DFA032323700028BC
S21400EAA0D2D110BD094B0C4A1878094B03EB8001F4
S21400EAB0897833F8200007F0FDF90123EEE700BF60
S21400EAC04C540020F0350020555400205B61002097
S21400EAD0EC4E0020B9EC000065EC00002DE9F04F8C
S21400EAE00D46144695B00490112200210FA89946B1
S21400EAF0DFF86C810BF03AF904EB45030393D9F881
S21400EB0000301C2B02D0039B9C4202D115B0BDE8FE
S21400EB10F08F0123DFF844A18DF81C3023884C4A7F
S21400EB20ADF81E309AF800304A4D08EB83039B7808
S21400EB3028788DF8203013688DF81D00CDF8213028
S21400EB405368CDF8253023F0FFFB049B8DF8290091
S21400EB5034F8021B2878002B49D123F0BBF8002894
S21400EB60CDD09AF800300FAA38F8230007A922F073
S21400EB7024F90028C3D022F0FFFE4FF0000B074612
S21400EB8006461C255FFA8BF2BA4233D3B7422BD91E
S21400EB909DF81C30032B1AD10FAB0193BDF8213022
S21400EBA000220421009301202B4B06F03BFB9AF831
S21400EBB0003008EB83039978264B187806F0AEFBF6
S21400EBC09AF80030002038F8231023F010FB5DB1CF
S21400EBD007A9304623F001FF204B05461B78304638
S21400EBE038F8231023F0FBFEC9F8005087E723F01F
S21400EBF068F8B4E710460BA9059223F0EAFE30B990
S21400EC009DF82C1031B9059AB74208BF16460BF18D
S21400EC10010BB7E7BDF82E00BDF81E209042F6D1D6
S21400EC209DF830009DF820209042F0D19DF81C20E1
S21400EC308A42ECD1032A14BF082202220DF12101D8
S21400EC400DF131000BF0E4F8002808BF0025DEE7E0
S21400EC504D5400205A610020E5AB03005B610020A4
S21400EC60EC4E002013B503460020114A019012789E
S21400EC70052A04D01A78032A01D19C682CB90120F1
S21400EC8002B0BDE81040FFF7C9BE6268217801AB4C
S21400EC90FFF724FF217A0120E26801ABFFF71EFF91
S21400ECA0FF21044802B0BDE8104021F082BD00BF3D
S21400ECB05B610020F0350020094B1B78052B02D045
S21400ECC00378032B02D00120FFF7A8BE8168054A0F
S21400ECD00B68054813604B68FF21536021F069BD3F
S21400ECE05B6100204D540020F035002038B500242C
S21400ECF0114B124D1870124BFF211C702C7006F031
S21400ED000DFB0122032110460E4B06F08BFA4FF640
S21400ED10FF712246084623F06DFA044648B940F6CD
S21400ED20B832FF21084821F03BFD01232B70204616
S21400ED3038BDFFF773FEFAE75A6100204C540020F6
S21400ED40555400208DDB0300F0350020144BF0B541
S21400ED501A68144913680978587988420BD1124901
S21400ED60D78808460022114D1E792B78D4B2A342CC
S21400ED7003D8052C0AD10020F0BD0C88BC4202D175
S21400ED808C78B442F7D001320431EFE7A342F2D1D7
S21400ED9020F82270013300EB820086702B70EAE7C1
S21400EDA0C43A00205A610020EC4E00205554002042
S21400EDB0FF2307B50021044A04480093FFF712F822
S21400EDC003B05DF804FB00BF2DEA0000F03500201C
S21400EDD01FB5B42303210446ADF80E3022F071FFB0
S21400EDE098B1212320460093002203210DF10E0343
S21400EDF023F01BF904460020054B064A06490094FA
S21400EE0006F086FB204604B010BD8624F3E700BF5C
S21400EE10B3A90300C0A90300D5A90300D0E90232B4
S21400EE2053F82230034A1B78012113700220024A4D
S21400EE30FFF7EEBA73610020E4A903000122014B3C
S21400EE401A707047736100200A4B90F805111B7802
S21400EE5090F8082119448A42BCBFB2FBF3F103FBC9
S21400EE6011234FF0FF32B8BFDBB202FA03F380F88B
S21400EE700A317047736100202DE9FF410446057F83
S21400EE80867EDFF870806E43237F98F80020134458
S21400EE909D4212DB607F60B9238B02936369019306
S21400EEA0237C00936288A31D217805F0C5FBFF2311
S21400EEB02370002004B0BDE8F081E37EAB42E9D9C0
S21400EEC0A77E228BF1199142A4BF921BD7B205EB05
S21400EED00323E3813A4633462946204621F08AFF3B
S21400EEE00028E7D1637F3744013301356377BEB22C
S21400EEF0EDB2C9E77361002037B5054623F09BFDE8
S21400EF000D4B04461B6869461B78032B82BF0B4BD0
S21400EF101B881B18284688BF9CB223F014FE38B9FD
S21400EF20684623F08AFD18B9044B1B8823449CB21C
S21400EF30204603B030BD00BF003A00200661002026
S21400EF40074B084A1B7812781340FF2B07D1064B55
S21400EF501B78022B03D04FF48070FFF74DBC704730
S21400EF60805D0020403700201036002010B5044693
S21400EF70FF2121F026FC054B9C4202BF0023A4F58E
S21400EF8088742370BDE81040FFF7DABF20370020F2
S21400EF902DE9F0479A46294B81461B788846164647
S21400EFA0BDF82050002B44D0FF2D03D93825284625
S21400EFB0BDE8F087224C2778FF2F3CD1214B0C224E
S21400EFC020706180A01D314663610AF079FDA28938
S21400EFD0414642F4004242F040022046A28121F01F
S21400EFE01BFF2A46514660690AF06AFD41464846BC
S21400EFF0A21D258323F075FAA0760028D6D00544F6
S21400F000013DB5FBF0F0FF28D0DC0023E07620467B
S21400F010A383FFF731FF054648B923794FF4807084
S21400F020B372FFF7CFFB227C099B1A80BFE72770DD
S21400F030F9E70225BBE740F60345B8E77361002011
S21400F0404037002057540020B0F9063010B5002B8A
S21400F05025DA144C2278237CFF2A02D0827A9A4240
S21400F06007D0114C2378FF2B17D0827A237C9A4244
S21400F07013D169B9637F013BDBB263775BB90B4A97
S21400F080237F1278204613442377FFF7F5FE0146C8
S21400F090204621F0D0FEFFF753FF012010BD0020D0
S21400F0A0FCE700BF40370020805D00207361002031
S21400F0B02DE9F04F9B46B1F9063091B0002B0E4675
S21400F0C09046DDF86890049080F22581B9F800300B
S21400F0D0FF2B04D94FF4B871A44829F09FFBA44D28
S21400F0E000242B7895F80411B5F80221002B40F087
S21400F0F0A180377A9F4B1B78BB4240F2AB8002233D
S21400F100A5F802812B70B37AFF2485F8043100231A
S21400F110A5F8084185F80531A5F80631B9F800309C
S21400F120934885F80C31FFF78FFE4046FFF7E4FE64
S21400F130214600EB4002904821F032FB4FF48070ED
S21400F140FFF740FB8A4C94F80AA1BAF1FF0F20D1D2
S21400F150884A94F8053112781344BB4219DC94F8B7
S21400F1600C1184F80531B4F80631204601FB023351
S21400F170A4F80631FFF768FE0122804B40461A705D
S21400F180FFF7BAFE514600EB400204F5887021F006
S21400F19007FB94F80511B9425CD8764B93F800C08B
S21400F1A00CEB01039F4255DA744A94F80831107844
S21400F1B0013B002850D09F4205DAB9F8003084F8A9
S21400F1C00C3100231370B7FBFCFA01230CFB1A7AF0
S21400F1D094F80A015FFA8AFA03FA0AF3DAB20340ED
S21400F1E077B93089000A844584F8080108D9204692
S21400F1F0CDE906320591FFF727FEDDE906320599CF
S21400F20094F80A01024384F80A216BB994F809318C
S21400F210013384F80931B9F80020B4F8063198189B
S21400F220FF2826DD0323237094F80831013B9F4214
S21400F23032D13AE0B07A884202D1904500D12C46CD
S21400F240377A002C7FF47FAF002B3FF453AF012BAF
S21400F2503FF450AF01205FE09F42B4DA94F80C21EF
S21400F26099F800309A42AED004F58870FFF77EFE1B
S21400F270F0E794F80CC1791A0CFB0133A01C10FAC5
S21400F28083F0DBF8001005920AF01AFC94F80831B7
S21400F290059A013B9F4242D0012394F80A2103FAC3
S21400F2A00AF3013B1343FF2B04D122463146404666
S21400F2B021F0B3FD94F8083194F809219A42C9D197
S21400F2C02C4B1B78B2FBF3F103FB112212F0FF026A
S21400F2D018BF13462278022A24D129786A78012991
S21400F2E004BF01326A7001222280F288B4F8061147
S21400F2F022F04002F28094F80B2102340A44591E90
S21400F30094F80A3113FB01F31344A9F80030CBF844
S21400F3100040FFF715FE002011B0BDE8F08F84F81E
S21400F3200B21C2E77179002994D0032A92D1B4F850
S21400F330062194F80B1108AD11445A1E94F80C31AE
S21400F340304613FB02F30B4400219BB2A21CA9F823
S21400F3500030CBF80020CDE900810295049907F033
S21400F360C1FA8921284623F0B9F87DE70BAA0300E5
S21400F37010360020736100202037002056540020ED
S21400F38013B5044618B101280BD002B010BDFF23F8
S21400F39001460093064A0748FEF724FD064B1C70FC
S21400F3A0F3E7FFF74BFDFF22044B1A70EDE700BFB3
S21400F3B06DEF000020370020103600204037002078
S21400F3C013B501A909F0ECFB044648B9BDF80630B0
S21400F3D09DF80420034906F09BF8204602B010BDB5
S21400F3E08120FBE781AA030013B5694609F0E4FB18
S21400F3F0044688B9BDF802309DF80020074906F09B
S21400F400A1F82046019905F0F9FF2046044906F0C8
S21400F4107FF8204602B010BD8120FBE7A5AA0300B6
S21400F420CBAA030013B5694609F0EAFB044610BBF5
S21400F4309DF801309DF80020104906F083F89DF8ED
S21400F4400120E3B29A4206D800200D4906F060F883
S21400F450002002B010BD0198630003F4FF7302227F
S21400F4600021184422F053FF06490246002006F009
S21400F47069F80134E3E78120EBE700BFCDAA03007B
S21400F4808DDB0300FCAA030013B501A909F08EFB6F
S21400F490044648B9BDF806309DF80420034906F036
S21400F4A037F8204602B010BD8120FBE706AB03000C
S21400F4B01FB500246946E0B223F08BFA50B99DF8D8
S21400F4C00030032B06D1BDF805309DF80120044915
S21400F4D006F01EF80134202CECD104B010BD00BF9D
S21400F4E02DAB030008B50020034906F011F8BDE86F
S21400F4F00840FF2000F0DABA3FAB03002DE9FF47D3
S21400F50006460D46174621F0D6FC044640B1304666
S21400F5103A46294621F0B9FC002004B0BDE8F08741
S21400F5204FF003095FFA84FA6946504623F051FA11
S21400F530C0B99DF80080B8F1000F13D12B0A6946B8
S21400F54050468DF800908DF805508DF806308DF8F1
S21400F550016023F042FA02460028D8D04046064909
S21400F56005F0D6FF0134202CDCD10020034905F03D
S21400F570CFFF8920D1E700BF54AB03007BAB03006D
S21400F5801FB5002304468DF80F3021F07FFC28B10C
S21400F5909DF80F3063F07F038DF80F30182301932A
S21400F5A00DF10F030022009304214023204622F091
S21400F5B02BFD024618B10020024905F0A9FF04B051
S21400F5C010BD00BF96AB03001FB502A909F006FBED
S21400F5D0044688BBBDF80820184905F0B3FF20464E
S21400F5E0039905F00BFF2046154905F091FF4FF6ED
S21400F5F0F672BDF80810134C4B1E9BB2934219D8F6
S21400F6002368039A1B685879FFF778FF23681B79ED
S21400F610012B0BD8BDF808300022CDE900030421E9
S21400F620094B092005F0FEFD22F052FF6FF0FF00A7
S21400F63004B010BD8720E9E78120F9E7B5AB0300E9
S21400F640CBAA0300C43A0020CCAB030070B5044636
S21400F6508AB005AD1122002128460AF087FB204615
S21400F66004A909F0AFFA044600283AD11E4EBDF8A8
S21400F67010201E4905F04CFF32681379012B28D85C
S21400F6804FF6F670BDF810104B1E9BB2834224D87E
S21400F6901368587921F00FFC08B333682A461B68B4
S21400F6A0BDF81010587921F0EFFBBDF8103001229C
S21400F6B00421CDE9004309200D4B029505F0B2FD6B
S21400F6C022F006FF034620B100200A4A0A4905F048
S21400F6D01FFF6FF0FF000AB070BD8724E5E78B249C
S21400F6E0E3E78120F7E700BFC43A0020CFAB030072
S21400F6F0E4AB0300E8AB0300F3AB03002DE9F047EF
S21400F7009AB004A909F076FA0446002840F0B480BE
S21400F7109DF810205A4905F015FF25469DF8102043
S21400F720EBB29A4254D80020564905F0F1FE9DF8F7
S21400F7301050002D40F099802C462E46524F06A9B8
S21400F740F0B223F046F9C8B99DF81830032B15D14E
S21400F7503B689DF819201B685B799A420ED19DF88C
S21400F7601D2005F168036B4403F8402C9DF81E200D
S21400F7700235013403F83F2CEDB2E4B20136202EF8
S21400F780DDD19DF810300BB1002C77D00AABCDE957
S21400F7900143FF2302220421009309203B4B0395DB
S21400F7A005F040FD22F094FE034660B19DF810205F
S21400F7B0002A5FD0364A3749002C08BF0A46002088
S21400F7C0354905F0A5FE6FF0FF001AB0BDE8F087DA
S21400F7D005986B0003F4FF7302220021184422F000
S21400F7E096FD2E490246002005F0ACFE013595E751
S21400F7F00598730003F4FF7302220021184422F0D8
S21400F80086FD002780465FFA80FA06A9F8B223F044
S21400F810E0F800BB9DF81830032B1CD1D9F8003057
S21400F8209DF819201B685B799A4214D19DF81D300B
S21400F830534510D19DF81E30C8F307229A420AD1CC
S21400F84005F168036B440235013403F840AC03F855
S21400F8503F2CEDB2E4B20137202FD6D101369DF809
S21400F8601020F3B29A42C3D88BE70025DFF8189031
S21400F8702E46F4E7064AA2E78120A6E78B20A4E7F7
S21400F8804DAC03008DDB0300C43A00206CAC0300D3
S21400F8901EAC03003CAC030070AC0300FCAA0300E3
S21400F8A02DE9F04389B002A909F092F90446002830
S21400F8B067D1BDF80820344905F02AFE4FF6F672E7
S21400F8C0BDF80850DFF8D4906B1E9BB2934254D814
S21400F8D0D9F8003029461B685F79384621F0EBFAE4
S21400F8E000284CD026465FFA86F8404603A923F047
S21400F8F070F828B92946384603AA21F0C9FA20B973
S21400F9000136202EEFD14FF0FF08404623F05FF877
S21400F910014658BB112203A80AF028FA29463846A1
S21400F92003AA21F0B2FAD9F800301A79012A18D8B9
S21400F9301B68BDF80810587922F0AAFCBDF80830FC
S21400F94003220421CDE900430920104B05F06AFC90
S21400F95022F0BEFD034620B100200D4A0D4905F0F9
S21400F960D7FD6FF0FF0009B0BDE8F08302460A49F4
S21400F970002005F0CDFD0124D5E78724D3E78B24AE
S21400F980D1E78120EFE700BF92AC0300CCAB0300C9
S21400F990D0AC0300F3AB0300A9AC0300C43A0020CC
S21400F9A02DE9F043DFF894800020D8F80030214994
S21400F9B01B688BB05E79002505F0AAFD01275FFA6B
S21400F9C085F9484601A923F004F8044690B99DF845
S21400F9D00430032B0ED19DF80530B3420AD14846B9
S21400F9E022F0F5FF0146A0B102461349204605F075
S21400F9F08FFD27460135202DE1D1D8F800300021B3
S21400FA001B68587922F044FC87F001000BB0BDE873
S21400FA10F083112205A80AF0A9F9BDF8094030467E
S21400FA20214605AA21F031FA2146304622F030FC64
S21400FA30E0E700BFDDAC0300A9AC0300C43A002039
S21400FA4037B5694609F0D0F8044638BBBDF8002043
S21400FA50134905F077FD134D2046019905F0CEFCBD
S21400FA602046114905F054FD2B681B68587922F092
S21400FA701EFD70B14FF6F672BDF800104B1E9BB21D
S21400FA80934209D82B68019A1B685879FFF736FD10
S21400FA900446204603B030BD8724FAE78120F9E704
S21400FAA0F1AC0300C43A0020CBAA03007FB505469C
S21400FAB00024E6B26946304622F08BFFA8B99DF8CE
S21400FAC00030032B11D19DF80130AB4204D0FF2D3E
S21400FAD00BD19DF80D3043B9304622F078FF024630
S21400FAE018B10020034905F013FD0134202CE0D1A5
S21400FAF004B070BDA9AC0300034B1B68187801283E
S21400FB0008BF0220704700BF003A0020D0E902324A
S21400FB1053F822301A78024B1A7000F0E5BA00BF8C
S21400FB205655002070B5D0E902435A1C960054F88A
S21400FB3022201578A5F10B020F2A06D92A461A4963
S21400FB400020BDE8704005F0E3BC013BDBB254F892
S21400FB5023000322154934440AF05AF954F8043CA9
S21400FB601A78012A0FD11249AA400B6840B91343EC
S21400FB70104A0B600020BDE870400F4905F0C8BC75
S21400FB8023EA0203F4E7022A0BD101220B49AA401A
S21400FB900B6818B913430A4A0B60EBE723EA020323
S21400FBA0F9E70849CCE700BF15AD03002BAD03000D
S21400FBB0A45D00202FAD030037AD0300A05D00203C
S21400FBC04AAD030054AD030007B5D0E9023103EB9C
S21400FBD0810253F8213052681B781268012B0CBF43
S21400FBE0084909494FF000000A6008BF074B009219
S21400FBF018BF074B074A084905F08AFC03B05DF8B2
S21400FC0004FB00BFA45D0020A05D002067AD0300DC
S21400FC106FAD0300A82D040079AD030010B5244B8A
S21400FC20244A254C0020254905F072FC0020244972
S21400FC3005F06EFC22682349002005F083FC20684E
S21400FC40214C05F043FC0020204905F061FC2268A9
S21400FC501F49002005F076FC206805F037FC0020E0
S21400FC601A4905F055FC1B4B1B491A781B4B002004
S21400FC7053F8223005F04CFC00F00CF91849024607
S21400FC80002005F045FC174B00201A78164905F0B1
S21400FC903FFC164B16491A78002005F039FC04F094
S21400FCA0A3F8BDE8104002461249002005F030BC1B
S21400FCB093AD0300A82D0400A45D00209AAD0300B8
S21400FCC0A2AD0300B0AD0300A05D00209794030032
S21400FCD0C1AD030084550020D2AD0300A85D00200E
S21400FCE0E5AD030069550020F9AD03006855002016
S21400FCF00BAE03001DAE030007B500F071F8054B10
S21400FD000090054A0020054905F002FC03B05DF8A6
S21400FD1004FB00BF33AE0300A82D0400D5A90300E2
S21400FD20F8B504460B4F0C4E0C4D00200C4A0D49FE
S21400FD3005F0EEFB20463B7829783278F5F736FF5B
S21400FD4000233B7033702B70FF21BDE8F840064857
S21400FD5020F037BD845500206855002069550020E6
S21400FD60A82D040038AE03006037002037B51248CF
S21400FD70FF2120F026FD114B187810F0100505D055
S21400FD80002003B0BDE8304003F0FABD0121B420E6
S21400FD9004F0A2F904460A4B0A4A0B49009028468A
S21400FDA005F0B6FB2046FFF7BBFF4FF4806003B0BC
S21400FDB0BDE83040FEF720BD6037002084550020A7
S21400FDC04FAE0300A82D0400D5A903000021024A67
S21400FDD00248FEF73DB800BF6DFD0000603700200A
S21400FDE008B5054B1B7823B11720FFF799FF0020B5
S21400FDF008BD0220FCE700BF8455002010B550B1B6
S21400FE00054B00F1100250F8044B904243F8044BA7
S21400FE10F9D1024B197010BD6A5500207A550020A2
S21400FE2037B5174D04462B78DB0626D50090154BC4
S21400FE300020154A154905F06BFB1E2C0BD0652CCF
S21400FE4009D0032C19D0002022F03BFE40F61C40BF
S21400FE50FFF766FF0DE022F05CFE4FF4FA63B0FB9E
S21400FE60F3F202FB1300C218FF21094892B220F0F9
S21400FE7097FC2B7823F010032B7003B030BD00BF27
S21400FE808455002068AE0300A82D0400D5A9030001
S21400FE9060370020014B1879704700BF004F0020E4
S21400FEA070B54C4E8EB0337803F0FB02A3F1090513
S21400FEB0022AEDB258D0042B41F6041257D0A3F113
S21400FEC008014B424B415B0013434348ADF80C30EE
S21400FED021F021F848B9414B3F4A03F1100153F88D
S21400FEE0040B8B4242F8040BF9D13D4B1B78002BD8
S21400FEF03FD03C4B0DF10E0203F1100153F8040BFA
S21400FF008B4242F8040BF9D103A822F0FAFD23280D
S21400FF10044610D1012D49D80020334A334905F054
S21400FF20F7FABDF80C3003A823F40053ADF80C30F4
S21400FF3022F0E7FD0446002C41D14FF40C7022F06D
S21400FF40DEFD044600283AD103F0D8FD012D36D850
S21400FF50274A01AB1068516803C3264901A822F05E
S21400FF602CFE78B319242AE043F60412A7E70223EE
S21400FF70AAE73378042B0DD0082B0BD01E4B0DF1BF
S21400FF800E0203F1100153F8040B8B4242F8040BE7
S21400FF90F9D1B9E7104A0DF10E0302F1100152F83B
S21400FFA0040B8A4243F8040BF9D1ADE7337803F02B
S21400FFB0FB03022B03D10020104905F0A9FA2046C6
S21400FFC00EB070BD044901A822F0F7FD04460028D3
S21400FFD0C8D1F4E7845500205855002035AF0300FB
S21400FFE07A5500206A550020A82D04008CAE030028
S21400FFF046AF0300982D04004FAF0300E7AE0300A2
S21401000070B5002686B00446252022F060FD162233
S2140100100021164809F0AAFE154B1E60154B1878EC
S214010020FFF76AFD022814BF0123042303208DF87D
S214010030083022F09AFD04238DF810300E4B02A8EA
S2140100400593039403F00EFC05460C4B0C491A6805
S2140100500C4B3046A24218BF0B4600940A4A0B4985
S21401006005F056FA284606B070BD00BF004F0020C6
S21401007080370020845500203D030100A45D002048
S2140100806FAD030067AD0300A82D040060AF030049
S21401009008B5124A1378042B09BF114B01331B789C
S2140100A0C3F10603DBB2137003F0FD02092A04D183
S2140100B01720FFF735FE172008BD094A1278C2F14E
S2140100C00602D2B29A4207D1064B18680028EFD032
S2140100D0FFF796FF4D20EFE70020EDE7845500205F
S2140100E07A550020A05D002073B51E4C1E4E236875
S2140100F03268134334D01D4B1B6853B31C4D2B7809
S2140101003BBB03F071FEF8B94FF48060FEF75AFB73
S214010110184B24681B7894B1C3F102032B7003F0CB
S21401012027FC2046FFF76CFF04460020124B134ABB
S2140101301349009405F0ECF9204602B070BDC3F1F6
S214010140060334682B70EAE70121B42003F0C4FFEC
S214010150EAE70020094A0B4905F0DAF90224E4E748
S2140101600224E9E7A45D0020A05D0020003A0020FB
S214010170845500207A550020A8AF0300A82D04005E
S214010180D5A903008EAF03002DE9F341364D374E56
S21401019000202A792B88364905F0BAF93268287981
S2140101A022FA00F010F0010002D1324905F0B0F950
S2140101B0314F3C783CB108223049314809F028FEDD
S2140101C0041E18BF0124DFF8D48014E098F800005C
S2140101D025490130C0B288F8000022F06AFC0028E8
S2140101E035D13C783CB108222449254809F010FE57
S2140101F0041E18BF01242A793368D340DB07E5D5EE
S214010200002CE3D100922B881E4A1F49204605F098
S2140102107FF91E4B1878FFF76FFC01230322124962
S21401022022F04DFC1A4A054613780133137010B9B3
S21401023002B0BDE8F08120462B46124A154905F06A
S21401024067F9284602B0BDE8F041FFF769BD002016
S214010250114905F05DF9FFF71BFF0028E8D102B050
S214010260BDE8F04100F01CB8004F002080370020A8
S214010270AEAF0300DFAF0300835500207B5500209F
S2140102800E4F0020A82D0400AEB0030084550020B8
S214010290685500204FB0030078B003005755002082
S2140102A0002038B51B4C1C4D23781C4A55F82330CA
S2140102B01B4905F02DF9FFF7F3FD034628B923780E
S2140102C0042B10D88BB9174B10E00020134A16499F
S2140102D005F01EF9FFF7DCFED8B923780F4A55F86A
S2140102E023300F49E5E7092BEDD1104B00201B68A1
S2140102F00F4A10491360104B187022F0DAFB20B138
S214010300BDE838400120FFF70BBDBDE83840FFF7D8
S2140103103BBF38BD84550020A85D0020A82D0400F1
S214010320CEB00300A05D0020DBB00300A45D00207A
S21401033080370020004F00205755002070B51C4C18
S21401034023789BB3838913F4407F2FD0056835B19A
S2140103502A46BDE870400020164905F0D9B822F0BB
S214010360A6FB154E03463070144A2846144905F07C
S214010370CFF833781BB1BDE87040FFF791BF237803
S214010380082B0CD8042B0CD80E4B1B78C3F1060394
S21401039023700D4BBDE870401868FFF731BE0A2B7D
S2140103A0F2D1BDE870401820FFF7BABC70BD00BF9F
S2140103B08455002006B1030069550020A82D0400CD
S2140103C033B103007A550020A05D002030B5464DBC
S2140103D003460446454A0020454987B005F098F88B
S2140103E02B782BBB01A822F0EAFB022301A88DF88B
S2140103F0043022F0D2FBB0B93E4901A822F0CFFB6F
S21401040088B1152C0FD122F084FB47F23153B0FB93
S214010410F3F202FB130000F51C50103080B203F01B
S214010420AFFA07B030BD162CFBD103F0E3FAF8E7BC
S214010430152C2AD100202D4A2F4905F069F82B7872
S214010440042B11D0082B0FD02C4B1B78DA070BD4BA
S21401045001A822F050FB18B9BDF804309B0703D45D
S2140104602B7843F010032B7022F053FB4FF4FA6302
S214010470B0FBF3F2FF2102FB1300C218204892B230
S21401048007B0BDE8304020F08BB922F074FB04467B
S2140104900028C6D12B78013B092B1ED8134A1949CF
S2140104A005F036F8184A194913780133D8B2107096
S2140104B022F0FFFA60B12046154905F029F8FFF74A
S2140104C0E7FD0028ADD107B0BDE83040FFF7E8BE34
S2140104D007B0BDE83040FFF757BE40F61C4007B0F6
S2140104E0BDE83040FFF71CBC84550020A82D040051
S2140104F057B10300982D04006EB103005655002035
S2140105006037002081B1030057550020004F0020BE
S21401051078B003002DE9F0410B4686B004460E463E
S21401052017463A490246002004F0F2FF4FF0000851
S2140105300123CDE901380DF116030093424640230D
S2140105400621204621F095FD054640B10246304978
S214010550404604F0DDFF284606B0BDE8F0819DF870
S21401056016202AB936B900202A4904F0D1FFF2E74D
S214010570012EF8D082F00103002027498DF81730AC
S21401058004F0C6FF9DF817300DF1170633B310239C
S2140105900022CDE9006306214023204621F034FDE8
S2140105A0064630B1324600201C4904F0B1FF3546FC
S2140105B0D1E74FB90821204621F083FB20B1204620
S2140105C09DF8171021F065FE0521204621F079FBE4
S2140105D00028C0D0204621F059FEBCE74FB90821BB
S2140105E0204621F06EFB20B120469DF8171021F021
S2140105F050FE10230022CDE9006306214023204649
S21401060021F002FD06460028DED0CBE7B0B303009A
S214010610CCB30300E5B3030005B4030025B403001F
S214010620002208B5034B11461B681B685879FFF773
S21401063071FF08BDC43A002008B5044B00221B68B0
S21401064001211B685879FFF765FF08BDC43A0020F1
S21401065008B5044B00221B6802211B685879FFF776
S21401066059FF08BDC43A002010B50123002488B004
S21401067001A88DF80430CDE90244F5F775FF204650
S2140106809DF80420124904F043FF2046039A1149BD
S21401069004F03EFF2046029A0F4904F039FF10226B
S2140106A00E4B0DEB0201188840F0604040F48010BC
S2140106B0FBF7AEF920460A4904F044FF04A821F0EE
S2140106C068FE2046074904F023FF08B010BD00BFAE
S2140106D03EB403005DB403007CB40300582D04004F
S2140106E09BB403008DDB030008B520F045FC002019
S2140106F0024904F00DFF012008BD00BFB8B4030095
S2140107000023054A8360C360044BC0E9002311B18E
S2140107104FF6FF730B80704749102EAA91300111D6
S21401072010B5044660B10020064904F0F1FE052C20
S21401073006D002F0CFF804490246002004F0E8FE95
S214010740012010BDCCB40300DDB4030037B5002191
S2140107506A4601AB054620F0D1FC044668B100228A
S2140107600F49104604F0D4FE02F0B4F80D490246D3
S214010770002004F0CDFE03B030BD0B4904F0C8FEE6
S21401078001201FF011FC20F0CFFD431C02D007F022
S2140107905FFDF0E721462846FFF7A6FFEBE700BF1F
S2140107A006B50300DDB403004EB5030038B50546B3
S2140107B020F0BAFD044621F033FD4DB100200E496C
S2140107C004F0A6FE631C14BF2046002007F002FDBD
S2140107D020F0E0FB0228044605D0012805D10020C0
S2140107E0064904F095FE204638BD0020044904F071
S2140107F08FFE0024F7E700BF6BB5030085B5030045
S2140108009EB5030008B50020034A044904F080FEA3
S214010810BDE8084000F03EBD2FC50300B7B5030094
S21401082008B50020034A044904F072FEBDE80840FA
S21401083001F0B0B9D6B50300B7B503001FB5D0E9CE
S214010840023253F8223068461C78214601F0A6FB96
S214010850684601F049FC28B92246044904F058FECE
S21401086004B010BD6846FFF771FFF9E7DCB5030079
S2140108700020014904F04CBEF8B503007FB50DF128
S214010880060102A8FFF73CFF0020264904F040FEBF
S2140108900020BDF80820244904F03AFE0020BDF8E7
S2140108A00A20224904F034FE039A0020204904F06D
S2140108B02FFE00201F4904F045FE4FF6FF73BDF8DA
S2140108C006209A4229D000201B4904F021FE002070
S2140108D01A4A1B4904F01CFE00201A4A1A4904F061
S2140108E017FE00221949104604F012FE0020154A90
S2140108F0174904F00DFE0A220020164904F008FEEE
S2140109000A220020144904F003FE0A22002013499B
S21401091004F0FEFD07B05DF804FB0020104904F06A
S214010920F7FDD4E707B603001FB6030038B6030089
S21401093051B603006AB6030075B40300E0930400E1
S21401094080B60300C02709009FB60300BEB60300A9
S214010950DDB60300FCB603001BB7030039B703007E
S2140109607DB6030008B50020034904F0D1FDBDE8BB
S2140109700840012001F0E2B957B7030008B500208E
S214010980034904F0C5FDBDE80840002001F0D6B9D2
S21401099070B7030030B5104B104D1B5C85B08DF859
S2140109A00F302B780446834206D00D4B0D4953F881
S2140109B02020002004F0ACFD30232C700A4801935F
S2140109C00DF10F030093062280231921007821F0F0
S2140109D01BFB05B030BD00BFBF2D04008C550020A9
S2140109E0CC2D040088B703005D6100201FB52323CA
S2140109F003900193064803AB00930122802319213B
S214010A00007821F001FB039805B05DF804FB00BFF8
S214010A105D61002073B5164D04462B78154ECBB19B
S214010A2020F0D9FA012815D0346040F6B244124BB2
S214010A301B78072B17D02D78C5B920F0CCFA031EEA
S214010A4018BF01230D48009522461921007820F091
S214010A5093FE03E000233360002CE8D1201E18BF6C
S214010A60012002B070BD02250123EBE70025FBE75C
S214010A7089550020843700208C5500205D610020B8
S214010A8008B50448FFF7C6FFBDE808400220FFF797
S214010A9081BF00BFC027090010B5064C208821F091
S214010AA0F9FB608821F0F6FB6068BDE8104021F094
S214010AB000BC00BF883700207FB523238DF8133094
S214010AC00DF11303029304230648019305AB00932B
S214010AD0012280231921007821F0CBFA059807B06E
S214010AE05DF804FB5D6100202DE9F843DFF82C91E9
S214010AF0044699F8000090460F4621F0C4F80B28EA
S214010B0099F8002005D9BDE8F8430020384904F0DB
S214010B10FFBC0026374B384D1E80384B03EB0013C5
S214010B205B8801202B802A7104F01EFC05F0D0FCA6
S214010B3004F01AFC204604F017FC0122304B042C6A
S214010B401A7047D8022C2CD84FF6FF762D4F3888CE
S214010B50801B18BF012004F007FCFFF79DFF3888B3
S214010B60B04201D021F096FB19236B8099F8003032
S214010B7000202B71244B1B786B71EB8843F04003EC
S214010B80EB80224B198821F032FB034620B1224626
S214010B9000201F4904F0BCFC4046BDE8F843FFF7BF
S214010BA039BF304604F0E0FBFFF776FFFFF784FF1E
S214010BB021F07FFB174B1B78002B0CBF3F2020201A
S214010BC004F0D2FB042CCFD14FF4806021F062FBFD
S214010BD03220C7E73046104904F09AFC384604F044
S214010BE0C3FBFFF759FF002FBED0054B1E70BBE7B6
S214010BF09BB70300244F0020284F002034390020E3
S214010C0089550020184F00205C61002002610020F9
S214010C10E7B7030088550020CAB703005D610020CE
S214010C2038B5044605200D46FFF7B4FE184B1A8862
S214010C304FF6FD739A4207D10020164904F068FC6E
S214010C40BDE83840FFF71CBF65B1134A137801337E
S214010C50DBB2092B137014D90A2200200F4904F0C5
S214010C6057FCEDE7012C0ED10B4B1D700C490D48BE
S214010C70FFF746FDBDE83840002101200A4AFFF78C
S214010C8033BF012CF2D0BDE838400748FFF7C2BE9B
S214010C900261002021B803008B5500204CB80300E8
S214010CA0184F002088370020E093040008B5064955
S214010CB0002004F02DFC0548FFF748FDBDE808407C
S214010CC000210846FFF7ACBF90B803008837002024
S214010CD0814237B50346154608D2002000910F4AD7
S214010CE00F4904F015FC002003B030BD0C1A224653
S214010CF000200C4904F00CFC40F6BB5322460020B1
S214010D00094904F005FC4FF47A735C43074B012054
S214010D109C4294BF2C602B60E6E700BF76A50300DB
S214010D20A1B80300DEB80300F9B8030080EE360070
S214010D3010B504460820FFF72DFE0D4B3CB91C707C
S214010D400021BDE8104006200A4AFFF7CDBE1B78F9
S214010D50092BF5D90A220020074904F0D9FB002007
S214010D60064904F0D5FBBDE81040FFF79FBF00BF62
S214010D708B550020C027090025B9030066B903007A
S214010D8073B51F4D2C7834B100201E4902B0BDE862
S214010D90704004F0BDBB0220FFF7FCFDFF221A4E97
S214010DA01A4B30781A7020F06EFF0B2807D92046B0
S214010DB03278174902B0BDE8704004F0A9BB154B64
S214010DC0192203EB00135988134B4FF6FD7000935D
S214010DD0012305F021F870B12046104904F098FB74
S214010DE000220F4B0F481C700F4B1A7002B0BDE863
S214010DF07040FFF70FBE01240C492C70EEE700BFD0
S214010E008A55002077B903005D6100205C610020EF
S214010E109BB703003439002011110100B8B9030053
S214010E2089550020C02709008B550020DEB9030034
S214010E3038B5144D04462B78052B21D91249FFF7F6
S214010E406FFC24B918B9114904F062FB0424104B55
S214010E50195D21B9BDE838400846FFF769BF032C84
S214010E6006D02B78052B03D006200A4AFFF73CFE56
S214010E700021094B08461970BDE83840FFF7D0BE7F
S214010E8038BD00BF8C5500208837002000BA03000B
S214010E90B52D0400C02709008955002030B5044649
S214010EA089B00720FFF776FD052C0AD100222A4BD0
S214010EB003A91A7002A804AA01F014FD30B1022099
S214010EC045E09CB90122244B1A700224224D287851
S214010ED078B1421E504221495041FFF767FC022378
S214010EE004462B70022C0ED10A200FE0022CE6D10C
S214010EF0EBE7631F5A424FF0050018495A4120F0AC
S214010F0071F80446EEE7032C04D10020FFF782FDBA
S214010F1009B030BD062C06D10020114904F0F8FABC
S214010F2001232B70E0E70F4A0F4B2978002C18BFDE
S214010F3013460E480E4A0094002918BF02460020A8
S214010F400C4904F0E5FA201E18BF0120400009B044
S214010F50BDE83040FFF76CBF87550020883700207A
S214010F603BBA030034BA03002DBA030026BA0300C5
S214010F701CBA030076BA030013B51F4C0620FFF710
S214010F8009FD2278092A09D900201C4904F0C0FA73
S214010F90042002B0BDE81040FFF74ABF184B1B788B
S214010FA02BB300201FF024F820F015F868B9FFF7DE
S214010FB083FD144B196820F005F802460420002131
S214010FC002B0BDE81040FFF78FBD01A820F001F880
S214010FD0FF2809D14FF4FA6023780133237002B059
S214010FE0BDE81040FFF716BD0198FFF7FFFC4FF470
S214010FF0FA620320E3E700BF8B55002091BA030095
S2140110008855002098370020F023F0B589B0CDE947
S214011010000334488023002219210078324E334FD2
S21401102020F0F2FF0020324904F072FA32463946C7
S21401103003A801F057FC032804462E4D1CD10626B2
S214011040039A2D49002004F063FA0398FFF7CEFCBB
S2140110500020396800F0A0FE2E7001F07FF9002212
S2140110600446264B30461A70FFF794FC84BB09B041
S214011070BDE8F040FFF780BF28BB7268204904F046
S21401108047FA214604A8FFF73BFB059B726893428B
S2140110900BD020461B4904F03BFA072305202B7092
S2140110A009B0BDE8F040FFF7F9BE1A4620461649DA
S2140110B004F02EFA0523002101202B7009B0BDE8AB
S2140110C0F040FFF7ADBD0020104904F021FAF1E72A
S2140110D0042C05D0042009B0BDE8F040FFF7A8BEF7
S2140110E009B0F0BD5D6100208837002098370020E8
S2140110F0C9BA03008C550020FABA03008B550020AC
S21401110035BB03006EBB0300C2BB0300FEBB03007E
S214011110F7B50446876800202378364D012B2870E2
S21401112004D0354B3549187004F0F2F926785EBBC9
S214011130334B1B78FF2B04D103B0BDE8F040FFF71B
S2140111409FBC304B1B78032B11D82F4C0320FFF785
S21401115021FC6946208821F0F6FC002843D02B4963
S214011160208804F0D7FE20B12E70FFF789FC03B06B
S214011170F0BD0124204B26491C7004F0C9F9032058
S214011180FFF708FC2C70F2E7012E25D13B78002BE7
S214011190EDD01B4D2B78FF2BE9D1A68802F04CFE33
S2140111A0864206D100201B4903B0BDE8F04004F09A
S2140111B0AFB9194BA2881B783BB132B11749002051
S2140111C003B0BDE8F04004F0A3B97B6814491B786E
S2140111D02B700D4B1A80F2E7032E08D108226846C1
S2140111E0A16808F06DFC6846FFF70EFFBFE7002315
S2140111F02B70A1E7895500208A55002019BC0300F1
S2140112005C6100208C550020026100201111010054
S214011210DEB9030039BC0300865500205FBC03001D
S2140112208ABC03007FB5094B1A78FF2A0AD11870C9
S21401123001F09CFA0022064B0DF1060102A81A8065
S214011240FFF75EFA07B05DF804FB00BF5D610020A2
S214011250164F0020152838B517D10C4B1D78A5B9A7
S21401126021F057FCC4B2012C38BF01240120FFF73E
S21401127091FB28462246064904F04AF94FF47A7053
S2140112806043BDE83840FFF7C5BB38BD8C5500202C
S214011290A7BC0300034B1B78022B01D8FFF770BDD8
S2140112A0704700BF8C55002070B5284C1FF08EFE8D
S2140112B02578274EBDB10020264904F029F9264A93
S2140112C0137801331370002323703378062B0AD169
S2140112D0BDE87040214B1868B0F5FA6F38BF4FF47F
S2140112E0FA60FFF797BB3378013B082B2CD8DFE871
S2140112F003F005090D2B13191D222700BDE87040C8
S214011300FFF7C8BFBDE87040FFF73ABD0023237062
S214011310BDE87040FFF7B4BB2946BDE87040012028
S214011320FFF77EBCBDE87040FFF726BE0220BDE891
S2140113307040FFF7B3BD0120BDE87040FFF7F8BC71
S214011340BDE87040FFF7B2BC70BD00BF89550020F4
S2140113508C550020D6BC03008B5500208437002016
S21401136010B90520FFF764BD034B1B78062B01D18E
S214011370FFF79ABF704700BF8C5500202DE9F04754
S2140113808E68054633189A780C46092A8EB008D915
S2140113900020A14904F0BCF8852420460EB0BDE823
S2140113A0F08750B98B899D49895C8B4205D20091A3
S2140113B09B4904F0ADF88024EFE79A4BE7881B8839
S2140113C09F422ED09849097801292AD932B13A4646
S2140113D00020964904F09CF87E24DEE7944B1A70B0
S2140113E0914B25791B78052B03D0012B32D8FFF7BB
S2140113F051FF002D58D12946204621F06FF80346AB
S214011400002848D028468B4A8B4904F081F80020F2
S2140114108A4A8B4904F07CF800210120FFF700FC82
S21401142053E00021824B1970072A00F28B8301A337
S21401143053F822F0E113010087150100871501001A
S2140114409717010097170100971701002B1A010043
S2140114502B1A0100022B17D102F0EEFC8742BBD0FB
S2140114600020784A784904F053F8FFF789FC65BBF9
S2140114702946204621F032F8034630B36D4A6E49BC
S214011480002004F045F820E0704A0020704904F07E
S2140114903FF8012481E7A3681B78DA06B7D42A4609
S2140114A06C4904F035F8B2E7A7680021FE780AA86F
S2140114B0A4893D79FFF724F9032E08D95F4B664AC4
S2140114C066490096002004F023F8002465E76B1EA9
S2140114D0632B04D9594B604A61490095F2E7614B89
S2140114E0E4B29B5D9C4209D0CDE901430020534BF9
S2140114F0594A5D49009604F00BF8E6E756B3A4B2E4
S21401150022460521384620F002FFBDF828308342E6
S21401151003D04A4B554A5649B2E7012E1AD0224605
S2140115200721384620F0F3FEBDF82A30834203D067
S214011530424B4E4A4F49A3E7032E0BD122460921BF
S214011540384620F0E1FE0B9B984203D13B4B474ABD
S214011550494995E7642D3FF45FAF21F0DAFA642339
S214011560C0B2B0FBF3F203FB12030133DBB29D42C0
S214011570BFF452AFCDE900530020304B3B4A3F4900
S21401158003F0C6FFA1E7284B1B78052B01D03C4A88
S2140115907BE7EB1CDBB2277BF45C44B123460020DF
S2140115A0374A384903F0B4FF00210C460BE00F2FF1
S2140115B00DD81023204634490093314A3B4603F0A8
S2140115C0A7FF802401210020FFF72AFBE5E604356A
S2140115D0EDB220462A4A2D4903F09AFF7A1B71196B
S2140115E0D2B206A81FF007FD05443A46E9B23046D6
S2140115F020F08AFE264D069A2B68264F9A423860BE
S21401160001D100284AD1244900201D4A03F080FF59
S21401161085240121D7E700BFF3BC0300F82D0400A1
S2140116200BBD0300026100208C5500203ABD03006B
S21401163089550020B0BD0300B8BD030040BE0300BD
S21401164055BE03007EBD03008BBD0300E0BD030055
S214011650EDBD03000ABE03006ABE030072BE0300AE
S2140116608CBE0300BB2D0400AABE0300FFC203000C
S214011670E4BE03000EBF030036BF03005DBF0300D8
S21401168091BF0300ABBF0300DABF0300F1BF030045
S21401169088370020983700201AC003001FF041FE4B
S2140116A03E68B0420AD21FF03CFE9C4903463246D1
S2140116B0204603F02DFF8924012184E7079A6B68F1
S2140116C09A4205D12046964A964903F021FF6BE7D8
S2140116D09549097859B19A4209D22046934903F0AF
S2140116E017FF96210620924AFFF7FEF95CE7914A1A
S2140116F0914905A801F0F6F8079E48B96A68B24212
S21401170006D38E4903F004FF0520FFF7C7FB44E626
S214011710324600208A4903F0FBFE39680027002084
S21401172000F03AFB00206E60FFF760F9854B06205B
S2140117301F80FFF72FF9844B1F7001F0CBF8064688
S214011740F0B94FF6FF71814B0AA81A888A4208BF82
S2140117503B466A88298801F02DF80AA800F0C4FCE7
S21401176058B10AA801F0F8F838B13046784903F0C4
S214011770CFFE0420FFF75CFB0FE6FFF7FDFB0CE650
S214011780042805D1734B192118781FF0F9FF04E6D8
S21401179038467149EBE7714B1B78062B01D0704A2E
S2140117A073E6DFF8A0A1EB1C94F80C90BAF8008061
S2140117B0DBB22EB930466B4903F0AAFE8724ECE56E
S2140117C0F75C2C1D972FE4B22FD025D8812F71D02E
S2140117D0952F67D017BBB9F1100F7FF6ECAD311915
S2140117E04A460AA81FF007FC0444E4B221464A46CA
S2140117F0304620F089FD231DDBB2053416F803A020
S214011800E4B2A9EB04035345054666DA009338466D
S2140118105346534A5449CCE5982F43D03B460020C3
S2140118204F4A524903F074FEC8E7B9F10A0F7FF632
S214011830C2AD1FFA89F721463A46304620F064FDCC
S21401184005F1080104463A46C9B2304620F05CFD6F
S2140118500AAA01462046FFF73BFA08B9444B0A9309
S214011860B9F10C0F12D905F10C013A46C9B230464E
S214011870DDF8288020F04BFD044602463D49002055
S21401188003F046FEAAF8004044440A940A9C3A49EA
S2140118902246002003F03CFE2046FFF7BBF81FF06F
S2140118A0A0FB12E63549002003F032FE0320FFF7C5
S2140118B0BFFA0AE6324C23786BB11FF085FB50B1B4
S2140118C00020304903F024FE002323701FF089FB1B
S2140118D0FFF752FBF9E52C49E5E7DFF8A49099F804
S2140118E0003043B9FFF7E8F88542034607D01C4AA3
S2140118F026490095E6E51FF06EFB0128F2D110227D
S2140119000C480AA908F084FA10B9BAF13F0F41D978
S214011910134A1F49002003F0FBFD4FE739C00300BF
S21401192091BF030071C0030085550020A6C00300C7
S214011930C0270900883700209837002035BB0300F0
S214011940E7C00300164F00208B550020184F0020DB
S21401195009C103005D61002028C103008C550020E9
S2140119604EC1030063C1030090C2030072C20300AC
S214011970E09304009EC10300C9C10300E8C103004F
S2140119808855002004C2030043C20300CCC20300F2
S21401199008C303006C4B187099F800304BB11FF068
S2140119A013FB30B128461FF012FB042807463FF40C
S2140119B08CAD5146284632191FF0C6FC28B10020CE
S2140119C0624903F0A5FD042071E799F800305544FB
S2140119D063B11FF0F9FA48B1FF2FF4D0012F3FF49D
S2140119E074AD032F16D11FF0FAFA05462846FEF706
S2140119F0FDFF04460246052155481FF023FB554BC3
S214011A001B689C420AD320461FF099FC0520FFF76D
S214011A1045FA5AE51FF0E1FA8046E7E74046FEF749
S214011A20F9FF00287FF451AD52E74B4B1B7803F0CA
S214011A30FD03082B01D0494A27E535B1F27822B1DA
S214011A400020474903F064FD30E7257BF11C2A4658
S214011A500AA81FF0D0FA434BBDF82820198804467F
S214011A6091420DD04FF6FF718A4209D03B4A0020C1
S214011A703D4B3E4903F066FDBDF828203C4949E749
S214011A80BDF82A20598891420CD04FF6FF718A4240
S214011A9008D0324A0020374B344903F053FDBDF8D5
S214011AA02A20EBE70B9A5B689A420AD0013208D0EB
S214011AB02A4A2E490020304B03F044FD0B9A2F4949
S214011AC028E7ADB2E11C2A46C9B2304620F01CFC1C
S214011AD0E11DC9B207462A46304620F015FC431CD4
S214011AE0014606D10820FEF755FF2548FEF792FF6E
S214011AF0EBE4384606AAFFF7EBF8A8B9204B0693A5
S214011B00204B00221978204B18781FF04EFA069CBD
S214011B102046FEF77FFF224600201C4903F0F8FC12
S214011B200920FEF737FFD0E440F6B733069A9A420B
S214011B30E6D840F6B8320020154903F0E9FC40F635
S214011B40B833DCE7812428E48B5500203BC303002F
S214011B505EC30300983700208C55002067C303003E
S214011B607CC3030088370020FEBE0300A3C3030026
S214011B7075B4030028BF0300BEC30300DDCA03001B
S214011B8080EE36005C6100205D610020F6C3030034
S214011B90CBC3030008B50420FFF74AF90020FEF77F
S214011BA0F9FE0023054A19211370054A1370054BE7
S214011BB01878BDE808401FF0E3BD00BF8955002036
S214011BC08A5500205D61002010B5174B174C1A7816
S214011BD0174B002053F82220164903F099FC22786F
S214011BE0154B16490020002A18BF19460A46144903
S214011BF003F08EFC23782BB1124B00201A68124991
S214011C0003F086FCFEF758FF0446FEF755FF0F4B20
S214011C1019681FF00AFA2246BDE8104003460C492F
S214011C20002003F075BC00BF8C55002089550020AC
S214011C30CC2D040012C4030027CA030008CA0300FF
S214011C401FC403008437002039C4030098370020DE
S214011C5052C4030038B5014604460020FFF78EFB48
S214011C60054698B1E37C00200A4A0B4903F050FC74
S214011C702379042B0AD02946204620F02FFC034660
S214011C8020B10020054A064903F042FC6FF0FF0030
S214011C9038BD00BF76A503007AC40300B0BD0300BB
S214011CA0B8BD030010B51346094A127882420DD119
S214011CB063B1084A002014680A46074903F028FC65
S214011CC02146BDE810400120FFF758BB10BD00BFFC
S214011CD05D610020C43A00209CC4030010B50D4B82
S214011CE01C782CB1BDE8104000200B4903F010BC55
S214011CF06420FEF77BFE4FF6F0716FF00F02074B84
S214011D000320C3E9001222462146BDE81040FEF733
S214011D10EBBE00BF8C550020D5C4030088370020D9
S214011D20014B1870704700BF88550020002106201F
S214011D30014AFEF7D9BE00BFC0270900014B187043
S214011D40704700BF85550020F8B50E4B05460C467A
S214011D5018680D49101A09681FF067F90B4E0C4FE9
S214011D6033783870FF2B04D0A0420AD3234498421C
S214011D7007DB03462A460020064903F0C9FB3878EC
S214011D803070F8BDA03700209C3700205E6100202F
S214011D908D55002003C6030050EA010208D0FF2239
S214011DA0054B091A1A70054B1860054B19607047E8
S214011DB011461046FFF7C8BF5E610020A03700201D
S214011DC09C370020F0B5AFB006AD284600F020FDE8
S214011DD00027284600F088F9044640B900F0E4FCE4
S214011DE059490246204603F093FB2FB0F0BD002070
S214011DF05649FAB203F08CFB284616A900F026FDD8
S214011E00044620B15249002003F082FB88E0BDF869
S214011E105820504903F07CFB2046BDF85A204E4915
S214011E2003F076FB2046BDF85C204C4903F070FBBE
S214011E302046BDF85E204A4903F06AFB2046BDF8FD
S214011E406020484903F064FB2046199A464903F08E
S214011E505FFB2046BDF86820444903F059FB204645
S214011E6043490DF16A0203F053FB42492046239A87
S214011E7003F04EFBBDF85C30D90705D520469DF82A
S214011E8090203D4903F044FBBDF85C309A0714D519
S214011E9000203A4903F056FBBDF85830B3F5807F71
S214011EA047D1002020F07AFA18B10DF1910003F025
S214011EB0B5FA0020324903F02BFBBDF85C305B0716
S214011EC00BD50020BDF8B2202E4903F021FB0020DF
S214011ED0BDF8B4202C4903F01BFB062228460DF161
S214011EE016030AA91FF0D0F8044650BBBDF8162009
S214011EF0264903F00DFB0AAEBDF81620A3B29A429E
S214011F000ED932880020224903F002FB01347268A0
S214011F100020204903F0FCFA062C06F10806EBD156
S214011F20684600F089FC9DE80F00013785E80F0040
S214011F304FE70123202200200DF1910103F050FA12
S214011F40B7E715495FE700BFE2C7030015C6030000
S214011F501EC6030042C603005BC6030076C6030026
S214011F608FC60300A8C60300C1C60300DAC6030075
S214011F70F3C6030008C7030024C703003DC70300D8
S214011F808DDB030050C7030069C7030082C7030047
S214011F9093C70300A3C70300B5C703002DE9F041AB
S214011FA088B004AD044628468846002700F030FC79
S214011FB06E46474507D195E80F0084E80F00204696
S214011FC008B0BDE8F081304600F036FC96E80F0018
S214011FD085E80F00284600F087F801370028E8D189
S214011FE0014B0FCBE9E700BF4C3004001FB5D0E929
S214011FF0023253F8223068461978FFF7CFFF684659
S21401200000F0AAFC48B1042809D1074A0020074974
S21401201003F07EFA05B05DF804FB054AF6E70020FA
S214012020044903F075FAF5E785D00300FDC7030000
S214012030CAA7030009C1030030B5D0E9023203EB99
S2140120408201496853F8223099B00D6804A81978BE
S214012050FFF7A4FF08AC03AB4022009329462346B2
S21401206004A800F00FFC024628B100200D4903F039
S2140120704FFA19B030BD0398214600F0070501223A
S214012080C0F3C70003F0F2F903990748491B01237F
S2140120902A460088214403F0A3F9044803F0DCF93A
S2140120A0E7E700BF0DC80300344F00208DDB0300B7
S2140120B0F0B504460D460B4BEF880FCB84E80F00B6
S2140120C0AB882E899B0741BFD5F83900D5F83D105E
S2140120D004F1080303C3EA6820462780668062602D
S2140120E0F0BD00BF042E0400102208B5034907F016
S2140120F08FFE003818BF012008BD00BF4C30040019
S21401210008B521F064F9C288FF219208012A38BF78
S214012110012202481EF044FB012008BDAC37002016
S214012120134670B590B10120254A1070254A00204B
S2140121301160254A13600A46244903F0E9F902F0C2
S214012140BDF9234B1870022002F0BEF921F05AF9AE
S2140121500446D0B91A4E1B4D33782BB921F037F906
S2140121602A68C36813442B60174B2D681B689D4271
S21401217024D221F02CF9C168284605F019FE024642
S214012180002030702AB921F03DF9BDE87040FFF714
S214012190B7BF104903F0BCF90D4B187802F094F95B
S2140121A000200D4903F0B4F900F00AF908B900F06F
S2140121B025F92046BDE87040FFF7D2B80124EBE7C9
S2140121C08F550020A8370020A437002034C803000C
S2140121D08E55002060C8030080C8030038B51FF084
S2140121E0A9F804461FF0A3F8241A21F0F0F80546D2
S2140121F018B9B1211B4826F011FBAB8803F0030385
S214012200032B03D0B221174826F008FB1FF08FF8E6
S21401221005461EF0A3FF01238340013B2B4203D05A
S214012220B421104826F0FAFA1EF098FF01238340E5
S214012230013B234203D0B5210A4826F0EFFA05F008
S2140122408BFB05461EF08AFF4FF48063B3FBF5F364
S214012250C440A34205D2BDE83840BA21014826F061
S214012260DDBA38BD96C80300FF2108B504481EF044
S214012270A8FABDE80840002211461046FFF750BFF5
S214012280AC370020F7B504460E4600F083F8054645
S21401229021F09DF8C3682B449C4220D31EF05EFFBC
S2140122A02C44C440013C114F3B68DEB1A34219D116
S2140122B001340023ADF8043000F018F9054605F0A6
S2140122C04BFB103504FB005405F046FB01A9024602
S2140122D0204605F093FB1EF051FF386004E04FF0F6
S2140122E0FF34E0E7A342E4DB03B0F0BDD45D002099
S2140122F04FF0FF32084B10B51A600022074B1A70D8
S2140123001FF015F804461FF015F821460246012075
S214012310FFF706FF042010BDD45D00209055002075
S21401232038B500F04DF808B9002038BD094D0A4C03
S2140123302B7823B91EF022FF012320602B7024681E
S2140123401EF00CFF01348440EED000F023F8204448
S214012350EBE700BF90550020D45D002070B50C4C13
S2140123602368002B12DB1EF0E2FF054621F02FF852
S2140123702468C6681EF0F2FE013404FA00F129440E
S21401238001208A19FFF7CCFE042070BD0120FCE76E
S214012390D45D002001481EF021BF00BF0CB80C0020
S2140123A0FF2307B50021044A04480093FBF71AFDF2
S2140123B003B05DF804FB00BF69220100AC370020C2
S2140123C07FB56B460B4A1068516803C390680C22B0
S2140123D018600DEB0201084821F000F80C2268464F
S2140123E00DEB020107F014FDB0FA80F0400907B0CA
S2140123F05DF804FB142E040000B80C001FB5074A54
S21401240001AB1068516803C3906801A918600C22DB
S214012410034805F0F3FA05B05DF804FB142E04003A
S21401242000B80C00F7B5044615460E4671B9072AE2
S21401243003D80024204603B0F0BDC37980790B4948
S214012440063000EB032080B21EF0D2FE00272146A4
S2140124502B463246384600971EF0F6FE0446002804
S214012460E7D039467019FFF70DFFE3E70CB80C000B
S21401247010B58AB0684605F09BFE10F0FF001AD131
S214012480009BC3B101A905F00BFEC0B298B9DDE906
S2140124900123B2F5E02F02EB030404D04FF4F271EE
S2140124A0064826F0BBF9B4F54C2F04D240F2E511EC
S2140124B0024826F0B3F90AB010BD00BF28C90300D0
S2140124C008B5FFF7D5FF20F082FF48B120F07FFF67
S2140124D00369B3F5B82F03D2B321034826F09EF95A
S2140124E0FFF77CFE012008BD28C90300004870479D
S2140124F000B80C0010B5FFF713FF04462249002070
S21401250003F006F80020214903F002F800202049D4
S21401251002F0FEFF00201F4902F0FAFF22461E4984
S214012520002002F0F5FFFFF735FF1C4902460020A8
S21401253002F0EEFF4FF4E0220020194902F0E8FF16
S2140125404FF44C220020174902F0E2FF0020164A01
S214012550164902F0DDFF4FF480620020144902F0B4
S214012560D7FF0020134A144902F0D2FF0020134A75
S214012570134902F0CDFF0020124A134902F0C8FFAA
S214012580BDE8104005F01CB9AFC90300ECC9030053
S2140125900BCA03002BCA030058CA03007BCA0300F8
S2140125A09ECA0300C1CA030000B80C00E4CA0300B7
S2140125B007CB030010B80C002ACB03000CB80C00A4
S2140125C04DCB030010BC0C0070CB03002DE9F0438B
S2140125D095B002AF04460D463A46482100201EF04B
S2140125E08DFE18B9584902F093FF19E060220021C8
S2140125F0204607F0BBFB04223846544907F008FC86
S21401260090B16DB19DF80B30002001939DF80A3012
S2140126109DF8082000934E499DF8093002F078FF96
S214012620012015B0BDE8F083BDF80C20B2F5807F1F
S214012630228003D0474902F06BFFF1E7BDF8142072
S214012640BDF80E102281DDF816206180E260049943
S214012650BDF81A206160228284F8320007AD04F1C9
S21401266012020FAE2B4603CBB342106051601D46DB
S21401267002F10802F6D10F9B374A6363136000210B
S2140126801022364807F072FBE388344A1380238908
S2140126905380E3685360A3880BB90020C1E74FF06D
S2140126A000094D46A388D9070BD5B9F1000F06D00E
S2140126B005F150026A4412F8482C84F83820013596
S2140126C0EDB29A0715D520881EF0C2FC0646B9F170
S2140126D0000F0CD007EB05080246414604F139000D
S2140126E007F0E2FC324641461D4807F0DDFC2E4469
S2140126F0F5B2A3885B0716D5B9F1000F06D10435EC
S214012700EDB2482D13D9002016496CE705F15003A8
S2140127100DEB030535F8483CA4F85A3035F8463C2D
S214012720A4F85C30B9E7B9F1000FEAD0B5E729465D
S2140127303A4638201EF0E2FD38254FF00109002800
S214012740B0D109494FE700BF93CB0300202E040008
S214012750C5CB0300FBCB0300CC370020D0370020CD
S214012760D837002016CC030066CC030030B50C4CDD
S21401277099B0257875B9FFF7A3FE70B1294668466A
S214012780FFF724FF074B80F0010000F001001870EE
S21401279001232370002019B030BD0120FBE700BFE4
S2140127A09155002092550020014B1878704700BFC4
S2140127B09255002070B51E46134B044618881D46D8
S2140127C0884298B002D15B88934206D00F4B0FCB5C
S2140127D084E80F00204618B070BD96B10021684607
S2140127E0FFF7F4FE0028F1D1BDF804305B0708D5E9
S2140127F03388BDF85A209A42E8D8BDF85C209A4240
S214012800E4D395E80F00E3E7D03700204C3004000E
S214012810064B10B51B7804462BB9054B0FCB84E845
S2140128200F00204610BD034BF8E700BF925500206D
S2140128304C300400D037002010B50446024B0FCBB5
S21401284084E80F00204610BD4C3004000B4B10B539
S2140128501B78044608467BB10021FFF7B7FE48B94E
S21401286010222146064807F0D3FA003818BF012087
S214012870C0B210BD0120FBE70120FAE79255002007
S214012880D03700202DE9F0410E4690460E49102221
S2140128901F4607F0BDFA044670B90C4B3A461D6850
S2140128A03046AD1B454528BF454629461EF026FD48
S2140128B028B9074902F02CFE0120BDE8F081069BED
S2140128C020461D60F9E700BFD0370020CC37002036
S2140128D066CC03000022024B1A70FFF709BD00BF49
S2140128E0925500202DE9F0419CB00F4616468046D1
S2140128F0FFF716FD054602461549002002F008FEC0
S214012900382D1FD9012104A8FFF760FE0446C8B977
S214012910119B68463B6004A9FFF7CAFB9DE80F00C0
S21401292086E80F00119BAB4297BF01210324094A99
S214012930C8F8003094BF1170C8F8005020461CB08B
S214012940BDE8F0810022034B01241A70F6E700BFB0
S21401295098CC03009255002070B5084D00262B78C0
S21401296053B1FFF7C5FC04461022002104482E701F
S21401297007F0FCF9204670BD3446F5E79255002075
S214012980D037002008B50020064902F0C1FD064BED
S21401299000201A78054902F0BBFDBDE80840FFF7A4
S2140129A0A9BD00BFB7CC030092550020E1CC0300BF
S2140129B003460120024AC3E9032000221A70704729
S2140129C00100FEFF30B5002489B000F0D3F9A5B2AE
S2140129D0854201D309B030BD284603A91EF0D0FCBC
S2140129E0A2B200201C4902F0ADFD9DF80D2012B3E5
S2140129F09DF81210BDF81030402914BF6E217921C0
S214012A000020CDE90031BDF80E30144902F09AFDE0
S214012A10BDF814201AB10020114902F093FD9DF86B
S214012A200C00BDF8182070B9079B0E490093BDF83D
S214012A301A3002F087FD00200B4902F069FD0134CF
S214012A4025F0F9FEC1E7BDF81C30002000930749C8
S214012A509DF81A30EDE700BFFACC030000CD030065
S214012A6023CD03002DCD03008DDB030054CD0300E1
S214012A7010B500F0A9FABDE810400346024A00204E
S214012A80024902F045BD00BF7CCD03002E9703002E
S214012A90D0E9023253F8223010B5188800F084FAD3
S214012AA0BDE810400346024A0020024902F030BD4C
S214012AB082CD03002E97030010B5D0E90232002420
S214012AC086B08DF8044053F8221003EB8203097890
S214012AD001A88DF805105A681288ADF806209A6884
S214012AE01288ADF80820DA681278ADF80C40A242D8
S214012AF014BF402280228DF80A201A691288ADF888
S214012B0010205A699B691288ADF812201B6805933C
S214012B1000F0C8FB034A03460349204602F0F8FCCE
S214012B2006B010BD2BAD03002E97030038B5002468
S214012B30064D25F06CFE45F824000634C02CF8D16D
S214012B400020BDE83840024902F0E2BC80100020B7
S214012B5089CD030030B5002087B0204902F0D8FCAB
S214012B6000201F4902F0D4FC00201E4902F0D0FCD0
S214012B7025F04DFE00240546A0B201A901341EF041
S214012B80FFFB202CF8D125F042FE1749421B0020FE
S214012B9002F0BEFC1549002002F0BAFC25F037FE13
S214012BA00446012000F09EF825F031FE0E49021B76
S214012BB0002002F0ADFC0E49002002F0A9FC25F031
S214012BC026FE04461EF0CDFB25F021FE021B00204A
S214012BD0054907B0BDE8304002F09ABCB5CD030008
S214012BE0E4CD030014CE030031CE030040CE030033
S214012BF05ACE030010B50C4603F0FCFB08B9032CB3
S214012C0012D101F0F1F804280ED001F0EDF80528F4
S214012C100AD0064802F030FB1C2801D11FF0E4FA66
S214012C20BDE8104002F038BB10BD00BF6D130300B5
S214012C302DE9F04F00274FF0FF36DFF8A4B0264C01
S214012C4087B0BBF80030B8B2834209D8731C3BD0BA
S214012C503246FF21214807B0BDE8F04F1DF0A0BD68
S214012C6001A91EF08DFB9DF8050001F053FEF8B199
S214012C709DF80480B8F1000F1AD1BDF810A0BDF878
S214012C80129025F0C4FD18210246BBB24B43E01852
S214012C90E158007C4FF47A73A2EB010C50B103FBB0
S214012CA00AF363450ED30B44981A864228BF06469C
S214012CB00137C6E74D466B43FAD06345F5D3194451
S214012CC0881AF2E74046F0E7FF21044807B0BDE85E
S214012CD0F04F1DF076BD00BF80100020E0370020C9
S214012CE01A4F00202DE9F041014688B058B102285C
S214012CF010D01EF05FFB78B3D221194808B0BDE8AA
S214012D00F04125F08BBDFF23164A17480093FBF7C9
S214012D1069F8EEE700244FF001082746134EA5B2E6
S214012D20284603A98DF80D701EF02AFB9DF80D00AC
S214012D3068B101F0EFFD20B19DF80C300BB986F8B3
S214012D4010800134202C06F11806E8D12546084BE0
S214012D501D80FFF76DFFCCE708B0BDE8F08100BF2E
S214012D607ACE030095300100E03700208010002065
S214012D701A4F0020014B1888704700BF1A4F0020D9
S214012D802DE9F04F624A077D89B00446614900206B
S214012D9002F0D8FB00201FF001FB20B12368218A36
S214012DA0588803F075FB00205B4902F0B1FB637D98
S214012DB0EBB94FF0400808202368DFF8689159887E
S214012DC0554B0093228A092302F006FAA289BB1CFE
S214012DD0934210DB1FF07CFB034620B100204F4AD4
S214012DE04F4902F095FB012009B0BDE8F08F4FF086
S214012DF080080020E0E7A068791C89B2C55D1FF055
S214012E0086FA0337012D0646BFB213D82368324629
S214012E1059885879238A009343461EF0CBFE824692
S214012E2000283ED1862002F09FFA284602F09CFA3E
S214012E30304669E08520F6E703A91EF0A1FA9DF861
S214012E400C30AB4223D123689DF80D105A7991427C
S214012E501DD1BDF80E105A88914218D1BDF8102028
S214012E60B24214D19DF81220424510D1BDF814107B
S214012E70228A91420BD1002D39D0BDF81810E28874
S214012E80914204D19DF81A201B799A422FD00BF15A
S214012E90010BB9F800305FFA8BF08342CCD88B2057
S214012EA0C1E74FF0000BF4E79AF8020002F05CFA73
S214012EB0BDF818001FF0EEF9BDF81A001FF0EAF988
S214012EC09AF8020003F000FD00287FF47FAF9AF81D
S214012ED0020001F0F1FB0546079E002D3FF476AF98
S214012EE0F0B2013D02F040FA360AEDB2F5E70020F5
S214012EF002F03AFA284602F037FA30461FF0CAF9CD
S214012F00012DD1D1BDF81C001FF0C4F95EE700BF4A
S214012F10E8CE0300B9C303008DDB0300F5CE030042
S214012F2012CF03001A4F00202DE9F04391B06946F5
S214012F3080461EF025FA0023194F8DF80130388897
S214012F40431E98B28045388009D1694640461EF036
S214012F501FFA68461EF003FA11B0BDE8F0834FF081
S214012F60180905A91EF00CFA0E4C3E880AAD09FB9D
S214012F7006460FCE0FC596E8030009FB084485E810
S214012F8003000AAE404605A91EF002FA0FCE0FC492
S214012F9095E8030084E8030069463888D7E700BF50
S214012FA01A4F00208010002008B5064B1B8883426C
S214012FB005D9FFF7B9FFFFF73BFE002008BD272024
S214012FC0FCE700BF1A4F002038B5074D2C882CB9F6
S214012FD0FF2106481DF0F5FB204638BD601E80B275
S214012FE0FFF7A2FFF2E700BF1A4F0020E0370020EC
S214012FF02DE9F3479A4618239DF82890244FCDE9EA
S214013000001203FB09731446D3E902231FF03FFBAA
S214013010064620460D4603F057FC04F0FD03382B08
S21401302080460FD1009432462B460021DAF8100074
S2140130301EF0D0F9B8F1010F1BD135431ED102B0F5
S214013040BDE8F087392CDAF810300BD107EE906A1C
S21401305007EE103AF4EEC77AF1EE10FAACBF012093
S2140130600020E7E79E4275F100032CBF01200020F7
S214013070E0E7B8F1000FE2D10028E0D0182303FB07
S214013080097701233B7402B0BDE8F047FFF7D0BDD6
S214013090801000202DE9F04F00263746B24635460F
S2140130A0D3B0DFF8B0910696664BB0B21B88834268
S2140130B009D81DB169882879FFF79CFDFFF7B8FD8F
S2140130C053B0BDE8F08F0DAC21461EF059F925F03E
S2140130D09EFBB3B207931823B2B2534309EB03081E
S2140130E059F8033083466078059301F013FC0028F5
S2140130F000F0A5802278002A40F0A1804FF47A7271
S214013100059BABEB0300A3895343834200F29780F0
S21401311098F810303BB9E389002B00F090805343B8
S214013120834200F28C80FD2300220DF12208CDE9B6
S214013130013212AB0093204643460DF12102F1B253
S214013140F1F7C6F800286FD1BDF82230DA1C0593D6
S214013150D2B2FDB13C4B61781B8813442A79914267
S21401316012D161886A8891420ED1A2790699B1EB93
S214013170D21F09D12289524506D1BB4249DD002022
S214013180324902F0C5F901E0BB42F8DC69882879CA
S214013190FFF730FD02F0BCF8054694F90600A37966
S2140131A0C043DB0906932A4BC00F009322890A23EA
S2140131B06188C00002F010F863784FF0000B2B71A5
S2140131C04FF48A53FF27B4F808A0EB800DF12408CA
S2140131D041465FFA8BF01FF0FCFBC0B2A0B998F82D
S2140131E00110627891420FD1B8F8021062889142BC
S2140131F00AD12A4698F80D1098F800001FF071F9C8
S214013200B84228BF3846C7B20BF1010BBBF1200FFD
S214013210DED1A0881FF03EF89DF8210002F0A4F848
S214013220059912A802F0B4F818230022079C5C4303
S21401323009EB04031A7425F0EAFA49F8040001368A
S21401324032E700BF1A4F0020244F0020D1CF0300E1
S2140132508DDB03008010002070B500240126104D80
S2140132608AB02B88A0B2834204D80AB0BDE8704069
S214013270FFF7DEBC05A91EF083F89DF8150001F0E6
S21401328049FB50B19DF814303BB91A46CDE90136D9
S2140132900093E1B205A8F1F71BF80134E1E700BF9E
S2140132A01A4F00202DE9F0430389DFF858818BB0CF
S2140132B0B8F8009000930446837982884188407864
S2140132C01EF078FC002800F09580E78927B1A389D5
S2140132D0BB4200F291800027B8F80030BDB2AB4285
S2140132E014D84D4601264FF6FF73E2899A4226D13D
S2140132F046B9B8F80030AB4202D92846FFF714FEAB
S214013300FFF796FC00200BB0BDE8F083284605A920
S2140133101EF036F89DF814307BB92268059B5340A1
S214013320FF2B0AD86368069E5E4036F07F4604D1BE
S214013330BDF81C2023899A42D5D00137CCE7E26834
S2140133409A422BD0002E53D1D4E90323CDE908238A
S21401335005A81EF004F80028D5D1B8F80030AB4215
S21401336004BF6B1CA8F8003025F051FA18236B43F4
S214013370234AE9B2D050D418002305A81A46CDE94D
S21401338001330093F0F7A4FF18B100220023C4E92B
S2140133900223284605A91DF0FBFFB1E7234605AA2F
S2140133A004F1100C174618685968083303C76345BB
S2140133B03A46F7D11868386005A81DF0D3FF0028F3
S2140133C0C0D01F2D1AD800238DF8143063788DF8DD
S2140133D015306388ADF81630A388ADF81830A37998
S2140133E08DF81A302389ADF81C300028B0D1ABE730
S2140133F00020E6E7862086E7872084E7892082E7A3
S214013400801000201A4F00202DE9F04FAD4A067DAE
S2140134108DB00446AC49002002F094F800201EF05E
S214013420BDFF20B12368218A588803F031F80020B7
S214013430A64902F06DF8637D23BB4FF0400A0820D1
S2140134402368DFF8A4B25988A04B0093228A072389
S21401345001F0C2FE00230293A289F51C954215DBFA
S214013460029B13B9184601F07FFF1FF031F803469F
S21401347020B10020964A974902F04AF801200DB083
S214013480BDE8F08F4FF0800A0020D9E7A068711CD4
S21401349089B2875D1EF03BFF3A46814603468E4958
S2140134A00020ADB202F034F89FB1012F00F08B80FE
S2140134B04FF08508404601F057FF384601F054FFAB
S2140134C048461EF0E7FEB8F1850FCED001230293E1
S2140134D075E0A068311DA28989B210F805801EF03A
S2140134E016FFB11DA289049089B2A0681EF00FFFD5
S2140134F0424605900090049B3846784902F008F849
S21401350008364046B5B203F0DFF9002859D14046E7
S21401351001F0D2F8294603460646A289A0681EF0A5
S214013520E7FE6F490390384602F00CF8A168324670
S21401353029443B46384601F053FF3846634901F0BB
S214013540E7FF2E44B5B223684A4659885879238A3C
S214013550009353461EF02EFB18B18378434540F086
S214013560AA80A8F148085FFA88F8B8F1090F06D8CA
S21401357040F2113323FA08F3DB0700F19F800023A2
S2140135808DF81C30236807A85A798DF81D205B88B2
S214013590ADF82090ADF81E30238A8DF822A0ADF844
S2140135A02430049BADF82830059BADF82A30039BE8
S2140135B00B93FFF777FE804600287FF47BAF2E46FD
S2140135C04AE70397BFE72946A289A0681EF09FFE37
S2140135D0444902468046002001F09AFF0023053642
S2140135E0BBF80020B5B2BBF800109EB2B14204D8B9
S2140135F01F2A32D94FF089085CE707A93046CDE982
S21401360003231DF0BDFEDDE903239DF81C100129EF
S21401361021D121689DF81DC0487984451BD1BDF88C
S2140136201EC04888844516D1BDF82000484512D1F1
S2140136309DF8220050450ED1BDF824C0208A84454D
S21401364009D1BDF828C0E088844504D19DF82A0038
S2140136500979884219D00133C5E7012316468DF84A
S2140136601C30236859798DF81D105988ADF82090C3
S214013670ADF81E10218A8DF822A0ADF82410E1883D
S214013680ADF828101B798DF82A3007A8ADF82C80E4
S2140136901DF065FE804600287FF40CAFBBF80030B5
S2140136A030469E4208BF731C07A908BFABF800301E
S2140136B01DF06EFE83E74FF08D08FBE64FF08C0899
S2140136C0F8E600BFFCCF0300B9C303008DDB03009F
S2140136D05DD0030012CF030004D0030021D0030005
S2140136E042D003004DD003001A4F00202DE9F04FC1
S2140136F0074688469146002589B09A46BDF848B0E7
S2140137009DF84C60149C224B1A88A8B2824235D987
S21401371003A91DF035FE9DF80C201D4BB2BB9DF88C
S2140137200D10B94232D1BDF80E1041452ED1BDF86B
S214013730101049452AD19DF81210514526D1BDF8E1
S2140137401410594522D13046029200F0B5FFA6F179
S2140137504103012B01460AD820461EF0DEFD0D4B23
S2140137600D4A204484420CD10421029302ACEDB2EE
S21401377032462046009503ABFFF73AFC09B0BDE898
S214013780F08F14F8011F4B405343EBE70135BBE7BD
S2140137901A4F0020C59D1C81930100011FB50F4CD7
S2140137A02478C4B142EA03229DF818308DF805103A
S2140137B042EA43220A4BADF80C201A78094B8DF8E1
S2140137C00610079903EB021300908DF80400DB68DE
S2140137D068460291984704B010BD00BF935500207B
S2140137E0955500200038002073B51A4DFF211A4860
S2140137F01CF0E7FF2B7853B3184C194E23781801A9
S21401380006EB03131A7A5968305C1FF066F94D28E7
S2140138101DD0E0B1237800211B01F25C0123C0B268
S214013820CDE90031FFF7BAFF0A2223780A480133AF
S214013830DBB2B3FBF2F102FB1133FF2123702B78CD
S214013840013B2B7002B0BDE870401CF0B2BF02B065
S21401385070BD00BF93550020A0380020955500206C
S21401386000380020F8B5104F3E780A2E1AD00FC83F
S214013870DFF840C00D4D9CF80040013605EB0415FD
S21401388085E80F000A230134E4B2B4FBF3F203FB2C
S21401389012440748FF218CF800403E701CF089FF57
S2140138A00020F8BD0120FCE79355002000380020D9
S2140138B0A0380020945500200021024A0248FAF759
S2140138C0C7BA00BFE9370100A038002037B5134D4D
S2140138D0134A2B780C461B01D25C00230146CDE926
S2140138E00033E0B20123FFF759FFA4B90D490A7866
S2140138F08AB10A202B78013A0133DBB2B3FBF0F42C
S2140139000A70FF2100FB143307482B7003B0BDE893
S21401391030401CF04EBF03B030BD00BF95550020AF
S2140139200038002093550020A038002008B500F08C
S214013930BDF850B1054B064A0649052818BF1A4678
S214013940BDE80840002001F0E3BD08BD8DDB0300A3
S21401395071D0030092D0030008B503201FF0D7F8FA
S21401396010B90122014B1A7008BD00BF9655002000
S2140139700022024B18781A70704700BF9655002037
S2140139800246FF2101481CF00BBF00BFC0380020D3
S214013990114B37B51D78C5B9FF2110481CF011FF32
S2140139A0FFF7DAFF044600900D4B28460D4A0E49F4
S2140139B001F0AEFD4CB10D4B1B78DB0605D5284654
S2140139C01FF07FF820461DF0C1FA094B186803B0B6
S2140139D0BDE83040FFF7D4BF96550020C038002020
S2140139E0AFD00300DDD00300D5A903008455002025
S2140139F0D85D0020FF2101481CF0E3BEC03800203E
S214013A0070B51A4E054633780C466BB30020184A3B
S214013A10184901F097FD032C01D0652C20D11649D9
S214013A20002001F08FFD22460020144901F070FDB0
S214013A300020134901F086FD0123294608220020B3
S214013A4001F0CEFC00200F4901F062FD032C88BF77
S214013A500023204688BF3370BDE87040FCF7E0B90C
S214013A60012CE0D00849DBE770BD00BF9655002069
S214013A70DDD003009EAD0300F0D0030055B4030073
S214013A800ED103008DDB030006D10300014B186045
S214013A90704700BFD85D00200021024A0248FAF7AD
S214013AA0D7B900BF91390100C0380020054B10B5C9
S214013AB01C782CB90448FF211CF07BFE204610BD63
S214013AC00520FCE796550020C038002070B500247C
S214013AD0074B084E1D68E3B29D4204F1010400D86D
S214013AE070BD054956F823001CF021F8F3E700BF26
S214013AF0D44A0400D84A0400145E002010B5044CD1
S214013B0023780BB11EF0F3FF0123237010BD00BF15
S214013B105F6100202DE9F743254B0D461646044606
S214013B20019350B14AB1042301AA12F8011BA9421C
S214013B3035D0013B13F0FF03F7D1212003B0BDE8D8
S214013B40F08317F8010F90FAA0F0000E1CF02EFA81
S214013B50014608EB07039945F3DCCAB2C1F30F230C
S214013B6092FAA2F293FAA3F3120E1B0E03EB0223B0
S214013B70DB43621912F8020C99B2DBB298420CD1FF
S214013B8012F8013CB3EB112F07D1324621462846E5
S214013B9003B0BDE8F0431EF012BF2320CEE74FF678
S214013BA0FF71671EA5F10209C4F10108D1E700BF44
S214013BB0080A0E12014B1870704700BF9755002077
S214013BC0024B1A6818608260704700BFDC5D0020F7
S214013BD0024B186800B14068704700BFDC5D0020EA
S214013BE070B5044600250A4B1B687BB100211E8870
S214013BF007E05A6802EB0110013145B9021B554234
S214013C0055418AB29642F4D89B68EEE7184670BDD5
S214013C10DC5D00202DE9F04F1E46002393B0022EF6
S214013C20074688461446DDF870909DF874A0ADF8F6
S214013C301A3040F2C08099F800305A0729D5042E70
S214013C4040F2B98099F804B000255F4B33F835206F
S214013C50002A00F0B68001350A2DF7D1209B002BF3
S214013C6040F0AD80FF250023207908AA0DF1190147
S214013C708DF819301EF0DDFA70B1BDF82C309DF8C4
S214013C80190023801EF059FB0790C0B113B0BDE8A0
S214013C90F08F99F802B0D7E720791DF0F4FF0B28D2
S214013CA0059000F28A8020791EF058FB07900028C4
S214013CB0ECD1464A059B02EB03135B8823804FF643
S214013CC0FF73002F08BF434662880021CDE9002319
S214013CD058465246238802F0E5FC18B1E38843F0C3
S214013CE02003E380209B07A90DA8CDE90D34CDF86C
S214013CF03C90ADF84080ADF842608DF844708DF888
S214013D0045A01EF0ABFA08B10798BFE7484602F097
S214013D100DFCA01D02F0F8FB2246414638461EF077
S214013D20E0FBB04227D3E3882246C3F30E03E380C9
S214013D309DF87C3041460393BDF8783038460293AF
S214013D400DF11A03CDE90093F3B21DF034FD209B6B
S214013D50079003B3F8B9BDF81A2042B1092D06D869
S214013D601B4B03EBC5018A80209A43F835201120AE
S214013D70FAF728FD1CE0BAF1000F0AD10DF11A037B
S214013D80CDE9006322464B4641463846FBF700F92B
S214013D90DDE73820DBE7052807D1E388DB0607D512
S214013DA0002301200793FFF705FF079B002BDED0BA
S214013DB01EF0C8FAA8E7012068E7212066E71C2064
S214013DC064E7EDB24FE700BFE83800203439002041
S214013DD0E43800204FF6FF72024B1A805A809A8010
S214013DE0704700BF1C4F002010B5044C2079FF28F7
S214013DF002D11EF0AAFE207110BD00BF1C4F00208C
S214013E0010B50C4C2379FF2B08D100201EF095FA33
S214013E1020B91EF09AFE20711EF094FA207902282D
S214013E2005D00438012894BF0020012010BD0020D1
S214013E30FCE700BF1C4F00204FF6FF7310B5044C83
S214013E402088984202D11EF076FE208010BD00BF69
S214013E501C4F002010B5FFF7BDFF40F61D439842EA
S214013E60044607D8B0F5416F05D2182826D815287C
S214013E7048D829D010BDA0F541630D2BFAD801A270
S214013E8052F823F0C93E0100C93E0100753E01000B
S214013E90753E0100753E0100753E0100753E01004C
S214013EA0753E0100193F01002B3F0100C53E010090
S214013EB0C53E0100C53E0100C53E010040F6064371
S214013EC09842D7D11C4920E0FFF7B6FF1B490246AE
S214013ED0002001F01DFB152C05D11EF016FEBDE8D5
S214013EE010401EF0C4B9164B164A1749B4F5416F77
S214013EF018BF1A46002001F00BFB1EF0B7F91EF0A2
S214013F00B6F9ECE71628DDD11049002001F000FBD8
S214013F10BDE810401EF0CDBA1DF034FDBDE81040DE
S214013F2002460B49002001F0F3BA0020BDE810401C
S214013F30084901F0EDBA00BF6DD803001AD8030096
S214013F4015D803008DDB030036D8030056D80300CE
S214013F5082D80300AAD8030007B5094A0346108889
S214013F6031B9084A084903B05DF804EB01F0EABA32
S214013F700091064A064901F0E5FA03B05DF804FB34
S214013F80344F0020D2A40300CAD8030076A503004C
S214013F90D5A903000D4B37B51B68044693B11D78B0
S214013FA00389012D08BF02250093C37A084A002021
S214013FB0084901F0ADFA2146284603B0BDE8304075
S214013FC01EF07BBD022003B030BD00BF003A0020CA
S214013FD03FD90300EED80300002010B51EF0ADF95E
S214013FE00D4B1B6863B15A78052A03D862B10524C4
S214013FF002220AE0FF2AFAD00020084901F088FAD6
S214014000BDE810401EF09EB9144610461EF0B1FDE4
S21401401020461EF0ACFDF3E7003A002044D9030029
S21401402013B5134C00201EF088F9FFF7D3FE236862
S2140140309BB101A81DF099FC78B923681A789DF800
S21401404004309A4209D0D91E032906D9D11E012966
S21401405003D9012A07D1022B05D1032301A8ADF804
S21401406004301EF030FD02B0BDE810401EF06AB903
S214014070003A002000231946034A01330A2B918097
S21401408042F8081BF9D17047E43800207FB50E4688
S21401409005461EF01AFD2A46044603460C49002032
S2140140A001F036FA8EB10B4A03AB11889278ADF85F
S2140140B00C109A700322362100924FF6FC700022F3
S2140140C08DF80D501EF055FC0446204604B070BD18
S2140140D065D903005C300400FF2810B50C4604D1F6
S2140140E00020044901F014FAFE202146BDE81040E4
S2140140F0FFF7CCBF7ED90300F8B51E460B880746EE
S2140141000C461546002B64D14A88B1F902100020EE
S2140141100029B8BF6B78304901F0FAF96288132A92
S2140141201DD002F5FF437F339BB2052B23D8A2F5A2
S2140141300042013A052A1ED8DFE802F0193F1D03A6
S2140141403C09264A2649002001F0E2F913E0254AF7
S2140141502349002001F0F6F92A792349F3E7022ED4
S21401416094BF4FF6FF72B5F801202049EBE7002017
S2140141701F4901F0CDF933462A46214638461FF03D
S214014180EEFB70B933462A46214638461FF0E9FB56
S21401419048F2210362889A4203D1384669781EF0B4
S2140141A051F86388B3F5004F02D90820FAF724FBCB
S2140141B00120F8BD2A790F49C5E70F4A08490020B2
S2140141C001F0C0F9032E94BF4FF6FF726A880B49BF
S2140141D0B9E70020EDE700BFB9D90300E1D9030034
S2140141E0E8D90300F9D90300FFD903000DDA03006B
S2140141F025DA03003FDA030061DA030066DA03001A
S2140142002DE9F04116888AB0DFF88C80ADF80E30C3
S2140142100DF10E03C8F8002015460093324610AB88
S21401422007460C46FAF744FF90BB109B8DF8240016
S2140142300693BDF80E3004A8ADF81C30AB898DF896
S2140142401070ADF820306B890594ADF81E60ADF89E
S21401425022301EF001F8D8B921463046BDF80E309E
S214014260109A01F0B3FE98B921463046BDF80E30DB
S214014270109AFFF741FF58B9CDE90060394620464C
S214014280BDF80E30109A02F033FA08B9C8F80000EB
S2140142900AB0BDE8F08100BFE0380020F0B585B077
S2140142A004AB03E9030000231C469DF80D609DF84E
S2140142B00E70154AD9B202EBC1004568EDB99DF8FA
S2140142C00C30284600939DF80A209DF80B300F49C4
S2140142D001F038F926B1324628460D4901F032F987
S2140142E00C4A0020002C18BF2246BDF808300A49A7
S2140142F005B0BDE8F04001F00BB912F831100133FA
S214014300B94208BF2C46D5E70430040078DA03002A
S21401431089DA030041A403008DDA03004FF6FF7328
S21401432010B5074C88B06088984207D102A90DF1F4
S21401433007001DF018FBBDF81000608008B010BD26
S2140143401C4F00202DE9F04F85B0894692461C4649
S2140143500746BDF83850BDF83C80109E002833D083
S2140143600346464A0020464901F0ECF82388002B14
S21401437076D040F20912934274D0424A4249B3F5CC
S214014380827F08BF0A46CDF804806188002000912C
S2140143903E4901F0D7F8238893B1B8F1020F0FD93F
S2140143A033783B4913F0010F3A4A18BF0A465907BA
S2140143B04FF000004CBF3379B378374901F0C2F8AB
S2140143C00020364901F0A4F80023354931F833209E
S2140143D0AA4249D1334A52F833B0002331F83300A8
S2140143E0DA00A84246D100202E490A44908041F8BE
S2140143F0330047B9238833B9B4F90230002B02DB06
S2140144000820FAF7DFF90120FAF7F6F99EB13578B8
S214014410EB0710D515F0040004D0424601213046C2
S2140144201DF075FFCDE901704346224651464846C8
S21401443000961DF085FCBBF1000F06D043462246D0
S21401444051464846CDE90067D8474346224651467D
S2140144504846CDE900671DF08CF905B0BDE8F08F40
S214014460114A90E7114A8EE701330A2BAED14FF07D
S214014470000BB2E701330A2BB0D1BAE7E19B030088
S214014480B4DA030042A40300A2DA0300C2DA03008E
S214014490A5DA0300ADDA0300F3DA03008DDB0300CF
S2140144A0E8380020E43800209BDA03009FDA030096
S2140144B0014B1878704700BF98550020014B1878BB
S2140144C0704700BF98550020014B1870704700BF19
S2140144D098550020F8B506460C461DF0A8FE054680
S2140144E0C8B930461DF0CFFB0B2815D80B4B03EB94
S2140144F000131F7B87B95A88012122809A8830468B
S21401450062809B79237100F037FA39466071304634
S21401451000F032FAA07101252846F8BD3439002092
S21401452070B504460E4615461DF0ADFB0B2802D9A4
S2140145304FF6FF7070BD094B03EB00131A7B002A80
S214014540F6D146B901222946204600F03DFA002858
S214014550EED00088EEE7012EEAD1F4E734390020E8
S214014560FF2313B50DF1070104468DF807301DF042
S2140145705CFE18B19DF8070002B010BD074B03EBB7
S21401458004131B7B0BB1FF20F6E7204600F03AF937
S2140145900028F8D0204600F0E9F9EDE7343900208C
S2140145A013B5F6F725FC0446F6F728FC2246034623
S2140145B01249002000F0ACFF00F002FFFFF75AFDA1
S2140145C000F0A6F80221084602F0C4FCFFF704FD3D
S2140145D041F249001EF0DFFA4FF0FF130093FF236C
S2140145E068468DF804301EF0BCFA4FF400401EF009
S2140145F09AFA00201EF0B7FA02B010BD42DB0300A3
S21401460038B505461DF035FE90B928461EF0DFF98F
S214014610044628B140F60443984214BF88248D24EA
S21401462023462A460020034900F072FF204638BD83
S2140146308D24FBE75ADB03002DE9FF4705460E46AE
S21401464017469846BDF83090DDF834A0BDF83840DE
S214014650CDF80090CDE9014AE4B2FFF773FE434678
S2140146603A4631462846CDE90094CDF808A01FF019
S2140146703FF9FF21034B044A044804B0BDE8F04764
S21401468000F098BD284F0020244F0020BD56002082
S214014690044B01461888102240F0404040F4801038
S2140146A0F7F7B6B95A2D0400024B18685968FFF798
S2140146B0F5BD00BFBA6F04000123064AD15C8142F2
S2140146C002D1054AD05C704702335F2BF6D1002039
S2140146D0704700BF5E3004005F30040070B50022F2
S2140146E00446094B1D78094BD0B2854201D8FF20FC
S2140146F070BD1E78A64204D10029F9D05E7BF6076C
S214014700F6D401321033EFE79955002034390020F2
S2140147102DE9F04198B06B46304A1068516803C3E2
S21401472090680CAA18602E4B14469C4603F1180696
S214014730154618685968083303C5B3422A46F7D1A7
S21401474012AA1746274B03F118061546186859682A
S214014750083303C5B3422A46F7D1234A03AB106890
S21401476051684FF0010E03C3906871681860DCF859
S2140147703000002206AB03C30C21EC46B068CDE93D
S21401478009221860194BDFF86C801970184B0DEB75
S21401479001060B9206AD09A91CF8010B013218702F
S2140147A034F8020B0C2A588037F8020B83F80DE018
S2140147B0988016F8010B03F1100303F80A0C15F89C
S2140147C0010B08EBC00043F8080C11F8010B03F8C5
S2140147D0040CE1D118B0BDE8F08100BF74DB030022
S2140147E0863204009E32040081DB030099550020C6
S2140147F034390020C8300400014B1878704700BFD8
S21401480099550020034B03EB0013587B00F0010081
S214014810704700BF34390020F0B504460846D9B1C8
S21401482000220E4B11461F780D4B1D46D6B2B742DD
S21401483001D8002010E01E78A64206D09E68F688B1
S214014840314489B201321033F0E75E7BF607F9D5C1
S21401485005EB02150180A868F0BD00BF9955002040
S214014860343900202DE9F347894690461D46074610
S21401487018B9002002B0BDE8F0870029F9D0002A57
S214014880F7D0002BF5D0002400780DF10601ADF825
S2140148900640FFF7C1FF0028EBD039460DF10602AE
S2140148A0BDF806601DF0FAF807460028E1D00DF1C4
S2140148B00602BDF806A01DF018F90028D9D0C9F8DF
S2140148C00070C8F80000037913F0200219D1DB0646
S2140148D014D4BDF806300C4A564413FA86F612FA7A
S2140148E086F20BE01A790C33920642BF13F8092CB4
S2140148F0891889B29842F5D8044A0A4401202A60E8
S214014900B8E72146024BF5E7BC5600209A55002031
S2140149101832040008B50021FFF7E0FEFF2817BF94
S214014920044B084603EB0013587B18BF00F0010048
S21401493008BD00BF343900202DE9F0410D4616466A
S2140149401F461DF0A0F90B280AD8074C3B4604EB7E
S214014950001032462946BDE8F04180681DF06DB969
S2140149600020BDE8F08100BF34390020014B000172
S214014970185C70473439002070B50C461DF083F979
S2140149800B281BD80F4B03EB00139A68C2B1002308
S214014990142618461579D9B28D4200D870BD116813
S2140149A006FB0311097B34B111F0400F1CBF013027
S2140149B0C0B20133EFE711F0800FF7E70020EDE713
S2140149C01046EBE734390020F8B50D4616461DF0C3
S2140149D05AF90B280BD80F4B4FF0140C03EB0013AE
S2140149E09A6800231C461779D9B28F4201D8002055
S2140149F0F8BD10680CFB0300017B46B111F0400FB7
S214014A0003D0AC42F4D00134E4B20133ECE711F048
S214014A10800FF5E7343900202DE9F04F06460024D3
S214014A20384B87B01B78DFF8E0800093009B9C42F0
S214014A3007D2FF2E08D030461DF025F90B28044674
S214014A4006D907B0BDE8F08F08EB04131B7B1BBB30
S214014A5023014FF00009019308EB041A12E0142217
S214014A601B6802FB05352B89B3F5967F01D923F028
S214014A70E2FE00274FF00C0B2989BAB291420ED8FC
S214014A8009F10109019B5FFA89F543449B681A798C
S214014A90AA42E4D8FF2ED4D10134E4B2C6E7BAB2B2
S214014AA00BFB02F26B689918087910F0100F22D1EF
S214014AB09AF800E09A5A8DF80CE0B5F800E010F08C
S214014AC0400F4FF00003ADF80EE00CBF4FF0400E64
S214014AD04FF0800EADF814304307ADF812208DF874
S214014AE010E0CA7809D5022A896800D90968002227
S214014AF003A81DF077F80137BEE7022A8CBF896844
S214014B000831F4E79955002034390020052370B5A3
S214014B10094A06881488B44208D19578047B2C404B
S214014B203F2C03D90D4201D0506870BD013B02F104
S214014B300802EFD11846F8E73C32040070B50024AD
S214014B40074D084E2B78E0B2834200D870BD06EBC5
S214014B500010437BDB0701D51DF074F90134F1E742
S214014B609955002034390020F8B50C460021064638
S214014B70FFF7B4FDFF2828D0154D010105EB001302
S214014B805B7B03F001025CB143F001030D44A242DA
S214014B906B7303D0BCB128461DF054F90120F8BD53
S214014BA02346F3E77B4311683046CA1892F90C2076
S214014BB0C95AD20F1CF0E2FD0134AA68E3B211799A
S214014BC09942EFD8EAE71427F7E70846E7E700BF78
S214014BD0343900202DE9F04F0024B1F57C4F0E4604
S214014BE038BF4FF0010BA246A1464FF6FF781F468D
S214014BF028BF274B85B028BFB3F800B000900192BC
S214014C005C4503D3404605B0BDE8F08FB6F57C4F52
S214014C100CD3204B3A4603EB840331465B8800985D
S214014C20FFF78AFE054680B300232AE03A4631465E
S214014C3000981DF058F8F5E70C229CB254436A68B8
S214014C400199105B02EB040C884219D3B9F1000FED
S214014C5001D0504514D861462846CDE902321CF0F1
S214014C60F6FE029B60B1039A125BB9F1000F03D006
S214014C70524501D3804503D9924680464FF001093B
S214014C8001332A899CB2A242D6D80134A4B2B7E72E
S214014C90BE300400C03004002DE9F04F91461A469C
S214014CA000238BB08DF82020BDF850208DF81C0015
S214014CB0ADF81E10ADF8242005460F461A4604A985
S214014CC007A8159C9DF858609DF85CA09DF860B0FB
S214014CD09DF864800493ADF822901CF037FF049889
S214014CE050B92B46CDE90079644A654900F010FCBD
S214014CF086200BB0BDE8F08FBAF1000F14D183788F
S214014D00B34206D050465D4A5E4900F001FC8D2054
S214014D10EFE7037913F0010306D11846574A5A49BB
S214014D2000F0F6FB8820E4E703795B072CD583685F
S214014D305A689B680592069380781DF08AFC049B4E
S214014D400546DF782146022F03463A4610D805A8C5
S214014D501DF03BFC81462B463A46214606A81DF02F
S214014D6034FCB9F1010F01D001300DD18720C0E725
S214014D7005981DF02AFC0128F8D02B463A46214614
S214014D8006981DF022FCEFE7BBF1000F6FD1049FE0
S214014D904FF6FF722146B8781CF0F9FD00286BD05B
S214014DA0BDF82430C5B20093CDE902549DF82030F9
S214014DB0BDF82220BDF81E109DF81C0001961DF0BE
S214014DC045FA002895D1BDF82430CDE90254009368
S214014DD0BDF822209DF82030BDF81E109DF81C005D
S214014DE001961DF009F8002883D121469DF8682018
S214014DF007A81CF0F7FE00287FF47BAFB8F1000F80
S214014E0007D03B462046BDF81E209DF81C101CF01E
S214014E107AFFBDF82430BDF82220BDF81E109DF89B
S214014E201C000093CDE901649DF82030FEF75EFC7E
S214014E30BDF82430BDF82220BDF81E109DF81C00D8
S214014E400093CDE902549DF8203001961DF0FDF93E
S214014E50BDF82430BDF822200093BDF81E109DF841
S214014E6020309DF81C001CF09FFF002041E7002029
S214014E70064900F04DFBF8E701203AE78EDB030018
S214014E809ADB0300C6DB0300DADB0300EEDB03007C
S214014E907FB500258DF80830BDF820308DF8040068
S214014EA0ADF80610ADF80A20ADF80C306946BDF82D
S214014EB02830099A01A80B9E00951CF047FE04466F
S214014EC030B916B1009B9B783370204604B070BD94
S214014ED08928FAD12846024900F01AFBF5E700BFF7
S214014EE00BDC03002DE9F04F4FF0000AC7B0FFF7C7
S214014EF083FC5FFA8AF6B04202D847B0BDE8F08F6D
S214014F005B4B36019A5D00205A4900F001FB0020F8
S214014F10594900F0FDFA00230593554B9DF81440BE
S214014F2033449B681A79A24202D80AF1010ADEE7E5
S214014F3014224FF000091B6802FB043422891FFA71
S214014F4089F39A4202D8059B0133E5E70C231FFA41
S214014F5089F803FB08F8D4F804B023F06CFC0BEBDB
S214014F6008052B79454913F0400F3BF80830228895
S214014F704FF000000093424B18BF0B46414900F02A
S214014F80E1FA294620461CF062FD074600283CD17E
S214014F903D4900F0D7FA2979DFF814C111F0010F65
S214014FA03A4808BF604611F0020FAA78EB7832D172
S214014FB0DFF800C111F0100F354918BF6146CDE981
S214014FC000010020334900F0BDFA294B3BF80820C8
S214014FD0985D2B794FF0000B13F0400F4FF0FD0357
S214014FE00DF118082188CDE9023BCDE900780CBF08
S214014FF040238023FFF74CFF86280ED12649002048
S21401500000F086FA09F1010998E7024623490020D3
S21401501000F098FABFE72249D1E7A8781CF009FD0D
S214015020D8B140461DF079F9421C92B2012341469F
S214015030002000F0D5F93946208801F00BFA4FF62A
S214015040FF73984207D0174B174903EBC0035A6802
S214015050002000F05DFA1549D1E7A8781CF0EFFCB6
S21401506020B140461DF05EF9821CDEE7EA78DDE7F6
S214015070343900205DDC03006BDC030035DC030003
S2140150803ADC0300ABDC03000FCE03003FDC030079
S21401509045DC0300BFDC0300DBDC03007CE103002E
S2140150A04DDC030000330400E0AD03008DDB03009C
S2140150B042DC030055DC03002DE9F04FC7B0BDF814
S2140150C044A10646BAF1040F0D4614461F46BDF824
S2140150D040B163D9CDE9013B00920B460246304907
S2140150E0002000F015FAFD230DF117090DF118083F
S2140150F03046029322463B462946CDE900B8CDF814
S2140151000C90FFF7C5FE0646B8B9FD22414699F850
S21401511000001CF03CFC0746C0B1AAF10403834220
S21401512038BF892620461DF0B5F88EB1304600F00E
S2140151301BF9304647B0BDE8F08F009023462A465B
S2140151400020184900F0E4F90027EBE78926E9E793
S214015150DFF85CA0BA1CBAF80030C3F1FF039A422C
S21401516019DA304600F000F999F8000000F0FCF872
S214015170BAF800900C483A4641464844B94404F00F
S21401518093FFAAF8009023462A463046074900971F
S21401519000F0BEF9CDE7892000F0E6F88926C8E7D9
S2140151A0E7DC030022DD0300BD56002049DD0300D5
S2140151B0244F002010B5044C2060044801800449A7
S2140151C00A60044A136010BDFC390020224F0020FB
S2140151D0F8390020F439002030B587B00AAC0D4606
S2140151E054F8041B0093CDE90114134609490246FD
S2140151F009480988006805941CF04AFF4FF48A5252
S214015200064B1B681880064B1B685D80DA8007B06A
S21401521030BD00BF224F0020FC390020F8390020A5
S214015220F439002008B410B587B009AB0C4653F822
S214015230041B0092CDE9011302460B490B48059366
S2140152400988002300681CF023FF4FF48A52084B9C
S2140152501B681880074B1B685C80DA8007B0BDE8C6
S214015260104001B0704700BF224F0020FC390020DB
S214015270F8390020F4390020044A0346116804482E
S214015280044A0988126800681CF029BAF839002017
S214015290F4390020FC390020044B054A1B681268CB
S2140152A01988044B18681CF08DB900BFF839002026
S2140152B0FC390020F439002007B5074B1B681B8812
S2140152C00192064A12680092054A12681CF0DBF940
S2140152D003B05DF804FB00BFF8390020FC3900205C
S2140152E0F43900201FB51446064A12681288CDE923
S2140152F001430091044B05491B6809681CF09FF99E
S21401530004B010BDF8390020FC390020F439002023
S214015310014B1868704700BFF4390020024B1B6828
S21401532018715971704700BFF439002010B5002478
S214015330084B1C70FEF780FD074BFF2218802146A4
S214015340064804F013FD064B1C80064B1C605C608F
S2140153509C6010BDC7570020264F0020BD56002078
S214015360244F0020284F002007490B88FE2B9FBFA3
S214015370064AD054581C80B29DBF088000F1FF3009
S21401538080180020704700BF244F0020BD56002023
S214015390F8B5094F0D463B885C18FE2C0ADC074E13
S2140153A00A46A4B20146F01804F08AFB3C80641B4E
S2140153B0A019F8BD0020FCE7244F0020BD560020B0
S2140153C0024B034A00201A60704700BF003A0020D3
S2140153D0C4300400014B1878704700BF34390020F0
S2140153E030B4044C044D002B18BF25462B4630BC68
S2140153F01CF0BCBF1CDE0300D19C030070B5054643
S21401540008460C461CF089FF611C0246024B2846E2
S214015410BDE870401CF0AABFBFE4030000B50378E6
S21401542089B0069343783E2205938378084904930E
S214015430C3780393037902934379019383790093A5
S214015440C3790448008800F07DF809B05DF804FBD4
S21401545077DD0300344F0020024B024602491888CC
S21401546000F056B8344F0020FBA203002DE9F843A4
S21401547005460F4690460024DFF84C900E4EAC428F
S21401548001D1BDE8F883B9F8000007EBC401082292
S2140154900A4B1CF06BFF0134B9F80000B8F1000F9D
S2140154A007D1074AA54208BF3246064900F04AF826
S2140154B0E5E73246F9E700BFC18F03001CDE0300B3
S2140154C08DDB0300FAA20300344F002070B50D4EA9
S2140154D0044630881CF062FF90B10025E3070AD528
S2140154E018B90949308800F02DF830882A4607494E
S2140154F000F028F8002001351B2D4FEA5404EDD1A9
S21401550070BD00BF344F0020BFDA0300C9A70300F7
S2140155100EB417B505A9044651F8040B019103F022
S21401552081FA01210220054AF8F772FF044B1C801C
S21401553003B0BDE8104003B0704700BF8DDB030029
S214015540344F00200EB417B505A9044651F8040BD4
S214015550019103F067FA034B1C8003B0BDE81040CD
S21401556003B07047344F002013B5036804465879DA
S21401557000F040FF90B923685A88032A0ED0E17CD8
S2140155805B79CDE900211649164AFFF7C1FF0121D3
S21401559020461CF0A3FF012002B010BD637D012B45
S2140155A00AD0637D33B92368228A598858791CF05A
S2140155B076FB48B9C3200AE02368228A59885879BD
S2140155C01CF076FB0028ECD020461CF0E9FE064BCA
S2140155D01B78002BDFD110F5807FDCD0C1B2D7E776
S2140155E0A4DD03009CDD0300BE570020002938B56A
S2140155F00E491D460E4B14460CBF6E22792200281A
S21401560008BF0B4600200B49FFF79CFF2544AC4220
S21401561005D1BDE8384000200749FFF779BF0020D3
S21401562014F8012B0549FFF78DFFF0E7DDDD0300D8
S214015630D3DD0300E6DD030070C203001ADE0300BB
S2140156402DE9F04FC27C8BB00592427D0368002A9B
S21401565014BF8022402290F81490044686688589FB
S21401566058794F46B3F80280069200F0C3FEA0B9FF
S214015670059B052B05D86FF02D03059A1341DB0713
S2140156800BD5B8F1030F08D0AA490020FFF740FF59
S214015690012120461CF022FF76E0E07B18B1238A28
S2140156A0002B00F0B7810023DFF894B28000ABF83E
S2140156B00030637DB3FA83F35B0940EAC30000F070
S2140156C0FC00FFF751FEE37B1BB3208A1CF0E2FDD2
S2140156D08246A07CFFF748FE059A162A00F29A81B8
S2140156E0DFE812F019009E016B005600D1016B0035
S2140156F09201DA019A01E301EC01F50138010C028D
S2140157009801980198012002660220028002380161
S2140157100C029A46DDE700204346874A8749FFF791
S214015720F7FE0120FFF720FE07F10209A94529D857
S21401573039462A4630461CF0EAFD074623683A46B3
S2140157405879BBF800304146C3F1FF039BB2019381
S214015750238A0093069B1EF005F910B11FFA89F7FC
S214015760E2E723683A465879BBF800304146C3F170
S214015770FF039BB20193238A0093069BFFF79CFCD1
S2140157808928EBD11CF0A4FE01200BB0BDE8F08FF8
S2140157904FF0000B0420FFF7E7FDEB1E0893089B74
S2140157A09F424DD3BBF1000FECD1E37B277D002B4D
S2140157B00CBF02220422624B1A804FF0000A04201A
S2140157C0FFF7D2FDD14607F1030B5D4540F29C8001
S2140157D02A46394630461CF09AFDF3199B78EA1E94
S2140157E0B344D21B07905946184692B209931CF04F
S2140157F0CEF80890002878D02268099B5079CDE928
S21401580001B3238A41460093DDE906321CF0CEFB44
S214015810834642460020079B4A49FFF793FEBBF1A9
S214015820000F52D10AF1010A584647495FFA8AFA2F
S214015830FFF76EFE089B033713FA87F7BFB2C2E77E
S2140158402A46394630461CF062FDF31993F8029059
S214015850089BF91CDA1B3144824692B248460991EC
S2140158601CF095F8079068B3236809995879CDF824
S21401587008900191238A524600934146069B1CF0EC
S214015880E5FB8146C0B10BF1010348465FFA83FB95
S214015890FFF76AFD50461CF0FDFC534642460020C9
S2140158A02849FFF735FE4A4600202849FFF730FE13
S2140158B0B9F1800F3FF476AF079B033713FA87F7EA
S2140158C0BFB26CE74FF08009DDE75846FFF74CFDA5
S2140158D007981CF0DFFC09F101095A4600201B4914
S2140158E05FFA89F9FFF714FEA4E78720FFF73CFD6E
S2140158F007981CF0CFFC09F1010987221349089883
S2140159005FFA89F9FFF704FE059B052B3FF43CAFD0
S214015910B9F1000F7FF436AFBAF1000F05D10C498B
S2140159205046FFF7F5FD8021B3E64846FFF71CFD1C
S21401593028E700BF8893030027DE030074DE030018
S214015940244F002031DE030074DD03004DDE03002A
S21401595057DE03000599B14AB14B0020152918BF3F
S2140159601346CDF80080AF4AAF49FFF7D1FD059B3E
S2140159700C2B14BF16200D20FFF7F6FC2A464946CD
S21401598030461CF0C4FC059BB1440C2B054699F827
S214015990026035D1192E28BF1926E37BB3B14FF625
S2140159A0FF73278A9F4211D120682A464146069BEB
S2140159B04079FFF70FF9B84208D0BAF1000F05D0C9
S2140159C020828AF80000000A8AF801000020BBF84D
S2140159D00070FFF7C9FC23682A465879059B4146A3
S2140159E0A3F1150CDCF1000343EB0C03CDE90163D5
S2140159F0238A0093069B1CF04DFA8C4BD855C1E6C2
S214015A00132E28BF1326C8E72046FDF7FDFC002805
S214015A107FF4BAAE81213CE62046FDF7B1F9F6E700
S214015A20B8F10A0F06EB0907A5EB090A20D1DFF842
S214015A3000B29BF80030DBB1E37BCBB9BAF1080FBB
S214015A4016D12A46494630461CF061FC80B9BB781F
S214015A5073B9FA78E22A0BD12A4609F104013046D5
S214015A6005931CF051FC1CF01EFD059B8BF80030C5
S214015A70394640461FFA8AF21DF076FF00287FF469
S214015A8083AE002105E6A5EB0902404692B206EB7D
S214015A9009011CF0F9FBF1E7A5EB0902404692B2B9
S214015AA006EB09011CF0B2FBE8E7A5EB090240464C
S214015AB092B206EB09011CF0D7FBDFE7A5EB090262
S214015AC0404692B206EB09011DF050FFD6E7236867
S214015AD016F809505879238A09F1010916F8096060
S214015AE00193069B2A464146009333461CF00CF967
S214015AF03246294640461CF08BFB45E6059809F1DF
S214015B00010216F80910AB1AA0F1160568426841A1
S214015B100039009018BF012140469BB232441CF068
S214015B2079FBABE7059B16F80950112BB14499F8A0
S214015B30017038D11220FFF717FC0026E37BB3B1C2
S214015B404FF6FF73B4F81090994510D12B46424694
S214015B50214630461CF099F9484508D0BAF1000FA5
S214015B6005D020828AF80000000A8AF80100BBF8F6
S214015B700090DFF8B8A0C9F1FE0292B209F1010364
S214015B8000925344424621463046CDE90257CDF8AD
S214015B9004B01CF07DF9BBF800300AF809000133A7
S214015BA0ABF80030EEE51420FFF7DEFB0126C5E773
S214015BB009F101039D422FD316F809701E44003FD8
S214015BC018BF0127EB1A9DB22B46324639460020F4
S214015BD0FFF70CFD009533463A464046218A1CF0F5
S214015BE01DFB4BE709F101039D4215D316F8097019
S214015BF0ED1A003F18BF01271E44ADB22B463246B0
S214015C0039460120FFF7F2FC009533463A464046F6
S214015C10218A1CF001FB31E70020B6E58DDB03008D
S214015C2022DE030068DE030072DE0300BD5600209C
S214015C30BC57002038B54FF6FB750446A9424FF015
S214015C4001019DF8100098BF43F4004321702381A1
S214015C506260A07202230020084A0949FFF758FC37
S214015C60E07A084B40F6CA0203EB4010FF211AF017
S214015C7097FDBDE838400420F8F7A4BD82DE030096
S214015C808DDE0300443A002030B5054685B028B9BC
S214015C901D4905B0BDE83040FFF73ABC0024007B43
S214015CA01CF04BFB2046194A19492C70FFF730FCB3
S214015CB0184BE87AFF2103EB40101AF082FD2046CC
S214015CC0154B02019A5C22B901300428F9D1F8F784
S214015CD093FD696899B1B5F908302A899B1303F0D9
S214015CE002038DF80430C2F30E03ADF806304FF60A
S214015CF0FF73ADF80830002301A80393884705B069
S214015D00BDE830401CF01EBBB8DE030082DE030097
S214015D10EADE0300443A0020043A002009480378EA
S214015D2073B91946084AD3720133042B11731170E3
S214015D3051601181917202F11002F4D101230370B6
S214015D40704700BFBD570020043A002008B5FFF792
S214015D50E5FF002305491A018A5C01EB03101AB11D
S214015D600133042BF7D1002008BD00BF043A002000
S214015D7070B50D460646FFF7D1FF0023094800EB34
S214015D800514A17AB14205D1217819B12B4400EB53
S214015D90031070BD0133042B04F11004F1D100206F
S214015DA0F7E700BF043A002010B50446FFF7B6FF38
S214015DB00E4B9C4212D003F12002944210D003F104
S214015DC0400294420ED060339C420DD10323084812
S214015DD000EB0310BDE81040FFF756BF0023F6E7BF
S214015DE00123F4E70223F2E70020F3E7443A002018
S214015DF0043A002038B50024054D28460021054AFE
S214015E000134F8F725F8042C05F12005F5D138BD45
S214015E10443A0020A95D01002DE9F34105460C46F0
S214015E2017469846FFF792FF064640B91C4A1D4999
S214015E30FFF76EFB0224204602B0BDE8F0814FF664
S214015E40FB739D420AD94FF6FD739D4204D0002094
S214015E50134A1549FFF75CFB4FF6FD75434621468D
S214015E603A4628461CF007FB044600F025FE80460D
S214015E7034B1234600200A4A0C49FFF749FBDAE70A
S214015E803B462046064A0A49FFF742FB06232946B7
S214015E903046089ACDF80080FFF7CCFECBE700BF6E
S214015EA082DE0300F7DE030021DF030056DF030076
S214015EB07FDF0300F7B506460C461746FFF746FF99
S214015EC0054638B9104A1149FFF722FB022420463D
S214015ED003B0F0BD21464FF48A5230461CF090FCC8
S214015EE0044600F0E9FD34B123460020064A08497D
S214015EF0FFF70EFBEBE7009004233A4631462846AF
S214015F00FFF798FEE3E700BF82DE0300F7DE03003B
S214015F10A7DF0300F7B506460F46FFF717FF05464E
S214015F2038B9104A1049FFF7F3FA0224204603B0A5
S214015F30F0BD00224023114630461CF026FE0446E2
S214015F401CF021FE34B123460020064A0749FFF71C
S214015F50DFFAEBE7009001233A4631462846FFF781
S214015F6069FEE3E782DE0300F7DE0300DADF030003
S214015F7073B504460E46FFF7E9FE054638B9104AE2
S214015F801049FFF7C5FA0224204602B070BD002270
S214015F90204611461CF0FBFD04461CF0F4FD34B10E
S214015FA023460020064A0849FFF7B2FAECE70090BC
S214015FB0234632464FF6FC712846FFF73BFEE3E7E1
S214015FC082DE0300F7DE030008E003002DE9F0415E
S214015FD08846107800219EB014461D46FFF7C8FE7D
S214015FE00646002800F0FD800778002F7BD0B8F821
S214015FF00010002940F0F5800389B8F8022043F428
S2140160000040824240F0ED80617800296BD1A2F514
S2140160100042062A00F2E580DFE812F0A100A100A6
S214016020E300E3000700B8006900E3880D3DADF822
S2140160302430238915F00105ADF8263063798DF8F3
S2140160402830E37A03F1060214F812208DF8143092
S2140160508DF81C2042D10BA98E46069104F10C0046
S2140160605FFA85FC9C4500F1020009D210F8018C0C
S21401607010F802CC01350CEB082C2EF802CBEFE71A
S21401608001EB43011A440891D2B2590001F10D0007
S2140160909A42C0B20BD025186D78205C78316944DD
S2140160A000EB0520013321F84C0CDBB2EDE7B6F925
S2140160B008203389002AACBF01220322C3F30E0352
S2140160C08DF808206288ADF80A3005ABADF80C20D3
S2140160D0049302A930461CF0B9F904E0424A434948
S2140160E00020FFF715FA38461EB0BDE8F081042DF2
S2140160F002D83D4A3E49F3E72379053DADB29D42BC
S21401610002D0394A3B49EBE7B4F802803A4A3B4BA6
S2140161100020002D08BF13463949334ACDF80080C8
S214016120FFF7F6F905348DF814503389B6F90820CF
S21401613006947DB1002AACBF01220322C3F30E03ED
S2140161408DF82C20ADF82E30ADF8308005AB0D93D0
S2140161500BA9BFE7002AACBF06220522EEE70B2DEE
S214016160C7D9D4F80200D4F8061013F4004F05AAD4
S21401617003C20CBF042203228DF82C206289C3F3CC
S2140161800E03ADF83020ADF82E30DFE7042DB0D980
S2140161906388ADF8303023790533DBB29D4206D0F3
S2140161A00020114A17490095FFF7B2F99BE70E4AFE
S2140161B000201549FFF7ACF9B6F908203389002A03
S2140161C0ACBF01220322C3F30E03ADF82E3005AB9C
S2140161D00D93631D069323798DF82C208DF81430CA
S2140161E0B6E700277FE700BF82DE030035E0030045
S2140161F05DE0030071E003004D9B03008DDB0300AF
S21401620098E00300B5E00300F6E00300304BF0B57C
S214016210B0FBF3F24FF4616503FB1200B0FBF5F33C
S214016220DCB205FB13033C25B3FBF5F3DBB2A0EBB5
S21401623004104B71C3EB0313A0EB83004FF4FA6316
S2140162400B8040F201134B8001230C711F46002482
S2140162506425204E8871944200D1F0BD88780BB138
S21401626002282ED006EB000C1CF801EC91F803C0B6
S214016270F44505BF4FF0010C01300CF1010CC0B222
S21401628014BF5FFA8CFC88700D2881F803C016D104
S2140162900B888F7001339BB298070B8014D1B3FB28
S2140162A0F5F005FB103080B280B94FF4C870B3FB2F
S2140162B0F0FC00FB1C339BB2B3FA83F35B09013499
S2140162C0C9E74FF01D0ED1E70023F8E70123F6E7F3
S2140162D080510100C232040010B5044688B006A9F8
S2140162E0FFF794FF9DF81E300A4803939DF81D3072
S2140162F0049402939DF81C309DF81A200193BDF872
S21401630018300549009300889DF81B30FFF700F907
S21401631008B010BD344F00200FE10300026808B535
S2140163201188154B19805188598051791971117945
S21401633059714FF48A51D980D28812F0200F0CBFC0
S2140163400A464FF48B528169DA800C4A137831B9C8
S214016350C0880B4923F002030880137008BD43F080
S2140163600203137007481522013103F0A9FB00232D
S214016370044A02F8013CF1E7284F0020C7570020E5
S214016380264F0020374F002010B5184C2368587947
S2140163901BF079FC0B2822D8154B03EB0010027B6F
S2140163A0237F9A421BD12368428819888A4205D0E6
S2140163B04FF6FF70814212D1120410D42279023AAC
S2140163C0012A06D9A37B63B9BDE810400748FFF749
S2140163D037B9198958791AF083FD0028F2D10020BF
S2140163E010BD0248BDE81040FFF7BEB8C83A00200D
S2140163F03439002008B51BF046FC0B2896BF024B2B
S2140164000020185C08BD00BFCC57002008B500204E
S2140164101BF093FFFF201BF069FC1BF093FF1BF0A2
S21401642036FEFEF7E9F901210246064803F09EFC16
S214016430054BFF21054A0648FEF7BCFEBDE80840AD
S214016440FEF77CBBCC570020284F0020244F0020AD
S214016450BD560020F0B5002204464FF6FF750B4FDF
S21401646090B237F830600346AE4201D12846F0BDFF
S214016470A64209D1B4F57C4FF9D307EBC3035B8879
S2140164808B42F4D00029F2D00132E9E70033040050
S21401649010B50446FFF7DEFF094A034610884FF69B
S2140164A0FF72934214BF074A2246BDE8104017BF49
S2140164B002EBC30304495A680449FFF743B800BF17
S2140164C0344F00200033040032E10300E0AD030046
S2140164D0034B18780130C0B2187000F07F00704787
S2140164E061610020044A137818B143F00103137068
S2140164F0704703F0FE03FAE7C7570020014B1870F8
S214016500704700BFCA57002038B1074B1B78012BD4
S21401651004D1038843F0400303807047022BFCD16B
S214016520038823F04003F7E7CA57002068B1074AFB
S2140165301378012B07D1064B1B781370037843F0B1
S2140165401003037001E0022BF8D07047C9570020F2
S214016550C85700207FB50121264B274E1970337886
S2140165600246D90744D42549096881B10868C1881B
S2140165708D0641BF224CE18841F02001E180C188AF
S2140165804C0641BF1E48C18841F04001C1801D4DE7
S2140165901D492878097840074CBFE97069701B4986
S2140165A013F00204098809D0164A19481BF046FE62
S2140165B0337823F00203337004B070BD154B18888E
S2140165C04FF6FB73984208D80B46CDE900520146B8
S2140165D00B4A20461BF057F8EEE74FF6FF73CDE95E
S2140165E0014200930A46074B05491BF028F8E3E7EA
S2140165F00020E1E7BE570020C7570020C43A00201C
S214016600284F0020BD56002062610020244F002044
S214016610364F0020264F002070B503790446012B23
S2140166200D46164631D883681B78DB0600D561B364
S214016630A37B13B9E37C0B2B27D00022144B1A80C3
S214016640637DB3FA83F35B09D800E37BABB9FEF74E
S2140166508BFEA07CFEF788FE0B20FEF785FEE07C15
S214016660FEF782FE2846FEF77FFE2046FFF756FE1F
S2140166703046BDE87040FFF76DBF40F00400FEF7FE
S21401668073FE208A1BF006FEE3E7002070BD00BF04
S214016690244F0020024B0A4601461868FFF7BCBF8C
S2140166A0C43A0020F0B4054618460F4B0C461B783A
S2140166B0BDF81010012B0D4E01D0377827B10023FD
S2140166C033700020F0BC70470CB9002AF9D143B1F1
S2140166D04FF65743994204D02B462246F0BC1BF096
S2140166E093BD0120EEE700BF63610020CB57002079
S2140166F02DE9FF47664C4FF0000A2546844696462C
S21401670099460F46634B644E83F800A00FCE0FC523
S21401671096E80F00DDF8348085E80F00BDF83030CC
S2140167207246009339464B466046CDE9018400F037
S214016730D9F85A4E814668B90025FEF7F7FD1622AC
S2140167400021574803F012FB00232846336004B0AB
S214016750BDE8F087534BA27C34601A70524B1B780D
S214016760002B36D01BF0A1FE504902465046FEF7DC
S214016770E9FE22685046537952884D490092A28913
S214016780FEF7E0FE50461BF009FE20B12368218A81
S2140167905888FFF77DFEE37B23B10020228A454916
S2140167A0FEF7D0FEA36800201A78E37C42490093E6
S2140167B0A37CFEF7C7FE207DA289A168121A0144B8
S2140167C00123002092B2FEF70BFE00203B49FEF7A4
S2140167D09FFE2F48FFF7A2FD2D481DF0BEF8054687
S2140167E030BBB8F1000F25D12168E0880B880190F5
S2140167F04988BA1E032A00918CBF0022012201217A
S214016800E07CFFF74FFF38B923685B79FF2B39D05F
S214016810FFF7BAFD054690E72368DB889A06F3D4AE
S2140168200121274C1A4821701BF058FE84F800807D
S2140168304D4682E7B8F814309B07E5D47CE740461E
S214016840FEF794F807464046FDF7DCFF88B123685B
S2140168503846228A59881BF019FA50B10C48FFF7BE
S2140168605DFD23688AF804705F71FFF78DFD28438C
S214016870C5B209F10109FDF7BFFF5FFA89F8804546
S214016880DDD35AE74FF00009DFF838A0F3E700BF81
S214016890C83A0020BE570020E0320400C43A002067
S2140168A0364F002062610020606100204BE103004A
S2140168B054E1030075E1030081E1030097940300AE
S2140168C0CB570020284F00200023054AD15C814287
S2140168D002D31A44507870470233DBB2F6E700BFA2
S2140168E0CE32040073B515462E781A4616F0040FFC
S2140168F00CBF032605269E42089C08D9204A21493A
S21401690000960020FEF704FE002002B070BD217143
S2140169100121BDF818302060E380A560A2812B78A4
S21401692003F00103A3732878C0F38003E3732B7885
S21401693010F00400C3F3C0036375217517D0284611
S2140169401BF0E5FC217D20820231C9B24B1CDBB273
S21401695023756A5C0231C9B2A2742175EB5CE374DB
S214016960A389994205D90091054A0749C9E72082BA
S214016970ECE7079B0120A36100232377C5E700BF4F
S214016980E19B0300ABE10300C7E103002DE9F341FE
S21401699000241F4FDFF89C80E0B21CF032F8FF287D
S2140169A005460FD12346012102201A4AF7F730FD8A
S2140169B0194B0134187819F0F7FA152CECD102B0FE
S2140169C0BDE8F081154B46B233EA260328BF43469D
S2140169D001210093022057F82430114AF7F718FDD9
S2140169E0002EE5DA0923E340DB070AD50D4A0E4BF4
S2140169F015F0010F18BF1A4601210220F7F708FD0E
S214016A00D6E70A2CD4D1094A094B15F0010FF1E754
S214016A101033040020E20300646100204D9B030054
S214016A2048E20300F9E10300E3E1030015E2030095
S214016A300BE203008DDB030008B554220021024857
S214016A4003F094F9002008BD2450002008B5542214
S214016A50FF21024803F08AF9002008BDD04F00202C
S214016A60024B23F810100020704700BFD04F0020C3
S214016A70002310B4074ADCB2A14203D85DF8044BE8
S214016A80FFF7DABF2A2BF9D032F8024B20F8134071
S214016A900133F0E724500020002310B5054A99423F
S214016AA001DD2A2B00D110BD32F8024B20F813402D
S214016AB00133F4E724500020024B187800F07F00E1
S214016AC0704700BFD8570020034B18780130C0B27A
S214016AD0187000F07F007047D857002030B51C466C
S214016AE000238BB0ADF82220021D92B2012A0E9D22
S214016AF0ADF82030ADF81E10ADF81C3003D94FF6B6
S214016B00FF7290420FD10022CDE90352CDE9012454
S214016B10094B01461B784FF6FF70009307AB1BF03D
S214016B2090FF0BB030BD0146CDE9015318460094E5
S214016B3007AA1BF0A2FFF4E76561002038B50546F9
S214016B404FF480500C4603F0E3FB4FF4805328606B
S214016B50236030B940F2A511BDE83840014821F064
S214016B605DBE38BD37E3030000487047E2510020A0
S214016B70014B1878704700BF7E610020014B1888D2
S214016B80704700BF0A610020014B1878704700BFAC
S214016B9077610020014B1878704700BFDC57002052
S214016BA0014B1878704700BF72610020014B1870C6
S214016BB0704700BFDF570020014B1870704700BFB9
S214016BC0DE570020014B1888704700BF086100207F
S214016BD02DE9F74F4FF00008394B3A4F93F80090E4
S214016BE0394B3A4E3A4D3B4C3B483C49DFF8F4C0F2
S214016BF0DFF8FCE0DFF810A1DFF810B10193019B8C
S214016C002037203301935FFA88F3994506F1200671
S214016C1005F1200504F1200400F1200001F1200116
S214016C200FD8002211462E4B2E4D1C782E4E2F4B80
S214016C302F4FD0B2844203F1200338D803B0BDE809
S214016C40F08F2C4B2C4A47F81C3C002346E90723BF
S214016C502A4A47E9063E45E90723294A46E905E364
S214016C6044E90723274A45E905E340E90723019A52
S214016C7044E905E340E905E341E908CA41E9063E7E
S214016C8047F820CC47F8103C46F820CC45F820CCF5
S214016C9044F820CC40F820CC41F8103C08F101081B
S214016CA042E908CB42E9063E42F8103CA7E743E931
S214016CB0085643E9061743F8101C0132B9E700BF2E
S214016CC082610020A03E0020A03D0020803E0020E2
S214016CD0603E0020003E0020E03D0020C03D002038
S214016CE07C6100201C4D002009980200203E0020F7
S214016CF08DDB03007D500300554F03004560020005
S214016D00E5790200BD290300B9DD0200494F020002
S214016D10002208B5074B1A605A601BF041FE064B6D
S214016D2018701BF03DFE054B1870054B1A78054B85
S214016D301A7008BDBE4C00201A58002019580020B1
S214016D407061002018580020002100B593B0084655
S214016D506A460AF0F9F90146C8B90E4B0E4A09937C
S214016D600E4B0D920A930E4A0E4B0E920B930E4A41
S214016D700E4BCDE90F230C930D4B6A4611930AF087
S214016D8099FC003818BF012013B05DF804FB012000
S214016D90FAE700BFE74A0300E15B0200EB4C0300A1
S214016DA0A1300200EB2903000D6B02004B4D0300DE
S214016DB011580200084B1878112806D8012809D95D
S214016DC0064BC34003F001007047A0F1430358424D
S214016DD058417047002070471C58002034000200BC
S214016DE008B5064B1B78013B022B05D80020FFF7A0
S214016DF0E1FF0138C0B208BDFF20FCE71D580020A6
S214016E00044B00F1100250F8041B904243F8041B97
S214016E10F9D170471E580020044B03F1100253F8B5
S214016E20041B934240F8041BF9D170471E580020FA
S214016E3030B5002491B0114B0546214614220BA80B
S214016E40CDE9094302F092FF102209ABCDE90044D7
S214016E500693CDE90452CDE90252094B09490AA825
S214016E6018F09CFC04460AA81CF014FB1CB1A021D7
S214016E70054821F0D3FC11B030BD00BF00248000CE
S214016E80004440041E580020A1E3030070B500240E
S214016E9090B0154B05460E46142221460BA8CDE9A7
S214016EA0094302F063FF102209ABCDE900440693C3
S214016EB03146CDE90452CDE902520C4B0AA818F02E
S214016EC06DFC04460AA81CF0E5FA1CB1BA21084874
S214016ED021F0A4FC099B102B03D0BB21044821F010
S214016EE09DFC10B070BD00BF00248000004440042B
S214016EF0A1E3030030B50D4600218FB0124B0446C6
S214016F00142209A8CDE9071302F030FF102207ABBF
S214016F10CDE90242CDE90042049329460B4B08A86D
S214016F2018F03EFC044608A81CF0B4FA1CB1D121A6
S214016F30074821F073FC079B102B03D0D22104488D
S214016F4021F06CFC0FB030BD0024800000444004EA
S214016F50A1E303000022034B1870034B1970034B87
S214016F601A7070472F580020305800202E580020E5
S214016F702DE9F04FDFF89080064698F800300D4670
S214016F8085B0002B3AD04FF6FB73984236D84FF0B7
S214016F90000B1C4FDFF874A03C7898F800305FFABD
S214016FA08BF94B459AF8000011D9484402AA0DF115
S214016FB00601C0B214F01EFB082229460DEB0200A2
S214016FC002F026FF0BF1010B0028E6D14C463B7878
S214016FD0A34208D198F80020631CDBB29A423B70AA
S214016FE004BF00233B70324629469AF800301C4401
S214016FF0E0B205B0BDE8F04F14F0EABB05B0BDE85D
S214017000F08F00BF2E580020305800202F58002047
S2140170102DE9F84F1F4603F10C0B04460E461546A4
S2140170200123DFF87CA00EB9BDE8F88F102EB0461C
S21401703028BF4FF010083946184A5FFA88F951F808
S214017040040B594542F8040BF9D19BF8001014487B
S214017050117000228AF800308AF80E208AF80F5044
S214017060FFF7E6FE2246012301350D48EDB212F880
S21401707001CB10F8011B81EA0C0102F8011C111B5F
S214017080C9B28945F3D8013409F1FF39A6EB0808DE
S21401709054FA89F41FFA88F6C5E700BF3258002073
S2140170A0315800202DE9F04F9046914685B000906A
S2140170B0981A029383B20193009B0F46354903F158
S2140170C00C0453F8045BA34241F8045BF9D11B7826
S2140170D0314E0B7049233370019BF0731B0A304607
S2140170E0B373FFF7A5FE0221BB460D46737888EA07
S2140170F0030373704FF0000A1DE0C5F11004A9EBFD
S2140171000A039BB2A4B29C4228BF1C4600231FFA66
S21401711083FCE8186445C0B21FD82544EDB2A344E9
S214017120102D54441FFA84FA05D1002530460391E8
S214017130FFF77EFE0399CA45DFD307EB080B25B19F
S21401714030460391FFF774FE039901294FF00005BD
S2140171500DD00121DDF80490CCE71BF803C016F82A
S21401716000E001338CEA0E0C06F800C0CFE7029B64
S21401717009491F44094B38461C78224602F094FF01
S2140171802A4621463846009B05B0BDE8F04FFFF77A
S2140171903FBF00BF325800203158002083610020D5
S2140171A030B540780C4601284FF0110387B001F145
S2140171B0100516D1144A01A90BF004F8234601ACB8
S2140171C0224618685968083303C2AB421446F7D101
S2140171D011230D4A002001A90AF0F4FF002007B090
S2140171E030BD0120094A01A90AF0ECFF234601AC93
S2140171F0224618685968083303C2AB421446F7D1D1
S2140172001123024AE6E700BF75E4010079EB0100AD
S21401721030B50C46407887B001284FF011030DBFFA
S2140172200B4A0C4A012001A918BF01A90AF0CAFF9E
S214017230234601AA05AD144603CCAC42186059603A
S214017240224603F10803F6D1002007B030BD00BF87
S21401725075E4010079EB010010B50C4688B01A23DD
S2140172600C4A01A901200AF0ADFF21460DF10E03DB
S21401727004F1100251F8040B914243F8040BF9D1C2
S2140172801A230020034A01A90AF09CFF002008B037
S21401729010BD00BF24E10100F0B58BB004460D46D9
S2140172A01DF0E6FBA8B101A812F054F988B1667B7F
S2140172B0271D16F0020F05D00822384601A902F054
S2140172C0A7FDD0B901AB46F0020603CB606079603A
S2140172D066731A230A4A03A901200AF073FF294696
S2140172E00DF116030DF1260253F8040B934241F8F3
S2140172F0040BF9D100200BB0F0BD2D20FBE700BF39
S21401730024E10100F0B50546071D00220C4638466B
S214017310082193B01DF03AFB6A7B0646D0070BD5D1
S214017320687808A91BF0E7FFDDF83D306B60DDF8F3
S21401733041307B6080B10BE0910709D5D200012175
S214017340384602F080021BF0E1FFFF28687002D188
S2140173502D2013B0F0BDD6B1687801A91BF068FFE7
S2140173609DF81C305B0604D54FF4C6710A4821F01F
S21401737055FA234603AD07AC2A4603CAA242186053
S2140173805960154603F10803F6D10020E1E708A984
S2140173901BF0B1FFCEE700BFFEE30300F0B50646E3
S2140173A08BB01F480F4615460024FFF735FD002C0D
S2140173B014BF4FF05C0C4FF0360C1023184801AA8E
S2140173C010F8011B013B8CEA010113F0FF0302F8E0
S2140173D0011BF5D105A81EF014F9102101AA05A874
S2140173E01EF013F9CCB93946324605A81EF075F9D8
S2140173F02A460DF1140C0DF1240E634603CB73459A
S214017400106051609C4602F10802F6D1631C022B03
S2140174104FF00104CBD10BB0F0BD2A461021E4E7B2
S214017420615800202DE9F04790468946C0B09DF886
S21401743020414A9F1D46DFF880A09DF8243106466C
S2140174402246414638468AF8003002F02DFEB9F150
S214017450000F12D023462A4639463046FFF722FE51
S214017460AC4206D9611B3346012289B27819FFF76F
S214017470CFFD002040B0BDE8F087611B33460122F6
S21401748089B27819FFF7C4FD22463946684602F0EC
S2140174900BFE2A46694630462346FFF703FE9AF856
S2140174A000200DEB040108EB040002F0B1FC0028FB
S2140174B0DFD02C20DEE700BF8361002038B503460D
S2140174C0104601F1100451F8045BA14242F8045B36
S2140174D0F9D104491BB1FFF7D9FC002038BDFFF7ED
S2140174E009FDFAE76158002030B5054689B06946BE
S2140174F01BF022FD6B8804ACABB1224629466846D8
S2140175001BF0BAFC0E4A234603CB516008A98B42F6
S21401751010601C4602F10802F5D10948FFF770FC1D
S214017520002009B030BD6B46054D1A4603CAA2427B
S21401753028606960134605F10805F6D1EDE700BF3E
S2140175406158002050B10B4B0B4A03F1100153F860
S214017550040B8B4242F8040BF9D17047064B054ADF
S21401756003F1100153F8040B8B4242F8040BF9D1D6
S214017570704700BF615800204158002008B510220E
S214017580024802F09DFA002008BD00BF51580020B5
S21401759008B508461022024902F092FA002008BDFA
S2140175A05158002010B5044686B001A9114A11238E
S2140175B001200AF007FE9DF8143001A8E3701EF0C2
S2140175C0E7FB80F001000C4A01A96070112301203D
S2140175D00AF0F8FD9DF8143001A8A3701EF0D8FB40
S2140175E080F00100207010F04FFB6060002006B0B4
S2140175F010BD00BF75E4010079EB010010B504462B
S21401760086B01123134A012001A90AF0DBFDA378F5
S2140176109DF814209A4207D08DF8143000201123CB
S2140176200C4A01A90AF0CEFD11230B4A012001A93B
S2140176300AF0C8FDE3789DF814209A4207D08DF829
S214017640143000201123044A01A90AF0BBFD06B03C
S21401765010BD00BF79EB010075E401002DE9F04192
S21401766086B0064603A80C4612F012FF054600280F
S2140176704AD1BDF80C30980646D510222946204638
S21401768002F074FB01A811F065FFC0B1777B06F12B
S214017690040817F0020F06D00822404601A902F09E
S2140176A0B7FB00282ED101AB47F0020703CB706071
S2140176B0C8F804107773238843F0080323802388CF
S2140176C043F00203238011F01FFB60601DF0D0F928
S2140176D030B10E4B1B68A360238843F0040323805C
S2140176E00B4B1A68D1035EBF238843F01003238037
S2140176F0130203D5238843F400632380284606B08B
S214017700BDE8F0812D25F9E72425F7E7D03E0020D6
S214017710D43E002010B5D0E9023253F8223090B0A2
S2140177201C684022694620461BF058FE034630B1CD
S214017730224600200549FDF7EBFE10B010BD0122E0
S21401774069460820FDF792FEF7E700BF73E40300E1
S21401775038B500F0AFF800280CBF6E227922002061
S2140177601249FDF7D5FE00F0A5F8E8B11BF04AFE78
S21401777000280CBF6E22792200200D49FDF7C8FEB5
S214017780082200200B49FDF7C3FE00250A4C2346BC
S21401779054F8042C002009490335FDF7B9FE182DCD
S2140177A004F10C04F3D138BD3F22E5E7ABE4030056
S2140177B0C2E40300D2E40300F83F0020F1E4030032
S2140177C070B51BF004FE044621490020FDF7A0FE1B
S2140177D02CB92046BDE870401E49FDF799BE00F061
S2140177E0BBF805461C4B62690020002A08BF1A46F2
S2140177F01A492668FDF78CFEA28800201849FDF775
S21401780087FE1849E2880020FDF782FEA3882289B8
S21401781013F010001ABF002013491449FDF778FE33
S214017820E26800201249FDF773FE22690020114923
S214017830FDF76EFE104A114B0020B6F5817F38BF6A
S21401784013460F492A46BDE87040FDF761BE00BFEA
S21401785026E5030033E503007DB6030054E5030087
S21401786072E5030093E50300B0E50300CDE50300F0
S214017870EBE5030009E603001EE5030014E503003B
S21401788027E6030038B5014600230C25084A05FB08
S21401789003F4A0181459013404D10C2202F010F993
S2140178A0002038BD0133082BF1D10120F9E700BFD4
S2140178B0F43F0020034B1878012894BF00200120D4
S2140178C0704700BF7358002038B50446044D287829
S2140178D0A04203D021461BF05AFD2C7038BD00BFD4
S2140178E07358002000B58FB03422002101A802F0A1
S2140178F03DFA01A8EEF7D6FF0598D0B182680E4B87
S214017900B2F5803F34BF92B2C2F38F2241881A810A
S214017910028828BF41F010011A6042689980DA8017
S214017920C268DA6002691A6142695A61027E1846C3
S2140179301A760FB05DF804FB783F0020054B1B78E4
S21401794020B1012B04D80220FFF7BEBF012BFBD8C4
S214017950704700BF7358002010B5084C237853B900
S2140179601BF035FD0123237028B10368B3F5817F31
S21401797024BF037E2370207810BD00BF72580020FC
S21401798070B5184B1B78012B2BD81BF003FD164D39
S214017990024616490020FDF7BBFD0120FFF7CEFF8A
S2140179A02E78FF2E1DD1FFF79DFFC8B18488602277
S2140179B03146C4F340040E482C7002F0D7F9602219
S2140179C031460C4802F0D2F95CB1FFF7C5FF042836
S2140179D007D9BDE8704040F22B11074820F01EBFC2
S2140179E0287070BD73580020846100204AE60300A9
S2140179F0F43F0020943F00205CE603002DE9F04FA1
S214017A00DFF888928DB003AB05460F46144699E819
S214017A10070083E80700FFF7B3FFFFF79DFF954BCD
S214017A20064693F800804B46B8F1010F40F070818E
S214017A30012840F27281B5FBF0F200FB1252002AD7
S214017A4000F06B818C4900228A46D1F800C0BCF157
S214017A50FF3F04D0087A6044854200F01981013264
S214017A60082A01F10C01F0D193E8070006AE0DF1EA
S214017A70240A86E807008AE80700FFF76DFFB5FBD2
S214017A80F0FB00FB1B5BA0EB0B063246394681463A
S214017A900AA809958DF82C6002F006FB00224FF02B
S214017AA00C0E764902E00132082A0ED00EFB02F0D7
S214017AB000EB010C08580130F5D19AE807008CE874
S214017AC007006F490A7801320A70A64204DD4FF4B6
S214017AD0E2716C4820F0A2FEA4EB09025A44374436
S214017AE02E4491B216FA82F2B2FBF9F309FB03F3C4
S214017AF0D21A8D1A49B1791907A806938DF8202054
S214017B0002F0D2FA06A8FFF7BDFEADB2B5B103206A
S214017B10FFF7DAFE802D0AD82A4639465A4802F07F
S214017B20C3FA2A46304658491BF03CFC80460220E0
S214017B30FFF7CAFE40460DB0BDE8F08F4FF00008D3
S214017B40F8E74FF40E714F4820F068FE494B1B785A
S214017B50012B00F0E980002C38D00320FFF7B4FE9B
S214017B60802C30D822463946474802F09DFA2246F4
S214017B70284645491BF016FC80460220FFF7A4FE66
S214017B80DFF8FC9099F8003093B1039CFFF7E4FE10
S214017B903A4B00251F461A68511C04D0197A411A1F
S214017BA0521A94425FD00135082D03F10C03F2D12D
S214017BB0B8F1000F5AD1039B0133BFD003A8FFF7DA
S214017BC061FE8046B6E74FF00108D6E7A046D7E744
S214017BD00C246C433B199DF814A093F808B00AEBEB
S214017BE00B03802B2BDC284B524604A9184602F0C7
S214017BF05BFA211D5A463944504402F055FA0C23CB
S214017C0003FB05739DF814201B7A13449E421ED075
S214017C1040F273211B4820F001FE4FF001080220BC
S214017C20FFF752FE99F8003013B1013B89F8003096
S214017C304FF0FF333A193B51C2E901337AE740F27C
S214017C406D21104820F0EAFD4FF00108D7E7B8F1A2
S214017C50010FE2D0802EE2D832460B4903981BF082
S214017C60A1FB8046DBE7B8F1000FB1D04FF0010869
S214017C7060E700BF84610020F43F0020943F0020AD
S214017C80715800205CE60300F83E002074330400BF
S214017C904FF00C0909FB02A3187AA6EB00085FFA5D
S214017CA088F8A04501D35FFA84F809FB02F909F1C7
S214017CB0040B584442463946504402F0F5F90AEBA3
S214017CC009031A7AA4EB08044244D2B2B242A4B21F
S214017CD01A7219D103200193FFF7F6FD32460AEB1B
S214017CE00B015AF809001BF05DFB00900220FFF71C
S214017CF0EBFD4FF0FF31019B009A4AF80910C3E9EA
S214017D000111002AB2D14744002C3FF417AF454475
S214017D10104B1B78012B7FF41EAFB5FBF6F306FB69
S214017D201353002B7FF40DAF04EB0508B8FBF6F3F5
S214017D307343B8EB03083FF40EAFA4EB08043919FC
S214017D40424604A80393A4B202F0AEF98DF814805B
S214017D5001E700BF8461002070B5134B1B78012B2F
S214017D600CD1FFF70DFE0026104D55F8043C0133EB
S214017D7006D10336182E05F10C05F6D1002411E0C4
S214017D800320FFF7A1FD55F8044CFFF7E5FD294652
S214017D90024620461BF006FB04460220FFF794FD30
S214017DA0002CE6D0204670BD84610020F83F0020FC
S214017DB070B505460C46FFF7E3FD0520FFF784FD89
S214017DC0214628461BF0FCFA06460220FFF77CFDFA
S214017DD000220A4B2C441968481C08D0A94206D335
S214017DE0A1423EBF4FF0FF31C3E900119960033253
S214017DF0182A03F10C03EED1304670BDF43F002083
S214017E00D0E9023253F8223010B51C68204600F043
S214017E1089FA28B12146BDE81040024800F0EEBDBF
S214017E2010BD00BFB9E6030008B5D0E9023253F829
S214017E302230186800F060F920B1BDE80840024819
S214017E4000F0DCBD08BD00BFDBE60300F0B5D0E9FD
S214017E50023253F8221003EB82035B680F681D7829
S214017E609BB0642D04D964210F4800F0C7FD64253A
S214017E702A46384601A900F0F7F8044680B90B48AF
S214017E8000F0BCFD01AE013DA54201DC1BB0F0BD1A
S214017E90391916F8012B064800F0B0FD0134F3E756
S214017EA0044800F0ABFDF1E7FEE603001EE7030021
S214017EB035E7030048E7030070B500258CB0284677
S214017EC003A900F0EDF808B10CB070BD049B29467B
S214017ED0039A0093234800F091FD234800F08EFD9D
S214017EE0059910290CD810290CD8DFE801F00F14D9
S214017EF0300B320B0B0B340B0B0B0B0B0B0B380035
S214017F0020292AD0194800F079FD07E0184800F02A
S214017F1075FD0135D3E7174800F070FD0699164840
S214017F2000F06CFD0799154800F068FD144800F054
S214017F3065FD10240DF11F0616F8011F1148013CBE
S214017F4000F05CFD14F0FF04F6D10F48DFE70F48A0
S214017F50E2E70F48E0E70F48DEE70F48DCE70F48A7
S214017F60DAE700BF63E70300A7E7030008E80300BA
S214017F70B8E70300C8E7030017E803002EE803008C
S214017F8046E8030057E80300C28F0300D0E703006A
S214017F90D8E70300E1E70300ECE7030003E803008A
S214017FA010B50B4C8EB023785BB9EEF7F5FB0146A6
S214017FB050B9012301A82370EEF774FC054B049A0F
S214017FC01A6020780EB010BD034800F017FDF8E7E0
S214017FD074580020384300205DE8030000B58FB0D8
S214017FE0FFF7DEFF002829D001A8EEF75BFC059B12
S214017FF01448198800F002FD059B13485969134B74
S214018000002908BF194600F0F9FC059B104859885D
S21401801000F0F4FC059B0F48196900F0EFFC059B86
S2140180200D48D96800F0EAFC059B0C48197E00F063
S214018030E5FC0B4B0B48196800F0E0FC0FB05DF84F
S21401804004FB00BF9AE80300ACE803007DB603001A
S214018050BEE80300D2E80300E6E80300FAE80300FE
S214018060384300200EE9030070B5064615460C4657
S21401807079B172B1FFF794FF68B121462A463046BE
S214018080EEF71AFD014618B1044800F0B7FC0120CE
S21401809070BD2120FCE71120FAE700BF20E90300AC
S2140180A037B505460C46FFF77BFFE0B1114B1B6861
S2140180B0AB421AD9CCB100212422204601F056FE4B
S2140180C02146284616F0A3FB88B9284601AA04F1E2
S2140180D00801EEF7A3FC20B140F20643C01A18BF10
S2140180E0012003B030BD1120FBE72120F9E7012074
S2140180F0F7E700BF38430020F0B593B00546FFF719
S2140181004FFF00283AD0254B1A68AA4207D82946BD
S2140181102348013A00F072FC212013B0F0BD05A8F7
S214018120EEF7C0FB284603A916F071FB40BB049A84
S21401813022F4FF57C2F30C0327F01F072BB14FF4AD
S21401814000532946174800F059FC039E039BF31A77
S214018150BB4206D32A463946134800F04FFC00249A
S21401816018E020F068FB4FF400513046EEF730FD82
S21401817006F50053044628B91E46E7E71120CCE76A
S2140181800120CAE7009033462A464FF400510748BB
S21401819000F034FC201E18BF0120BEE73843002043
S2140181A04EE90300FCE90300BBEA03006AEA0300A8
S2140181B010B5044638B1FFF7F3FE30B10020044B8A
S2140181C01B68236010BD2120FCE71120FAE700BFE1
S2140181D03843002010B50446FFF7E2FEB0B10C4B61
S2140181E01A68A24206D821460A48013A00F006FC5F
S2140181F0212010BD20F01FFB40F2C1222046064977
S214018200EEF7CCFB003818BF0120F2E71120F0E7AB
S214018210384300204EE903007440002010B50446A0
S214018220FFF7BEFE70B121460848EEF7D7FB40F2D5
S2140182300323984208D040F2012398420CBF052040
S214018240012010BD1120FCE70020FAE77440002051
S2140182502DE9F0412D4D04462F68FFF7A1FE0028B9
S21401826051D02968A14207D84A1E2948214600F064
S214018270C5FB2120BDE8F0812648EEF76FFBDFF84D
S21401828094800246B0B943462E68964222D1BE4239
S21401829014BF3A4606F1FF3212BB31461D48C8F8F4
S2140182A00040EEF73BFB014600B31B4800F0A6FB7F
S2140182B00120DFE72046EEF711FB044638B1014600
S2140182C0164800F09BFB201E18BF0120D2E7EEF7F0
S2140182D061F9F8E753F8041BA142DDD00132D4E777
S2140182E00C499200081D01F0EBFBD6E72968094806
S2140182F0EEF734FB044610B101460948D6E7EEF71F
S21401830049F92046B6E71120B4E700BF38430020FC
S2140183104EE903005440002001EB0300D7EA0300B6
S21401832034EB030070B50446FFF73AFE002844D04C
S214018330234B1A68A24207D821462248013A00F088
S2140183405DFB2124204670BD1F4800F057FB20F03E
S21401835072FA40F2C1221D492046EEF71FFB40F299
S2140183600326054620F067FA65B140F203239D42D5
S2140183701AD02946164800F041FB0124154800F0A2
S2140183803DFBDFE720F057FA29461048EEF726FBBB
S214018390B04209D040F20123984203D10E4800F0C2
S2140183A02DFBE1E70546DFE721460C4800F026FBFA
S2140183B02046FFF74DFF0446E0E71124C2E700BF61
S2140183C0384300204EE903006BEB030074400020A5
S2140183D08BEB0300C28F030070C20300A3EB030004
S2140183E010B50A46044619B1024B00211B6898478E
S2140183F010BD00BF8033040010B5114C2378580718
S21401840044BF03F0FB032370990705D500F05AF823
S214018410237823F00203237063781BB10023094AF3
S214018420636053600023082106486370FFF7D8FF96
S2140184302378DA0744BF23F00103237010BD00BF81
S2140184403C4300204043002038B5184C627823781E
S214018450022A01D1072B19D0DD0707D417F01CF922
S2140184602378054643F001032370E0B9980707D443
S21401847000F020F82378054643F00203237090B9F4
S21401848062780AB9D90704D45A0708D500252846C0
S21401849038BD074962604A6002226270F4E743F021
S2140184A004032370F2E7FFF7A7FFF0E73C43002041
S2140184B0404300200122024B002083F8F020704741
S2140184C0484300202DE9F0410A4C002526464FF08E
S2140184D0010803272046C4F81C80277601351AF0C8
S2140184E0BCFF062D04F12804F4D1002386F8F030F1
S2140184F0BDE8F081484300202DE9F04F9B4691B03E
S2140185000B1E0A93B64B904614BF8146994600252A
S2140185101A9E9BF8000070B9454538BF2A46434667
S2140185204FF000000A9928BF08F1FF32C8472846D5
S21401853011B0BDE8F08F25280BF1010B06D02A46B5
S21401854043460A996C1CC8472546E2E700230CE01F
S2140185502D2A1FD0302A05D0A2F1300009280ED8C6
S214018560002729E043F001038B46594611F8012BF9
S2140185702B2A12D0ECD8202A12D0232A13D02A2A4A
S21401858033D156F8047B8B46002FBCBF43F0020361
S2140185907F4218E043F00203E6E743F00403E3E713
S2140185A043F00803E0E743F01003DDE70A208B46BB
S2140185B000FB0722A2F13007594611F8012BA2F160
S2140185C030000928F2D99BF800202E2A44D19BF8C6
S2140185D001100BF10102A1F13000092843F4806378
S2140185E031D800244FF00A0C06E00027EBE70246DC
S2140185F00CFB0411A1F13004104610F8011BA1F187
S214018600300EBEF1090FF2D9114611F8010B6C2894
S2140186102CD024D8682830D06A2837D011468B460B
S2140186201BF8010B67285DD8572832D8452807D094
S21401863085D9462800F0E680472880D143F40063B8
S21401864043F02003F2E02A2907D156F8044B0BF138
S214018650020224EAE474D7E75A460024D4E77428D1
S21401866001D07A28DAD143F48073D8E750786C28A1
S214018670F9D143F44073911CD1E75078682802D0B1
S21401868043F08003CBE743F0C003F4E743F4007301
S214018690C5E7A0F158020F2A3FF651AF01A151F8E4
S2140186A022F000BF3B8701003F8501003F850100A6
S2140186B03F8501003F8501003F8501003F850100A0
S2140186C03F8501003F8501003F8501003B87010092
S2140186D0518801003B8701002988010009880100B3
S2140186E029880100A0F16901C9B20F293FF627AF19
S2140186F0012249F2410C8A4012EA0C0218D10A29D9
S21401870000F0E28007297FF41AAF43F021030593B6
S2140187100823CDE903431023CDE9012356F8043B92
S2140187202A460093484643460A991AF086FF79E09E
S2140187306F2840F02D8108220BE0582810D06228BF
S21401874000F0248123F0100364284FF00A0200F0A1
S214018750278123F00C0323E17828F3D11022F8E7D0
S21401876043F02003FAE7D90506F1040A01D531687A
S21401877002E058060CD53178CDE90224CDE9047320
S21401878000294FEAD1730193B8BF4942009120E016
S2140187901906ECD5B6F90010EEE779B1CDE9077305
S2140187A00023CDE9042306F1070A2AF0070A0694F6
S2140187B00293FAE80223CDE9002316E1D80506F173
S2140187C0040A0FD5CDE90473CDE90224019133687B
S2140187D0009343462A4648460A991AF02EFF0AE1B4
S2140187E09D340300590607D53178CDE9047300237B
S2140187F0CDE902240193C9E7316813F0800F18BF51
S21401880089B2F2E743F02003CDE90173073626F07B
S21401881007060094B6EC020B43462A4648460A99D8
S214018820EBF7BEFF054674E667280ED0CDE9017367
S214018830073626F007060094B6EC020B43462A4696
S21401884048460A99EBF7ECFDECE743F40063EDE7E5
S21401885013F0020423D04FF0010A6B1C0B932A4637
S21401886043460A9916F8040BC8475CB354460B9A5C
S2140188701EE0434620200A99C84705EB0A020AF182
S214018880010A5745F5D8002F07F1FF3308BF00232B
S21401889007F1010A1D4408BF4FF0020ADDE7A246B0
S2140188A0EBE7551C434620200A99C8472A4601345F
S2140188B0A742F6D8A7EB0A03574538BF00230B9A01
S2140188C01A440B920B9D24E63246002C52F8046B98
S2140188D014BF21464FF0FF310B92324631441078D7
S2140188E008B1914211D1A2EB060A13F480620D92EF
S2140188F002D0A24528BFA24613F002030E931BD155
S214018900AAEB05032A460C9308E00132E7E7531C5D
S2140189100F93202043460A99C8470F9A0C9BD318F9
S214018920BB42F4D3A7EB0A03574538BF00230AF12D
S214018930010202EB030A1D44AB1B0C9304E01C4628
S21401894043462A460A99C8470C9B9D1916F8010BFF
S21401895028B10D9B002BF3D0631E002CEFD10E9B8C
S21401896093B12A46AAEB050405E0561C434620208F
S2140189700A99C847324613199F42F6D8A7EB0A034D
S214018980574538BF00231D440B9EC2E50222E0E690
S2140189903FF6E2AE692823F010037FF4D5AE0A2233
S2140189A0590548BF23F00103692803F4007102D07A
S2140189B064287FF4F2AE00293FF4D5AE073626F0E0
S2140189C00706B24670685AF8081BCDE907730023FC
S2140189D00593C30F0028029306940B46049202DA0D
S2140189E04B4260EB4000CDE9003043462A464846FC
S2140189F00A991AF064FE054656468AE50FB41FB575
S214018A0006AA52F8043B02A90392009204484FF0CA
S214018A10FF32FFF771FD05B05DF804EB04B0704757
S214018A205F3703001FB5034600914FF0FF3203A9DD
S214018A300248FFF761FD05B05DF804FB5F370300F0
S214018A401FB5CDE90201009302A9134603484FF072
S214018A50FF32FFF751FD05B05DF804FB67370300F1
S214018A601FB5094B094A1868094B01A91860094B3B
S214018A701360094A0192094A1268CDE9022316F0E9
S214018A80B2FE05B05DF804FBFC5D002064340020F6
S214018A9068340020F05D0020A6230400F84600207C
S214018AA0014B186816F0B3BEFC5D002038B5F2F72E
S214018AB0CBF80446064D2B68D3F8B002F2F7B8F8A7
S214018AC0286816F0B7FE2046BDE83840F2F7B0B881
S214018AD0FC5D002010B51F4CF0F79AFB236F0120B8
S214018AE023F0070343F002032367F0F79FFBD4F854
S214018AF02031002023F0070343F00103C4F820319E
S214018B00D4F8403123F0030343F00103C4F84031A5
S214018B10D4F8603123F0030343F00103C4F8603155
S214018B20D4F8403223F0030343F00103C4F8403283
S214018B30D4F8003223F0070343F00103C4F80032EF
S214018B40D4F8083223F0070343F00103C4F80832CF
S214018B5010BD00BF00800050064B1B681A7A022A1F
S214018B6001D81AB97047032A00D070471B68024A19
S214018B7013607047005E0020F84600200022024B7A
S214018B805A60DA601A607047FC46002008B501F0AA
S214018B905DFF0022014B1A7008BD00BF755800200A
S214018BA00A4601491AF049BE1D4C04000A4601490D
S214018BB01AF043BE184C04000A4601491AF03DBE9D
S214018BC0114C04000A4601491AF037BE0E4C040047
S214018BD00A4601491AF031BE0B4C04000A46014907
S214018BE01AF02BBE064C04000A4601491AF025BEAF
S214018BF0014C04000A4601491AF01FBEFC4B040052
S214018C000A4601491AF019BEF54B040081F00041ED
S214018C1002E000BF83F0004330B54FEA41044FEA5B
S214018C20430594EA050F08BF90EA020F1FBF54EAF6
S214018C30000C55EA020C7FEA645C7FEA655C00F092
S214018C40E2804FEA5454D4EB5555B8BF6D420CDD63
S214018C502C4480EA020281EA030382EA000083EAE6
S214018C60010180EA020281EA0303362D88BF30BD86
S214018C7011F0004F4FEA01314FF4801C4CEA1131DC
S214018C8002D0404261EB410113F0004F4FEA03333B
S214018C904CEA133302D0524263EB430394EA050FC6
S214018CA000F0A780A4F10104D5F1200E0DDB02FA35
S214018CB00EFC22FA05F2801841F1000103FA0EF2C9
S214018CC0801843FA05F359410EE0A5F120050EF18F
S214018CD0200E012A03FA0EFC28BF4CF0020C43FAC0
S214018CE005F3C01851EBE37101F0004507D54FF0CD
S214018CF0000EDCF1000C7EEB00006EEB0101B1F51D
S214018D00801F1BD3B1F5001F0CD349085FEA300062
S214018D104FEA3C0C04F101044FEA445212F5800F6D
S214018D2080F09A80BCF1004F08BF5FEA500C50F10A
S214018D30000041EB045141EA050130BD5FEA4C0CED
S214018D40404141EB0101013C28BFB1F5801FE9D24A
S214018D5091F0000F04BF01460020B1FA81F308BF6D
S214018D602033A3F10B03B3F120020CDA0C3208DD39
S214018D7002F1140CC2F10C0201FA0CF021FA02F114
S214018D800CE002F11402D8BFC2F1200C01FA02F184
S214018D9020FA0CFCDCBF41EA0C019040E41AA2BFA9
S214018DA001EB0451294330BD6FEA04041F3C1CDA71
S214018DB00C340EDC04F11404C4F1200220FA04F091
S214018DC001FA02F340EA030021FA04F345EA03013B
S214018DD030BDC4F10C04C4F1200220FA02F001FAFD
S214018DE004F340EA0300294630BD21FA04F029467F
S214018DF030BD94F0000F83F4801306BF81F4801118
S214018E000134013D4EE77FEA645C18BF7FEA655C8A
S214018E1029D094EA050F08BF90EA020F05D054EA5C
S214018E20000C04BF1946104630BD91EA030F1EBF61
S214018E300021002030BD5FEA545C05D14000494165
S214018E4028BF41F0004130BD14F580043CBF01F558
S214018E50801130BD01F0004545F0FE4141F470013E
S214018E604FF0000030BD7FEA645C1ABF1946104619
S214018E707FEA655C1CBF0B46024650EA013406BF1A
S214018E8052EA033591EA030F41F4002130BD00BFD9
S214018E9090F0000F04BF0021704730B54FF4806496
S214018EA004F132044FF000054FF0000150E700BF17
S214018EB090F0000F04BF0021704730B54FF4806476
S214018EC004F1320410F0004548BF40424FF0000163
S214018ED03EE700BF42004FEAE2014FEA31014FEAA6
S214018EE002701FBF12F07F4393F07F4F81F06051F5
S214018EF0704732F07F4208BF704793F07F4F04BF40
S214018F0041F40021704730B54FF4607401F000451C
S214018F1021F000411CE700BF50EA010208BF70477C
S214018F2030B54FF000050AE050EA010208BF70476D
S214018F3030B511F0004502D5404261EB41014FF4D6
S214018F40806404F132045FEA915C3FF4D8AE4FF0DE
S214018F5003025FEADC0C18BF03325FEADC0C18BFC1
S214018F60033202EBDC02C2F1200300FA03FC20FA12
S214018F7002F001FA03FE40EA0E0021FA02F114445F
S214018F80BDE600BF70B54FF0FF0C4CF4E06C1CEA78
S214018F9011541DBF1CEA135594EA0C0F95EA0C0FE9
S214018FA000F0DEF82C4481EA030621EA4C5123EA5C
S214018FB04C5350EA013518BF52EA033541F480118B
S214018FC043F4801338D0A0FB02CE4FF00005E1FB3E
S214018FD002E506F00042E0FB03E54FF00006E1FB88
S214018FE003569CF0000F18BF4EF0010EA4F1FF04CB
S214018FF0B6F5007F64F5407404D25FEA4E0E6D410B
S21401900046EB060642EAC62141EA55514FEAC5201B
S21401901040EA5E504FEACE2EB4F1FD0C88BFBCF597
S214019020E06F1ED8BEF1004F08BF5FEA500E50F148
S214019030000041EB045170BD06F0004646EA01010E
S21401904040EA020081EA0301B4EB5C04C2BFD4EB40
S2140190500C0541EA045170BD41F480114FF0000E39
S214019060013C00F3AB8014F1360FDEBF002001F0A7
S214019070004170BDC4F10004203C35DA0C341BDC21
S21401908004F11404C4F1200500FA05F320FA04F0F3
S21401909001FA05F240EA020001F0004221F0004127
S2140190A010EBD37021FA04F642EB06015EEA430E9A
S2140190B008BF20EAD37070BDC4F10C04C4F12005CA
S2140190C000FA04F320FA05F001FA04F240EA02007D
S2140190D001F0004110EBD37041F100015EEA430E4E
S2140190E008BF20EAD37070BDC4F1200500FA05F26E
S2140190F04EEA020E20FA04F301FA05F243EA0203ED
S21401910021FA04F001F0004121FA04F220EA0200FB
S21401911000EBD3705EEA430E08BF20EAD37070BD41
S21401912094F0000F0FD101F00046400041EB010121
S21401913011F4801F08BF013CF7D041EA060195F003
S214019140000F18BF704703F00046520043EB0303BD
S21401915013F4801F08BF013DF7D043EA06037047AA
S21401916094EA0C0F0CEA135518BF95EA0C0F0CD0B5
S21401917050EA410618BF52EA4306D1D181EA0301FB
S21401918001F000414FF0000070BD50EA410606BFF5
S2140191901046194652EA430619D094EA0C0F02D13A
S2140191A050EA013613D195EA0C0F05D152EA03367F
S2140191B01CBF104619460AD181EA030101F000419D
S2140191C041F0FE4141F470014FF0000070BD41F0E6
S2140191D0FE4141F4780170BD70B54FF0FF0C4CF4C0
S2140191E0E06C1CEA11541DBF1CEA135594EA0C0FDF
S2140191F095EA0C0F00F0A7F8A4EB050481EA030E2C
S21401920052EA03354FEA013100F088804FEA033312
S2140192104FF0805545EA131343EA12634FEA0222E0
S21401922045EA111545EA10654FEA00260EF00041A1
S2140192309D4208BF964244F1FD0404F5407402D2F3
S2140192405B084FEA3202B61A65EB03055B084FEA84
S21401925032024FF480104FF4002CB6EB020E75EB81
S214019260030E22BFB61A754640EA0C005B084FEAA9
S2140192703202B6EB020E75EB030E22BFB61A754626
S21401928040EA5C005B084FEA3202B6EB020E75EB71
S214019290030E22BFB61A754640EA9C005B084FEAE9
S2140192A03202B6EB020E75EB030E22BFB61A7546F6
S2140192B040EADC0055EA060E18D04FEA051545EAE5
S2140192C016754FEA06164FEAC30343EA52734FEA8E
S2140192D0C2025FEA1C1CC0D111F4801F0BD141EA07
S2140192E000014FF000004FF0004CB6E711F4801F6C
S2140192F004BF01430020B4F1FD0C88BFBCF5E06F4C
S2140193003FF6AFAEB5EB030C04BFB6EB020C5FEA5B
S214019310500C50F1000041EB045170BD0EF0004EB0
S2140193204EEA113114EB5C04C2BFD4EB0C0541EAE2
S214019330045170BD41F480114FF0000E013C90E6DF
S21401934045EA060E8DE60CEA135594EA0C0F08BFA3
S21401935095EA0C0F3FF43BAF94EA0C0F0AD150EAA2
S21401936001347FF434AF95EA0C0F7FF425AF104635
S21401937019462CE795EA0C0F06D152EA03353FF45D
S214019380FDAE1046194622E750EA410618BF52EADA
S21401939043067FF4C5AE50EA41047FF40DAF52EAAE
S2140193A043057FF4EBAE12E74FF0FF3C06E000BF4B
S2140193B04FF0010C02E000BF4FF0010C4DF804CD58
S2140193C04FEA410C7FEA6C5C4FEA430C18BF7FEA18
S2140193D06C5C1BD001B050EA410C0CBF52EA430C46
S2140193E091EA030F02BF90EA020F0020704710F1C6
S2140193F0000F91EA030F58BF994208BF90422CBF55
S214019400D8176FEAE37040F0010070474FEA410C4D
S2140194107FEA6C5C02D150EA013C07D14FEA430C6B
S2140194207FEA6C5CD6D152EA033CD3D05DF8040BDC
S214019430704700BF8446104662468C46194663460E
S21401944000E000BF01B5FFF7B7FF002848BF10F1E5
S214019450000F01BD4DF808EDFFF7F4FF0CBF01202A
S21401946000205DF808FB00BF4DF808EDFFF7EAFFA6
S21401947034BF012000205DF808FB00BF4DF808ED61
S214019480FFF7E0FF94BF012000205DF808FB00BF56
S2140194904DF808EDFFF7CEFF94BF012000205DF8E0
S2140194A008FB00BF4DF808EDFFF7C4FF34BF0120ED
S2140194B000205DF808FB00BF4FEA410212F50012DA
S2140194C015D211D56FF47873B3EB625212D94FEA05
S2140194D0C12343F0004343EA505311F0004F23FAEF
S2140194E002F018BF404270474FF00000704750EA44
S2140194F0013005D111F0004008BF6FF00040704701
S2140195004FF00000704700BF4A0011D212F500125A
S21401951011D20DD56FF47873B3EB62520ED44FEAC5
S214019520C12343F0004343EA505323FA02F0704745
S2140195304FF00000704750EA013002D14FF0FF3083
S21401954070474FF00000704753B94AB9002908BF69
S21401955000281CBF4FF0FF314FF0FF3000F0B2B9CA
S214019560ADF1080C6DE904CE00F006F8DDF804E074
S214019570DDE9022304B070472DE9F04F8C46099EC1
S21401958004460F46002B48D18A4215465ED9B2FAE8
S21401959082F33BB1C3F120029F409D409C4020FADC
S2140195A002F217434FEA154E1FFA85FC220CB7FB51
S2140195B0FEF10EFB117701FB0CF042EA07429042E6
S2140195C007D9AA1801F1FF3702D2904200F258815A
S2140195D03946121AA4B2B2FBFEF00EFB102200FBB3
S2140195E00CFC44EA0244A4450BD92C1900F1FF32C5
S2140195F02CBF01270027A44502D9002F00F0438184
S214019600104640EA0140A4EB0C0400211EB1DC40E8
S2140196100023C6E90043BDE8F08F8B4206D90EB1A0
S214019620C6E9000100210846BDE8F08FB3FA83F1D0
S214019630002951D16345C0F01681824240F2138160
S2140196400846002EE7D0C6E90047E4E7002A00F006
S214019650AF80B2FA82F3002B40F0C2808A1A4FEA3A
S214019660154EAFB20121200CB2FBFEFC0EFB1C22F4
S21401967040EA024207FB0CF090420ED9AA180CF100
S214019680FF382CBF4FF001094FF00009904203D973
S214019690B9F1000F00F0F080C446121AA4B2B2FB72
S2140196A0FEF00EFB102200FB07F744EA0244A74235
S2140196B00ED92C1900F1FF322CBF4FF0010E4FF0DE
S2140196C0000EA74203D9BEF1000F00F0D28010466B
S2140196D0E41B40EA0C4099E7C1F120058B400CFAE7
S2140196E001F400FA01F922FA05F72CFA05FC8A4082
S2140196F01F4320FA05F3380C23431FFA87FE1C0C80
S214019700BCFBF0F800FB18CC44EA0C4408FB0EFC4A
S214019710A4450ED93C1908F1FF3A2CBF4FF0010BB6
S2140197204FF0000BA44503D9BBF1000F00F0B88041
S214019730D046A4EB0C041FFA83FCB4FBF0F300FB49
S214019740134403FB0EFE4CEA0444A6450ED93C190D
S21401975003F1FF302CBF4FF0010C4FF0000CA64573
S21401976003D9BCF1000F00F09F80034643EA08408E
S214019770A4EB0E04A0FB02EC64457346E04602D35C
S21401978007D1F14505D2BEEB02036CEB070C01389D
S214019790E0465EB1B9EB030264EB080404FA05F592
S2140197A022FA01F3CC401D43C6E90054002132E7FA
S2140197B042082F464B08AC4642EAC172AE46C40781
S2140197C0110C92B241EA034142EA0142B1FBF5F1C2
S2140197D0B3FBF5F01F23A2EB0C0241EA004142E77E
S2140197E09D40C3F1200299409C402CFA02FC4FEAAE
S2140197F0154E20FA02F2AFB2BCFBFEF80A430EFB8E
S21401980018CC110C41EA0C4108FB07FC8C4550D9D9
S214019810691808F1FF302CBF4FF001094FF000091D
S2140198208C4502D9B9F1000F30D0A1EB0C01B1FB88
S214019830FEF808FB07FC0EFB181192B242EA014241
S214019840624534D2AA1808F1FF312CBF4FF0010946
S2140198504FF000096245BED2B9F1000FBBD1A8F1A5
S21401986002012A44B7E7841A6CEB0302012017466B
S214019870E7E62C4402382BE7ACF1020C2A440CE74D
S21401988002392A44A5E62C440238BAE6A5EB0C0CAC
S214019890A8F102006144B1FBFEF808FB07FCCAE729
S2140198A0A8F102083C4444E7023B3C445EE74146DB
S2140198B091E7A1EB0C014046B1FBFEF808FB07FC63
S2140198C0B9E700BF704700BF2DE9F04F924685B05B
S2140198D089461E460D46554A0390294615F8014B02
S2140198E0135D13F00803F8D12D2C7CD02B2C4ED011
S2140198F04FF0FF3102936FF00043CDE9001336F0CD
S214019900100851D037464FEAE6783A464346DDE935
S2140199100001FFF719FE002383468E4618461946B6
S214019920A44613E0ACF13704A6421FDD002B09DB89
S21401993083457EEB010305D38E4508BF83453BD1A6
S214019940A24239DA4FF0FF3315F801CBACF13004FF
S214019950092CE9D9ACF14104192CE3D9ACF1610425
S214019960192C03D8ACF15704A642DFDC5A1C2FD0C1
S214019970029A12B1404261EB4101BAF1000F03D0E5
S214019980002B48D1CAF8009005B0BDE8F08F4FF023
S214019990FF30029336F010086FF000432C7801F187
S2140199A00205CDE90003ADD1302C25D0002E3AD1E9
S2140199B00A27B0463E46A8E700FB08F307FB01333B
S2140199C0A0FB07010B44201843EBE4710123BBE71E
S2140199D02223039A1360BAF1000F17D005F1FF395D
S2140199E0DDE90001CEE74FF00047009301232C7814
S2140199F08D1CCDE9017382E72B7803F0DF03582B2A
S214019A000CD086B90827B0463E467EE7DDE9000160
S214019A1005B0BDE8F08FCDE90001DFE710276C78CF
S214019A2002353E4671E710273E466EE7254C040098
S214019A304AE700BF10B4044C13460A4601462068A4
S214019A405DF8044B40E700BF305E002010B4044CC4
S214019A5013460A46014620685DF8044B34E700BF0A
S214019A60305E002020F0030110F00300C0F100007A
S214019A7051F8043B00F1040C4FEACC0C6FF00002E5
S214019A801CBF22FA0CF213434FF0010C4CEA0C2CCB
S214019A904CEA0C4CA3EB0C0222EA030212EACC12AB
S214019AA004BF51F8043B0430F4D0C2F1000102EACD
S214019AB00102B2FA82F2C2F11F0200EBD200704735
S214019AC088420ED98B1883420BD900EB020C002A70
S214019AD06ED0624613F801CD994202F801CDF9D154
S214019AE070470F2A0FD8034602F1FF3C002A5FD0C9
S214019AF00CF1010C013B8C4411F8012B614503F874
S214019B00012FF9D1704740EA01039B0751D1A2F119
S214019B10100301F1200C70B523F00F0501F1100EB2
S214019B2000F110041B09AC445EF8105C0EF1100E37
S214019B30103444F8205C5EF81C5C44F81C5C5EF84B
S214019B40185C44F8185C5EF8145CE64544F8145C4E
S214019B50EAD1013312F00C0F02F00F0C01EB0311E6
S214019B6000EB031329D0ACF1040C1C1F8E462CF01D
S214019B7003064FEA9C0C1E445EF8045B44F8045F3F
S214019B80B442F9D10CF1010402F0030203EB8403A1
S214019B9001EB840102F1FF3C4AB10CF1010C013BDF
S214019BA08C4411F8012B614503F8012FF9D170BDE2
S214019BB0704702F1FF3C03469AE76246EAE700BFB8
S214019BC02DE9F04780460C464548264614F801EB39
S214019BD010F80EC01CF0080CF7D1BEF12D0F5BD0AB
S214019BE0BEF12B0F3AD0654633F010003ED04FF051
S214019BF0FF379A46B7FBF3F703FB07F96FEA090944
S214019C00002630460EE0AEF1370C63451DDD002E12
S214019C1004DBB84202D833D1CC4531DD4FF0FF36F4
S214019C2014F801EBAEF1300CBCF1090FEDD9AEF131
S214019C30410CBCF1190FE6D9AEF1610CBCF1190F5C
S214019C4003D8AEF1570C6345E1DC731C1CD005B19B
S214019C5040420AB1F6B91160BDE8F08733F0100052
S214019C6094F800E0654606F10204C0D1BEF1300F5B
S214019C7017D06BBB0A234FF005091A4F9A46BFE768
S214019C8000FB0AC00126CBE722233046C8F8003085
S214019C90002AE1D0611EDEE794F800E00125B41C3D
S214019CA0A2E7207800F0DF00582807D083B9082300
S214019CB04FF007096FF060479A46A1E7102394F822
S214019CC001E04FF00F0902346FF070479A4697E7AC
S214019CD010234FF00F096FF070479A4690E700BFC8
S214019CE0254C0400999999196AE700BF10B4044CF1
S214019CF013460A46014620685DF8044B60E700BF3C
S214019D00305E002010B4044C13460A460146206813
S214019D105DF8044B54E700BF305E00200F4B70B572
S214019D200F4DAB42A3EB050607D0B6100024013455
S214019D3055F8043B9847A642F9D80A4D1EF080FF15
S214019D40094B5E1BAB424FEAA60606D0002401343F
S214019D5055F8043B9847A642F9D870BDB461002077
S214019D60B4610020B4610020B861002070B5860798
S214019D7047D0541E002A3ED0CAB2034601E0013C39
S214019D8039D303F8012B9D07F9D1032C2CD9CDB279
S214019D900F2C05EB052505EB054535D9A4F1100C6F
S214019DA003F1100E1A462CF00F064FEA1C1CB6449F
S214019DB0C2E90055C2E9025510327245F8D10CF1DC
S214019DC0010214F00C0F04F00F0C03EB021213D077
S214019DD0ACF1040323F003030433134442F8045B99
S214019DE09342FBD10CF003042CB1C9B21C4403F816
S214019DF0011BA342FBD170BD64461346002CF4D16F
S214019E00F9E703461446C0E71A46A446E0E700BF52
S214019E10032A30B415D941EA000484460B46A40748
S214019E2004D0541E0FE0043A032A08D919466046A6
S214019E3053F8044B5CF8045BA542F4D0F1E76046A6
S214019E401946541E7AB1431E0139021901E09A429D
S214019E5009D013F8010F11F801CF6045F7D0A0EB38
S214019E600C0030BC7047002030BC704780EA010C03
S214019E701CF0030F37D110F0030C20F0030021F083
S214019E80030150F8042B08BF51F8043B0ED08CF0A8
S214019E90030C6FF07F434FEACC0C23FA0CFC51F80D
S214019EA0043B42EA0C0243EA0C0300BFA2F1013C68
S214019EB09A4201BF2CEA020C1CF0803F50F8042B9A
S214019EC051F8043BF2D04FEA02604FEA1222012811
S214019ED028BFB0EB036F08BF1B0AF4D003F0FF03E3
S214019EE0000EC01A704710F0030F0AD010F8012BAD
S214019EF011F8013B012A28BF9A42F4D0A2EB0300D5
S214019F0070474DF8045D50F8042B01F0030521F06D
S214019F10030151F8043B022D26D04DD822F07F458F
S214019F20B5EB132FA2F1013C2CEA020C0DD11CF06B
S214019F30803C08BF51F8043B0AD185EA0205B5EB1F
S214019F40036F0CD150F8042BE8E74FEA13235BE0CC
S214019F503CF07F4C54D10B784FEA126554E04FEA3F
S214019F60126503F0FF034FE04FEA0245A2F1013C00
S214019F704FEA15452CEA020CB5EB134F18D11CF02D
S214019F80803C08BF51F8043B07D185EA0205B5EBD2
S214019F90034F09D150F8042BE6E75FEA0C4C2FD1AA
S214019FA00B884FEA12452FE04FEA03434FEA12456A
S214019FB04FEA134328E000BF02F0FF05B5EB136F2D
S214019FC0A2F1013C2CEA020C0DD11CF0803C08BF2A
S214019FD051F8043B0AD185EA0205B5EB032F0AD1F5
S214019FE050F8042BE8E74FEA13630DE012F0FF0F79
S214019FF006D051F8043B4FEA122523F07F4303E0D5
S21401A0004FF0000020BC704705F0FF0203F0FF0090
S21401A010012828BF904204BF2D0A1B0AF4D0A2EBE8
S21401A020000020BC704700BFCAB384460B4630B55B
S21401A03004460843800719D09CF800000C78A0421B
S21401A04012D150B3012A28D0E64603E01CEB030FD9
S21401A05023D010B31EF8010F11F8014FA2EB0E0327
S21401A060A04203F1FF33F1D0001B30BD032A07D80D
S21401A070E2E7043A11D01EF0803F0ED1032A10D930
S21401A0802068194653F8045BA446A0F1013E043447
S21401A090A8422EEA000EECD0CEE7002030BD1046D6
S21401A0A07047A4461946C7E7844641EA000313F001
S21401A0B0030349D1403A23D30B6803604B684360DE
S21401A0C08B688360CB68C3600B6903614B6943612E
S21401A0D08B698361CB69C3610B6A03624B6A436216
S21401A0E08B6A8362CB6AC3620B6B03634B6B4363FE
S21401A0F08B6B8363CB6BC36340304031403ADBD21A
S21401A10030320BD30B6803604B6843608B68836007
S21401A110CB68C36010301031103AF3D20C3205D33D
S21401A12051F8043B40F8043B043AF9D2043208D013
S21401A130D2071CBF11F8013B00F8013B01D30B8885
S21401A14003806046704700BF082A13D38B07B1D03F
S21401A15010F00303AED0C3F10403D21ADB071CBF11
S21401A16011F8013B00F8013BA4D331F8023B20F87B
S21401A170023B9FE7043AD9D3013A11F8013B00F8B4
S21401A180013BF9D20B7803704B7843708B78837060
S21401A190604670472DE9F04F82468E463F48754629
S21401A1A01EF801BB10F80B4014F00804F7D1BBF100
S21401A1B02D0F5BD0BBF12B0F6FF0004904BF9EF84B
S21401A1C000B005F1020E33F0100010D1BBF1300FD4
S21401A1D004D0002B5ED10A231F4609E09EF800003A
S21401A1E000F0DF0058284ED0002B53D108231F461D
S21401A1F00025B9FBF7F6284607FB16980EE0ABF1EB
S21401A200370C63451DDD002D04DB864202D321D1C8
S21401A210E0451FDA4FF0FF351EF801BBABF1300CFD
S21401A220BCF1090FEDD9ABF1410CBCF1190FE6D920
S21401A230ABF1610CBCF1190F03D8ABF1570C6345B8
S21401A240E1DC6B1C0AD004B140420AB1CDB9116001
S21401A250BDE8F08F07FB00C00125DDE72223CAF821
S21401A26000305AB10EF1FF314846F0E79EF800B0D3
S21401A2704FF0004905F1020E0124A4E74846BDE867
S21401A280F08F8146EEE710239EF801B00EF1020E24
S21401A2901F46ADE710231F46AAE700BF254C040062
S21401A2A0242B02D8012B00D074E710B500F06CF80F
S21401A2B016230360002010BD10B5242A084C13464F
S21401A2C0246807D8012A05D00A4601462046BDE87B
S21401A2D010405FE700F058F816230360002010BD19
S21401A2E0305E002010B5242A084C1346246807D88F
S21401A2F0012A05D00A4601462046BDE8104049E736
S21401A30000F042F816230360002010BD305E0020E6
S21401A310024B0146186816F050B800BF305E0020A8
S21401A320024B0146186816F04BB800BF305E00209D
S21401A33008B5064B044613B1002100F081F8044B22
S21401A3401B6803B19847204614F0E9FA41A40100BE
S21401A35044480020002301461A46184600F01AB861
S21401A36038B5074D074C2C1BA41005D0013C55F8F9
S21401A370043D9847002CF9D1BDE838401EF066BC74
S21401A380BC610020B8610020014B1868704700BF0F
S21401A390305E0020F0B5264C83B006460F46256891
S21401A3A005B36C681F2C3FDCA6B1D5F8880048B30E
S21401A3B0D0F800114FF0010C40F82420022E00EBDB
S21401A3C084020CFA04FC4CEA0101C0F80011C2F840
S21401A3D0803010D0631C002002346B6045F8247076
S21401A3E003B0F0BD13491448216010B10068C1F8EC
S21401A3F08800104DD5E7D0F8043143EA0C03C0F8C5
S21401A4000431E7E70D49CDE9002369B14FF48470C3
S21401A410FFF77EFF40B100216C68C0E94011DDE91D
S21401A4200023C5F88800C5E74FF0FF30D8E700BF26
S21401A430D4480020484800200000000011A3010075
S21401A4402DE9F04FDFF8B49083B0D9F8006096B3E9
S21401A450884601907568D6F888706C1E2BD4013535
S21401A46007F1800B06EB8505B8F1000F26D173685E
S21401A4702A68013BA3423BD000232B60BAB1D6F831
S21401A48004A05FB30123D7F80011A3400B4225D0E7
S21401A490D7F8040157F8241003422BD101989047AE
S21401A4A07368D9F8002053451ED1B2421CD1013C35
S21401A4B0043D631CD8D103B0BDE8F08F4FB15BF803
S21401A4C024304345D3D0013C043D621CF3D0002F19
S21401A4D0F5D1013CEFD3013CFBD2ECE79047736822
S21401A4E0D9F800205345E0D0002AE4D01646B1E75B
S21401A4F07460C3E708469047D2E700BFD4480020FF
S21401A500431E033306D8044B984228BF18466428D6
S21401A51038BF6420704700BF40420F0038B5194B62
S21401A52005461B680C4603B1984744B1236833B10E
S21401A5301B68013303D0E3680BB1A3684BB919F06C
S21401A54042FE00204FF4C172412100F0FFF92120A4
S21401A55038BD204602F04AFC00230B4A85F83C3100
S21401A560C5E93743C2E9003363694BB1074A422163
S21401A57010684FF4D272C31A5842584100F0E6F9F7
S21401A5800020E5E7444B0020285B0020A84B002074
S21401A590F8B504461EF043F8002607460E4B1B6826
S21401A5A093B19E68AEB196F82420D20711D43546F1
S21401A5B00FCC0FC50FCC0FC523682B6096F824303F
S21401A5C043F0010386F8243038461EF023F830465F
S21401A5D0F8BD1B68E4E700BF845E002010B50446A2
S21401A5E018B9054B054A136010BD00F0D9FCD4F824
S21401A5F0E830002BF6D1F4E771390300805E0020C5
S21401A600014B1868704700BF285B002008B502465A
S21401A6100868FFF775FF08604868FFF771FF486034
S21401A6208868FFF76DFF8860C868FFF769FF0B69E8
S21401A630C860581C03D00B48834228BF03460B61F1
S21401A6404B69581C03D00748834228BF03468869D4
S21401A6504B61FFF755FFBDE808408861104601F0E1
S21401A6607BBC00BF40420F00D0F8E0302DE9F0413E
S21401A67005460C4613B1C38D8B424CD0D5F8DC3061
S21401A680002B4BD09E68002E48D0D868002845D0B5
S21401A690013800B200281ADB002106E0128A591C94
S21401A6A0A24217D209B2884211DB0B1803EBD3730F
S21401A6B05B1003EBC30206EB8202B2F80EC003F195
S21401A6C0FF3EA445EAD90FFA8EF08842EDDA212042
S21401A6D0BDE8F0814FF6FF7299B29142F7D09BB276
S21401A6E003EBC30306EB83062846B6F9122095F85A
S21401A6F03011D5F8F080EFF7B3F80746B8F1000F40
S21401A70004D00023324628461946C047EC85C5F8D2
S21401A710E06085F839710020BDE8F0810E20BDE8C3
S21401A720F08100BF2DE9F04782B004460F46164679
S21401A73001F086FE002863D14F4D2B68D4F8DCA0CB
S21401A740D4F8E0800BB1534576D04FF00009AF60E6
S21401A75001F09EFE0128074665D1204619F072FCDD
S21401A760002851D12B68DAF80010D8F8002013B170
S21401A770186888426BD0204619F016FCC5E900A877
S21401A780D4F8F0508DF80760002D67D000222046DF
S21401A79011460DF10703A847204600F0EDFF0546D8
S21401A7A0B9F1000F0FD076B9D4F88C300BBB012F5E
S21401A7B005D025B1314B002103205B689847284618
S21401A7C002B0BDE8F087B5FA85F040F207523321B2
S21401A7D0400900F0BBF83146204601F00BFA284B41
S21401A7E005461B68414620469847D4F88C30002B16
S21401A7F0DDD000224FF40073204600F0E1FBD6E7DF
S21401A80000231D4D6B6098E794F82530DA07A9D52B
S21401A810D4F894305B05A5D51A4B012200212046B9
S21401A8201B6898479EE70021012000F001FC01F01B
S21401A8302FFE0128FBD190E76B68002B85D043459E
S21401A84083D1AB689F4215D04FF001097FE7696855
S21401A85011B10968914291D059688CE794F82A1091
S21401A86094F839313246994228BF1946204600F0FD
S21401A870D1FE91E70025A2E7285B00208C5E002030
S21401A880805E0020484B0020F8B50F4605461DF0B7
S21401A890C6FE394606462846FFF7E6FE044620B1C0
S21401A8A030461DF0B7FE2046F8BD01F0A7FD224652
S21401A8B039462846FFF736FF04460028F0D12846D9
S21401A8C019F0C0FB0028EBD095F8253013F00103F2
S21401A8D00DD0D5F8942052050DD5B5F82A21BA42E7
S21401A8E005D0B5F82C31DB1BB3FA83F35B09034AB9
S21401A8F082F8C430D4E72346F9E700BF001E00B053
S21401A90013B50446694619F061F9204619F0A5FA0F
S21401A910FF28024606D020469DF80010EFF71EF8E5
S21401A92002B010BD0048FBE70080FFFF38B5044DBC
S21401A930044C054B286021601A601DF06BFB38BD86
S21401A940D84A0020885E0020DC4A002010B550B9A5
S21401A9500548064B0160064802601868054B1860FA
S21401A9601868FFF7E3FF10BD885E0020344C002016
S21401A970DC4A0020D84A00202DE9F0418AB001AC1B
S21401A98005460B462746194A02F1200C2646106852
S21401A9905168083203C662453446F7D1002B08BF1A
S21401A9A03B46002710681C463060384603F10C060B
S21401A9B090B95FFA87F842462846218819F045FB88
S21401A9C050B942462846E18819F050FB20B9424664
S21401A9D03146284619F05CFB0137032F06F10806BD
S21401A9E004F10204E4D10AB0BDE8F081484D040048
S21401A9F0F0B589B005460E4619F059FB044600BB72
S21401AA0001AC06F10C070FCF0FC497E8070084E8E6
S21401AA10070001A92846FFF7F9FD2846311D19F060
S21401AA2020FD044648B92846074901F057FA04466E
S21401AA3018B9284601F0C6FD044628463168FFF7D6
S21401AA409BFF204609B0F0BD404D0400014919F0B6
S21401AA5010B900BF95C5010070B5164E032804460F
S21401AA600D4633781ED023FA04F202F00102AA4200
S21401AA701DD053B10122A240A54023EA02032B4375
S21401AA80DBB233704BB1012070BD2DB10A4B0120F2
S21401AA901B6898473378EDE73570074B00201B6835
S21401AAA09847F0E79A07DED003F0FC03E9E70020B9
S21401AAB070BD00BF765800201C4B002038B50446F8
S21401AAC00D4605F077FD60B101F0C6FC48B9012DD1
S21401AAD007D8012019F096FA0D4B1B6823B15B6865
S21401AAE098470C4B1C7038BD1DF0F3FE0A4B1A68D4
S21401AAF0801A18601CF00AFC4FF47A72074B1B6828
S21401AB0002FB003019F0B3F8012001F0ADFCE8E7D4
S21401AB10404B002086610020144B0020184B00207B
S21401AB20F8B505460C461DF07AFD104F06463B78F3
S21401AB3033B1012D04D01CB90D481CF03BFB3C7011
S21401AB4021462846FFF788FF0A4B04461B783BB987
S21401AB503B782BB919F04AFA10B1074B1B68984796
S21401AB6030461DF057FD2046F8BD00BF775800203F
S21401AB70F04A0020765800208C5E0020054A0B46DD
S21401AB80117831B100211170034A012152681878F9
S21401AB9010477047775800208C5E0020124B023910
S21401ABA0012910B518701ED805F004FDD8B101F0C2
S21401ABB053FCC0B101F034FAA8B90C4B1C6834B18F
S21401ABC023689847BDE81040002019F01BBA19F019
S21401ABD04CF8074B18601DF07CFE064B18602046AB
S21401ABE001F042FCEEE710BD86610020404B0020DC
S21401ABF0184B0020144B002038B5044680B11DF0D8
S21401AC000EFD0121044608461BF076FF01210B4A82
S21401AC10084615F0A5FC2046BDE838401DF0FABCF4
S21401AC201DF0FDFC0546214601201BF065FF0120B5
S21401AC302146024A15F094FC2846EDE78A240400D2
S21401AC40F0B585B01DF0EBFC344D04462B7823B1EE
S21401AC5033481CF0AFFA002852D11CF035FB02AA8B
S21401AC6003A919F0ADF90346002838D019F0BCF94C
S21401AC70029B98421CD100202A4B03991B682A4E3E
S21401AC809942307020D90027C91A012324482B7015
S21401AC90264A3346CDE900771DF0F3FD002837D16B
S21401ACA0234A1378D90701D53178F9B1204611E046
S21401ACB019F098F9029B984228D0002318461949A2
S21401ACC0194A0968137003910121FFF7C5FE002395
S21401ACD020462B701DF09EFC002005B0F0BD2046DE
S21401ACE02B701DF097FC212005B0F0BD03F0FE038C
S21401ACF01370002BDAD10F4B1B6898472046E9E703
S21401AD0020461DF087FC0E2005B0F0BD0220B3E7FB
S21401AD10032320462F703370F3E700BF77580020D7
S21401AD20F04A0020104B0020856100207DAB010019
S21401AD30765800201C4B002038B51DF070FC0F4DD6
S21401AD4004462B789BB90E4A0E4913700E4B0F4AD8
S21401AD500F481A600F4A5A60F0F70CFA0E490F486E
S21401AD60F0F708FA0E4B0F4A1A6001232B70F0F722
S21401AD700BFB20461DF04EFC002038BD7858002005
S21401AD80775800206C4D04008C5E002041AC010019
S21401AD90E04A002021AB0100744D0400E84A00207F
S21401ADA01C4B0020F9AB01002DE9F0438F7880465B
S21401ADB00F2F0C4685B003D9212005B0BDE8F083DE
S21401ADC027B90123374A00201370F6E70D784E782D
S21401ADD0EDB9002EF0D194F90310E08803F00AF8DB
S21401ADE02128E9D055EA0603A088DFF8C89013D0D9
S21401ADF003F064F84FF60403B9F8002001469A42BE
S21401AE004BD1AE42334638BF2B4600262DE0082DE7
S21401AE10D2D8082ED0D8DEE703F050F84FF6040556
S21401AE2001464FF60500204A136E9BB2AB4208BF9F
S21401AE300346B1F5803FA9F800300FD90223082553
S21401AE40136680230126C2F880302B4649084FF648
S21401AE50FF720139914228BF114608E0802301267E
S21401AE6008251666C2F880302B460029EFD100224D
S21401AE7002920122013FFFB2009201972A4608F191
S21401AE80F80002F0B7FE1EB14FF48012074B5A6568
S21401AE90074BA2681A60022394E703480266A9F8E2
S21401AEA00030AEE77958002000C001B800D001B8E4
S21401AEB0284B00201061002010B50446D0F8182158
S21401AEC00B4B4FF40061C3F8A82090F82420D20160
S21401AED002F4006205F0D2FA94F8243013F0100F51
S21401AEE04FF4007314BF034A034A136710BD00BF33
S21401AEF0001E00B0001002B8002002B8431C07D0A4
S21401AF006FF0FF02034B10401A62A3F580531862DC
S21401AF10704700BF00E000B8F8B504460F46164675
S21401AF201DF07DFB0546A047044620B128461DF0CE
S21401AF3071FB2046F8BD04F07FFC04220549D1F8D8
S21401AF40D83E23EA07033343C1F8D83E024B1A67BB
S21401AF50ECE700BF001000B0002002B800F01803B4
S21401AF60182B0AD003070AD440F2011310F0100080
S21401AF7018BF1846034B186570470020FAE70120F2
S21401AF80F8E700BF001F00B0044B1868830654BFE3
S21401AF90C0F30F204FF6FF70704700BF104C002023
S21401AFA038B10368044A002B08BF1346034A1360EE
S21401AFB07047014BFAE700BFB93C0300985E0020DA
S21401AFC010B4D0E9544122400B4052EA030104D0A8
S21401AFD003495DF8044B096808475DF8044B704760
S21401AFE0985E00200F2938B505460C460ED801F0AC
S21401AFF04FFA01280CD1074A2846D36B23F00F03DA
S21401B0002343D36319F062F8002038BD2120FCE702
S21401B0100220FAE7001F00B0014B186C704700BF12
S21401B020001F00B0014B002019647047001F00B0DC
S21401B03003282DE9F347884655D82C4B13F8009082
S21401B0402B4B1E5C2B4B13F800A01DF0E8FA0746AD
S21401B05004F03EFB054640B100230022CDE9003353
S21401B06001200023002104F079F904F039FB48B1EE
S21401B07000230022CDE90033002000234FF40041D5
S21401B08004F06CF96EB31C4BDC6C04F008041B4B2B
S21401B0903146DC64484604F02DFC524631464846AB
S21401B0A004F092FC164BDC646DB1164B1868D0F8B0
S21401B0B09410F83003F06EFA13490868FFF71EFF84
S21401B0C04FF0FF330B60B8F1000F04D00F4B002197
S21401B0D003205B689847384602B0BDE8F0471DF08C
S21401B0E099BA3446D3E702B0BDE8F087844D040030
S21401B0F0804D04007C4D0400004000B8006000B89C
S21401B100005000B8344C0020945E00208C5E002075
S21401B1100F4A136F13F0A00F15D1506F10F00400F3
S21401B12013D10C4BD3F8D83E23F07F4323F0FF0313
S21401B1305BB1D368C3F30362092A07D0B2F10C00EE
S21401B14018BF01207047002070470120704700BFDC
S21401B150000002B8001000B070B50D46064620B9D2
S21401B1601A4B1B68A3B10E2011E001F091F90128DA
S21401B17029D1174B93F90040C4F11C04641BC4F198
S21401B1801C03002BB8BF5B42232B0CDD212070BDB6
S21401B19081EAE173A3EBE173DBB2232BF6D80C4B08
S21401B1A019700020F3E786F828501DF038FA094A8E
S21401B1B0E402D36904F4FF2423F4FF231C43D4617F
S21401B1C01DF028FAEDE70220E1E700BF344C00202D
S21401B1D07A58002000C000B818B9034B93F9000054
S21401B1E0704790F9280070477A58002010B5044639
S21401B1F018F028FF10B1012001F0D4F92046FFF71E
S21401B2005BFE1DF00CFA0A4A0121D2F8A030044672
S21401B21023F02003C2F8A0300222064B08469A60AB
S21401B220054B5B68984720461DF0F4F9002010BDD9
S21401B230001E00B0001002B88C5E0020064B5A6A51
S21401B240920207D4D3F8803013F4706F14BF012034
S21401B2500020704701207047004001B8F8B50E463F
S21401B260D0F8943002EA010423EA01032343C0F82C
S21401B2709430464A01F00B0323EA0401D1642340CB
S21401B280A2F58052D3647207054610D50121FFF757
S21401B290D5FF60B104F0D0FA4FF4007314F0040F38
S21401B2A014BF3B4A3B4A536204223B4B1A67F306E0
S21401B2B006D514F0100F14BF00221B22374B5A6517
S21401B2C037061DD5200616D54FF40012304B1A62EC
S21401B2D0012203F58053C3F800211DF0A0F90E21C9
S21401B2E00746032003F09EF840F201222B4B384616
S21401B2F0DA621DF08FF9214605F1F80003F04AF9EC
S21401B300F10503D5E2052AD503F05CF8B30503D5AC
S21401B310A70527D503F062F816F48C6F1DD014F438
S21401B320806224D095F82530DC070CD5EA8DB5F877
S21401B3302A31934219D0B5F82C31981A4342434129
S21401B340174A82F8C430D5F8E410284618F0B5FC40
S21401B3508022144BD864144B1A610020F8BD03F008
S21401B3602BF8D3E703F034F8D6E70123E8E77105B5
S21401B370E9D595F82530DB07E5D5094B114683F865
S21401B380C4200A4B28461B689847DCE7006000B8D3
S21401B390005001B8006001B8002002B8004000B8B3
S21401B3A0001E00B0001F00B0000002B8484B00208D
S21401B3B0014B1868704700BF344B002037B51DF0AD
S21401B3C02EF9002401230022CDE90034002305468E
S21401B3D01946104603F0C2FF022002F0E7FA064BB8
S21401B3E021461C60054B02205B68984728461DF0E5
S21401B3F011F9204603B030BD3C4B00208C5E002086
S21401B4002DE9FF4102290D4616469846039004D1C0
S21401B410FFF7D4FF04B0BDE8F0811DF000F91E4F20
S21401B42004463B683BB1B34205D01DF0F3F8002358
S21401B43021203B60EEE7194B0022C3F800803E60F6
S21401B440002301264FF0000810461946CDE9006694
S21401B45003F084FF124B022083F8008002F0A6FA64
S21401B46043462A46022003A902F0BEFA0D4B039A70
S21401B4701A6008B92046D8E70B4D2B689847212853
S21401B48004D020461DF0C6F80020C3E731466B689D
S21401B49002209847F5E700BF3C4B0020384B0020C0
S21401B4A07C580020344B00208C5E0020044B5B6EE1
S21401B4B05B054EBF0120034B187800F00100704772
S21401B4C000C001B87C5800200A78022A11D0101F4B
S21401B4D04242424152004B781201022B0BD0191FF7
S21401B4E04B424B415B000549054842EA8312FFF790
S21401B4F013BD0122EFE70123F5E700BFF0FFFF00D0
S21401B500D9C401000B78022B10D0181F43424341C7
S21401B5105B004A78022A0BD0111F4A424A41520068
S21401B5200F21044843EA8202FFF7F6BC0123F0E745
S21401B5300122F5E705C501002DE9F8430E7804461A
S21401B540042E0D4690F830810BD100275FFA87F95B
S21401B550484601F07DFD08B14E4602E00137042F52
S21401B560F4D1304601F074FD002849D094F830310A
S21401B570B34209D1AA88D4F8A8309A4204D16A887D
S21401B580B4F832319A4238D084F83061AB8830460C
S21401B590A4F834316B88A4F83231AB8804F5987579
S21401B5A0C4F8A830FF2384F82B3018F040FE84F846
S21401B5B02A00284601F078FC18BB284601F03EFD1B
S21401B5C0F8B9D4F8E03053B194F83011414506D0BB
S21401B5D02046B3F91220EEF743F984F839012046E4
S21401B5E001F09AFE0949A4F834010123084AD1F86A
S21401B5F0FC1004F1F80003F0AFFC0020BDE8F8836E
S21401B60021200C2384F83031F8E700BF001F00B07A
S21401B610581F00B0F8B5054690F830010C460C28C6
S21401B620164623D0FF2923D01AB14FF0FF32114B13
S21401B6301A6018F0FCFD074695F8300101F068FD28
S21401B640844228BF0446E4B2BC4238BF3C46E0B25E
S21401B65085F82B0001F002FEFF280CBF21240024F0
S21401B66016B9284601F068FD2046F8BD0224FBE71E
S21401B6702124F9E79C5E002010B590F8303104468D
S21401B6800C2B43D0D0F8E03080F82A10D3B3D0F892
S21401B690F020CAB990F839318B421BD300222046DC
S21401B6A0FFF7B8FF40BB1A4B1B78022B23D8204666
S21401B6B001F032FE17490123174AD1F8FC1004F1B4
S21401B6C0F80003F049FC16E0B0F94220B3F9123055
S21401B6D09A42E3DD0022204694F83911FFF79AFFDB
S21401B6E050B9C4F8E000204618F0EAF94FF6FF73A7
S21401B6F09842014601D1002010BD2046BDE8104009
S21401B700FFF7C2B8FF2380F82B30F4E70220F3E7F7
S21401B71014610020001F00B0581F00B0F0B51D4690
S21401B720144B04461B780F46164685B05BB1D0F81D
S21401B730E030E3B102AAB3F912300092002213F00E
S21401B7406CFE05B0F0BD02A918F040FA9DF808108D
S21401B7503A462046EEF784F8014626B92A462046A0
S21401B760FFF758FFEDE72046FFF786FFE9E71846A3
S21401B770E7E700BF22260400D0F89C30012B01D158
S21401B7800020704770B5044665498CB018F084FDFA
S21401B790D4F8E0600146E58DC4F8E40026B13368CC
S21401B7A013B15B68002B71D11CF039FF1CF032FF1E
S21401B7B00123D4F8E4108DF80630B389D6E90120C8
S21401B7C0EB1A9BB200FB03225648ADF8043003681F
S21401B7D000928B4207D0204618F06FFA8022524919
S21401B7E0524BC8641A61514D00F052FE0128FBD13C
S21401B7F0AB689E06F8D420469DF80620009906AB55
S21401B80003F0E6F800283ED100F042FE0128FBD105
S21401B810464A136FD801FCD493689906F9D4684652
S21401B82006A903F08DFA054668BBE28D404B5A64C3
S21401B83094F8243060F3410384F8243000F0EEFFDE
S21401B840D4F8E0305969431E0E68DBB2FD2B029630
S21401B85022D9F31C34D84B68FF2803935ED1012606
S21401B860DA1C25D8024602A9204618F03EFCE6B9A5
S21401B870D4F8543199053FD494F8243043F00203A8
S21401B88084F8243011E002200CB070BD1A68032A37
S21401B8908AD99B6A5B0E8EE74B6801280393DED03C
S21401B8A00246204602A918F020FC00200CB070BD0C
S21401B8B00133204B5B6816D0DA1C23D80393D1E7FB
S21401B8C01C4B01361B6818BF0126DD1C06D80293E7
S21401B8D04B68FF280393C3D00020C3E7FF284B68BB
S21401B8E019D00393C3E7DD1C0FD80246204602A9F0
S21401B8F0039318F0FAFBBBE720464FF4803118F0AB
S21401B9007CFDD2E7FF28B2D1E6E7FF28B0D10022BE
S21401B910204602A9EDE701200393A1E72A46C0E7E6
S21401B920FC1F00B0244B0020001F00B0000002B82E
S21401B930008001B8A45E002010B50C4619B118F0BD
S21401B94081FB00B10434204602F0B8FA024B4042B3
S21401B950C3F8C80E002010BD001000B0838E70B56D
S21401B96093420C4615461CD3836C8B4208BF0024B9
S21401B9701CF055FE4FF49C530B490646CA68C2F3A9
S21401B9800362D340DA0702D50B6F9B0304D401226E
S21401B9902946204601F016F830461CF03BFE0020F2
S21401B9A070BD2120FCE700BF000002B82DE9F84F6A
S21401B9B0064615460B4611B92120BDE8F88F002A28
S21401B9C0FAD0032905D8002201F05EF903460028C3
S21401B9D0F2D01C889978B4F5804F01F0070080F00A
S21401B9E0C580A0F1070C1A7993F805A0DF88DCF171
S21401B9F0000343EB0C0305282B7394BF0023C1F30C
S21401BA000013C1F3801C6B738B0985F810C003F01B
S21401BA100203C1F3C00C43EA0C03C1F340116B747B
S21401BA20A974AF82002A40F0828096F81E31013B4D
S21401BA30DBB2EB74D6F89430DF0600F1838006386B
S21401BA4001287FD8B6F81280F76908F1FF38484B0D
S21401BA50083C04EA08045B6D3B5D0134802B0EBF95
S21401BA606FF07F03323B5BB2AB730023AB6096F89B
S21401BA70279004EA0804B9F1000F61D1631D03EAB7
S21401BA8008035A1C02EA0802BA5CFB5C43EA02237A
S21401BA90D9040FFA83FB4CD5D6F8E43013B11B68F2
S21401BAA0022B05D841F24D724C210020FEF74EFFC5
S21401BAB0D6F8E420CBF30B0392F82420DB000AB17E
S21401BAC0B3FBF2F39A4508D83BB1CAEB0A2ABAFB94
S21401BAD0F3FA6FEA0A0A5FFA8AF9D6F8EC3023B16C
S21401BAE0484695F90E1098478146631C85F80F90D5
S21401BAF003EA0803F95C013303EA0803FA5C01333D
S21401BB0003EA080341EA0221FA5C013303EA080367
S21401BB10F85C41EA0241002341EA00616A7C304652
S21401BB2003F0D8FA06232860AB71002045E7531EC0
S21401BB307EE717F804904FEA49095FFA89F9CCE7DE
S21401BB409946D2E700230020EB730A4B5A69C2F3E9
S21401BB500723120448BF63F0FF035AB212F1800FA5
S21401BB601CBF323B5AB2AA730346DCE7022024E725
S21401BB70004000B800C000B838B5148811F00305BD
S21401BB804FEAC40422D13F2C20D9B4FA84F4C4F17C
S21401BB901903DBB2052B01D8192C15D0052B28BFAC
S21401BBA0052301240633DBB29C40C4F3CF03138084
S21401BBB003828161448700F02DFF054A631E2343FB
S21401BBC0C2F8A430284638BD2B46EAE72125F9E716
S21401BBD0001E00B011F5004F1FBF01F30E01044B0C
S21401BBE0C1F30E01002014BF99642120704700BFE5
S21401BBF0008001B8F8B504460E4619B990F824300D
S21401BC005A063FD44FF6FF73618ED4F8E47099421A
S21401BC1004D0314B1B680BB1204698472F4D2B683B
S21401BC20BB424DD02E4B1B683BB11FB13A68002A70
S21401BC3048D0BF683946204698470727204601F076
S21401BC406BFB002E32D006270126264B94F92820BE
S21401BC5093F900302449C3F11C039B1ACA69DB021D
S21401BC6022F4FF2203F4FF231343CB61D4F8E4301C
S21401BC701E4A2B601E4B976720461E7018F026FA48
S21401BC800020F8BD4FF6FF71144DD0F8E4702A6815
S21401BC9066F386139742418680F8243017D0104BFE
S21401BCA01B68002BC1D101F037FB072711493B4622
S21401BCB0114AD1F8FC1004F1F80003F04DF9C2E77F
S21401BCC00127BBE71746204639469847B5E701F0F6
S21401BCD023FB0127EAE700BF304B0020244B00205E
S21401BCE02C4B00207A58002000C000B8006000B835
S21401BCF07B580020001F00B0581F00B0054A12688C
S21401BD001AB190F81E1119B91047084602F0AABBDD
S21401BD1001487047204B002000FEFFFF344B2DE901
S21401BD20F7431C6801F4007900F00103174653EA53
S21401BD30090206460D4635D04FF000083BB30023F6
S21401BD40002200210120CDE9008803F007FB042032
S21401BD5001F02CFE41462046FFF7D0FF0122414666
S21401BD602086104617F05EFED4F8941004F1F80011
S21401BD7002F010FC1F490868FFF7C0F84FF0FF33C8
S21401BD800B6094F8243043F0040384F82430B9F1AE
S21401BD90000F07D00121204618F02FFB25F400756F
S21401BDA006430D432B4632462046FFF709F9FB07AB
S21401BDB00FD51149114A0868002113681160012145
S21401BDC00F4A117003B198470E4B002102205B68A1
S21401BDD0984717F00E0F08D04FF409723B21002048
S21401BDE003B0BDE8F043FEF7B1BD03B0BDE8F08394
S21401BDF0344C0020945E0020384B00203C4B002041
S21401BE007C5800208C5E002008B54822002102489C
S21401BE10FDF7ACFF002008BDDC1E00B073B578212D
S21401BE206422A0F8141182210C23C0E94112C0E952
S21401BE304322C0F8002107224FF0FF35002680F884
S21401BE4030314FF6FF730446C28700F14C0282641C
S21401BE501E4AC385A0F8403080F82C3043864263E2
S21401BE60038780F82860C0F8A850458580F82650DA
S21401BE7003F03EFC2046FFF7C7FF94F92810204642
S21401BE80FFF76AF9602340F6FF71114A2046D36432
S21401BE9002F11C42D162D1650E4A2946D364402282
S21401BEA00D4B1A67D4F89420FFF7D8F90E23002219
S21401BEB0CDE9003340F202231046194603F04EFA4C
S21401BEC001F0E2F8304602B070BD00BF4000FFFF4F
S21401BED0004000B8005000B8002002B810B50C466B
S21401BEE0FFF792FFBCB1A378082B16D8E278082A90
S21401BEF013D843EA021313F0FF030CBF1946616817
S21401BF00074AC2F8DC10217882F82011617882F89D
S21401BF10233182F82111002010BD2120FCE700BF4B
S21401BF20001E00B0012A10B512D8032B10D803EB5F
S21401BF3082020123074C934094F82201DBB221B11F
S21401BF400343002084F8223110BD20EA0303F8E7FA
S21401BF502120F9E7001E00B0034670B50C68B0F862
S21401BF603421013408BFD3F800418D6808BF0C6046
S21401BF704C68F830013404BFD3F80C414C606E1C99
S21401BF803CD1D3F80841CE688C60751C3CD1D3F8FF
S21401BF9004510E69CD60013604BFD3F8F8600E6116
S21401BFA04E69013604BFD3F8FC604E618E690136D6
S21401BFB004BFD3F810618E618E695EB35A32B24205
S21401BFC038BF32460E688A6116B15A2E38BF5A26D5
S21401BFD0C3F808414C68C3E94065C3E943420A69AE
S21401BFE0C3F8F8204A690C49C3F8FC20D1F8FC10C4
S21401BFF007230A4A02F0B0FF002070BD02F15A047E
S21401C000AC4238BF2C46BEE702F17805B54238BFD0
S21401C0103546BEE76422D5E7001F00B0581F00B0C2
S21401C02070B51CF0FCFA04460B4E00F031FA0128FC
S21401C03005D020461CF0EEFA0225284670BDF368AE
S21401C04013F0706FC3F30365EFD1B36ADB06ECD56B
S21401C05020461CF0DFFAF0E7000002B838B51CF005
S21401C060DEFA4FF6FF710A4A13888B4203D11CF0A1
S21401C070D1FA0E2038BD074C074D1B046566A4F5A2
S21401C0808054636611801CF0C5FA0020F2E700BFF9
S21401C09012610020006001B80000FFFF2DE9F743A0
S21401C0A004460F4615461E46FFF732F830B3A38AFC
S21401C0B023B3204617F0CCFD78B9002E40F0F2806D
S21401C0C0794BD3F8D83E03F03002102A00F0EA800C
S21401C0D003F0C003402B00F0E580DFF80082D8F8BB
S21401C0E01430D90740F1DE801CF099FA0646032089
S21401C0F001F058FD30B130461CF08CFA022003B036
S21401C100BDE8F083D8F8142012F00608F3D13046C3
S21401C1101CF080FA644B4FF400612046D3F8D89E99
S21401C120D3F8AC6E04F0BEF940B14FF400720121B1
S21401C1305E4B08461A67424617F074FC94F82530A1
S21401C140DA0707D5D4F894305B0542BF4FF40022D6
S21401C150574B1A6739462046FEF796FB524BC3F8F3
S21401C160D89EC3F8AC6E0028C9D194F8243098063E
S21401C17001D4002D57D0C5F3400003F023FB022362
S21401C18015F4807F1BBF0021494A484A136717BF31
S21401C190484A13675161136303F04EFB4FF4806303
S21401C1A015F0040F14BF444A444A15F0400F536279
S21401C1B04FF004023D4B28461A674FF0400314BF68
S21401C1C03F4A404AC2F88830FEF7C8FE204617F0BC
S21401C1D069FE38B14FF4807315F0010F14BF344A6D
S21401C1E0324A1367A90647D54FF6FF72B4F84030B6
S21401C1F093420FD0344A3549526E100CC2F30112E5
S21401C2000132B3FBF2F308802B4A2C4930481B0459
S21401C21048665366003D18BF012594F8243065F33F
S21401C220451384F82430204617F00CFFF0B1204661
S21401C23017F038FED0B14FF40031204604F032F941
S21401C240431C03229BB2234801A917F0B3FF9DF8B4
S21401C250042002F00703052B9DF8053015D11207BF
S21401C2600DD443F480731C4AC2F8B830002003B0E2
S21401C270BDE8F04317F0ABBFFFF7F0FECAE713F0D7
S21401C280040F09D19DF80630EBE703F03002202AAF
S21401C29005D113F0010FF4E74FF48073E3E79DF83F
S21401C2A00630E0E70E202AE7001000B0002002B8B2
S21401C2B0001002B800400054005001B8006001B8F8
S21401C2C000D000B800E000B8004001B812610020BC
S21401C2D00000FFFF08400054001E00B000C001B877
S21401C2E02DE9F3410646884615461F461CF097F988
S21401C2F00446032001F056FC38B120461CF08AF9AA
S21401C3000E24204602B0BDE8F081042001F04AFC6C
S21401C3100028F2D120461CF07DF901232A46414629
S21401C3203046FFF7BBFE04460028EAD1DFF8C88096
S21401C3305FB388F8000039463046FEF735FD002821
S21401C3404CD198F80030012B1CD02022244B1A67C0
S21401C350244BDB6CB3F5817F1FD2012017F078FFE9
S21401C3601CF05DF9204B06461B680193CBB901F022
S21401C37093FC15F0800526D101F0E0FC284603F079
S21401C380F5F925E003F008FABBE798F80030012B31
S21401C390F8D0002BD9D12124B3E78022134B1A61A0
S21401C3A0DBE7042001F002FB00230122042001A99F
S21401C3B001F01AFB0028DAD103F056FA21243046A0
S21401C3C01CF028F99DE70022094B9A6701F0B6FC9C
S21401C3D0084B01215B6800209847F0E7044690E788
S21401C3E0001002B8001F00B0284B0020000002B861
S21401C3F000C001B88C5E00207958002008B50C4BAF
S21401C400D3F84C114B1C12D011F080410FD1094BBF
S21401C4101B6813B10320FEF70BFE4FF080624FF44A
S21401C4200071054BDA67054AD16201225A6108BDDF
S21401C4300080E00F344C0020001002B8004000B825
S21401C4404FF40022034B186F03F500531A67C0F32D
S21401C450C0407047000002B8024B586900F0010066
S21401C460704700BF00C001B8084B5A69D10707D50D
S21401C47008B901F077BA5B69DA0706D401F064BA45
S21401C4805B69DB0701D40028F8D1704700C001B80A
S21401C4900F4BDB68C3F30363013B0B2B0FD8DFE8BD
S21401C4A003F006060C06060606080A080808022017
S21401C4B07047042070470520704703207047054BDE
S21401C4C05B6913F0060F0CBF01200420704700BF04
S21401C4D0000002B800C001B8094AD368C3F3036379
S21401C4E00B2B08D06FF49050184100F0010080F03B
S21401C4F0010040007047106F10F48030EDD1704796
S21401C500000002B80C4AD368C3F30363062B07D8AE
S21401C510042BD8B20BD8C31E58425841400070476E
S21401C520072B06D1D2F830010028ECD17047022043
S21401C53070470020704700BF000002B8094BDB6857
S21401C540C3F303639A1E012A8CBF00220122012B2A
S21401C55002701EBF4FF4026222FA03F303F00103D6
S21401C5600B707047000002B8094AD368C3F303632F
S21401C570032B01D0072B08D1536FDB0605D4906F30
S21401C58080F00800C0F3C00070470020704700BF6D
S21401C590000002B8024B0022196817F034BD00BF34
S21401C5A0E84D0400024B1B6803B11847704700BFF3
S21401C5B0544B0020024B1B6803B11847704700BF5D
S21401C5C0504B002010B5FF224FF6FF71044617F0BE
S21401C5D03CFD68B9FF224FF6FF71204617F046FD75
S21401C5E030B92046BDE81040FF22024917F050BD81
S21401C5F010BD00BF8C4D04002DE9F0411C46184BC0
S21401C60005461E680F46904646B1306801F01CFE8E
S21401C610F3681BB1B368186801F016FE114B1B686E
S21401C6202BB1DA681AB19B68186801F00DFE9DF807
S21401C6301830640744EA08425B0503F0BC6342EA2B
S21401C640C7621A432846084942F4C87203F016FF27
S21401C650002228461146FFF781F90020BDE8F08147
S21401C660E44D0400E84D04009007E12D08B5FFF7FE
S21401C6707BFF88B1094BDA6912030DD5186F10F4E8
S21401C680003009D19B6F13F0100F4FF010030CBF51
S21401C690034A044A936708BD0220FCE7000002B87B
S21401C6A0001002B8002002B838B50446F8B1124AA4
S21401C6B0D3691B031DD5556F104BC5F38115032D8B
S21401C6C0B3F8B4300DD10822083B9BB221460C4882
S21401C6D017F070FD0020084B25729B6F1B0A6372D2
S21401C6E038BD022D05D1023B2A469BB2EEE721203A
S21401C6F0F6E70220F4E700BF000002B8001E00B013
S21401C70038400054431EDBB2FD2B14D9FF280B68BA
S21401C71001D14A68134313F0802F1EBF42F2010273
S21401C720074BC3F8282251F82020054BC3F85022A6
S21401C730C3F8542270470128F5D10023E9E700BF6A
S21401C740004001B8F0B585B06D460E460F4B074662
S21401C75014460FCB85E80F000D4BD3F84802009026
S21401C760D3F84C2201923EB1631EDBB2FD2B0AD9EF
S21401C7703060FF2C00D1726022462946384617F0F9
S21401C780B4FC05B0F0BD012CF4E700BF944D0400E5
S21401C7900080E00FF0B585B06E460D4B07460D469E
S21401C7A00FCB86E80F0000F039F831460446024602
S21401C7B0384617F013FE4DB140B9FF2C1BBF04AB32
S21401C7C003EB8404009B54F8103C2B6005B0F0BDCD
S21401C7D0944D040030B50C4B0546187085B00823FF
S21401C7E080B90A4AC2F8FC3351B96C46084B0FCBE4
S21401C7F084E80F00074B2A4621461868FFF7A2FF78
S21401C80005B030BD044AEDE787610020001002B88C
S21401C810A44D0400344C0020002002B8014B1878C7
S21401C820704700BF87610020124BD3F8E020D20387
S21401C8301ED54FF480321049C1F8E020A1F5805191
S21401C840C1F8EC201A6CD1B2C2F30722C3F88010EB
S21401C850C3F880200422C3F880200022C3F8802079
S21401C860C3F88020C3F88020C3F88020C3F8802056
S21401C870704700BF0040005400600054F0220A4B8D
S21401C88001219A64A022A3F580539A64074B826C17
S21401C890C3F8C010FC21C3F89810C3F89C204FF4CD
S21401C8A00052C3F8BC207047006000B80040005436
S21401C8B0F8B50D46174606461BF0B1FE01230421C6
S21401C8C0084C094A2363A760E6602561C2F8E010B8
S21401C8D0064AC2F884311BF09DFE0DB10223236384
S21401C8E0F8BD00BF004000540060005400E100E0C5
S21401C8F00222024B58611A63704700BF0040005481
S21401C9000122044B1A6640F6FF729963D863DA6512
S21401C910704700BF004000542DE9F04F042A054639
S21401C9200B4683B039D901260978141F81615A78DC
S21401C93003F1040982619A788261DB788361036876
S21401C940D0F808B003F0070306339E4006F1FF3A1D
S21401C9500AEA0B084768A6EB0802944247F000571C
S21401C9600ED84946224607EB0800FDF79DFB46EA2E
S21401C9700A0604EB0B023240AA6003B0BDE8F08F52
S21401C980494607EB08000192FDF78EFB019A3846EF
S21401C99009EB0201A21B4244E7E7013A032AECD85D
S21401C9A0DFE802F00B08050213F8012B826113F889
S21401C9B0012BAA6113F8012BAA611B78AB6103B0A6
S21401C9C0BDE8F08F38B50C46154601460F4B60B1F1
S21401C9D001220F48C3F8C0202246FFF79DFF1DB174
S21401C9E004220A4BC3F8C02038BD64B1D3F8A42092
S21401C9F0A24284BF0122C3F8C0200222C3F8A0408D
S21401CA00C3F8C020EBE70122FAE700BF004000545C
S21401CA109840005438B504461BF001FE01211A4A1D
S21401CA20638F054611663BB3B3FA83F3C3F119036B
S21401CA30DBB2A069C2F8901093660723D066C2F8ED
S21401CA408C304FF4A02302F50052C2F8E030A2F574
S21401CA508052C2F8EC3000220C4B1A600C4B1B6F54
S21401CA605B0209D54FF480020A4B04F1F8001A67FD
S21401CA70D4F8941001F08EFD4FF4E0232846E363CA
S21401CA80BDE838401BF0C6BD00400054584B00209E
S21401CA90000002B8002002B82DE9F84305460C460E
S21401CAA0B1B1D0F81880478F1BF0B9FDB5F83CC07E
S21401CAB0791E01EA0C0323F00702032C0646DFF871
S21401CAC0F8E042445CD1DEF8004024B91BF0A2FD38
S21401CAD00E20BDE8F88324F00104DEF8000020F003
S21401CAE00100A04251D10023CEF8003023889442A1
S21401CAF06FEA43436FEA534323803CD1EB8F08EB45
S21401CB0007091846083880B202F108044C4528BFC8
S21401CB104446082804D9B4F800E0BEF5804F3ED25A
S21401CB2063440F431B1A3B409BB2AB87E8871188CF
S21401CB3094781C4AC1F30C0151645367C2F88C0007
S21401CB404FF48022184B04F00704C3F8E0200122BA
S21401CB50164BC3F88421FFF767FE042C0BD14FF464
S21401CB608002134B05F1F8001B6F124B1A67D5F8BC
S21401CB70941001F00FFD30461BF04CFD0020A8E795
S21401CB80601E012898BF1446A7E7E88F4344E31ABE
S21401CB9048BFDB1908389842A8DC304696E722469B
S21401CBA0B0E700BF004000540060005400E100E020
S21401CBB0000002B8002002B8584B0020144B10B5F4
S21401CBC01968CA8F8B8F488F13440138073B8C69CD
S21401CBD0034023F007031C4402F108030D4A9BB2ED
S21401CBE0CB87C2F88C304FF480220B4BC3F8E02081
S21401CBF001220A4BC3F88421A07800F0070004281C
S21401CC0003D1074AD3681B03FCD4064B1C6010BD36
S21401CC10344C0020004000540060005400E100E065
S21401CC20000002B8584B002010B5064C216839B1F7
S21401CC30CB0703D4044B1868FFF72EFF00232360AD
S21401CC4010BD00BF584B0020344C00204FF48032FA
S21401CC500B4B0C49C3F8EC20A3F50053C1F8E020B8
S21401CC60D3F888109A6E012302F007020632934029
S21401CC70C1F30C01083B994201D8FFF7D5BD7047B7
S21401CC8000600054005000542DE9F04780460C46E1
S21401CC9016468769458F1BF0C2FCB8F83C2005F1A3
S21401CCA0FF3C02EA0C0323F00701032C82463944B9
S21401CCB0B8F83E0019D1494C24689CB90244073A99
S21401CCC002EA0C0222F00702BC183B44E31A48BFF2
S21401CCD05B19834210DB50461BF09CFC0024204667
S21401CCE0BDE8F08724F00104EFE7012C02D0022C06
S21401CCF0EBD108380C46E8E7002E3DD08C423FD1F8
S21401CD00374AD2F844903649B8F81270D1F88820DC
S21401CD10C2F30C02934247DA2588B5F5804FDAD282
S21401CD20A378C5F30C0503F007037A1EA5EB0905E6
S21401CD303A43052B337005EA02052DD82DB2E84398
S21401CD4040F241420421C00FFDF700FE7580E378F2
S21401CD503374D8F81C207B1E03EA0903D118B1608E
S21401CD60A9B213FA85F5AF422FBF0023FF1AB78089
S21401CD70F26024BFB180F36050461BF04BFCAEE777
S21401CD80A4F10802974284BFED0802EBC502B2F88F
S21401CD900090C9F30C09B6E7124B5B6D003B18BF58
S21401CDA00123A5EBC305C9E70B6C7A1EA3EB0903A8
S21401CDB03A431A400C4915B2002DCB680BDCC3F37D
S21401CDC00363D81E43424341DB0033708B6F72808E
S21401CDD01B0A3374BDE70823F7E700BF584B002052
S21401CDE000400054004000B8000002B8054BA822DD
S21401CDF0D3F84C013121431C0CBF0120C0F38070D5
S21401CE00FDF7A4BD0080E00F38B5094D044628683B
S21401CE1040F69702003818BF01202B21FDF796FD3A
S21401CE20FA235C432B680A20B4FBF3F4604338BD55
S21401CE308C4B0020174B30B51A68431C164B22D07A
S21401CE40B2F1407F1FD3154D00F03F04D5F8002105
S21401CE5022F03F021443C3F8C84001F03F042243C6
S21401CE60C3F8D020D5F804310D4A1A400D4B03EA19
S21401CE70500003EA510110431143074BC3F8CC009D
S21401CE80C3F8D41030BD00200146C3F8C800C3F86B
S21401CE90D000F2E70080E00F001F00B0000002B8EB
S21401CEA01FF087E1E0FFFF7F73B5574E04463178E8
S21401CEB019B91C225548FCF759FF2378544A618852
S21401CEC0137051804FF0FC62524CFF21C4F8FC20D5
S21401CED04FF47F02C4F808214F4A022B4F4D1170C0
S21401CEE033D1042307224E49C4F8FC23C5F8FC338A
S21401CEF0C4F800114FF4C071C5F80011C4F8FC2342
S21401CF004FF48052C5F8FC33C5F870214FF4005237
S21401CF10C4F87021C4F808314FF4FF13C4F8FC308C
S21401CF204FF4BB13C5F8FC308023C4F8703148F2C7
S21401CF30C8023C4BC3F8D8203B4B3C4A0020C3F800
S21401CF40C02F0123337002B070BD394A012BC4F8DB
S21401CF500021384B27D14FF4C072C5F80021D3F811
S21401CF603802D3F83C12FFF765FF0723C4F8FC33F9
S21401CF700223C5F8FC334FF48053C5F870314FF4E3
S21401CF800053C4F870310423C4F808310DEB0300D4
S21401CF90ECF79EFB9DF80530023B012B9CBF8023DE
S21401CFA0C5F87031C3E7244AC5F80021D3F830022A
S21401CFB0D3F83412FFF73EFF0723C4F8FC330123EE
S21401CFC0C5F8FC338023C4F870314FF4805301A8B0
S21401CFD0C4F87031ECF77CFB9DF80530012B05D1C8
S21401CFE09DF8043053B948F25D1309E0FBD9023BC2
S21401CFF0012B9CBF4FF40053C5F8703148F258130B
S21401D000084AC2F8D83097E77D580020C41F00B000
S21401D01014610020002002B88B610020001002B8C5
S21401D020C0F10F00001F00B0001000B0604B0020E0
S21401D030C0F70F000080E00FC0F60F00034B1A6820
S21401D04002609B8883800020704700BF1461002027
S21401D05010B5044601F026F80A4BD3F8F83724B980
S21401D06083F40023C3F3C04010BD012C05D113F493
S21401D070C02F0CBF01200020F6E7A31E58425841DE
S21401D080F2E700BF000002B86FF07F42154BD3F8FD
S21401D090FC37934208D0144A03F03F031370F12380
S21401D0A0124A1370124A13701249134B09781A6800
S21401D0B0A9B1B2F1A06F12D3D3F850120F4A104B98
S21401D0C0B1F1FF3F18BF13460E4A136041F66A02DC
S21401D0D00D4B1B68B3FBF2F30C4A13607047084B09
S21401D0E0F2E700BF000002B88C6100208D610020CD
S21401D0F08E6100208A6100200080E00F5082E00FE0
S21401D100C84D04005C4B0020A84B00208C4B00202F
S21401D110012807D0022802D030B100207047034B07
S21401D12018787047024BFBE7024BF9E78C61002049
S21401D1308D6100208E6100200023F0B590F830410B
S21401D14085B002462046CDE90133CDF80B30FFF716
S21401D150DFFF92F82B30411EC9B28B4228BF0B4627
S21401D160002C3CD0012C38D1042418464FF00F0C6B
S21401D170384E0DEB0405B0FBFCF7F75D013CC01B18
S21401D180C0B2814238BF00206055002CF3D105247F
S21401D1900F278DF80830B3FBF7F0305C0344DBB2A1
S21401D1A08B4228BF0B462B5501340B2CF3D10F268F
S21401D1B002F1A800D43215F8013BB3FBF6F14C1C82
S21401D1C0C1EB01115B1A0133DBB2E4B21B0443EA83
S21401D1D0045340F8043F8242EDD105B0F0BD04246B
S21401D1E018464FF00F0C1C4F0DEB0406B0FBFCF578
S21401D1F0EDB27D5D013C401BC0B2814238BF0020CC
S21401D200A055002CF2D105240F258DF80830B3FB6C
S21401D210F5F0385C0344DBB28B4228BF0B4633552E
S21401D22001340B2CF3D10F2502F1A804D43216F8E1
S21401D230013BB3FBF5F1481CC1EB01115B1A01334D
S21401D240DBB2C0B21B0443EA005344F8043FA242D7
S21401D250EDD1C2E7C14D0400B44D040038B5284BEA
S21401D26005461A7827490C2A02D1FF20087038BDD6
S21401D270104616F0DCFF04461046FFF749FFA842A9
S21401D28028BF2846C0B2A04238BF20460B78C0B29D
S21401D2908342ECD0087088B1431EDBB2022A1A49D9
S21401D2A00ED14FF0FC62C1F8FC20A1F50051D1F877
S21401D2B0FC2042EA4353C1F8FC30D8E70346EDE7C9
S21401D2C0124A134C1268AC32C4F8C02F4FF47F02D6
S21401D2D0C1F808210F49CA6FD202C8D40F22B3FB86
S21401D2E0F2F2551CC2EB02129B1A0133D1F8084127
S21401D2F01B0443EA05532343C1F80831B7E700BFCF
S21401D300146100208B610020002002B8344C0020FC
S21401D310001000B0000002B82DE9F04F90F830512F
S21401D3200646D0F8A82087B035BB1F2A38BF1F2273
S21401D330093A4C24844B85481B6A96F82B10C3F394
S21401D3408213DC400368DFF82CA29342DFF82882C0
S21401D3507F4B04F0010414D11F78A74211D19AF82B
S21401D3600070AF420DD17B4F3F788F4209D1B8F89C
S21401D370040007B0BDE8F08F032A38BF0322023A43
S21401D380D7E7026098F800001C70FFF7C1FEFF297E
S21401D39024D1284616F04BFF07466F493CB3D6F812
S21401D3A0E4702FB13B68082B40F2CB8097F83870B9
S21401D3B01DBB0B6840F27121B3FBF1F353431922F5
S21401D3C0B3FBF2F339462A4605A8059316F005FF86
S21401D3D002023C04059842F0110988E0471E8F427C
S21401D3E028BF0F46012F38BF0127FFB2D5E7012D11
S21401D3F029D0022D01D0B5B327460B6840F2712122
S21401D400B3FBF1F353431922B3FBF2F3394601227E
S21401D41007EB072405A8059307EB042416F0DDFEA9
S21401D4207F00032F38BF0327020242EA001242EAB6
S21401D4300009033F00F01F0007FA00F0FFF7E4FCC5
S21401D44000F5FA6758E00F23B7FBF3F3581CC3EB5C
S21401D4500313FB1A0133DBB2C0B21B0443EA0053C9
S21401D460C3F30747C9E70C6840F27121B4FBF1F436
S21401D4700F2354431922B7FBF3F3B4FBF2F43748F6
S21401D480374A0068A2FB0412013350FA83F313F8FB
S21401D490013C0392A3F140012A4603A8019316F02A
S21401D4A09CFE039F2F4AE41BA2FB0412009030212E
S21401D4B0049204A82A4616F090FEDDF810B08146C4
S21401D4C0A4EB0B0401220594102144F2100405A8D4
S21401D4D016F083FE009B1A02019B42EA091244EAF7
S21401D4E00344059B42EA000907EB0B001844FFF7CB
S21401D4F08BFC00F50C57283740F6FF711A4B38465F
S21401D500C3F8C010A3F58053C3F8C090A3F58053A9
S21401D510C3F8C440154C276001F0B0FC4FF47A7292
S21401D520134B4042986523680A49B3FBF2F3A8F807
S21401D530043096F82B30B7FBF2F08AF800500B70E7
S21401D54017E7002734E700BF004001B89C5E0020C3
S21401D5507E58002088610020A84B00205C4B0020EC
S21401D56069C2F568911E856B006001B8904B00207A
S21401D570001F00B08961002014610020014B187063
S21401D580704700BF8A61002010B5044603F012F808
S21401D59078B1174B1B786BB964B1164B1B784BB13E
S21401D5A0154B1B78013B012B04D84FF40042134B5B
S21401D5B0DA6710BD124BDB6F1B04FAD41BF02FF891
S21401D5C04FF400420F4B0446DA67A3F5A0435B68AD
S21401D5D02BB1FEF741FF10B1022016F039FE0222F0
S21401D5E0094B2046BDE81040C3F884241BF012B84E
S21401D5F07F58002080580020944B0020002002B85D
S21401D600000002B8001002B800D003500122024BFD
S21401D61000201A70FFF7B8BF7F5800200022024B87
S21401D62001201A70FFF7B0BF7F580020F7B50646F5
S21401D630504C00F037FD504B2578504F1E7085BB7F
S21401D6402846FFF7A1FF2378013B012B19D8E37B7E
S21401D65001A88DF80430237C8DF80530E9F760FCCD
S21401D660C7F884544FF6FF72454BC3F88420F8225E
S21401D670A3F58053C3F884200022404BC3F88424CA
S21401D6800DE04FF6FF723E4BC7F88454C3F8842072
S21401D690F822A3F58053C3F88420C7F88454394B85
S21401D6A05BE00020FFF770FF2378013B012B08D8D1
S21401D6B0E37B01A88DF80430237C8DF80530E9F76B
S21401D6C02FFC0023C7F88434002ECBD062685AB3EF
S21401D6D02D4B1B6803EB5203B3FBF2F3013B1B021A
S21401D6E043F0F80326782649022E284A1ED0032E38
S21401D6F04FF6FF75214826D0012E34D143F00203A0
S21401D700C1F88450C2F884300723C0F88434E37B20
S21401D71001A88DF80430237C8DF80530E9F7D4FB99
S21401D7200120FFF731FF17E0F823DBE74FF6FF7024
S21401D73043F00103C1F88400C2F8843006220F4B7F
S21401D740C3F88424E3E743F00503C1F88450C2F824
S21401D75084300423C0F884340D4B4FF080420020FF
S21401D760DA6703B0F0BDC1F88450C2F884300023F4
S21401D770F0E700BF944B00208058002000C0035003
S21401D780006000B8002002B8A84B0020005000B886
S21401D790001002B8F0B5294F06463D4604460FCEA6
S21401D7A00FC5336885B02B6000F07CFC0022244B4B
S21401D7B0C3F88424A17A627A42EA0142C3F890242B
S21401D7C0217CE27B42EA0142C3F88C24217B627B06
S21401D7D041EA0240C3F888043B78032B2AD8DFE8E5
S21401D7E003F022020C178DF8041004218DF8052091
S21401D7F00DEB01000022E9F733FBE37B00228DF8F5
S21401D8000830237C042102A88DF80930E9F728FBAB
S21401D810637A01228DF80C30A37A042103A88DF8CF
S21401D8200D30E9F71DFB074B187805B0BDE8F04051
S21401D830FFF7FCBE212005B0F0BD00BF944B0020D1
S21401D84000C0035080580020034BDB6F002BBCBF89
S21401D850024BC3F888007047000002B8004000B8C9
S21401D8602DE9F04716F058FD4FF47A762D4BB0FBB4
S21401D870F6F618604FF4FA73734307462A48190EF2
S21401D8801B021818294A4FF0000341F10001FBF76B
S21401D8905BFE274BA0F5807205461A6320B9482225
S21401D8A02B21FDF753F801254FF47A724FF0000A49
S21401D8B06A43534650083102FBF746FE1C4B1D4A8D
S21401D8C0B7F57A7F9A601C4B4FEA056819601B4BC7
S21401D8D08946044618604FEA152505D29B222B215E
S21401D8E05046FDF733F801264FF47A73A8FB03017F
S21401D8F003FB05117308C01841F1000100233246ED
S21401D900FBF722FE0E4B023419600E4B49F100095B
S21401D910A408186044EA8974054B013C9C63BDE881
S21401D920F08700BFA84B002020A1070040420F004F
S21401D93000C001B802110100B84B0020B44B002012
S21401D940B04B0020AC4B00201022044BC3F88421BE
S21401D9505A600122024BDA60704700BF00E100E026
S21401D96000C001B81022064BC3F88421C3F88420F6
S21401D970BFF34F8FBFF36F8F0422024BDA607047FD
S21401D98000E100E000C001B810B50446A242A2EBD7
S21401D9900000A3EB010104D2034B01399B6B013359
S21401D9A0184401F0030110BD00C001B838B50125C7
S21401D9B00A4B02019D504FF480730446084A834087
S21401D9C053661AF02CFE074AA540137823EA05038E
S21401D9D01370BDE838401AF01DBE00BF00E101B863
S21401D9E000E001B8895800202DE9F84F1646054693
S21401D9F08A461F461AF013FE022E00F090808046DB
S21401DA001AF01AFE594B5A4AD3F82090147D5A6ED2
S21401DA10E4B2520744BFD3F82090013404F0030463
S21401DA201AF005FE4846214600F036FA8446DAF832
S21401DA300000012E04BF01306044ACEB000C08BFAF
S21401DA40CAF80000BCF1804F7DD300F037FA81455B
S21401DA50A1EB040188BF454BDFF834C188BF01F153
S21401DA60FF3101F0030188BF9B6BA0EB090E0CF898
S21401DA700510A1B1F90742BF41F61F723D4B5A6727
S21401DA80BA0742BF3B4B3C4A5A677B0742BF00225C
S21401DA90364B9A673C0742BF0022344B9A651124E5
S21401DAA04FF0010A314B05F11002120103EB051B81
S21401DAB0CBF80C0131499C501A6A0AFA05F4586EE3
S21401DAC00B78A2EB0902E4B2234372450B7025D30F
S21401DAD04FF48073AB40034220D11CF80520002A86
S21401DAE040D10EB3264AF807536607D541F61F7193
S21401DAF040F201101F4B596750675967B90706D5A1
S21401DB001C4B1D4A1E491F485A6748675A677A07C1
S21401DB1042BF01221C4B1A613B071AD440461AF039
S21401DB2079FD0120BDE8F88F184A2D0142F805A0BD
S21401DB3042F89C3C1AF073FD10490B7823EA040363
S21401DB400B701AF067FD40461AF064FD0020BDE830
S21401DB50F88F2120FFF778FE4FF48032034B4046C2
S21401DB60DA60DCE7064A40465366D8E700C001B8EB
S21401DB70184C002000E001B800001F1F8958002043
S21401DB8000D001B800000101000002B800E101B8B0
S21401DB9081580020024B1878003818BF01207047C2
S21401DBA089580020034B10300001185800F001007E
S21401DBB0704700BF00C001B870B50646FEF74CFCC2
S21401DBC0044608B1FFF7CEFE0023084D3046AB6190
S21401DBD0EB612B6200F072F9054BC9B21975286228
S21401DBE00CB1FFF7B1FE002070BD00BF00C001B848
S21401DBF0184C00202DE9F0419DF818800D46B8F12B
S21401DC00000F08BF0022214EB5F5803FB1680746D8
S21401DC1021F4700141F4A001B1609DF820409DF807
S21401DC201C104FEA042444EA016444EA031444EA5B
S21401DC30084444EA02044FF0180140F2E9222CBFDE
S21401DC40002001207465FCF781FE3564B8F1000FF1
S21401DC501AD00F4BBC68D3F888305A2C38BF5A24D8
S21401DC605B0606D500F0F0FB18B10A4BB3FBF0F3E8
S21401DC701C44204600F022F90130854238BF0022BC
S21401DC80024B34BF5A645864BDE8F08100C001B845
S21401DC9000C000B800093D00214B10B51A6E1A6687
S21401DCA0596C59B11F49C96800292EDB596D4FF0CF
S21401DCB0FF3301F00F018B409A4326D11024202018
S21401DCC0FFF7C2FD184B9C6002F088FB2022174B21
S21401DCD0C3F8842101F0F4FC48B100220020082199
S21401DCE0FEF71CF8124B5C66A3F580531C670D4AC1
S21401DCF0D36803F07063B3F1807FF9D9084B0D4AFE
S21401DD005A6741F201429A6710BD01F0D9FC00281A
S21401DD10F4D0094B064A5366A2F580521367EDE725
S21401DD2000C001B8000002B8001002B800E100E02F
S21401DD3000E001B8011B01181000002008B52120E1
S21401DD40FFF782FD4FF48032014BDA6008BD00BF59
S21401DD5000C001B8F8B5184D04462B6A1B0426D539
S21401DD6000F0E6FB2B6AA0FB044613F0787F4FEA2F
S21401DD709367C3F34450C3F3044505D140F25A42B6
S21401DD802B21FCF7E3FD0120AD01B5FBF0F010EB14
S21401DD90871005D140F25F422B21FCF7D7FD012009
S21401DDA00246002320463146FBF7CEFBF8BD00F0C5
S21401DDB04BFBA0FB0401F9E700C000B802460120B6
S21401DDC030B50B4CA0F12003C0F1200524FA05F56F
S21401DDD004FA03F32B4304FA00F595428B4100D372
S21401DDE030BD0F2801D00130ECE7FF20F8E700BF77
S21401DDF040420F0010B50C46FFF7ACFFC30943EADB
S21401DE004163C01A61EBD111FFF7D8FFFF2814D088
S21401DE100F220C4B40F01000C3F88820A3F5805366
S21401DE20C3F88800A3F580531B6ADBB2802B06D0AB
S21401DE302046BDE8104000F067BB212010BD02203F
S21401DE40FCE700BF00E000B838B51AF0F5FB084B58
S21401DE50084A1D6A147D5A6EE4B2520744BF1D6A11
S21401DE6001341AF0E4FB284604F0030138BD00BF74
S21401DE7000C001B8184C00200346064A103302EBD6
S21401DE8000111B01D1F80C01D158C1F3400116F065
S21401DE90EAB900BF00C001B8064B1B68434303EB59
S21401DEA08171054B1B68A3FB003013F1004341EB66
S21401DEB000007047B04B0020AC4B00200C4A20F00D
S21401DEC04043014610B5002014684FF00042E4FBC1
S21401DED00320084A890F126802FB0300064B9B6B5E
S21401DEE0984204D901330131C01A01F0030110BD73
S21401DEF0B44B0020B84B002000C001B8044B01F021
S21401DF00F071103041F0030100011950704700BF55
S21401DF1000C001B808B52220FFF796FC4FF4802216
S21401DF20014BDA6008BD00BF00C001B808B5064B5A
S21401DF304FF030401A6805499200FCF7B5F8BDE885
S21401DF40084001F0E3B800BF044E0400084E040088
S21401DF5070B50C68651C15D0C4F302669E42C4F306
S21401DF60074530D1A4B294422DD804EB8506B242BF
S21401DF7029D2141BA50824F003040E59340F04D02B
S21401DF80012C08D00022212402E06B1C51F823202A
S21401DF90C0E9002470BD0E4C34F8133042EA034346
S21401DFA01A686B1C51F8234001EB83014B68224031
S21401DFB05E4036F0704404D11B0F032B04BF8B6800
S21401DFC01A430024E4E7013501EB8501C1E700BFF0
S21401DFD0DC4D040007B501A8EBF77AFB4822164B87
S21401DFE05A65164AD2F8D43023F4FC33C2F8D4303A
S21401DFF0134B1B689DF80530023B012B19D84022B4
S21401E000104BC3F8FC23104BD3F85C32DBB2FF2B6A
S21401E01000D10623094A1B03D2F8FC139BB20B431B
S21401E020C2F8FC33D2F83021084B1A6003B05DF811
S21401E03004FB00F0E7FEECE7008001B8000002B840
S21401E040002000B0001002B80080E00F4C4B00200A
S21401E05000224FF400710F4B10B51A675A679A6782
S21401E0600D4AD162012102F5E8325161DA6812F0F7
S21401E070706FFBD14FF0304201245A6602F5FC5214
S21401E08008329C66DA64054B1B689847044B5C6152
S21401E09010BD00BF000002B8004000B8A05E00201E
S21401E0A0002002B801230F4A0F49C2F880328A6A5B
S21401E0B022F002028A620D4A53600D4A53600D4AED
S21401E0C05360A2F580425360A2F54042536002F5C8
S21401E0D0C032536002F580425360A2F5004253609D
S21401E0E0704700BF0080005000C0005000D000B84C
S21401E0F000500054005001B808B5FFF7D3FF0E4B8F
S21401E1000E4ADA6700F076FEFFF764FF03220C4B37
S21401E110C3F8E020012203F54043DA674FF460724A
S21401E1205A614FF40072DA67FEF778FBBDE80840E3
S21401E1300021FEF74FBB00BF000002B80048F00008
S21401E140005001B82DE9F04F054687B002900F4602
S21401E15057F8044B631C06D1029B2C60E81A80100A
S21401E16007B0BDE8F08F5FEA147B18BF0123344A7D
S21401E170C4F3016108BFC4F3074332F81120A4B207
S21401E1804FEAC30A2F4844EA02440AF104022A4429
S21401E19082421BD20722CA4002F0010201929A0073
S21401E1A004EB830303930123B94603FA0BF808F043
S21401E1B0940305F1080604920593039B09F10409EB
S21401E1C0A34208D1049955443944C0E71D4A9542F3
S21401E1D0E0D80020C4E7059B53B918F0420F19D1C7
S21401E1E018F0280F0BD146F8084C59F8042C21E0FA
S21401E1F04FF4206232210020FCF7A8FBF3E740F63B
S21401E200042232210198FCF7A1FB04F5805246F85E
S21401E210082CEAE740F60D2232210198FCF796FB1E
S21401E22004F50052BBF1010F46F8082CDDD159F870
S21401E230042CD24346F8042C04340836BDE700BF4C
S21401E240DC4D0400003000B0F8B50546F0B10026FC
S21401E250154B34461F46154953F8042BBAB9A0008E
S21401E26000F13040294600F50150FFF76BFF30B949
S21401E27040F6AE323621BDE8F840FCF767BB0C4BE2
S21401E2800134044447F8265023F81640F8BDAA4244
S21401E290FCD001360C2E02D031F81640DCE740F6F1
S21401E2A0C83236210020E6E7BC4B00200E52002083
S21401E2B01052002070B50446A8B1C1B1384A52F8D0
S21401E2C0043B984215D1002336498A689206FCD44D
S21401E2D09B00354A03F1304303F50153C2F8B030D1
S21401E2E02022324B9A6070BD01330C2B02D1304D87
S21401E2F012E0012352F8041BA142F5D12D4A32F84F
S21401E3001330E1E704D16268C3E90012083403E080
S21401E310012A01D1043419602268531CE3D0C2F3E8
S21401E320016335F81300110C93B211F0FE0F43EAA6
S21401E330004360680DD00434CAB2022A2168E1D9CC
S21401E340D4E90160033AC3E9001698600C340C3333
S21401E350F3E7120F072AD9D8DFE802F00704090D00
S21401E3601013181DC04303F500531860CEE71A6852
S21401E37042401A60CAE703F58053F6E715F068FFD6
S21401E380C4E7012203F580538240F2E7012203F538
S21401E39000538240EDE71A6830EA0202FBD1B5E786
S21401E3A0BC4B0020000002B8001E00B0001002B8EE
S21401E3B0DC4D04000E5200200122014BDA67704743
S21401E3C0001002B80122014BDA677047002002B83C
S21401E3D04022014BDA677047002002B84022014B09
S21401E3E0DA677047001002B80B4B1B68D3F8E430AD
S21401E3F023B11A68022A01D9186A7047074B9A6D29
S21401E40090B238B1064BC2F307421B68DB08534390
S21401E410B3FBF0F0704700BF344C0020004001B859
S21401E420A84B0020064BDB68C3F30363984206D172
S21401E430044AD36B23F0F00343EA0111D16370471A
S21401E440000002B8001F00B0054B1B68D3F8E4308B
S21401E45013B11A680A2A01D8FFF7C6BF186C7047AD
S21401E460344C00202DE9F743064615F0EAFE002459
S21401E4708046DFF890901AF0D2F80DF107010546B4
S21401E4800DF10600FEF75AF89DF806308BB9721C9E
S21401E49029D015F0D6FEA0EB080428461AF0BAF8E3
S21401E4A09DF8063013B99DF807303BB3A642E2D873
S21401E4B024E0D9F80C3013F4603FE8D0D9F8100006
S21401E4C015F02CFF731C074603D015F0BAFEA0EB1F
S21401E4D0080428461AF09EF817F5007FE0D0384663
S21401E4E003B0BDE8F08328461AF094F89DF806308C
S21401E4F0002BC0D19DF80730002BBCD1004FEEE7B2
S21401E50000FEFFFF00C000B810F1800F04D04D28B8
S21401E510CEBF7F20323040B2FF22044BC0B21A6217
S21401E520A3F5805318620020704700BF00E000B8D2
S21401E5300B4A10B5136E0B4C116E03F00703E35C28
S21401E540C1F3CD0101FB0333126E0748C2F3454206
S21401E55002FB033300688001B0FBF3F010BD00BF7F
S21401E560004001B8D44D0400A84B0020084910B55E
S21401E570D1F89C3040B11C46CA68D1F89C309C4208
S21401E580F9D1C2F30362027003F00F0010BD00BFA1
S21401E590000002B8094B01F080011B6F03F48003F1
S21401E5A00B4309D14FF40012054B1A62837F1BB14E
S21401E5B00122044BC3F80021704700BF000002B8D7
S21401E5C0006001B8005001B82DE9F04F404F804679
S21401E5D085B038680C4615F03BFB20B90024204670
S21401E5E005B0BDE8F08F224600214046FBF7BEFB92
S21401E5F0384B5D6915F00105F0D1FCF701F80646C8
S21401E6000028EBD03F68384615F05AFA4FF6FF73EC
S21401E610984234D04FF060512F4E304B304AD3F8E9
S21401E6202090D6F88C3011624FF00061A2F580522E
S21401E630116224220421C6F88C202A4A4FF4804B0A
S21401E64091604FF480520027DFF8A4A0CAF868B0A2
S21401E650F262A7421ED30421234A9160A2F5F0324A
S21401E660C2F88C304FF060521D4B1A6209EA020361
S21401E6701E4A13624FF480421D4B9A66AFE731463D
S21401E680384615F0C1F901463846FCF7FDF8002872
S21401E690C0D0A3E7B26E5104FCD5B268D205F9D555
S21401E6A0CAF868B0D6F890200135012D0392D0D96A
S21401E6B0E21B042AA8BF042208EB070003A9019362
S21401E6C00092FBF7F1FC009A019B3A4497B2C0E72F
S21401E6D0344C0020000002B8004000B8004001B8E9
S21401E6E0006001B8001002B8002002B8005001B85E
S21401E6F0006000B84FF604014FF60502044B0120F6
S21401E7001B6C9BB28B4208BF1346024A13667047C6
S21401E7100080E00F00C001B82DE9F74F81460F4693
S21401E7204FF0FF35FFF790FB002601908A462C46F6
S21401E7303046DFF8D8B006F110031B015BF8033052
S21401E74003F00308B8F1010F15D13046FFF794FB2B
S21401E75002460B4601985146FFF716F9DBF864307E
S21401E76006F10802D340DB0739D5002F40D000253B
S21401E7702C463E6040460136082EDCD160B3234A63
S21401E7800027D2F808C0916B0CF440330131A4FB8A
S21401E7900141641941F10001B3F5003F30D1536BDB
S21401E7A00CF4405C013347F10006BCF5805F22D1D2
S21401E7B0156B15F5807505FB06F647F1000203FBA0
S21401E7C00266A5FB03323244594304FB0212A3FB43
S21401E7D004341444C9E9003403B0BDE8F08FA842FC
S21401E7E071EB0403C6D207B13E6005460C46C1E78D
S21401E7F03D463C46BEE7320242EA13621B02E3E7AD
S21401E800136B13F5807347F10002DDE700C001B812
S21401E81008B515F097FD044B5A7C0123023293404C
S21401E820024A536108BD00BF184C00200020005862
S21401E8302DE9F34105460F4668461146FFF76CFF82
S21401E8400646B0B1AFB1DDE900321B0A43EA026306
S21401E850A5FB0384094B120A05FB02441A6812B988
S21401E86015F05AFD0246002340462146FAF76CFE93
S21401E8703860304602B0BDE8F08100BFA84B0020EA
S21401E88037B50446FFF70EFCE17822791B4841EACA
S21401E8900243C0F8CC34E579A37943EA0543C0F8CE
S21401E8A0D03423784BB18DF8041004218DF805205F
S21401E8B00DEB01000022E8F7D3FA63785BB104217F
S21401E8C0A37900228DF80430E3790DEB01008DF871
S21401E8D00530E8F7C5FA227801235AB1084AC2F88A
S21401E8E0C834627802233AB1054A0020C2F8C83417
S21401E8F003B030BD034AF2E7024AF6E700C0035010
S21401E90000D0035000E0035070B52C4B0C461A782B
S21401E91012B92B4A926D1A702A4AD26F52054AD5FD
S21401E9201D78294B05F00F06B0FBF3F040434FEA84
S21401E930151505D140F27C622B21FCF707F8012062
S21401E940224A0A217243B2FBF0F34843B3FBF1F6C5
S21401E95002EB5002B2FBF0F201FB1633042BD2B2EB
S21401E96007D8C3EB8310C3EB80035BB283B96DB2E8
S21401E97017E0C3F10B0303EB8303DBB2B3FBF1F345
S21401E9802B44DDB20F2DF2D9013AD2B2053DEEE7A6
S21401E990053B5BB293FBF1F31D44EBB26DB2002D68
S21401E9A004DB002042EA0512226070BD0132053305
S21401E9B0D2B25DB2F5E70220F7E700BF8A58002021
S21401E9C0008001B8000002B8403B25008096980000
S21401E9D04FF0000C2DE9F84FA2FB017BC84EDFF883
S21401E9E05CE3BE1999466BF10003B6457CEB030365
S21401E9F008D240F23E220E216046FBF7A7FF022016
S21401EA00BDE8F88FD0F8E4A00C461546BAF1000F21
S21401EA1004D0DAF80030032B00F21B81B94BBA4A56
S21401EA209B6BD2F8FCA0C3F31408B84BD3F8EC30B8
S21401EA305E00B64B48BF48F400181B6E48EA4568AE
S21401EA4058074EBF4FF440039B0503F0E07348EAB6
S21401EA50030817F065FF012D0646D0D10028CED059
S21401EA60AB4B984200F0048103F5122303F5F863DB
S21401EA70984200F00381A74B984200F02F810025B1
S21401EA8002462B4600204FF00071FAF75DFD2B463B
S21401EA90013007FB03F3C8F3130100FB0B33A1FBA3
S21401EAA00662A7FB007001FB0522034420339B0985
S21401EAB0C9F80030F60C984B46EA423618F4801F27
S21401EAC01C6008BF7642954B954DC9F814403444F6
S21401EAD01E602C60BAF1000F00F0B9800023914946
S21401EAE0C8F381528A5C194618F0807F18BF640803
S21401EAF0002EB8BF764292066008C2FB0601224687
S21401EB00FAF722FDDAF800300E2B08D97F4B7D4A42
S21401EB10926BD969D3F80C31C90600F1D68018F486
S21401EB20001814BFC42240F207127F49C0F3130035
S21401EB30A1FB04614FEA511102FB01F1C9F804007F
S21401EB40DAF818004FF4FA73B1FBF0F118BF4FF082
S21401EB50000801FB03F3A4FB0262FA33A3FB0030B7
S21401EB6004FB0822B342904138BF0131C9B241F4D7
S21401EB70006CC9F808C000297ED0DAF81C00A1FB99
S21401EB80003624B1B4FA84F20E2A40F38880E203F8
S21401EB90002E77D1B2FBF3F2530003FB0113A3FB64
S21401EBA000764FEA044EBE454FEA144474EB06065F
S21401EBB009D34E003344A0FB0371BE4574EB01013B
S21401EBC002F10102F6D2C2F30E024CEA023C4CF00C
S21401EBD00063C9F8083017F0A3FE2B68002B00F07D
S21401EBE08880B3FA83F4D4F102044CBF1C4623FA9E
S21401EBF004F44E4B9C4288BF6408002846D0B4FB00
S21401EC00F0F3642100FB134201FB02F2904244D868
S21401EC105A1E52085B08013B120242EA0313C9F866
S21401EC200C3017F049FE00285CD0B4FBF0F26421EA
S21401EC3000FB124401FB04F4A0425ED8531E5B089D
S21401EC405208013A1B0243EA0213C9F810300020A9
S21401EC50D6E6042BDAF828807FF4FBAE18F0807F26
S21401EC600CBF08F0E0734FF4400328F0E078EEE6BE
S21401EC7000232F481D460CE72120C1E600232D481E
S21401EC801D4606E70B46002289E7044640F2C242CB
S21401EC902B210020FBF75AFE2346013BB8E7C2F1C1
S21401ECA00F0702F1110E06FA0EFEFB4043EA0E03B1
S21401ECB0A7F1200E26FA0EFE43EA0E03FE400133AC
S21401ECC004FA02F246F1000662E702F4801203F447
S21401ECD000131A4308BFC0F5801020E7002316482A
S21401ECE01D46D6E640F2E5422B21FBF72FFE621EBB
S21401ECF0A4E70028C9D01C46CFE71446F7E700BFB3
S21401ED00006CCA88008001B8001F00B0004001B83E
S21401ED1000F04902005A6202F44B0020F04B00203A
S21401ED20EC4B0020EC4D0400D34D62103FBE402555
S21401ED300A3BB2DF313641DCD694BFD6807C814AAD
S21401ED4010B50B46044686B039B982790168214868
S21401ED506B460068FFF73CFE6B461F4A1968516315
S21401ED601E4AD2F8FC2062B35A6842B11C4A1D49B9
S21401ED70C2F80C115968A2F58052C2F80C119A68B3
S21401ED8042B1174A1849C2F8EC109968A2F58052A8
S21401ED90C2F8EC101549D868D1F8642122F4EE6265
S21401EDA00243C1F86421D1F85C21186922F4EE62AD
S21401EDB00243C1F85C21A1F5FF4158692839FFF7E4
S21401EDC0A3FD0020A2880A4B9A6203F5A0331864BB
S21401EDD006B010BD344C0020008001B8001F00B002
S21401EDE0006001B8FFFF0F00FFF8FF0F000002B838
S21401EDF0004000B84FF48062014BDA67704700BFED
S21401EE00001002B84FF48062034BDA67034B1B789D
S21401EE100BB1034A93657047002002B88A58002058
S21401EE20008001B840B10368012B05D90069034B86
S21401EE30002808BF1846704700487047F44D040084
S21401EE4010B590B10468012C0FD902696AB1116836
S21401EE50094B102C196051685960916888BFD268B7
S21401EE60996094BFD960DA6010BD10220021024873
S21401EE70FAF77CFFF8E700BFFC4B0020084BC117F0
S21401EE801A68A2FB000302FB013310F1807043F104
S21401EE900003400E40EAC310803820EAE070704755
S21401EEA00C4C00200722164B70B5DA66154B164A35
S21401EEB01D68164BEC08E005C0184FEA153141F104
S21401EEC000010023FAF740FB114B124E18604EF674
S21401EED06020FFF7D3FF4042C6F884000E48FEF7D5
S21401EEE0EDFF024658B1E301500818184FEA1571B4
S21401EEF04FF0000341F10001FAF726FBF06570BD03
S21401EF00000002B8A84B002065CD1D00B2E60E0039
S21401EF100C4C0020001F00B040420F0010B5044604
S21401EF2098B10B4BD3F8FC00FFF78AFF4FF47A73C6
S21401EF3003FB04F0074BA0F6AC50DA689B6810445C
S21401EF40C01ABDE81040FFF799BF4EF66020F8E7FB
S21401EF50001F00B0FC4B00202DE9F843054608468B
S21401EF6014461E46FFF76CFF0DB306F0020716F0B7
S21401EF7004061ED1DFB14FF47A706B685843002B3C
S21401EF8040F08C80FFF77AFF60626B69002B00F01F
S21401EF908C804B4AD0684FF47A7202FB0300A0F5CE
S21401EFA003501038FFF76AFF2062002E57D1BDE8E4
S21401EFB0F8832869002868D04FF47A735843404B89
S21401EFC0A0F6AC509B68C01AFFF758FFE061A88B0B
S21401EFD000285DD04FF47A735843394BA0F6AC50F5
S21401EFE09B68C01AFFF74AFF2061364BE968D3F8E1
S21401EFF0008000294FD04FF47A735943304BA1F665
S21401F000AC519A685B68891AC91A2F4BC8171A68D7
S21401F010DFF8BC90A2FB011302FB003311F18071F3
S21401F02043F10003490E41EAC3118039274B616160
S21401F030DB6EA361D9F8003053B1404615F002F8F3
S21401F04030B12246D9F800301D49D8F8D800984783
S21401F0500021A869FFF762FFA062002F8BD1A86884
S21401F06030BB47F23050FFF709FFA0604FF47A70CB
S21401F0702B6858432BB1124B1B6803F51C531033F6
S21401F0801844FFF7FBFEE06091E74EF660209BE731
S21401F0904EF66020A6E74EF66021B6E7084B1B68E1
S21401F0A003F51C53103318446CE747F2305079E7E8
S21401F0B04FF47A735843A0F503501038D3E700BFD6
S21401F0C0FC4B0020344C00200C4C0020001F00B0EC
S21401F0D0F84B002038B5054608461C4615F0D4F80E
S21401F0E00246D5F8E400FFF79DFE4368A018002B02
S21401F0F0044AA8BF4FF4FA721A44034B92FBF3F288
S21401F100104438BD0CFEFFFF18FCFFFF70B5124C13
S21401F11088B001AD0FCC0FC594E8070085E807005D
S21401F1208C2200210D48FAF721FED42200210C483A
S21401F130FAF71CFE0B4B0C4A5A6301F04DFA0B4BC7
S21401F1401B783BB1044E01AD0FCD0FC695E8070005
S21401F15084E8070008B070BDC41F00B0A01E00B050
S21401F1602C1F00B0001F00B0101111117D58002097
S21401F17008B519F054FA0E4B1A78A2B90D4A12685E
S21401F18012F4843F0FD10C4A1021D1671B7863B962
S21401F190084B1B68DB0508D4074B2022DA67BDE85D
S21401F1A0084019F037BA054AEEE7044BF5E700BF09
S21401F1B090580020A0150020002002B8001002B8C8
S21401F1C00A4B197801F0FF0229B10021197008498C
S21401F1D09202C1F8B420597801F0FF0229B100214A
S21401F1E059709302024AC2F8B83070478B58002013
S21401F1F0005000B8064BD3F8D80E064B5B6F1A01C9
S21401F20003D4054B9B6E1B0401D500F58070704737
S21401F210001000B0000002B8004000B810B519F0A8
S21401F220FEF90E2104460320FFF7FCF840F2012206
S21401F230034B2046BDE81040DA6219F0EBB900BF77
S21401F240004000B808B519F0EAF94FF00042224B29
S21401F250C3F88020BFF34F8FBFF36F8F0122C3F82F
S21401F2608420BFF34F8FBFF36F8F0222C3F8842031
S21401F270BFF34F8FBFF36F8F0422C3F88420BFF311
S21401F2804F8FBFF36F8F0822C3F88420BFF34F8FD1
S21401F290BFF36F8F1022C3F88420BFF34F8FBFF3E5
S21401F2A06F8F2022C3F88420BFF34F8FBFF36F8F79
S21401F2B04022C3F88420BFF34F8FBFF36F8F4FF404
S21401F2C08072C3F88420BFF34F8FBFF36F8FBDE802
S21401F2D0084019F09FB900BF00E100E008B519F039
S21401F2E09EF94FF00042094B1A6001225A6004222F
S21401F2F05A6008225A6010225A6020225A60402220
S21401F3005A60BDE8084019F085B900BF00E100E089
S21401F310012370B5074C2370074B1E68074B32401C
S21401F320D3E9005319402840FCF7F8FC002323706A
S21401F33070BD00BF8E580020144C0020A015002080
S21401F3400022044B1A70044B197811B11A70FFF79A
S21401F3500FBF70478F580020905800202DE9F047C6
S21401F360DDF820A003EA0108099B06460C4602EADE
S21401F370000703EA0A09BAF1000F40F04E81031FA5
S21401F3800B4300F00E81052871F1000380F0E48044
S21401F39050EA010300F06081431E0B4300F0248114
S21401F3A0FFF750FFAD4AD2E9005323EA040325EAEA
S21401F3B006053D4343EA0807A94BC2E900571E6804
S21401F3C0DFF8F48226EA0A0646EA09061E60FFF717
S21401F3D0CFFE15F02A4F14BF48F202034FF4004344
S21401F3E0A04AB007D26EA04848BF43F4005383EA50
S21401F3F0020122EA0302C2669C4A0B408166D3667A
S21401F400C5F380421203290348BF42F48072EB061B
S21401F41048BF42F40052964BAC0648BF42F4007215
S21401F4206806D3F80C3248BF42F48062290648BF0A
S21401F43042F400628F4882EA030123EA0203C0F81D
S21401F4400C328D4B0A40C7F34024A404C0F80812BE
S21401F450C3F80C22EA0448BF44F48034AB0348BF27
S21401F46044F48014A80748BF44F4800415F4001F30
S21401F47006D0D8F8000015F03BF808B944F400248B
S21401F480E90248BF44F40034FA0648BF44F40004D5
S21401F49073077A4B48BF44F004041A6A44F4001414
S21401F4A084EA020323F0010375491A400A621C40EC
S21401F4B0CB61744B16F0010F1C62734B734A18BF75
S21401F4C01A46734B7C071B6F48BF42F000627148B7
S21401F4D082EA030123EA020303676F4B0A4041668F
S21401F4E01A676E4A05F00103516CA0F5803081EA77
S21401F4F0030221EA0301416482631A40684B280231
S21401F5005A64D8F8002048BF664B92F8F62058BFD8
S21401F510654B690748BF43F4806322B115F4C06F99
S21401F52018BF43F480733207604A48BF43F0004374
S21401F530D2F8EC105E4883EA010222F4A0221140C0
S21401F540C0F8EC101340C0F8E0205A4ABDE8F04776
S21401F550C2F8EC30FFF7C2BEA0F580630B4306D0BD
S21401F56020F48063A3F500730B437FF419AF19F001
S21401F57056F83A49D1E9003223EA060322EA0402A0
S21401F58042EA08023B43C1E900324B4A126892F84C
S21401F590F610474A09B313F4C06F1ED04FF48073B8
S21401F5A011E019F03CF82D4AD2E9003123F00403AA
S21401F5B03B4341EA080157EA0807C2E900314FF424
S21401F5C080633B4A0BD0C2F8E030A2F58052C2F805
S21401F5D0EC30BDE8F04719F01DB84FF48073C2F85F
S21401F5E0EC30C2F8E030F4E719F019F81B4AD2E91A
S21401F5F0003123F001033B4341EA0801C2E900312F
S21401F60001232E4A57EA08071BBF9363A2F58052CF
S21401F6105364536408BF9363DBE750EA01037FF446
S21401F620BFAEBAF1010F7FF4BBAE18F0F8FF0C4A7B
S21401F630136823F0010343EA090313604FF4806360
S21401F640144AB9F1000F04D05366A2F5805213672D
S21401F650BFE713675366BCE7BDE8F087A015002037
S21401F660144C0020004000B8006000B8005000B8FC
S21401F670004001B8006001B8005001B8000002B8AF
S21401F680002002B8001002B8041C0003041800038E
S21401F69000C001B800E001B800D001B800C000B851
S21401F6A000D000B80D0A0A09090A0A0900400054E8
S21401F6B00060005400500054344C002000E000B8B4
S21401F6C0024B5868C0F3C000704700BFA015002069
S21401F6D0024B186800F00100704700BFA01500201B
S21401F6E0024B5868C0F3C030704700BFA015002019
S21401F6F010B50446FEF700FDFFF7A4FD2046FDF712
S21401F700BDF8FEF7A5FCFEF7ABF8FEF71DF9FFF70F
S21401F710C9FB13490723134AD1F8FC1004F1F8007A
S21401F720FFF71AFC4FF080710020FEF7E7FB4FF061
S21401F73000720D4B4FF400110120C3F80021FEF7B3
S21401F740DDFBFEF7D7FF20B940F292321421FBF71A
S21401F750FDF814F000FEBDE810400120FDF766BF7D
S21401F760001F00B0581F00B000D001B88023074A20
S21401F7701367082340B11367054AD2F8A03023F077
S21401F7802003C2F8A0307047024AF4E7001002B81E
S21401F790001E00B0002002B810B518F040FF01218D
S21401F7A004460020FFF7E2FF044B1961044B5B6837
S21401F7B098472046BDE8104018F02CBF000002B85C
S21401F7C08C5E0020F8B5194C0546207840F2E442DC
S21401F7D0B0FA80F03E214009FBF7B8F855B96078D9
S21401F7E040F2E442BDE8F840B0FA80F03E2140091C
S21401F7F0FBF7ACB84FF440660D4F0E4DD7F8B4305A
S21401F80040F2E442C3F381232370C5F8B460607804
S21401F8103E21B0FA80F04009FBF798F8D7F8B830E7
S21401F820C3F381236370C5F8B860F8BD8B58002018
S21401F830004000B8006000B8F8B5084C084D236FCA
S21401F8400423084F2B67236F5B0300D4F8BD0426FF
S21401F85002203E6714F0FCFC2E67F4E7000002B8B5
S21401F860001002B8002002B8A82238B51A4B1D6F46
S21401F87003F500531A6710229A60A3F5804302F13C
S21401F88000521A675A66FFF79BFC144B1B7813B994
S21401F8900320FEF78BF80024114B9C67FFF7CCFF83
S21401F8A0104A114BD2F8D81E0B40C2F8D83E04229B
S21401F8B00E4B1A670E4BAA06C3F8AC4008D503F5E3
S21401F8C08073DB6CB3F5817F22BF8022024B1A6105
S21401F8D0BDE83840FCF7C2BB000002B88D580020D6
S21401F8E000C001B8001000B0DF0000FF002002B821
S21401F8F0001E00B010B549B930B3164AD3681B0EC6
S21401F90013F00E0F20D193689A061DD4FFF786FCDC
S21401F910104C0020FEF72AFE032801D0092805D145
S21401F920636FDB03F5D4E36D0C2BF2D9FFF784FF8D
S21401F9304FF40072084BDA62012203F5E8335A618C
S21401F940042203F580531A674FF4C062034BDA6250
S21401F95010BD00BF000002B8004000B8006001B84A
S21401F96008B503210920FEF75DFD2022014B1A612F
S21401F97008BD00BF000002B838B5054618F04FFEB6
S21401F9800E4B04461868FDF745F835B1FFF7D8FC6D
S21401F9902046BDE8384018F03DBE094B1B78002BC9
S21401F9A0F6D0084B1D78002DF2D1FFF7C9FC2A4688
S21401F9B04FF480400021FFF7ABFCE9E7344C002010
S21401F9C08F5800208E5800202DE9F84F5C4B0646D4
S21401F9D00D4614461B6F002A40F0AE8013F0A00FB0
S21401F9E014BF4FF001094FF00009FCF737FBA023C5
S21401F9F04FF0000ADFF868810320C8F87030FDF781
S21401FA00D5FF0420FDF7D2FF4E4FFFF799FC4E4B72
S21401FA104FF0040B7B67C7F878A0FFF70DFF4B4B41
S21401FA204FF48071D3F8A020494842F02002C3F871
S21401FA30A020FF22C8F80820414A1161D0F8D82E2C
S21401FA4044491140C0F8D81EC8F870B0C3F8ACA03D
S21401FA507B6913F0060F04D0FEF75CFA5846FDF7F3
S21401FA60A5FFB9F1000F08D04FF400623A4B1A67B0
S21401FA704FF40042A3F5E0339A6666B1374BDB6C70
S21401FA80180701D4FFF7CAFBFFF76AFF0420FDF74A
S21401FA908DFFFFF795FB2A4B5A69D10747D5DA68E0
S21401FAA012F0706FFBD12E4B2E4A1A672E4AD36B7B
S21401FAB023F0F003D36315B12046FFF75DFF2B4B10
S21401FAC0D3F84C315A1C01D05B0002D50122244BDD
S21401FAD05A6164B3214BDA6E03F500539A6603F557
S21401FAE0D0331B6A1E4A23F00103D361204BD3F89F
S21401FAF00C1203F50053C3F8081203F50053D3F8AC
S21401FB00841003F5005399671A4BD3F8EC1003F5EC
S21401FB100053C3F8E010184B596C03F50053996372
S21401FB20164903F5803359664FF6084313670020DC
S21401FB30BDE8F84FFCF736BD4FF0000955E700BFAA
S21401FB40000002B800C001B800000101001E00B0AC
S21401FB50001000B0DF0000FF001002B8004000B83F
S21401FB60002002B810003000001F00B00080E00F37
S21401FB70004001B80040005400C000B85000002FFB
S21401FB809B4B2DE9F04F9F6EDB6E85B01F40994B66
S21401FB909F66994BD3F8E050D3F8EC301D40974B55
S21401FBA0C3F8E050964BD3F80822D3F80C3202EA99
S21401FBB00309944BC3F8089203F52043DA691B6ADC
S21401FBC002EA0308904B08F47702DA618F4BD3F808
S21401FBD00422D20605D4D3F80431C3F30016DB069B
S21401FBE051D518F01CFD8A4B5A695E6E1B6F12F0D8
S21401FBF0060F06EA0306874A26F0007314BF4FF085
S21401FC00010A4FF0000A23F400637407536604D513
S21401FC10814A137D0133DBB2137518F0FBFC002F0C
S21401FC2000F0E28017F4004300F0D38018F0F7FCF0
S21401FC300146FFF7DFFA0446784BD3F800B0DBF84D
S21401FC400020DBF800309A42FBD0DBF800209A4215
S21401FC50FBD0FFF7CFFAA04217D1084618F0DAFC1E
S21401FC606F4B1C606F4BD3F870B01BF4E0520ED193
S21401FC7024F07F4424F0DF040CB9FFF7F5FD4FF0C4
S21401FC80807B002414E0B246C9E70446D7E7019218
S21401FC90FFF7EAFD5C4B019A1BF480541A6740F0AB
S21401FCA09A801BF4806F0CBF4FF0805B4FF0806B27
S21401FCB0B80715D55B4A5448126F02F460410167D4
S21401FCC0002900F08B80110400F18B8012F4005F94
S21401FCD00CBF4FF000524FF0006200244BEA020BBB
S21401FCE0C7F340377F00504A2A40002A4AD015F40D
S21401FCF0206F0AD040F6A31206210020FAF726FE4E
S21401FD000020FFF739FE25F48025EB0506D5FF21F7
S21401FD103D4A4BF4C06B9160FFF780FA15F0090F6E
S21401FD200AD040F6B81208210020FAF70FFEFFF7B6
S21401FD3017FE0121304A116315F0106F0CD040F602
S21401FD40C11209210020FAF701FEFFF709FE002281
S21401FD5011461046FCF736FE15F4202F0AD040F661
S21401FD60C91207210020FAF7F1FD0020FFF704FE73
S21401FD7025F48025E80301D5FCF768FF002DB8BF00
S21401FD8047F0080769070DD51B4AD26A12F4005FCF
S21401FD904FF4005217BF19492449CA624BF4000BAD
S21401FDA008BFCA626A0548BF4BF0040B15F48023EE
S21401FDB0019300F0A480FCF701FF0138062837D82C
S21401FDC0DFE810F028012B0128012E013101340152
S21401FDD034019B4655E74FF0804B52E74FF00072D7
S21401FDE07BE74FF0004278E7BB463C467BE700BF27
S21401FDF0004000B8006000B80040005400600054A5
S21401FE00004001B8006001B8002002B800E100E03F
S21401FE1000C001B800E001B8184C0020884D04006D
S21401FE20104C0020000002B8090B0B89005000544A
S21401FE3040F6FA1203210020FAF788FD01218548D1
S21401FE40826ED0F8883002F00702063201FA02F21A
S21401FE50C3F30C0CA2EB0C0292B2072A12D97E4A0B
S21401FE60126F53020ED47D4B826B806D5B6D5BB15E
S21401FE7002F0070206329140C0F30C00091A89B25B
S21401FE80072901D84BF4007B754A1278002A36D030
S21401FE90704AD2F8E02012F4A02F30D1714A72498C
S21401FEA012789AB9F20411D40A787AB14FEADB02D1
S21401FEB06E4842EA447282F00102D0F8D80E02F08F
S21401FEC00102520020FA02F2930718D10420FDF72E
S21401FED06DFD674A67485067FFF732FA62490A784C
S21401FEE04AB9654A127832B1644A654912680BEA22
S21401FEF002020A4201D14BF4804B26F48056B9F136
S21401FF00000F1DD019F4805F18BF4BF4802B19F435
S21401FF10807F18BF4BF4002B19F4005F18BF4BF01D
S21401FF20100B19F4007F18BF4BF0200B19F4806FEB
S21401FF3018BF4BF0400B19F4006F18BF4BF0800B45
S21401FF40B8F1000F48D018F4001F0AD04D4A1368C4
S21401FF503BB1414A4C48116F00680022C1F3C061B1
S21401FF60984718F4802F18BF44F4007418F4803FA3
S21401FF7018BF4BF4805B18F4801F18BF4BF4003B8E
S21401FF8018F4800F18BF4BF0020B18F4003F18BF8F
S21401FF904BF4801B18F4000F18BF44F0100418F43B
S21401FFA0002F19D0394AD2F8A02012F0C00F13D072
S21401FFB02949CA68C2F30362032A01D0072A05D178
S21401FFC04A6FD00602D48A6F120732D54FF4002149
S21401FFD02F4A28F40028D161002E00F01B8133053A
S21401FFE040F18F802B48DFF88890C2782A49002A92
S21401FFF058D04FF40063013AD2B24B66C27032B9A0
S214020000264A1278C2B140F60141254A51670022BB
S214020010002173E04BF4803B10E74BF4006B0DE7D6
S2140200204BF4806B0AE74BF4807B07E74BF0080B38
S21402003004E74BF4001BCFE7D9F8782012F4A05F50
S21402004015BF4FF4807240F60142C9F85820C9F82D
S2140200507820DCE700400054000002B8004000B8F8
S214020060905800208F58002092580020001000B0B0
S21402007000C001B80000010191580020A015002020
S214020080088D0100484B0020344C0020001E00B0B2
S214020090002002B88158002000E001B88D580020E8
S2140200A000D001B80320FDF781FCD9F81420A84B34
S2140200B012F0060F04BF41F61F72A649A64808BFF3
S2140200C04A674FF40061A34A5166D9F8142012F029
S2140200D0060208BFC9F878205A8A12F4006162D074
S2140200E022F400625A82027802F0FF09002A5ED1E8
S2140200F0FDF710FFFFF7B8FB4A4620214BEA020B3A
S2140201000C43B00009D52E20FDF79EFB4FF00051A0
S214020110904A44F0080411675166F10606D52B2072
S214020120FDF792FB10218B4A1167516616F0306F6D
S21402013005D1F20463D5BAF1000F00F0C080330196
S21402014017D52920FDF780FB844A526C12B1102184
S214020150834A9160FFF7B4FA48B1824A82487D49E1
S2140201604A66026700F54050C068400422D444F054
S214020170040416F0007A28D00420FDF717FC272086
S214020180FDF762FBFFF770FB4FF00071714A516694
S214020190764AD2F8D82E520679D40221704A916055
S2140201A044F0020428E002784FF40052A6E74FF427
S2140201B000422DE70A6720204A66FDF745FB2D2000
S2140201C044F00C04FDF740FBD3E716F0807FDFF81F
S2140201D08C9147D00420FDF7E9FB2820FDF734FB7D
S2140201E0D9F87820002A3AD1FFF73EFB594A5D49F2
S2140201F044F00104116751660021584A9165720560
S21402020008D55B498A78002A00F0D880013A8A70BD
S21402021000221743574AD2F8A020130603D55846A1
S2140202202146FCF7C7F93A4658462146FFF770F8CA
S214020230019B0BB1FCF7F8FC01224F4B05F004358D
S214020240C3F8E0504D4B18F4002FC3F884211EBFAC
S2140202504FF40022424BDA6105B0BDE8F08FC9F8D0
S21402026078A0C3E7F104C7D50420FDF79FFB444AF4
S214020270C9F87420FDF74EFED9F8642012F0407FCC
S214020280BAD12A20FDF7E0FAFFF7EEFA80E7394AFC
S214020290D2F8A0108B0683D402203A4988603A49E5
S2140202A0096891F82510C8077FF57AAF92F8C4203E
S2140202B0002A3FF475AF8021344A116170E7344A50
S2140202C01268013202D04BF0010B98E728490A79EE
S2140202D052B1013AD2B20A7112B9234A2D49516774
S2140202E000224BEA020B8AE70420FDF75FFB03209D
S2140202F0FDF75CFB194A2249516718F090F98146CE
S2140203000DF10F00FEF732F9234A824612780AB13F
S214020310FEF784FFBAF1030F0ED1DFF870A00020BB
S214020320FEF724F9032807D1DAF87420D103F6D4AD
S214020330DAF85C200C2AF2D99DF80F20032A2FD176
S2140203400121164A4846117018F064F9C8E700BF42
S214020350184C002000E001B88D58002000C001B8FB
S214020360002002B81000002000D001B8001000B033
S21402037081580020001E00B00060005400E100E03A
S21402038000000101001002B8344C0020000002B840
S214020390945E00200000010D935800208F58002024
S2140203A0094AD2F8E02012F4A02FC9D1FEF7C8FFFE
S2140203B0484618F02FF94FF4804292E70220FDF7E4
S2140203C0F5FA012225E700BF004000540122024B45
S2140203D01A62DA61704700BF002002B80D4B10B5F2
S2140203E0DC691A6A14400C4A24F47F01D161E207E0
S2140203F006D5D9684FF0FF30C1F3036113F0B5FF9D
S214020400630706D5BDE81040042200200021FEF74F
S2140204107FBF10BD000002B8002002B80C4A08B523
S214020420936B526C13400B4A9363DB070FD50A4B50
S21402043040F663421878122100F00100FAF786FAB5
S214020440BDE80840002201200021FEF761BF08BD7A
S21402045000C000B800E000B8A0150020054AD2F897
S2140204608430DB07FBD4936FD2F884201340024A11
S21402047093677047008001B800A001B870B51446B3
S2140204800D4618F0CCF8064BD3F8A06074402C400A
S2140204907440C3F8A04018F0BDF806EA050070BD27
S2140204A0001E00B0034BD3F8A03099430CBF0120C6
S2140204B000207047001E00B02DE9F04117460A439F
S2140204C0012A1D469DF818409DF81C60DDF8208024
S2140204D029D8B44227D2082E25D8032B23D8B8F120
S2140204E0000F20D00A460021FBF71CFDFF21EB007F
S2140204F09940C943DFF834C008F1FF38FF00E2B282
S214020500964202D80020BDE8F0813D190CEB850525
S214020510D5F8E02018F8010F0A4098401043C5F8B5
S214020520E0000134EBE72120EDE700BF001E00B03B
S214020530034B1868034B002808BF1846704700BFD5
S214020540304C0020D86E04002DE9F843DFF86090A6
S2140205500646D9F8008008461746B8F1000F03D0C1
S2140205600E242046BDE8F88306B3336801331DD156
S214020570E1B1FAF70DF805460028F1D0C9F80000F7
S214020580FAF72CF8284613F004FA044640B140461F
S214020590C9F80080FAF722F8284613F0F5F9E0E7E2
S2140205A03560002FDDD02846B847DAE72124D8E7A1
S2140205B0344C0020024B1868003818BF01207047E0
S2140205C0344C0020002108B5024B08465B68984769
S2140205D0002008BD8C5E00200523064AA2F84A3099
S2140205E092F8493003F0010363F0730382F849304E
S2140205F0704700BF001F00B00023F0B585B0CDE9FC
S21402060001330393124B134D1B78134E8DF80430AF
S21402061018F012F82A78337804469A420F4F0CD014
S2140206203178386801AA297013F0D4FE50B140F62A
S21402063008210B4818F0F2F804E0386813F0AAFE16
S2140206400128EDD0204617F0F2FF05B0F0BD00BF3E
S214020650666100209761002098610020504C0020BF
S2140206608F240400F8B52B4B1B7823B140F6FC31DF
S214020670294818F0D3F817F0DFFF284B07461C88E6
S21402068014F0060409D001214FF4807017F02EF8FA
S2140206903846BDE8F84017F0CABF21464FF48070CE
S2140206A017F024F8204600F09DFF022808D1802289
S2140206B01B4B8021186813F036FAFFF79DFFE7E719
S2140206C0204600F08FFF054638B1012807D040F6D5
S2140206D03141114818F0A2F8DAE70246E8E7FF22AD
S2140206E00F4E104B30681A70FFF76CFF306813F02D
S2140206F051FE0128CCD02A462946306813F04CFE1B
S21402070021462C2017F01EF821460A2017F01AF868
S214020710BEE700BF995800208F2404002A5200200A
S214020720504C0020976100200021014817F024BE9B
S2140207300C5F00207F2837B5044610D14FF6FF73B2
S214020740022217480DF10601ADF80630EBF760F904
S214020750BDF80640E2054CBF6FF04A0464B217F0DB
S2140207606BFF104B05461C700F4B1B88DB0710D522
S2140207700E4B1B78002B0E4B0CBF21466FF07F01F1
S214020780186813F0F5F920B140F67861094818F0B8
S21402079045F8284603B0BDE8304017F048BF00BF12
S2140207A0641002C08F6100202A5200209A5800204E
S2140207B0504C00208F24040010B50EF02AFE60B1C3
S2140207C00EF029FE0B4A80B141F20D03BDE810403F
S2140207D041F20D01074817F0DBB8074B1A781B7970
S2140207E09A4204D100220023F0E70D23EEE7034AE3
S2140207F0F9E700BF400D030066610020488D010046
S214020800F8B5164E0D46337802F0010423B140F2D5
S214020810C531134818F002F8124B134F1D60134DE2
S214020820A4B1134B997801B10121202016F05EFF86
S2140208302B783B700F4B1C780F4B00211C70042347
S21402084033700E48BDE8F84017F096BD21462020CA
S21402085016F04CFF2B783B70EEE700BF995800204D
S2140208608F240400404C00209658002099610020F6
S214020870444C002097580020985800200C5F002017
S2140208802DE9F84317F0D8FEDFF8A0810546B8F840
S2140208900030614C13F4807F03D0237873BBFFF7DC
S2140208A0E1FE0021084616F04DFF5C4B1A78FF2A3F
S2140208B013D01A7802F0FF0632BBFF221A70237892
S2140208C0052B0AD100232846237017F0B0FE3046C7
S2140208D013F010FE17F0B0FE05462378504E062B96
S2140208E009D13378FF2B06D03378022B15D100219D
S2140208F04C4817F041FDFF2333702BE000214FF4E4
S214020900807016F0F3FECCE71A78012A4FF0FF0249
S21402091014BF33264C261A70D4E7337813B13378D3
S214020920012B22D116F082FF07463E4896F8009029
S21402093001F0CEFBFF235FFA89F9337077B1B9F184
S214020940010F44D16421374884F8009017F014FD53
S214020950FFF752FE284617F06AFE06E02846277082
S21402096017F065FE384613F0C5FDB8F800301B06D2
S21402097005D50021802016F0B9FE12F0CEF801F05F
S214020980E3FA294E308000B32778012F42D117F0C0
S21402099007FC054610B3013018F023F800F4406057
S2140209A0B0F5006F1AD104223946284617F038FBF4
S2140209B0284418F016F84FF6FF7398420ED100201E
S2140209C0318800F0F1FC00233380BDE8F883002371
S2140209D02846237017F02BFE3F20C4E7114801F08B
S2140209E077FB002108462170012500F08FFC237852
S2140209F00BB9FFF737FE0020318800F0D5FC002344
S214020A003380002DE1D020780028DED1BDE8F843FF
S214020A1013F0A8BE0025EAE7995800209661002048
S214020A20956100200C5F0020285200202A520020E8
S214020A3008B513460A461946064B186813F025F9F8
S214020A4030B1BDE8084040F2F441034817F0E6BE74
S214020A5008BD00BF504C00208F24040008B5134682
S214020A600A461946064B186813F009F930B1BDE874
S214020A70084040F2FB41034817F0D0BE08BD00BF55
S214020A80504C00208F240400024B1878431E584214
S214020A90584170479958002008B5064B1B7823B179
S214020AA040F22551044817F0B9FEFFF7DBFD00209F
S214020AB008BD00BF995800208F24040008B5054BD6
S214020AC001EB81011868490013F054F8002818BF9A
S214020AD0212008BD504C002008B5044B1868F9F7D1
S214020AE00FFF0A2390FBF3F040B208BD504C0020E3
S214020AF0014B1878704700BF9861002008B5044B78
S214020B00186812F0A2FFB0FA80F0400908BD00BFD4
S214020B10504C002038B5124D0C462B78012B04D9C8
S214020B2040F246510F4817F079FE21460020FFF7A3
S214020B30E5FF90B10C4B1C702B785BB9FFF792FD6A
S214020B400A4B93F900100A4BC901186812F0E6FF27
S214020B50002038BDFFF750FDF2E72120F9E700BF7D
S214020B60995800208F240400986100209B5800208A
S214020B70504C002008B5074B186812F064FF30B1DD
S214020B80054BB3FBF0F083B20BB1184608BD01204B
S214020B90FCE700BF504C002040420F002DE9F3470F
S214020BA05C4E012017F037FE3388990704D440F6CE
S214020BB03F41594817F032FEDFF8808198F800303E
S214020BC0053B012B04D940F64141534817F026FE57
S214020BD0524F3B6823B940F644414F4817F01EFE79
S214020BE0348814F0200478D00121222016F0AAFDC1
S214020BF04FF47A74FFF7BEFF3B681B780933434312
S214020C0004EBC30498F80030A5B2062B0BD117F0FC
S214020C10D5F90446FFF7AEFF602358430C2303FBC7
S214020C200400284485B2D7F800903D4B99F800801E
S214020C301C7808F1FF381FFA88F8002C52D1338846
S214020C405A0505D409F1010017F0CBFEC0F3401493
S214020C503449354A887812784B7812FB00F2334FC3
S214020C6093423B70A4BF9B1A3B703B78CA78BD6028
S214020C70934238BF13463B700EF0D3FB002833D0A6
S214020C800EF0CDFB012814BF1025082525430023AE
S214020C90DFF8ACA00093802243464946DAF800000B
S214020CA012F09AFF20B14FF43B611B4817F0B6FDD5
S214020CB01F4BDAF8000019781E4B197033889B0612
S214020CC014D52A461C4B009713F082FBC0B90020AD
S214020CD002B0BDE8F04717F09EBD2146222016F06E
S214020CE031FD87E70024B3E72546D0E72A460F4BB7
S214020CF013F06CFB014618B9252016F023FDE6E733
S214020D002146262016F01EFD40F6F431024817F062
S214020D1085FDDCE72A5200208F240400404C002088
S214020D209C5800206661002096580020BC5E002079
S214020D309861002097610020444C002099580020BA
S214020D40504C0020184B10B51B889B0704D440F665
S214020D50A661164817F062FD154B1B78053B012B62
S214020D6004D940F6A761114817F058FD114B1B68CD
S214020D7023B940F6A9610D4817F050FD00240E4B2A
S214020D800E4921201C7016F0DDFC014618B9BDE89C
S214020D901040FFF703BF022804D12046BDE81040EA
S214020DA016F066BD10BD00BF2A5200208F24040034
S214020DB099580020404C0020945800205D0F0200F5
S214020DC0F8B55A4C23889A0704D54FF43E71584812
S214020DD017F024FD574801F07BF917F02DFC238805
S214020DE005465B070DD54FF0FF3012F03CFF524B25
S214020DF01B68C01AB0F5717F03D90021042016F0D3
S214020E0075FC28464D4D17F012FC2B78042B32D178
S214020E1017F012FC238806465F0708D545480021CE
S214020E2017F0AAFA3046BDE8F84017F000BC17F0F3
S214020E30FEFB17F001FC424B06461B78414F13B9E6
S214020E40238859050FD50523012102202B7016F0A1
S214020E504DFCFFF777FF304617F0E9FB3B68DA7880
S214020E60394B1A70F8BD3868013017F0BAFD8206A1
S214020E70E9D50623E8E7062B4DD1344B1B78FF2B2A
S214020E80F0D1334E0EF0CFFA3378002B3DD017F068
S214020E90D3FB238805465B0705D52648002117F0B5
S214020EA06BFA2846BFE717F0C2FB3378013B337074
S214020EB017F0C2FB04460121022016F017FCFFF7CA
S214020EC041FF20461F4C17F0B2FB2068013017F096
S214020ED088FD00F44060B0F5006F13D1246801214C
S214020EE00422204617F09CF8204417F07AFD0146AB
S214020EF0184B04201A783378D21AD2B2BDE8F840DA
S214020F0017F036BD4FF6FF71F2E740202B70BDE8B2
S214020F10F84013F0EFBA012BA4D100232B700E4B2E
S214020F201868FFF74FFB3F20F1E700BF2A52002068
S214020F308F2404000C5F00203C4C002099580020AF
S214020F409C580020404C00209558002095610020B7
S214020F509658002099610020504C002008B50A4B94
S214020F601A7882B9012210281A7004D040F69D61C0
S214020F70064817F053FC0021202016F0B7FBBDE808
S214020F800840FFF70BBE08BD945800208F240400CB
S214020F9008B5094B1B88DB0604D440F2C351074848
S214020FA017F03CFC1020002116F0A0FB044B18683A
S214020FB0BDE8084013F003BA2A5200208F2404002A
S214020FC0504C0020012208B5074B1146186813F052
S214020FD0E3F900212C2016F0B5FBBDE808400021FD
S214020FE00A2016F0AFBB00BF504C0020014B400851
S214020FF0185C70479161002008B513460A461946E8
S214021000064B186812F047FE30B1BDE8084040F6BD
S214021010E941034817F002BC08BD00BF504C00204F
S2140210208F24040008B5044B186813F0B3F901388E
S21402103018BF012008BD00BF504C002070B5054601
S21402104017F0FAFA0E4B0F4E1B880446DA07357075
S21402105008D50D4B0D4D1B78012B08D901212868A8
S21402106013F042FA2046BDE8704017F0E0BA1BB112
S2140210700EF0CDF9C305F1D4317881F00101EEE727
S2140210802A520020906100209A580020504C0020DE
S2140210900C4B10B51B880446DB0711D5FFF78CFBFB
S2140210A0094B84F0010208211868D20012F03BFDB9
S2140210B030B1BDE8104040F63671044817F0AEBBBA
S2140210C010BD00BF2A520020504C00208F2404007E
S2140210D008B5044B0146186812F0E8FD003818BF40
S2140210E0012008BD504C002010B50A4C23787BB175
S2140210F0FFF768FF0021042016F0F8FA002102200C
S21402110016F0F4FA00232370BDE81040FFF7AABADF
S21402111010BD00BF9958002038B5094800F0E8FC19
S2140211200024084D95F84430E0B2834200D838BD1A
S21402113005EBC000043000F0DBFC0134F2E700BF30
S214021140F44C0020544C002008B5104602494822B0
S214021150F8F7AAFF002008BDAC4C002008B50548E9
S21402116017F0D2FC014620B9BDE80840014817F046
S21402117003B908BD2C5F0020002238B51C4B15466B
S2140211801C461A700132082A5D609D8043F8085F8B
S214021190F8D1482200211748F8F7E8FD4FF6FE730B
S2140211A0A4F868306FF48033E365134B00211A8885
S2140211B0124B1868F8F7DAFD114BC4E91255C4E968
S2140211C0283584F8445084F85050656584F8A85051
S2140211D0E9F788FFFF220B4B012118700A4B00200B
S2140211E01A70E3F74DFC0020FFF7B8FF002038BD69
S2140211F0544C0020AC4C00200C610020EC5D00201A
S2140212000000FFFF9D580020E358002010B5AC24D4
S214021210084B04FB0030836C53B990F850403CB93D
S21402122031B1C0E912122046FFF798FF204610BDE2
S2140212302120FCE7544C0020AC2370B503FB00F5DC
S214021240094E731993F850405CB920460BF022FF02
S214021250735D204643F002037355FFF77FFF204677
S21402126070BD0120FCE700BF544C0020AC2358435D
S214021270024A135C23F0030313547047544C0020B5
S21402128070B516461F4A04461278C2BBAC211E4DE4
S21402129001FB00518A6C92BB91F850203AB1022BA6
S2140212A02DD191F84410072907D91C2026E091F881
S2140212B044100729F9D8012B08D0AC2000FB0450B3
S2140212C0CA00011D0C30F8F7FBFB0021AC2303FB20
S2140212D004F000249DF8143000EBC1012944CB71C0
S2140212E0049B8E808B602B1893F844202046013294
S2140212F08C7183F84420FFF731FF204670BD012031
S214021300FCE700BF9C580020544C0020F8B5234B45
S21402131004461B780F46002B3ED1AC23204D03FB20
S2140213200053B3F8A03023B940F245311D4817F0F8
S21402133075FAAC2202FB0452D2F8A46036B192F8D7
S214021340A33039460020B2F8A020B047AC230021D3
S2140213506343EA18A2F8A010C2F8A410482192F833
S214021360A82001FB02322A44D2F89820964213D0D3
S214021370EB5C9B070CD5AC226243AB5C204623F0A9
S214021380020343F00103AB54BDE8F840FFF7E6BEA4
S2140213900BF0A2FE0028EED1F8BD00BF9C5800203C
S2140213A0544C0020E62404002DE9F04F89B0059045
S2140213B008460D4616F0F4FE044618B9212009B078
S2140213C0BDE8F08F284616F007FFC0B20838215C49
S2140213D0221892F802A00491D178526827780392D4
S2140213E00022B4F80130ADF81E20434A029192F86A
S2140213F000B0BBF1000F08D0404B1B681BB1204663
S2140214004FFA8AF298470020D9E703F00703022B27
S21402141070D0013409225946204616F001FE023FDA
S2140214203F1A3B0606465FFA87F8C7D4344FD7F80A
S2140214309090B9F1000F27D100210DF11E0B434603
S21402144022460846CDF800B00BF05CFDC3B2054656
S214021450002B4BD1BDF81E0013F090F8E0B9BDF892
S2140214601E0013F074F98146BDF81E0013F086F8CC
S214021470F0B906EB080201232146584692B200F064
S2140214807BFDD0B119209AE75B465A4601212846D1
S214021490C8470028D0D191E7D7F89430BDF81E008F
S2140214A0002BDCD0A11998470028D8D1022086E765
S2140214B042464846A119F8F7F7FDBDF81E0016F099
S2140214C06FFE029B059A0372049B80F809A0837242
S2140214D0039B1BBAC360AC2303FB027393F8502032
S2140214E0BDF81E0022B1DB6C03B19847E8B266E78E
S2140214F0BB6FF9E7012062E79C580020384C0020B9
S214021500544C00202DE9F84308460F46164602F1D1
S214021510010913F021F98046384613F028F804280A
S21402152056D1384613F047F848F661054FF6FF7273
S21402153048F64103294C904208BF1D46B4F85C1099
S214021540301D17F050FA384613F035F80146B01D34
S21402155017F049FAB4F85E1006F1080017F043FADD
S21402156006F10A04384614F0BAFD10B145F010052B
S214021570ADB22946484617F036FA384613F0E7F871
S214021580424601462046F8F78FFD3846012116F0FE
S2140215903FFE4444074660B116F01EFE0546384636
S2140215A016F0FEFDEDB201462A462046F8F77CFD0F
S2140215B02C440B4AA41B13780134591C1170F37087
S2140215C034703046BDE8F8430922012116F028BDE2
S2140215D0484617F006FA4C460546C3E7544C002028
S2140215E09D580020AC2210B548245043094B1A18C7
S2140215F092F8A81004FB0100034493F8770002282F
S21402160006D092F850301BB9032818BF012010BD2F
S2140216100020FCE7544C002070B508B1012070BDD4
S214021620234C94F8A850002DF8D12946B4F85C2033
S214021630FFF714FA29462846B4F85E20FFF7F8F9B1
S2140216402946284604F16002FFF7D6FC94F8773064
S214021650002BE3D0284694F85860FFF749FA8642F2
S21402166015D1002094F95A50FFF736FA854216D162
S2140216700020FFF7B7FF0446002016F087FC00287C
S214021680CDD02146BDE870400020FFF705BA2846B7
S21402169094F85810FFF73EFA0028E2D0BFE7002081
S2140216A094F95A10FFF70AFA0028E1D0B7E700BF0C
S2140216B0544C00200346AC2010B51446164A00FBD4
S2140216C0032292F8770002280CD1E07F022809D183
S2140216D041B112490978012913D992F85810227893
S2140216E091420ED118462178FFF708FA90B14822A7
S2140216F021460B48F8F7D8FC002016F047FC08B93C
S214021700002010BD044B93F8A8000028F8D1FFF77C
S21402171083FFF5E72120F4E7544C0020DA57002037
S214021720AC4C002038B5AC230D4C054603FB0043F9
S21402173000205A6DD86483F8500012B15865FFF73E
S21402174027FCF5F74DFBFF281EBFAC2303FB054421
S21402175084F8A8000020FFF75FFF002038BD00BF16
S214021760544C00207FB51D4C94F8A83023B10020BD
S21402177084F8A800FFF750FF94F85A30B4F8A06037
S2140217808DF80F3026B940F2FD21154817F046F8BD
S214021790144B31461D6800202A46FFF7B3FEE46F5D
S2140217A002469CB10DF10F030193002329463046F1
S2140217B00093A04702462C7854B920462146FFF7EC
S2140217C0A5FD2046FFF7CAFC04B070BD0122F2E771
S2140217D029460020FFF714F8F6E700BF544C002015
S2140217E0E6240400EC5D002038B5494B1C78002C3A
S2140217F058D1484800F06CFC204616F0C7FB00287B
S21402180050D0454C2378D90733D594F850201AB1D6
S21402181023F00303237045E023F0010323700BF04B
S21402182043FC237805469A0701D50BF033FC29467C
S21402183000200BF049FA40B92378284643F001030A
S2140218402370BDE838400BF025BC0023482284F8FC
S214021850A33094F8A83084F8A25002FB0343D3F8CE
S2140218609830A4F8A000C4F8A430BDE83840FFF7CA
S21402187079BF94F84400B0B104F1A003251D95E8A1
S214021880030083E80300FFF76DFF94F84420284620
S214021890D20004F10C01F8F713F994F84430013B36
S2140218A084F8443038BDA26C62B99B0711D5237800
S2140218B0002023F0020343F001032370BDE8384002
S2140218C0FFF74CBC0123A06484F85030904723787D
S2140218D09EE70BF001FC0028E9D194F8A83073B11A
S2140218E0F5F77EFA94F85030002BDBD1FF2818BFAC
S2140218F084F8A800BDE838400020FFF78DBED4F873
S2140219008C30002BECD098470028CBD1E8E700BFFC
S2140219109C5800202C5F0020544C002070B50446D2
S214021920002016F033FBAC235C430B4E351995F8BA
S21402193050300BB1002070BD0028FBD0074817F0CE
S214021940E3F80028F6D1335D002BF3D195F8440076
S214021950B0FA80F04009EEE7544C00202C5F0020DD
S21402196010B5084A034612F005FF14684FF6FF72D8
S21402197003EB40039C42184603D901880233914286
S214021980F8D010BD104D00202DE9F047204F054637
S2140219903B88A3B3B0F90230002B30DBDFF87C8043
S2140219A01C49D8F80000F8F761FA20B94FF4EA713A
S2140219B0194816F033FF0026DFF85CA0DFF86090C7
S2140219C03A88B3B29A4204D84FF4EB71504616F0F6
S2140219D025FFD9F80030B2B253F83200D8F800101A
S2140219E003EBC20468B943F83210A38828460133D1
S2140219F0A38012F0BFFEE38803EB4003E380BDE85A
S214021A00F087F8F733FA01360028D9D1EDE700BFA0
S214021A102C520020B3240400BD2404004C5F002096
S214021A20044D002038B5094C094D22682B689A42AD
S214021A3004D94FF48771074816F0F0FE2868236829
S214021A40C01A20F0010080B238BD00BF104D002041
S214021A50184D0020BD24040038B5124C124D214604
S214021A602846F5F76BF823680BB12B681BB9DE2105
S214021A700E4816F0D3FE2A680D4B0E491A602368EC
S214021A8023F0010313440B600B4B1A602AB9BDE81E
S214021A903840F821054816F0C1BEFFF7C3FF642898
S214021AA0F5D938BD084D00200C4D0020BD24040099
S214021AB0144D0020184D0020104D002038B5094C5A
S214021AC0094D22682B689A4204D34FF48A7107485C
S214021AD016F0A4FE28682368C01A20F0010080B21F
S214021AE038BD00BF144D0020184D0020BD24040050
S214021AF02DE9F0411D4B04461B78012B24D10088AA
S214021B0016F030FB0546D8B10426DFF864802C4672
S214021B1016F092FD07462046FFF736FF638843EA33
S214021B2008036380A05B16F01DFB0446384616F0D9
S214021B307EFD1CB1B4F90230002BE9DA062E01D183
S214021B40BDE8F0810626E2E7022BF9D116F074FD15
S214021B500246208816F006FB18B10388C3F30E036C
S214021B6023801046BDE8F04116F061BD9E58002065
S214021B700080FFFF2DE9F04F0024BA4B97B00646CF
S214021B801C8016F059FD0123DFF8EC82B64F3B703D
S214021B90B8F80030A8F80040ADF81630B34B1B6812
S214021BA0019316F044FDB24B21461A88B14BD2007F
S214021BB01868F8F7DBF80DF11600FFF799FF002E0C
S214021BC03CD1DFF8B8924FF0000B0125D9F800405F
S214021BD0019B9C4239D3BBF1000F39D1002DF2D0C4
S214021BE0D9F80040DFF898A225462246019B9A4281
S214021BF073D302230DF116003B70FFF779FF002E18
S214021C0040F08F80D9F800603246AA4280F0A28067
S214021C10908816F0A7FA18B10388C3F30E039380D0
S214021C20D08816F09FFA18B10388C3F30E03D38048
S214021C301046FFF795FE0246E7E79847E3B256F8E6
S214021C4023300134002BF8D1BBE7BBF1000F3ED0A6
S214021C500BF1FF335FFA83FB16AB03EB8B0252F8F2
S214021C60402CB2F9020051880028B1DA4B04AFD4F6
S214021C70924641F48040931D2AF8020F02933AF8E6
S214021C80020F16F06FFAF0B1B0F902E0B0F802C037
S214021C90BEF1000F17DB6FEA4C4C6FEA5C4CA0F803
S214021CA002C00390FFF770FEBBF10F0F8FBF002537
S214021CB016AB039A03EB8B009EBF0BF1010340F8B1
S214021CC0402C5FFA83FB029B9A45D8D180E72046D8
S214021CD0FFF746FE22460446C3E7104612F04AFDC8
S214021CE08346B2F90200118800280AEA010108DADE
S214021CF0204616F02DFA084381B204EB4B0402EBA1
S214021D004B0510461180FFF72BFE02466EE79847FA
S214021D105FFA8AF356F823300AF1010A002BF6D14D
S214021D2070E74FF0000AF3E73046FFF719FE8246E7
S214021D307EB1B6F902307188002B0ADA3088C0F319
S214021D400E0016F00FFA864203462DD1C1F30D019E
S214021D5071805646AE42E7D3DFF81CA116F06CFC43
S214021D6000210646504612F056FD16F0FBF90546CF
S214021D70002800F08780304616F059FC284612F0FC
S214021D80F9FC0646204616F0E3F98146760032460E
S214021D9029462046F7F794FE002249460DF1160022
S214021DA016F08AFE3444D9E71BD9304612F0E2FC1C
S214021DB0C1F30D01420071801846314692B2F7F720
S214021DC07FFEC6E75046FFF7CBFDD146854203D9D4
S214021DD0B0F90230002B01DA824603E0FFF7C0FDBD
S214021DE0F4E7B146554507D9BAF80000C0F30E002D
S214021DF016F0B8F98245E5D3B9F1000F30D0B9F83C
S214021E000000C0F30E0016F0ADF9034638B93346AB
S214021E10CB46994513D8B1459BD0D946ECE7484600
S214021E2012F0A8FCB9F802204946C2F30D02A9F83E
S214021E300220420092B21846F7F742FEE7E718463B
S214021E400193FFF78DFD019B9B46854203D9B0F9AE
S214021E500230002B01DA0346DBE7FFF781FDF4E7E9
S214021E60CB46DAE72E5200209E580020104D002066
S214021E702C520020044D002030520020144D002029
S214021E800080FFFFBDF816303870A8F80030044B0B
S214021E9030461C6016F0CBFB17B0BDE8F08F00BFD3
S214021EA0104D00202DE9F041054616F05BF90F466D
S214021EB00446D8B116F0EAFD20B940F2FB412048AC
S214021EC016F0ACFC284616F087F905462046FFF7C2
S214021ED047FDBD42064609D004D840F203511848D1
S214021EE016F09CFC2588ED0B02D02781BDE8F08118
S214021EF06780204612F03EFC074604EB400816F0C8
S214021F009BFB104B1A68B2420AD1C3F8008016F047
S214021F108EFB2A464046BDE8F041FF21F7F726BF72
S214021F20A6EB0806B5B216F082FB072DF1D9002300
S214021F30083D44F81730C8F80430A8F80250D5E730
S214021F40BD240400104D002038B516F075FB0021A4
S214021F500546044812F05FFC0446284616F067FB66
S214021F60204638BD30520020024B1888B0FA80F066
S214021F7040097047305200202DE9F74F044600888A
S214021F801F4616F0EFF888461546064616F07EFD02
S214021F9020B940F2FE613F4816F040FC3388DB0B66
S214021FA0009306D033892B443381002003B0BDE86A
S214021FB0F08F208816F010F982463046FFF7D0FCE4
S214021FC0019016F039FBDFF8D0B0019BDBF8002059
S214021FD081469A421DD1FFF725FDA84204D2484603
S214021FE016F025FB1A20E1E70AEB050373803FB1E2
S214021FF0208816F0D5F82A4641465044F8F754F899
S2140220003046FFF7ADFCCBF80000484616F00FFB53
S214022010CBE716F00CFB208816F0DEF82844009971
S21402202080B216F031F906460028DBD016F0B8F872
S2140220308146208816F0B4F88246208816F0CCF83E
S214022040514602464846F8F72FF83046AFB116F02A
S214022050A7F80746208816F0BFF82A4641463844B5
S214022060F8F722F80121208816F0D2F8012102465C
S214022070304616F0E1F8268097E716F091F880468B
S214022080208816F0A9F82A4639464044F7F76EFE2D
S214022090E8E700BFBD240400104D002034210148AB
S2140220A016F0BCBBD1240400036910B55BB182688C
S2140220B0064B9A4201D1002010BD446916F0A7FBD8
S2140220C0201AF9D5F7E74FF0FF30F5E79D2002001A
S2140220D082681C4B70B59A420446056819D116F000
S2140220E0ABFA236923B1A34206D100222A601A6101
S2140220F0BDE8704016F09BBA1A4611461269A24213
S214022100FBD12A68A24208BF29600B610023236123
S214022110EEE7036993B198426E6803D19D210A489F
S21402212016F07CFB2B46B44209D122699D4218BFA9
S2140221301A614FF0000308BF6A60236170BD334620
S2140221403669F0E79D200200D12404002DE9F0470D
S214022150074600254FF0010A154EDFF858808AB070
S214022160347914B90AB0BDE8F087D6F8009087B97A
S21402217000972A46B8F80010234603A816F02BFD4F
S2140221802246484603A9E9F76FFC2544EDB2083615
S214022190E6E7224603A94846E9F73AFCCDF800A04E
S2140221A023462A46B8F8001003A816F014FDECE7FA
S2140221B0046F0400325200200148FFF799BC00BFAA
S2140221C0325200209C46174BF7B50546084619883A
S2140221D0164611B1144B1C78CCB101466246304605
S2140221E0BDB103B0BDE8F040E9F712BC1C44E4B24E
S2140221F008373B79002BF0D03A689642F6D185F044
S21402220001052246009516F0E6FC03B0F0BD074F26
S214022210EFE7E9F729FCB0B203B0BDE8F04010F0F2
S21402222080BC00BF325200209A610020046F040076
S21402223010B5074C238843B10020FFF787FF002024
S214022240FF22044B20801A7010BD0220FCE700BF5C
S214022250325200209A610020142810B518D8082897
S21402226005D110F0CAFCC401E4B2204610BD0E2807
S21402227002D110F0C5FCF6E7064B53F82040002CBE
S214022280F3D00A282478F0D105F0A0FE0443EBE749
S214022290FF24EAE7546F0400014BB3F86800704766
S2140222A0544C002000487047BE4C0020014B187862
S2140222B0704700BF18580020014B1870704700BFC7
S2140222C018580020194B022810B5187002D004388E
S2140222D001281BD8164B1B78042B03D00021154867
S2140222E016F04AF8144B1B689A001BD513F0805F51
S2140222F040F6114418BF4FF44164204611F014F81A
S21402230090B92046BDE8104010F009BC0948FFF716
S214022310DFFE0A48FFF7DCFE162412F0A8FC10F0D7
S214022320FDFFEAE71524E8E710BD00BF1C580020B1
S2140223301D580020505F0020D43E0020403E002062
S214022340024B187800F00F00704700BF1C580020A0
S214022350034B187800F00F00831E5842584170470E
S2140223601C58002008B512F06DFCC0B112F083FCB8
S214022370A8B10AF0A7FF90B90A4812F015FA70B190
S214022380094812F011FA50B110F03FFC38B110F0C3
S214022390CDFF20B9BDE80840044812F0B6BA0020C6
S2140223A008BD00BF34520020665200201C4D00209B
S2140223B030B505460C4693B081B910B9002013B06B
S2140223C030BD1023214A69460120FFF7FBFE9DF827
S2140223D005305A1E052A28D91720F0E718220021B0
S2140223E02046F7F7C3FC002DEBD1FFF7B1FF30B361
S2140223F010F0D3FA6A4601460020FEF7A5FEBDF8A5
S2140224000430204623819DF80230A3729DF80030E6
S214022410E37212F0B6FD002304F11401237304F1F3
S214022420100003F0CBFDE081C8E7094A9DF80410CE
S21402243012789142D0D12B70002CD6D1BEE7054B34
S2140224401B78033B022BD3D9C6E700BF64EE01001C
S214022450716100201C58002030B593B005460C462A
S214022460FFF776FF20B90C4B1B78033B022B10D8E4
S21402247010F093FA6A4601462846FEF765FE0020EB
S2140224809DF80230607023709DF80030A37013B080
S21402249030BD1720FBE700BF1C580020054B1878FC
S2140224A0012805D000F0FD00A0F131035842584142
S2140224B0704700BF1C5800201FB50146002201A825
S2140224C016F02AF8064801A916F053FB20B115F0BB
S2140224D067FE4089C0F3400005B05DF804FB00BF0C
S2140224E01A61002030B585B00D460022014601A8CB
S2140224F016F012F8084801A916F03BFB50B115F089
S2140225004FFE0446014608222846F7F7D9FA6089A4
S214022510C0F3400005B030BD1A610020F8B505468C
S214022520F8B100210F4816F0C1FA0446A8B10D4FC3
S214022530204615F035FE064615F0DAFF830705D469
S214022540082229463046F7F763FC38B1214638465A
S21402255016F0D0FA04460028EAD10024201E18BF3E
S2140225600120F8BD1A61002010B50C460146064847
S21402257016F0FFFA30B115F013FE43891C4214BF61
S2140225800120002010BD00BF1A6100201FB51446AE
S214022590024601A815F0C0FF074801A916F0E9FA9D
S2140225A040B134B115F0FCFD142201462046F7F77F
S2140225B087FA012004B010BD1A6100201FB501463B
S2140225C0002201A815F0A8FF094801A916F0D1FAC1
S2140225D058B115F0E5FD4389024613F0020004D017
S2140225E0507B80F00800C0F3C00005B05DF804FB25
S2140225F01A610020F7B59DF824400D4601949DF817
S2140226002040064600941F4613F058FD4FF6FF7111
S2140226108842044610D0BB0711D4284600F056FF65
S214022620204616F0CDFAFF281FBF084A32F81030AF
S21402263023F4804322F81030204603B0F0BD024651
S2140226402946304612F0F7F9EAE700BF04520020A6
S21402265073B50E460146144816F08BFA0546D8B1F5
S21402266015F09EFD43890446334012D09B0736B2CE
S2140226700BD5002E09DAA17B437B0289007B0191F0
S214022680012100912146FFF7B5FF638923EA06037D
S2140226906381628912B1012002B070BD29460248E8
S2140226A012F0D8F8F7E700BF1A6100200148FFF7DA
S2140226B01FBA00BF1A61002013B53E4C0DF072FC23
S2140226C0D4F8FC311020C3F307430193FFF7C4FD8F
S2140226D0000650D50020FFF7BFFD01064BD5019B33
S2140226E0802B3ED1236A9A0704D440F6154420462E
S2140226F002B010BDE3699B07F7D52F4811F042F9E7
S214022700012011F012FF0DF060FC04460028EED105
S21402271000F042F9294812F0D2F800F099F9E8F7E9
S214022720E1FA0DF03EFC08F003FF08F055FFF4F75F
S2140227304FFAF4F7EDFAF4F707FB03F0DBFD10F0BF
S2140227405EFA10F05FFA10F0F4FD1D4813F0BFFCBD
S21402275006F08CFA10F0B0FD0028C8D010F0AEFDDE
S214022760C5E7019B812BC0D1D4F80C315B00BCD5E8
S214022770D4F80C31BFE71020FFF76EFD0006BCD47C
S2140227800020FFF769FD0106B7D5019B802B05D116
S214022790084B1A6AD207A8D5DB69ACE7019B812BE6
S2140227A0A3D1044BD3F80C21002A9EDAD3F80C31BD
S2140227B0A1E700BF0080E00F690345EC1C4D002036
S2140227C0B924020010B512F04FFA70B301F0E0FA25
S2140227D080F00104E4B20020FEF724FC44EA800400
S2140227E024B212F02FFA10BB02200443164816F049
S2140227F08BF944EA4014154816F086F924B244EAE6
S2140228000014134816F080F924B244EA80141148E2
S21402281016F07AF924B244EA40240F4816F074F906
S21402282024B244EAC02080B210BD0124D3E70B488C
S21402283011F0BAFF0028D7D0094811F0B5FF80F092
S2140228400100C0B24000D0E7905F00207460002014
S214022850D83E0020F45F002054600020345200204E
S2140228606652002008B501F07FF8FEF709F8144812
S21402287011F09AFF08B904F025FF124811F094FFF0
S21402288008B906F0DDF902F095FF0F4812F049F894
S2140228900E4B1B78043B022B09D80D4816F034F970
S2140228A028B1FFF78FFF102801D107F0E1FC10F0E6
S2140228B0AEF912F0CFF8BDE808400648FFF75AB95D
S2140228C034520020665200201C4D00201D58002065
S2140228D074600020CC6F0400014B1868704700BF7C
S2140228E0504C00204FF6F77370B5984204460D46DA
S2140228F086B043D812F0BCF8A04207D1082220497D
S2140229002846F7F7DDF8002006B070BD1D4EB6F873
S2140229106830A3420AD10022082106F16A0012F0AA
S21402292035F818B9082206F16A01E9E784B10023EE
S214022930012219462046009308F05CFDFF2811D1BB
S2140229402946204608F000FF80F00100C0B2DBE70F
S2140229500D4B1B689B07EAD4284606F0FBFD0028B1
S214022960E5D0D0E702A913F054FA0028E8D1DDF842
S2140229700D302B60DDF811306B60C4E70120C3E731
S2140229809F580020544C0020D43E0020014B187063
S214022990704700BF7161002010B5054C0822214621
S2140229A00448E9F735F8204612F09CF810BD00BF3F
S2140229B09F58002034B608C0004870479F58002031
S2140229C0082208B50349F7F723FAB0FA80F040095F
S2140229D008BD00BF9F580020014B1870704700BF0B
S2140229E010580020F7B50D46044616461F4600212D
S2140229F0284601F061FD0B4B002183F859402A4618
S214022A003346204600970AF03FF9014630B10222CB
S214022A10204603B0BDE8F04000F006B8012003B03F
S214022A20F0BD00BF544C002013B513460C461AB135
S214022A30022A0CBF134601230021044A0191009288
S214022A402246FEF71DFC02B010BD00BF4B4D030030
S214022A5000B5002093B0FEF78FFB1E4B188813F0CC
S214022A6037FB1D4B1D491A7800200AF091F93422D3
S214022A7000216846F7F77AF90B238DF800306FF4D9
S214022A80803301934FF6FE73ADF8103003238DF8B2
S214022A901D30134B134A0893134B10680993134BBC
S214022AA051680D93124B6A460E93124B0F93124BBC
S214022AB01093124B119302AB03C300210846FEF794
S214022AC0F9FD6A4601210020FEF7F4FD13B05DF819
S214022AD004FB00BF0661002080610020643304000E
S214022AE0F92E02009F580020E74A0300E15B02002D
S214022AF0A13002000D6B02004B4D0300115802007C
S214022B00014B1878704700BFA7580020014B188861
S214022B10704700BF1E6100202DE9F74F8146104620
S214022B200E46904615F05DFFDFF840B105469BF86D
S214022B30003033B94A4B1B681BB94A4B1B68002B43
S214022B407FD015F4406A05F040071BD19FBBB5F550
S214022B50804F61D24FF48074B9F1400F73D0B9F14F
S214022B60800F63D0B9F1100F6BD100239BF80000E1
S214022B703D4AD9B2884264D932F8021B0133A142D7
S214022B80F7D166E008F1030015F02BFF4FF6FF734E
S214022B90984214BF0124022487B1052705F4404356
S214022BA0B3F5004F44F0080425D0B5F5804F24D283
S214022BB044F4807421E054460327EFE7B5F5804FCE
S214022BC04FF00507F4D3BAF5406F14BF0220082071
S214022BD03844404415F005FF019011F066FF019B52
S214022BE005F4404598420CBF44F0080444F004043F
S214022BF0B5F5004F01D144F08004BAF5006F0FD14D
S214022C0008EB070015F0EDFE054611F031FFA8426D
S214022C10A2D144F010049FE7544603270220D7E7C8
S214022C20BAF5406F08BF44F0200495E70C4B1B68CA
S214022C303BB10022D1B233F8110033F9111000294A
S214022C4003DA002008E0074BF1E7A04202F1010296
S214022C50F0D106B13480012003B0BDE8F08F00BF8A
S214022C602C4D0020304D002084520020E0580020D9
S214022C70034B1A78022A04BF09221A70704700BF53
S214022C80A85800200C22034B1A211A700320002297
S214022C9001F090BDA85800200C2208B5054B1A2159
S214022CA01A700022104601F085FD0022024B1A60BF
S214022CB008BD00BFA8580020384D00200C2270B571
S214022CC00D4B05461E781A7030B93046BDE8704086
S214022CD000221A2101F06EBD084B1C78E1B21A29B7
S214022CE0F3D825FA04F3DB0703D54422304601F075
S214022CF061FD0134F2E700BFA85800209C61002065
S214022D000C22024B1A7010F00ABB00BFA858002013
S214022D10F0B50C8805460E468BB0E4B94FF6FF7741
S214022D20ADF8247010F010FB10B902200BB0F0BD05
S214022D30CDE90340CDE90544134A0294B2F85C306B
S214022D406032019300923B464CF60101FF2009AA2D
S214022D5013F0D9F93080284611F0D0FF0B4C70B131
S214022D60237863B1013BDBB22846237011F0C6FF1D
S214022D7038B12078B0FA80F04009C0B2D6E7052311
S214022D80F2E70120F9E700BF544C00209B610020C7
S214022D90034B11461B6803B118470FF080BE00BFF5
S214022DA0384D00200C22024B1A7008F039BF00BFC3
S214022DB0A85800200148FEF79BBE00BF36520020EE
S214022DC07FB505460C46164615F014FC00286BD156
S214022DD0062D03D85223EB40DB071AD4B4F1006F5A
S214022DE005D3E30E1C3B032B18D94F202EE00022FE
S214022DF02F4B1A602F4B1D7011F0EEFD03460A2D65
S214022E0054D8DFE805F02D183E49182518535341CB
S214022E10360002F0A3F8B4F1006FE2D20022244B8F
S214022E20042D1A60234B1D70E6D1022001F0B6F97C
S214022E3011F0D2FD0346012202921F4A01921F4A56
S214022E4000921F4A314620460AF078FA04B070BD56
S214022E50314620461B4A04B0BDE870400AF056BA16
S214022E6031462046184B194A04B0BDE870400AF0B5
S214022E7031BA00220292164A0192104A0092154A6C
S214022E80E0E702220B4B1A7000221046124904B0E9
S214022E90BDE87040FEF7BAB9002202920F4A0192CC
S214022EA0064A00920E4ACDE74D20CFE70120CDE735
S214022EB0384D0020A8580020BD2C0200F92E020032
S214022EC0374D0300A52D0200992C0200912D020019
S214022ED0012D0200112D0200712C0200852C020029
S214022EE0F94C030008B50AF059FA0C22014B0020EF
S214022EF01A7008BDA8580020F0B585B0ADF80600D7
S214022F0018B97621644815F089FCBDF8060011F060
S214022F102EFB0446BDF8060011F029FB082846D011
S214022F200C2CBDF8060042D111F011FC074615F034
S214022F3058FD0DF10F010646BDF806000FF04DFED6
S214022F40002879D009220021384615F069F89DF844
S214022F500F301033C518BDF8060015F03DF9EDB276
S214022F60854269D22946BDF806000AF025FB06F41A
S214022F704C4416F44066054614D0F81C15F031FD94
S214022F804FF6FF73984208BF44F04004B6F5006F50
S214022F9008D1781D15F025FD4FF6FF73984208BF3D
S214022FA044F010049DF80F305BB3072D44D1BDF8F2
S214022FB0060011F0D2FA0446BDF8060011F0D7FA60
S214022FC0082817D0A30615D524F0200189B2BDF82B
S214022FD0060011F0ADFABDF8060011F0B8FB0021AC
S214022FE0092215F01DF800F1100189B20DF1060054
S214022FF013F0B2F90022BDF80610284815F05CFD61
S2140230001AE0082D16D8BDB1013D072D14D801A32C
S21402301053F825F0713002007D300200393002008C
S2140230203D3002003930020089300200AF2F020024
S2140230308F3002007C2D24D005B0F0BD24F48844E5
S214023040A4B2B4F5084FF7D1BDF8060011F08AFA1B
S214023050BDF8061013F041F80028A8D0BDF8060007
S21402306011F0D8FA00220146022015F081FCE3E7AF
S21402307024F48064A4B2B4F5484F97E7B4F54C4FF5
S21402308094E7B4F54C4F92D04CF6500301E04CF660
S21402309040439C428AE700BFDF24040034520020EB
S2140230A02DE9F7430F4690469946064615F078F8FE
S2140230B00446304615F090F8C5B2083D2C44E17837
S2140230C0094BA2781970094B31461A700020434604
S2140230D03A46CDF800900DF0E7FB003818BF012005
S2140230E003B0BDE8F08300BFC2580020C1580020DC
S2140230F02DE9F04FDFF84081DFF8409198F8002084
S21402310099F8003006469A4285B004D340F2191167
S214023110424815F083FB30460DF10F0115F014FA04
S21402312020B14FF48E713D4815F078FB98F8007088
S2140231309DF80F403D1B15F0FF0530D04FF0FF3CC9
S214023140374B01211B78A140184699F800304FF6FC
S214023150FF790CFA03FC0023324A01F1FF3E019389
S214023160C1F1000A9DF80430984243D8122004FBAD
S21402317000002D4BA0F1120105EBC50252001944C6
S21402318004F101091844F6F79BFC4FEA890927481F
S214023190A9F104010144AA004844F6F791FC224929
S2140231A004EBC40201EB420321F81260204A013705
S2140231B012784FF6FF71DA731A745A7412025A8032
S2140231C01C4A0D2012781A7110225A7100229A7324
S2140231D0C3F80620C3F80A20144B43F8242088F8C4
S2140231E0007015F0C5FB0EB912F0D6FD204605B0EC
S2140231F0BDE8F08F13884B450AD053680AEA030BE2
S21402320003EA0E030B4403EB4B0343EA0C0353603F
S214023210019B083201330193A4E700BFF2240400A5
S2140232207D610020A43C0020D0510020A03C00205C
S214023230C2580020A9580020165800207B610020A2
S21402324010B5074C2046FEF743FF04F06BFB02F076
S214023250DDFE2046BDE810404FF47A5115F08CB8DA
S214023260505F00202DE9F041074600250A4B0B4E21
S21402327093F80080ECB2A04503D8FF242046BDE8B0
S214023280F08108223846B11DF6F7C2FD0135002846
S214023290F4D01236EEE700BF16580020D0510020B8
S2140232A007B50DF1070115F04FF930B19DF807305B
S2140232B0034803EBC30300EB430003B05DF804FBD3
S2140232C0D05100202DE9F843294E044633785D1E7E
S2140232D02D1A8342EDB204D84FF4A171254815F099
S2140232E09DFA0123A3404FF0FF305F1E3B440021AE
S2140232F04FF6FF7E6FEA03081F4A92F800C01F4A85
S214023300127890401E4ACBB29C4523D8BDB127B254
S21402331004EBC4041B48640005EBC50204F1120169
S214023320014452002044F6F7CBFBBF001648AA0021
S214023330391D014402F0FC023844F6F7C1FB33782B
S2140233400022013B33704FF6FF71BDE8F8430E20B2
S21402335015F00EBB1388734507D0536808EA0309B5
S2140233603B4003EB59030343536008320131CAE77B
S21402337016580020F22404007D6100207B610020A4
S214023380A43C0020D0510020A03C002010B50A4CDE
S214023390207858B9094B1B781A2B03D9992108486B
S2140233A015F03CFA0322074B1A7010BD0138C0B262
S2140233B0FFF788FFECE700BF165800207B6100206D
S2140233C0F2240400125800202DE9F047054615F0B5
S2140233D0E6FBFF28044624D1DFF884901E4B99F8BA
S2140233E000201B789A422BD22846BDE8F047FFF70A
S2140233F07FBE38883B79504518D86F2B4FEA131298
S21402340014D85B0710D0123708F1010899F800109B
S2140234105FFA88F6B142ECD80023104ADEB28E423A
S21402342014D32046BDE8F087022AECD912F025FE16
S2140234300028E8D129463046BDE8F04711F09FBC87
S2140234404FF000084FF6F77A044FDFE710790133A2
S2140234508F28EFD81232E1E77B610020D05100209E
S214023460165800204FF6F773984210B514D8FFF797
S214023470ABFFFF2810D0134C00B200EBC00004EBE9
S21402348040040DF024FC104938B962880B7802EB30
S2140234900313A3EB1213638010BD227C637C0978AE
S2140234A09A42E2732374617407D98B4203D213469D
S2140234B08B4228BF0B461B02EDE78A42F8D313461F
S2140234C0F9E700BFD0510020C25800202DE9F04194
S2140234D006460F4600240E4DDFF8388098F8003076
S2140234E0A34201D8BDE8F081082229463046F6F705
S2140234F08FFC40B935F8063CBB4204D02046FFF7A5
S214023500E1FE013CE4B20134E4B21235E6E700BF64
S214023510D651002016580020F8B5054608460E4635
S214023520FFF7A0FEFF2830D01D4B294653F8207027
S2140235303046FFF7CBFF2846FFF746FFFF28044634
S21402354025D112F0B5FDFF280AD1164C207838B1E5
S2140235500FF026FA2378B0FBF3F202FB1300C0B298
S214023560294611F00CFC044623B20F4D03EBC303AD
S21402357005EB430508223146A81DF6F7A1FA2B797A
S214023580204603F00F032B71F8BD0027D3E7074B45
S2140235901B78002B18BF0027014B43F82070E3E787
S2140235A0A03C00207B610020D05100209D610020BD
S2140235B038B50B4B04461B780D46834204D840F2BE
S2140235C05A21084815F02AF9074804EBC40400EB10
S2140235D044002946BDE8384008220630F6F770BA9D
S2140235E07B610020F2240400D051002070B504460E
S2140235F008460E4615F0D3FAFF28054610D0204698
S214023600FFF730FEFF2807D0084B1B7823B9084B7C
S21402361053F8202043F8252021462846FFF7C8FF06
S21402362031462046BDE87040FFF750BF9D6100203E
S214023630A03C00202DE9F8430024804601272646B8
S214023640114DDFF84C9099F80030A34210D83E4353
S2140236500134E4B21A2C4FEA470705F11205F2D1FB
S2140236604FF0FF30094B1B7898403043BDE8F88393
S2140236702B884345EBD0284611F0CAFB0328E6D830
S2140236802B796F2BE3D8E3E7D05100207B61002033
S2140236901658002010B5084C00EBC00004EB40049E
S2140236A023795B0707D1204611F0B2FB237923F07A
S2140236B007031843207110BDD05100200022084B8A
S2140236C01878084BD1B2884203F1120300D870472B
S2140236D013F80D1C013221F0100103F80D1CF1E75E
S2140236E016580020D05100202DE9F0470226122756
S2140236F0DFF85C90DFF85C8099F8004000250CE06B
S21402370007FB05F338F803A00021504611F095FB9D
S21402371010B15CB1013CE4B2013599F80030EAB26E
S2140237209342EDD8A34204D14FF6FF7A5046BDE845
S214023730F0870FF035F999F80030012EA3EB040359
S21402374090FBF3F202FB1300C4B2EDD00126D5E7DC
S21402375016580020D0510020034B00211A78034847
S2140237609200F6F703BB00BF7B610020A03C00205E
S21402377010B5134B0C461B7886B0834212D91149FA
S21402378000EBC00001EB4001082220460631F6F7A6
S21402379097F900220821204611F0F8F880F001007F
S2140237A0C0B206E0C01A01A9C0B212F08AFC10B17B
S2140237B0002006B010BD01AB03CB20606160E8E7D5
S2140237C07B610020D051002008B5074B024653F813
S2140237D020308B4206D915204FF6FF7115F0C8F837
S2140237E0002008BD0120FCE7A03C0020024B01316E
S2140237F043F82010704700BFA03C00202DE9F34795
S21402380081460C4600272A4EDFF8ACA09AF8003014
S214023810FDB2AB4210D86946204612F06BFCC0B32C
S214023820082269464846F6F7F3FA90B34946204618
S21402383011F0A9FDFE2537E006F1060808224146EA
S2140238404846F6F7E5FA90B94FF6FF739C422BD03E
S2140238503388A34228D0204615F0B2F9FF2814D1A7
S2140238604946204602B0BDE8F047FFF755BE14B9F8
S21402387012360137CAE73388A342F9D1002208215B
S214023880404611F083F80028F2D12846FFF71AFDC9
S214023890CCE74946002015F091F9FF28054603D0EB
S2140238A0044B1B780344DDB2284602B0BDE8F0871D
S2140238B0D05100207B610020165800200F4B1B7849
S2140238C083420CD8C01A0E4AC0B232F81030D9045D
S2140238D011D443F4805322F8103001207047094B6C
S2140238E000EBC00003EB40035A79D10603D442F042
S2140238F010025A71F1E70020704700BF7B6100207A
S21402390004520020D0510020F0B5134B06461B7817
S214023910FBB100251148DFF84CC090F800E01048D3
S21402392007781F44E8B2864501D80020F0BD7C1B0C
S21402393094FBF3F003FB10440CEBC4003CF8344059
S214023940B44204D1002AF1D184788C42EED00135FB
S214023950E8E71846EAE700BF7D610020C03E002087
S21402396014580020A43C002070B50CF00CFB142563
S2140239700F49104E0B78328830809B1A03449BB254
S214023980B3FBF5F405FB14330B700B49E2B20B786C
S214023990934292BF00239B1ADBB2032A0B7088BFA6
S2140239A0002306499EBFD2000B68D3400B6070BD51
S2140239B0AB5800203852002013580020C03E00208A
S2140239C0084B1868084BC2B21B789A4208D2074BBB
S2140239D0C0F307201B78984234BF002001207047AE
S2140239E001207047C03E00207D610020AA580020BA
S2140239F0F8B505461746FFF7E3FF064610B9184B1B
S214023A001A783AB9212001224FF6FF7114F0B0FF5E
S214023A100020F8BD1348DFF854C003780133B3FB27
S214023A20F2F402FB143303700F48DCF8002000EBBC
S214023A30C30420F8335002F10132A1703846CCF8A4
S214023A400020FFF7F7FDE670606011F011F8A8425B
S214023A5001D10120DDE7E3780133E370F9E700BF27
S214023A607D61002014580020A43C0020C03E0020A7
S214023A7010B50B4C0B4A2378063B13700CF083FAF6
S214023A800022094BFF211880084B09481A60227849
S214023A90D200F6F76BF90422064B1A7010BD00BF6F
S214023AA07D610020AA58002038520020C03E002027
S214023AB0A43C0020135800202DE9F843074614F0D2
S214023AC0A6FE05461A4815F01FF81A4B48B31C689E
S214023AD03C1B2C44A4B20022174BDFF864901B78E0
S214023AE0164D99F8006005EB03155FFA82F8464515
S214023AF009D9AB8805F11000A34215D9B21A294696
S214023B001201F5F7DDFF013689F80060AC80B8F1E6
S214023B10000F03D13946064814F02EFC2846BDE8AD
S214023B20F8833C461D60D6E705460132DDE700BF56
S214023B30705F00203C4D0020AD580020A03B0020C6
S214023B40AE5800202DE9F74F14F061FE4FF0000E3C
S214023B50284D294F2978294C97F800A004EB011329
S214023B6003EB0A120092F3465246DFF898801FFAD9
S214023B7080FC0646B8F80000ACEB0009A0EB0C008F
S214023B801FFA89F901900098984217D1BEF1000FEA
S214023B9000D02970524503D200203A70FDF7DEFAB3
S214023BA03B7823B32B78164804EB0314A188C8F895
S214023BB0006003B0BDE8F04F14F0DEBBB3F804C0FB
S214023BC0CC450FD84FF0010E93F802C001310CF12C
S214023BD0FF3C013AA3F804B083F802C0C9B2D2B2DD
S214023BE01033D0E701988444A3F804C0F8E703B082
S214023BF0BDE8F08FAD580020AE580020A03B002054
S214023C00705F00203C4D00207FB56C461E4B1F4D5A
S214023C101E78013EF6B21E7095E80F0084E80F008B
S214023C201B4B28461A7805F1100132441201F5F7AB
S214023C3047FF9DF8026016F00F0511D1BDF8080087
S214023C4009F02CFE360918BF29464FF00002BDF8CF
S214023C50000008BF039904B0BDE8704002F022BD20
S214023C60BDF80400FFF728FF0346828804ADADF8CE
S214023C700420224603CAAA4218605960144603F179
S214023C800803F6D104B070BDAD580020A03B00205A
S214023C90AE580020F8B50024084D094F094E3B786F
S214023CA03178E2B20B449A4204F1010400DBF8BD1B
S214023CB02846FDF71DFF1035F1E700BFA03B0020A8
S214023CC0AE580020AD58002070B5134B06460D4680
S214023CD0104612491A78124B09781B780B44934205
S214023CE006DB1F204FF6FF7114F042FE002070BD67
S214023CF0FFF7E2FE013506808570044614F082FD69
S214023D00E08009F0D1FD40F602432081E360002006
S214023D10FDF724FA0120EAE77A610020AE58002077
S214023D20AD5800202DE9F84386460023144FDFF8ED
S214023D305C803E7898F8005012497219DCB29442C0
S214023D401CDA4FEA041C31F80C900133F14501EB02
S214023D500410F3D1631CD21A0CF1100C1201614448
S214023D60F5F7AEFEA5428BBF05F1FF3506F1FF362D
S214023D7088F800503E700CB9034B1C70BDE8F883FF
S214023D80AE580020A03B0020AC580020AD580020C2
S214023D90044B054A1B781278D3420CBF0120002040
S214023DA0704700BFAD580020AE580020024B18786E
S214023DB0003818BF01207047AD580020002108B512
S214023DC0084B09481970094B1970094B1970094BB1
S214023DD01A781201F5F7CAFFBDE808400648FEF752
S214023DE077B900BFAE580020A03B0020AD58002097
S214023DF0AC5800207A610020705F002010B50B4C92
S214023E0023784BB10A4802F03BFD58B1084B01211A
S214023E10188810F01FFF08B9002010BD0122054BBC
S214023E201A70FAE7FFF7F0FEEAE700BFAD58002087
S214023E30A03B0020AC58002010B50E4B1B78BBB13F
S214023E400D4C238883424FF0000311D10B4AE160E8
S214023E50137049B9A3781033A37011F0C5F918B9D5
S214023E60A37823F00F03A370FFF7CEFE012010BD48
S214023E701846FCE7AD580020A03B0020AC580020B6
S214023E8070B592B00C4606460EF087FDE17A0546FE
S214023E900020FCF733FE28B394F90A0010F081FDE7
S214023EA010BB134BE27A294683F85820A27A83F88D
S214023EB05A206A46FDF748F94FF6FE739E420CBF3B
S214023EC04FF6FF7323896A4629460020ADF806603E
S214023ED0ADF80430FDF7EEFB40B92289054B5A8057
S214023EE012B070BD5520FBE75620F9E72120F7E710
S214023EF0544C0020404D002010B5044601460822CE
S214023F000948F5F7DDFD237B022B0AD8002B14BFE8
S214023F103122012205490B7017234B61044B1A709C
S214023F2010BD00230122F5E7444D0020404D00203D
S214023F301C580020014610230120014AFEF742B910
S214023F4064EE0100014B5861704700BF404D0020EF
S214023F50014B1878704700BF404D002010B5054C45
S214023F602378112B03D0E221034814F057FC412397
S214023F70237010BD1C580020FD240400064B014689
S214023F801B78042B04D1054A137E0533137670473B
S214023F90034814F0F1B900BF1D580020404D002020
S214023FA0905F002008B50648FDF7A2FD0548FDF71C
S214023FB09FFD0EF021FEBDE8084000F0EBBF00BFFB
S214023FC03452002066520020064B1878332806D05A
S214023FD000F0EF00A0F14303584258417047012019
S214023FE0704700BF1C580020002208B5074B4FF64A
S214023FF0FE701A7010F048FD4FF6FF7010F061FD6B
S214024000034B5869BDE808400EF089BD1C580020D5
S214024010404D002008B5064B187838B10548FEF723
S21402402043F84FF47A73B0FBF3F0C0B208BD00BF9A
S21402403011580020803E00202DE9F0438BB0074641
S214024040154698460E469DF8489049B9104605AC66
S21402405014F0B6FD214612F034F8172818BF26468B
S214024060B9F1000F0AD1124B1B781BB9284612F081
S21402407045F8D0B92846FEF7A1FA02E0284612F023
S2140240803DF880F00104E4B29DF850302A460293CF
S2140240909DF84C303146CDE90093384643460394AA
S2140240A010F01CFF0BB0BDE8F0834C46ECE700BFF7
S2140240B0185800200022014B1A767047404D002007
S2140240C008B50020FEF788FC0023024AC2E9013345
S2140240D0538008BD404D002010B5144B1B78033B9F
S2140240E0012B16D8124BB3F868204FF6FF739A428C
S2140240F00FD10320FEF7E6F801F052FFFFF7E0FFCC
S214024100002013F043FF78B1BDE81040002010F005
S2140241102CBBFEF7C7F80446FEF7BEF8014620465B
S21402412007F01AF80220E5E710BD00BF1D58002070
S214024130544C002008B5114A114B58611378032BD2
S2140241401BD0D3B1332B01D0432B10D10D4B1B7890
S214024150033B012B05D803231370BDE808400EF07D
S214024160DEBC0EF0DCFCBDE80840FFF7B5BF21233D
S2140241701370BDE8084001F07DBD08BD1C58002044
S214024180404D00201D58002008B50348FDF7A0FF4B
S214024190FFF796FF022008BD803E002038B5114D7D
S2140241A004462B78834218BF28700FF0C5F880B1FA
S2140241B024B920460FF0C2F802220DE001200FF0CB
S2140241C0BDF82B781A1F012A05D9062BF4D1032233
S2140241D002E0002CF5D10122BDE838400021084655
S2140241E010F0BCBD1D58002030B5044685B06846A8
S2140241F00D46FFF79FFE94B100212846144A01F0AF
S214024200F3FE144B20681B7861688DF80430124B5D
S2140242101B788DF8053002AB03C305F071F90F4B1E
S21402422093F8582093F85A308DF803208DF8023010
S21402423010F03BFCADF8000010F01AFC1023ADF8AD
S214024240060069460020064AFDF7BCFF05B030BDF1
S21402425000F8FF07716100201D580020544C002012
S21402426064EE010010B5104B04461A780F4B00207E
S21402427083F8582013F08AFE10B1002010F075FA69
S21402428000210846FFF7B0FF0FF048F82046FDF77A
S21402429049FA40F617400EF042FC0023044A138007
S2140242A0044A138010BD00BFAF580020544C0020B3
S2140242B00E5200200C5200201FB504466846FFF737
S2140242C039FE54B100238DF80530102369460020CC
S2140242D0064AFDF777FF04B010BD10F0C9FBADF833
S2140242E0060010F0E2FBADF80000EEE764EE010017
S2140242F010B5014604460020FCF700FC90B10C4BBA
S2140243001B78023B032B0FD80A4B1C7014F072F971
S21402431060B9094A0949FCF779FF003818BF01203D
S214024320800010BD5520FCE70220FAE74D20F8E792
S2140243301C580020AF580020B56B020065420200F0
S214024340F8B5064614F056F9044668B913F01EFE90
S21402435050B1064D204695F8587085F8586010F012
S21402436004FA10B185F858704D20F8BD544C002060
S2140243702DE9F04180461846033B012B0E461746B0
S21402438002D918B1212438E0FFF708FF274B1D7821
S214024390022D08D0032D46D1B8F1000F03D1244BCD
S2140243A01B689B073FD43320FDF78CFF01F096FA7B
S2140243B0B6F1006F34BF1F4B052231464FF00600A0
S2140243C038BF1A78FEF7FCFC044628BB1A4D287341
S2140243D0012000F017FE10F068FB68802846B8F14E
S2140243E0000F0DD0022300F8043B10F0CAFD6C73D8
S2140243F02F61394630460EF0D6FA2046BDE8F081E7
S214024400012300F8043B10F0BCFD6C732F613946A3
S21402441030460EF0C7FAF0E72846FDF753FFB8F12C
S214024420000FF4D0E5E70224E7E700BF1C5800209F
S214024430D43E00209E610020404D0020034B187899
S21402444018B9034B034A1B78D05C70471B580020F0
S2140244501D580020B070040038B5437B0446DB07C5
S21402446003D590F909000EF058FF00250F4B83F88C
S21402447059502079FFF764FFFFF7E0FF6188248830
S214024480034622462846FEF7ADFA044620B1172018
S214024490FFF750FE204638BD1723054DC8210548B4
S2140244A06B6113F069FF03232B76F3E7544C00206D
S2140244B0404D0020905F0020F0B51A4D06460C468F
S2140244C093B0A5F8680005F16A0729BBC5F86A101B
S2140244D079600EF062FA6A4601460020FCF734FE66
S2140244E0D5F86A30ADF81060CDF812307B68CDF89A
S2140244F016300EF052FA6A4601460020FDF7DAF848
S2140245004FF6FF73B5F86800984203D014B1064917
S2140245100EF04CFA13B0F0BD08223846F5F7D0FA82
S214024520D7E700BF544C0020BE4C00202DE9F041D6
S214024530DFF8B8801F4698F8003005460C46164647
S2140245401BB102252846BDE8F081531E052BF8D87C
S21402455014F050F80028F4D13B7B032B14D14FF60D
S214024560FE739C4212D1012E09D0022EE9D110F020
S2140245707FFA4FF6FB73984203D810F079FA044696
S21402458004E010F0D0FEFAE7012EDAD0EDB9394693
S2140245902046FFF775FC05460028D3D198F8003070
S2140245A0332B03D0532B1CBF0E4B18613046FFF73C
S2140245B0F5FD00214FF6FF70FFF77EFF0A4B1B78D2
S2140245C0002BBFD011F080FDBCE7397B721ECB1EDC
S2140245D0594259415042504105F07CFF0546002899
S2140245E0D5D0AFE7404D00209F6100201C58002028
S2140245F02DE9F04105460F46904610F039FA6B7BDE
S2140246000446DB0703D595F909000EF086FE10F086
S2140246102FFA384B384E188010F047FA374B18806E
S214024620FDF73AFE364B1880FDF73CFE082201469F
S2140246303448F5F745FA10F0DDF9334B187028794F
S214024640FFF77EFE00216888FFF736FFFDF726FF9C
S21402465060B14FF6F672631E9BB2934206D910F013
S21402466062FEB6F8683004468342F8D0204610F060
S2140246700BFA288810F025FA4146B6F86800B847C3
S214024680044628B91920FFF755FD1920BDE8F08128
S214024690B6F868100FF0A5FF00231C4D86F85930B7
S2140246A02B7803F0FB03022B02D0204610F006FC08
S2140246B0002220461146FFF707FB0446B0B1172337
S2140246C06B61134B1B78042B09D1C821114813F0D8
S2140246D053FE03232B7684F00100C0B2D6E74FF4D4
S2140246E016710C4813F048FE0023F3E71720FFF775
S2140246F021FDF0E73E520020544C00203C520020A0
S2140247003A520020B0580020B8580020404D0020F1
S2140247101D580020905F0020F0B50C461E460B4642
S2140247202049074689B004F1140053F8045B83421B
S21402473041F8045BF9D11B8802AD0B80D4F80E0059
S214024740D4F81210238803C5ADF8103023798DF8FB
S21402475012208DF8133000233A468DF814304FF6A7
S214024760FE71012002ABFFF7E1FEC8B902A8FFF70F
S214024770C3FB237B4BB10C4D0C4B01AA29460120EF
S21402478001930EF0A8FD2A781AB92046FFF764FEB8
S21402479003E020460199FFF72BFF08B9044B1E7071
S2140247A009B0F0BD40520020404D0020994F030052
S2140247B0B958002001232DE9F341304E05460F4635
S2140247C000202F491446737300F0EAFB0EF0A7FD93
S2140247D0DFF8AC8038B9012D01D9042D0FD121465E
S2140247E038460EF060F91020002111F085FC0028F2
S2140247F03CD0002002B0BDE8F041FCF7AFBC002C74
S214024800F1D1204B1B78212B03D0062B01D0532B42
S21402481002D101F02FFAE6E7FDF740FE0028E2D0CB
S21402482000F0EAFB28B9307BC0F11800FFF782FCE3
S214024830D9E7154B41462046019300F0B1FB20B163
S21402484040F61901114813F0E9FF01AA0B4998F83E
S2140248500C000EF040FD32781AB90948FFF7FCFD4D
S214024860C1E701990648FFF7C3FEBCE7FFF79EFAC9
S2140248700028BED102B0BDE8F08100BF404D002046
S214024880405200201C580020994F0300FD240400CB
S2140248901FB5144B04461B88DB0707D44FF6FF7080
S2140248A00021FFF709FE002004B010BD0A230E4ABD
S2140248B0012001A9FDF786FC4FF6FF73BDF80C2018
S2140248C09A42EBD00822FF2101A810F05FF80028D8
S2140248D0E4D10CB90120E7E7BDF80C0001A9FFF707
S2140248E0EBFDF7E75852002026E1010038B50C46EA
S2140248F0154610F0C9F802F053FF29462046FFF786
S214024900DBFD00F079FB48B1054BDB790E2B28BFA7
S2140249100E230133DBB2034A137038BD0123FAE7D4
S21402492040520020C558002038B51D46FFF7FEFD50
S2140249300446C8B92B7B2846032B03D1BDE8384072
S21402494010F03EBBFFF7D8FA084B25469C8110F0C4
S21402495051F80121064B81401A780620FEF730FAFC
S214024960044608B1034B1D70204638BD404D00205A
S2140249709E6100201C58002030B5012087B0FFF74A
S21402498087FF6B460446144A1068516803C384B90D
S21402499004F0C4FD02A8FFF7CDFA4FF6FF752246D3
S2140249A0BDF80E002946FFF7A1FF0EF003F807B088
S2140249B030BD6B46094AD2F86A00D2F86E10B2F8D9
S2140249C0685003C304F0AAFD02A8FFF7B3FA6A46CA
S2140249D0BDF80E00E6E700BF46AF0300544C0020C9
S2140249E037B5324B04461B781BB10224204603B06F
S2140249F030BD13F0FFFD0028F7D100F00DFB14B117
S214024A0022882B4B1A8000210DF10700FDF7D0FCFF
S214024A10002848D110F0A6FA04460028E6D1254D13
S214024A209DF80700FFF7BAFB2B78033B012B27D82C
S214024A302046FFF72DFF18B3FFF79EFF00F0FCFE9F
S214024A40FFF74AFB01200FF09FFF48B9184B1B885F
S214024A509A0707D52346052201201749FFF788FC47
S214024A600446C3E7154D022329460120144AFDF7E2
S214024A70A9FB2B885B07B9D5204600F0F1FEB5E707
S214024A802B78053B012BB1D8FFF776FFFFF724FB07
S214024A902B78052B0CBF04200520FDF713FC012004
S214024AA00FF072FFDCE71724A0E700BF1C580020B7
S214024AB0585200201D58002000F8FF070A52002016
S214024AC027E101007FB50024184E194D3278E3B273
S214024AD09A4201D804B070BD4FF6FF73B5F868204D
S214024AE09A421AD0134B1B88DB0714D5124AB5F824
S214024AF0683010685168ADF80C3001AB03C30F4A3A
S214024B000A23002001A9FDF75DFB022300200C4AC0
S214024B100C49FDF757FB0134D8E700220821064866
S214024B200FF034FF0028F6D1DCE700BF7C610020DE
S214024B30544C002058520020BE4C002026E10100B2
S214024B4027E101000A52002010B500F0C7FE01F06E
S214024B5013FCD8B10E48FDF7BBFA0E480E4C017A8C
S214024B600E30FFF741FB23781BB100F0F7F9002364
S214024B7023700022094B1A73FFF7AEFA07F0B8F952
S214024B8000F012FFBDE81040FFF79CBF10BD00BF4B
S214024B90905F002040520020B9580020404D00206F
S214024BA010B52548FDF794FA01F0E6FB30B1234B29
S214024BB01B781BB9BDE81040FFF7C6BF01F0DCFB4F
S214024BC078B11F4C237E83B1C8211B4813F0D4FB57
S214024BD00021237E0846013B2376BDE81040FCF701
S214024BE02BBBFDF75BFC0028EBD1FDF757FC154B02
S214024BF01B7858B9112B03D003F0FD03412B19D1B2
S214024C00BDE810400E4B5869FFF794BA332BF7D124
S214024C100D4B18880FF038FF0C4B18880FF051FF19
S214024C200B4B0C491888FFF747FC0B4B1878FFF71D
S214024C3087FBE5E710BD00BF905F002018580020F4
S214024C40404D00201C5800203E5200203C520020BE
S214024C503A520020B0580020B85800202DE9F04FF4
S214024C600F4685B002AD044629463846914611F0F5
S214024C70D5FC4FF0000B82463846CDF804B00FF054
S214024C8066FD4678022C804606F0020609D85CB11C
S214024C90FDF704FC0446002848D1754B01241B7816
S214024CA065E0043C022C3AD9FDF7F8FB38460FF0D3
S214024CB0C7FC00240546A046DFF8D8A138460FF008
S214024CC046FD50F809300DF10500019313F089FEF8
S214024CD09DF807B00746B8F1000F4DD1BBF1000FA3
S214024CE05BD0DFF88C9199F800300BB1002E63D0C0
S214024CF0002C61D05F4B1B78022B5DD1BBF1000FFD
S214024D0053D138460FF0C0FE58465946FFF76CFAA4
S214024D1007F0EEF840F607400DF001FF34E010F021
S214024D2015F9FDF7BBFB0446F8B15C464EB1524B93
S214024D301B78012B02D0043B012B0BD805B0BDE833
S214024D40F08F4B4B1B782BB14B4B1B7803F0FB03BE
S214024D50022BF3D0BAF1000F404608BF002511F02F
S214024D6050FC4FF001088246A8E7414B1B78002B07
S214024D70F0D0002EEED1E1E7BAF1000FAED05046E9
S214024D80FDF71EFE0028A9D1002013F0FFF8002828
S214024D90D4D000200FF0E9FCD0E74FF6F7739F421D
S214024DA09FD91720FFF7C6F9EEE7FDF777FB48B164
S214024DB03248FDF78DF9F4E7FDF770FB10B1BBF151
S214024DC0000FF5D1FDF76AFB0028DDD02846FEF776
S214024DD049FAFF28DFF89CA0294C03D09AF8003045
S214024DE0012B04D12946B4F86800FEF795FBFEF7BE
S214024DF051FC2A463846B4F86810FFF777FD214B77
S214024E00214A93F906301B0213809AF80030012BD0
S214024E1019D0312B14BF432311238AF800301B4BC1
S214024E201648196813F0A8FA00F006FD0023124C83
S214024E3099F80010237641B9104813F09DFA40F60F
S214024E401B436361A0E71123E7E7B8F1000F03D025
S214024E5016B1FFF779FEF2E70D4B1B78042BEED165
S214024E600521064813F088FA09232376E7E700BFF0
S214024E70185800201C580020404D0020905F00204B
S214024E80544C00204052002056520020B05F0020B2
S214024E901D5800209F58002070B508468CB00D465D
S214024EA00FF055FC09220021064613F0B9F8044615
S214024EB028460FF0C5FB052228460DF10F0304A96C
S214024EC00DF07FFE02281BD09DF80F3029461C44A9
S214024ED00023E4B204F11002365D01200093D2B240
S214024EE00BF0E2FC60B1022E0AD1064B1B78012BB6
S214024EF006D1054B187818B922462946FFF7AEFEAA
S214024F000CB070BD1C580020404D002008B5084B60
S214024F10187050B1074B1B883BB14FF47A710648A4
S214024F20594313F029FA002008BD0120FCE700BF10
S214024F300F58002020610020A03D0020014B188061
S214024F40002070472061002008B5FDF7C1F8002256
S214024F50014B1A7008BD00BF0F58002010B5002480
S214024F60044B05481C80054B1C70FDF7B1F8204623
S214024F7010BD00BF5A520020B45F0020BA5800206D
S214024F8008B50348FDF7A4F8BDE80840FFF7E6BFFA
S214024F90B45F00200148FCF7ABBD00BF5A520020A8
S214024FA0F7B5134B04461B780E46EBB183421DD968
S214024FB00021104813F07AFD002501460D4F09B96D
S214024FC0012009E0AC4209D10024162322463046CD
S214024FD0009413F000FE204603B0F0BD384613F0EE
S214024FE089FD01350146EAE71820F5E72720F3E7B1
S214024FF0BA5800205A520020014B1878704700BF5A
S214025000BA58002025289DBF024B18700020212088
S214025010704700BFA0610020012307B51846064A64
S2140250200DF10701FDF7CEF89DF80720034B1A7025
S21402503003B05DF804FB00BF29E1010022610020F5
S21402504084B010B502AC84E80F00082224480DF1A3
S2140250501601089CF4F7DCFE38BB9DF815309B075A
S21402506005D4204B1B7803F0FD03312B23D11E49B8
S2140250706378097803F00F028A4203D0012928D107
S214025080022A18D12278B2B91B09022B13D194F93D
S2140250900230002B21DB154BB3F86820BDF80A302E
S2140250A09A4208D1FEF790FF06E0002208210C483B
S2140250B00FF06CFC20B90020BDE8104004B0704729
S2140250C00B4BBDF808205B889A42C6D0002BC4D092
S2140250D0F1E70229EFD1012AD3E70120ECE700BF6E
S2140250E0444D00201C58002071610020544C0020C2
S2140250F0404D002084B02DE9F0478EB016AC84E80F
S2140251000F00DFF868C1564BBCF802009DF85D90B0
S21402511010F001049DF96220BDF870E09DF875A0BC
S2140251209DF976709DF878509DF97A109DF95E800B
S2140251309DF860601B782FD09DF87D00C0F3400478
S214025140C0F38000002B44D0464B1B78012B02D1C3
S214025150002C00F08280C0B19CF800301E335BB297
S214025160BB42ACBF002701279845D4BF00230123CA
S214025170BB4209D18A4208DB0CD1A81BC0B28028E8
S2140251808CBF0020012000E038460EB0BDE8F04794
S21402519004B070470020F8E710F0020F18D0C3B131
S2140251A0490814BF01200020520814BF012300231F
S2140251B08342EAD1AB1BDBB2802B0AD9AE42E9D1DD
S2140251C0B84506DB49D1CA4594BF00200120DCE77A
S2140251D00BB90120D9E7AE4216D002AC1CAF0FCFF6
S2140251E00FC497E8030044F8040B2180DDE91A0196
S2140251F016AB0090ADF804100FCB0EF065F8002841
S214025200E7D1AE42B9D1C0E7BDF8583073451ED0DB
S21402521008AC0DF1700CBCE80F000FC49CE803004C
S21402522044F8040B2180104C638873450FD1082282
S214025230211D0DF12E00F4F7EBFD024638B90821C8
S214025240201D0FF0A3FB10B96388002BC1D1B8450F
S214025250BFDBC2D1CA45BCD8BFE7204695E700BF30
S214025260BA5800201C580020404D00202261002021
S21402527084B02DE9F04F8FB06A4E18AC08AD84E8C2
S2140252800F00162200212846F4F770FD33783BB94A
S2140252900024654B32781B789A4239D2002726E0E2
S2140252A00021624813F002FC00270446B846DFF8E5
S2140252B07C91002C45D13FB1224639465B480FF01F
S2140252C0C9FA3378013B33703378002BE0D00021E3
S2140252D056484FF0000913F0E9FB4F468046CA468F
S2140252E0DFF848B1B8F1000F6CD1002FD1D01621EB
S2140252F0002218A80FF046FA014648B1002F00F027
S2140253008B80224649480FF05DFA337801333370BA
S214025310454B32781B789A4207D9444800220188C6
S2140253200FF098FA3378013B33703378012B03D1B0
S2140253303F49404813F020F80FB0BDE8F04F04B0E4
S21402534070470022214616232846CDF8008013F027
S21402535042FC1622294618A8F4F75AFD0028EBD07C
S2140253609DF864209DF824309A4225D1BDF860202D
S214025370BDF820309A421FD108220DF12E010DF100
S2140253806E00F4F745FDB8B902AF0DF1600CBCE84B
S2140253900F000FC79CE8030047F8040B39800EABDA
S2140253A013E903000090ADF8041095E80F00FFF72C
S2140253B0A1FE0028C0D027462146484613F09AFB95
S2140253C0044676E71623002241462846CDF800A07A
S2140253D013F001FC02AF0DF1600CBCE80F000FC722
S2140253E09CE8030047F8040B39800EAB13E9030070
S2140253F00090ADF8041095E80F00FFF77BFE074615
S21402540020B1B9F1000F04BF4446814641465846D2
S21402541013F070FB804665E73A46044813F04CFBEF
S21402542073E700BFBA580020A06100205A5200203D
S21402543020BF0200B45F00202DE9F04F0021044691
S2140254409FB00DF14008162240460E91CDE90C1190
S214025450CDF83B10F4F78AFC052220460DF11F0317
S21402546016A90DF0AEFB0228074600F0F280204691
S2140254700FF06DF9064613F0B4FA8146F01C13F0ED
S214025480B0FAADF84000701D13F0ABFA012FADF87C
S2140254904200204640F0E0800FF059F905462046CB
S2140254A012F07EFE0D3502232D1A00932146434646
S2140254B00820EAB20BF0F8F9002800F0CA8020466D
S2140254C00FF04AF9012F83469DF84D3040F0DC80FC
S2140254D000252F4643F001038DF84D3016AE338873
S2140254E0022B4DD1F1782046023108F065F81B28D0
S2140254F046D1F1782046033108F05EF819283FD1EC
S214025500F1782046043108F057F84A2838D14FF08F
S214025510050AF17820460131514408F04DF8F17839
S21402552005905144204608F047F8059B00EB0320FF
S21402553083B200F03F02932B059240F09580002341
S214025540F778214602375744FFB23A4600930CA832
S2140255500F2313F040FB07F10F01204610F037FF30
S21402556007F111010546204610F031FFADF8420062
S214025570059B023353445FFA83FA33795345C8D8FE
S21402558006360DF17603B342A9D19DF84D20C5F338
S214025590C03363F3410220468DF84D200FF06EF8BB
S2140255A08DF8440020460FF05EF88DF84500204640
S2140255B00FF05EF89DF83230BBF1190FC3F3C30249
S2140255C08DF84720DDF833208DF84600CDF84E20C2
S2140255D0DDF83720CDF8522094BF00229DF83E20F9
S2140255E08DF8482003F003028DF84A209DF84D20DE
S2140255F0DB0963F38202694B8DF84D201B78022B80
S21402560056D1BDF840600FF050FA864250D108A835
S2140256100FF0B7FCBBF1190F47D908220DF14E0166
S21402562008A8F4F7F5FB00283CD1B9F5004F02D0E4
S214025630B9F5624F0DD140F6FF7325F440459D4201
S21402564007D1002208210DF14E000FF09FF9002825
S2140256503ED01FB0BDE8F08F0FF079F80546204621
S21402566012F09EFD07351EE7412B81D1F1782046C8
S2140256700231514407F0A0FF494B1B78C3F1B30334
S21402568018448DF8490073E76FF30003F01D8DF898
S2140256904D3013F0A6F90CA9054620460FF0C3FCC0
S2140256A00B2772E700F058FDBFE700F055FDD0E784
S2140256B0B9F5004F02D0B9F5624FCAD140F6FF7372
S2140256C025F440459D42C4D1BBF1190FC1D9B8E7B4
S2140256D0BBF11A0F06D007F11F0142462046C9B297
S2140256E00DF0F8FD2F4C304D637BDBB12B78012B90
S2140256F01DD1012323730CAB029314AC94E8030070
S2140257000090ADF8041098E80F00FFF799FC90B1EE
S21402571094E803000090ADF8041098E80F00FFF735
S214025720A7FD08E0FCF7BAFE0028DFD0E1E703F0A9
S214025730FD03042BDDD02B78012B01D0042B88D15E
S2140257401A4BDDF84E001B78DDF852108DF8223029
S214025750BDF84030ADF820309DF84D30C3F340031D
S2140257608DF823309DF8313003F00F038DF82C307E
S2140257709DF848308DF82D3009AB03C30C4B1B68DF
S2140257801BB1414608A8984763E79DF946209DF855
S214025790451008A80DF085F95BE700BF1C580020ED
S2140257A0C1580020404D0020A8580020C0580020B4
S2140257B0344D002010B513F02AF8114B1B78022B3B
S2140257C01CD1104A1468A04218D00F4910600A680B
S2140257D0121B10440D4A086012786AB1013A9340CF
S2140257E03C2253434FF47A725343984206D9BDE89B
S2140257F010400320FCF766BD0A23F3E710BD00BF86
S2140258001C580020CC3E0020C83E00206D610020BF
S214025810064B1B88DB0708D50022054B43F82020E1
S214025820044A135C63F00F03135470475C52002063
S2140258301C3D0020E157002008B512F0E8FF0022C8
S214025840024B1860024B1A6008BD00BFCC3E002017
S214025850C83E0020014B1868704700BFC83E0020B3
S21402586008B50C48FCF734FCFCF772FD80B10A4B15
S2140258700322B3F8681001200DF04CFD4FF47A7144
S214025880064B04481B885943BDE8084012F074BD15
S21402589008BD00BFD45F0020544C002004610020E5
S2140258A0014B18800020704726610020044A054BF1
S2140258B01870138823F003031843108000207047E3
S2140258C05C5200206E610020034B1888C0F30E0065
S2140258D0003818BF012070470A52002008B5FFF7AB
S2140258E0F3FF30B1002004490223044A0880FCF783
S2140258F069FC002008BD00BF0A52002027E1010013
S214025900024B1888C0F30E00704700BF0A520020F0
S2140259100023084A01201370074A08491370084BEF
S214025920084A1B7843F0040313800223064AFCF756
S21402593049BC00BFBD580020BC5800200A520020B7
S2140259406E6100205C52002027E1010030B5012183
S21402595000240B2385B0104D019400918DF80C3075
S2140259608DF80D000323B5F8680003AA8DF80E40E3
S21402597010F0E6FD68B1B5F868100FF011FC40B102
S2140259800522064B64211A70054B06481C7012F05D
S214025990F3FC05B030BD00BF544C0020BC580020BC
S2140259A0BD580020F45F0020064B1B78033B012BFA
S2140259B006D8054B1B781BB9044B1878FFF7C6BFF1
S2140259C0704700BF1D580020BB5800206D610020A4
S2140259D010B51548FCF77CFB144B1978F9B9144A34
S2140259E013787BB1013B1370124B1B78042B02D148
S2140259F00846FBF721FCBDE810404FF496710A48B2
S214025A0012F0BABC0C4A128802F00302022A0AD129
S214025A10BDE81040032201200849FEF7A9BCBDE8F4
S214025A201040FFF7C1BF10BDF45F0020BD58002034
S214025A30BC5800201D5800200A52002000F8FF071C
S214025A40084B1A785AB10223013A93404EF6602266
S214025A50534303210448B3FBF1F112F08DBC42F22A
S214025A601073F6E76D610020F45F002070B50546FE
S214025A701748FCF72DFB0122164B28461A7010F029
S214025A8083FD411C044689B2284607F095FDA11CF9
S214025A90064689B2284607F08FFD0F4C0223208067
S214025AA0214600200D4AFCF78DFB86B9238803F0B9
S214025AB00303022B03D1FFF7BFFEFFF7C1FF2388C4
S214025AC05B0704D5BDE870400548FFF7C9BE70BD48
S214025AD0F45F0020BD5800200A52002027E1010092
S214025AE0D45F00202DE9F0431F4C0546238889B079
S214025AF0002B33D01D4E00214FF4807010F0DCFADC
S214025B003378DB0728D50121208812F081FB07466F
S214025B1020880EF01CFE023012F063FF05A98046B4
S214025B20208810F018FE3378384613F0020F104B18
S214025B3018BF0025B3F8009012F04EFB0646384612
S214025B4012F02EFBF6B20290424606212846CDE916
S214025B50009605AB0CF061FF00232380054809B0D0
S214025B60BDE8F043FCF7B4BA62520020BE580020EB
S214025B70605200201460002010B5044640F6214012
S214025B80FFF7B0FF01214FF4807010F095FA78B15C
S214025B900022084B1C80084B1A7007F085FEBDE8F1
S214025BA01040064B1880064B0648198812F0E4BBD4
S214025BB010BD00BF62520020BE5800206052002076
S214025BC00661002014600020044A137818B943F0D6
S214025BD001031370704743F00303FAE7BE58002030
S214025BE0044B1B781BB9044A1380FEF707B9002042
S214025BF0704700BFAC5800205E520020042230B529
S214025C0001F0400387B0002B054614BF0124002490
S214025C108DF80C208DF80D1004D004A910F06AFA45
S214025C2010B304ABCDE9004301210223284603AAA0
S214025C3010F086FC0446C8B10D4BB3F868100EF09F
S214025C40D0FC4FF6F7739D4209D932220221204634
S214025C50FEF73AF880F00100C0B207B030BD294620
S214025C6020460FF09DFAF5E70120F6E71920F4E743
S214025C70544C002010B5FFF731FE04F031FA0FF055
S214025C801BF9002010F02EFA12F0B4FC08B1FDF752
S214025C9029F9204C2378532B12D103232370002397
S214025CA0FF2219460120FEF763FB002012F06EF970
S214025CB010B100200EF059FDBDE810400DF02EBBCD
S214025CC0062B01D0212BF0D10120FEF7F5FA4FF674
S214025CD0FE700EF0D9FE4FF6FF700EF0F2FE0020B8
S214025CE0FEF752FA0020FEF759FAFEF7E9F900F03D
S214025CF029FB0DF016FB2378212B02D1FEF774F94F
S214025D00D3E70020FCF7DEFA00214FF400400FF044
S214025D10C3FFCAE71C58002010B50A4C0A48FCF715
S214025D20D7F92378062B02D10120FEF7C5FA23788D
S214025D30062B01D0532B03D1BDE81040FFF79ABFC4
S214025D4010BD00BF1C580020346000202DE9F0472B
S214025D50DFF8C08004460E461746FFF7BFFD98F8E8
S214025D60005015B90220BDE8F087212DFAD0284848
S214025D7012F0CAFE0028F5D114F020043946304647
S214025D80DFF894A0DFF8949005F00F051BD00CF016
S214025D900CFE012D8AF80070A9F8006029D1212393
S214025DA088F80030FFF766FF0020DCE7212388F83A
S214025DB00030FFF75FFF00214FF6FE70FEF77CFB18
S214025DC0FEF780FEF0E70CF0EFFD012D8AF800707A
S214025DD0A9F80060EAD0062321464FF6FD7088F83F
S214025DE00030FFF70BFF40F22621094812F0C4FAF2
S214025DF0E1E7532321464FF6FD7088F80030FFF79F
S214025E00FDFE40F22621024812F0B6FACCE700BFA9
S214025E10346000201C580020BF5800202861002053
S214025E20F8B50D460646511C284607F0C5FB044643
S214025E3028460EF08CFC0546023012F0D2FD154BB9
S214025E4007461B78022B02D0043B012B21D8124BAB
S214025E501B68580201D5A1061BD5620619D50F4B41
S214025E60B3F86830B34214D16B781B070DD52846B9
S214025E7010F0C7FBFCF7A4FD58B1314604F0200031
S214025E800122BDE8F840FFF761BF0EF0F1FDB8420F
S214025E90F3D0F8BD1C580020D43E0020544C0020FD
S214025EA073B504460D4612F08BFEFF28034625D036
S214025EB0134A12784AB1134A32F81020520404D513
S214025EC010F001F9002002B070BD184610F00CF96F
S214025ED06946064610F00EF940B1FCF7E7F928B11C
S214025EE0002302226946304605F0DCF8204645F0DB
S214025EF0400102B0BDE87040FFF780BE0120E2E735
S214025F00185800200452002038B505460EF01FFC33
S214025F100446284610F038FB411C89B2284607F092
S214025F204BFB42060DD563781B070FD5204610F0B3
S214025F3068FB0146002012F041FEBDE8384010F032
S214025F40C2B80348BDE83840FFF7E6BE38BD00BF1A
S214025F503460002038B54FF6FF75A842044617D0C5
S214025F600EF0A3FDA04213D04FF6FD72094B19881E
S214025F7091420DD9084A1288AA4201D0A24207D1FC
S214025F801C804FF47A71BDE83840044812F0F4B928
S214025F9038BD00BF0E6100202A610020603E00204E
S214025FA008B50448FCF794F84FF6FF72024B1A80C5
S214025FB008BD00BF603E00200E61002037B50546D2
S214025FC00C46082369460120064AFCF7FBF815B181
S214025FD09DF806302B700CB1009B2360BDF80400C0
S214025FE003B030BD25E1010007B508238DF8060091
S214025FF0ADF80410009269460020034AFCF7E2F866
S21402600003B05DF804FB00BF25E10100024A1378E5
S2140260100BB1013B137070470D58002008B50EF007
S21402602050FD00214FF6FF72054B08461A80FEF718
S214026030DBF8BDE8084040F616400CF070BD00BF25
S2140260400E61002008B5FCF743F80A4B1B78023BAA
S214026050032B08D84FF6FE73074A108898424FF66D
S214026060FF7301D1138008BD9842FCD0BDE80840FA
S214026070FFF7D4BF1C5800200E61002010B5084B55
S2140260801B78042B0AD00EF0F3FC002104460846C7
S214026090FFF794FF231A5842584110BD0020FCE730
S2140260A01D580020F0B5002689B00546CDE90566E4
S2140260B0ADF81C6010F068FA0A2302460446294628
S2140260C0009605A812F087FD9DF815309DF814700D
S2140260D01F2B27D803A80EF054FF08220DF1160135
S2140260E003A8F3F795FE0646E0B9092F1CD1FFF781
S2140260F0C5FFB8B1144B1B78A3B1144B1A884FF6E0
S214026100FD739A420ED9124C124A23780433DBB23C
S21402611023701278013AB3EB820F03DD58B20AF00D
S214026120A2FD267009B0F0BD0A34E4B22146284624
S21402613007F042FA0EF0B8FF611C284610F047F945
S214026140FFF708FFEEE700BF816100200E61002026
S2140261500D5800206C61002038B5134B1B78033BAA
S214026160012B20D9114B4FF6FF711B78ABB1104DA6
S2140261702B888B4217D10EF098FC4EF6602104460F
S2140261800C4812F0F9F84FF6FE7322462B800021D7
S214026190BDE8384009200EF095BF074A13888B42A7
S2140261A01CBF0133138038BD1D58002081610020BA
S2140261B00E610020603E00200652002008B504480A
S2140261C0FBF786FFBDE8084000210846FBF734B817
S2140261D05460002010B5044661B1FF210EF058FA53
S2140261E0002120460EF05AFA0EF09BF90146204690
S2140261F00EF05AFA2146BDE810400022014812F07D
S2140262005BBC00BF665200202DE9F0410D461746E2
S21402621004460EF09CFA06782846FCF74DF9294605
S214026220804620460EF0DDF90EF022FCA84206D18A
S21402623020460121FFF7CEFF0120BDE8F081284667
S214026240B8F1000F0AD0FCF7B9F950B9144B3A4628
S2140262502046BDE8F0411978FDF736BD0FF04EFF37
S214026260F3E706F00306012E08D00EF001FC002329
S2140262702246294602F042FA0028D9D120460EF0DC
S2140262806CF9430505D52046BDE8F04100210EF025
S214026290E1BC20460FF01DFFB0FA80F04009CCE7C3
S2140262A06B61002010B586B0044610F06DF9104BF5
S2140262B00246186819790290D3F805005B7A013213
S2140262C08DF8143000238DF80C10049021460093AC
S2140262D092B2052304A812F07EFC052204A902A8A5
S2140262E0F3F796FDB0FA80F0400906B010BD00BF85
S2140262F02870040008B511480EF0E6FA104B1B7819
S214026300012B06D8FF200FF0B7FEFDF7B1FB0FF00A
S214026310D2FEFDF73BF801F091FCFFF7F9FA10F018
S214026320ABFA07F0F1FDFDF749FD07F03DFB0CF077
S2140263303EFBBDE8084002F0D3BC00BF1C4D002067
S214026340DA57002008B5F0F74BFDFF2803D0094BBB
S2140263501B78012B06D900200FF08EFEFDF788FB76
S2140263600FF0A9FEFDF712F801F068FCBDE8084040
S21402637002F0B6BCDA570020064B1878112806D071
S21402638000F0FD00A0F14103584258417047012039
S214026390704700BF1C5800202DE9F8430446FDF75D
S2140263A00FFB18B100263046BDE8F8834FF6FF789B
S2140263B0184BB3F868104145F4D020460EF011F998
S2140263C0154B022120461A88FDF77EFC0646002859
S2140263D0E8D020460EF0BBF990F807900546043048
S2140263E012F0FFFA07460EF043FB494602463846CD
S2140263F0FDF7FEFAA81C12F0F4FA404502D1204638
S214026400FFF7BAFB2B789B07CDD101212046FFF779
S214026410E1FEC8E7544C002064520020F8B5074657
S2140264200EF095F90546043012F0DBFA0646A81C73
S21402643012F0D7FA0446304612F0C2FB3046FCF79A
S2140264403BF82B789B0701D10EF012FBAB790BB908
S2140264500320F8BD0EF00CFBA0420CD10EF008FB98
S2140264600446094B214638461A78FFF7CDFE002827
S214026470EED00020EDE7054B1B78052B1CBF044B26
S214026480B3F86840EDE700BF645200201D580020B4
S214026490544C00202DE9F041064610460D4610F0F9
S2140264A073F8A0F11004E7B256FA84F42146EA1B08
S2140264B004F10E00F3F704FB2823DFF84480F355BB
S2140264C098F80030637301F0CDFB611C0246012090
S2140264D00CF03CFF08220949601DF3F7F1FA98F820
S2140264E000000FF035FC05F10E0130463B46002257
S2140264F0C9B201F069FC1220BDE8F0819F58002065
S214026500175800202DE9F04F87B004460EF01FF909
S214026510064620460EF07EF80746301D12F061FA57
S2140265208146B01C12F05DFA384696F807A012F0C3
S21402653050FB33789A075FD12146042001F04CFDC8
S214026540002859D0204610F01FF80146204607F0D2
S21402655033F8830750D1204610F016F8014620463D
S21402656007F02AF810F00303039345D12046FFF7FD
S21402657099FE002840D0204610F0DCF8451C204644
S21402658011F02AFEEDB205F10A0B83455DDA304AB8
S21402659004AB1068516803C3691C204607F00CF868
S2140265A029468046204607F007F800EB08205946A1
S2140265B01FFA80F8204606F0FFFF8346039B21461B
S2140265C0AA1C009304A8082312F005FB20460EF02E
S2140265D021F85A4641460CF0ABFE0122404604A979
S2140265E00EF0ECFE88BB022007F032FC013003D12D
S2140265F0404604A9F0F7BCFC0EF03AFA48453A4683
S214026600514607D10EF03CFCF8B907B0BDE8F04F92
S2140266100EF088BE48460EF033FCB0B90D4B1B7820
S2140266201BB9394648460EF093FD3A46514648464F
S214026630FDF7DEF948B1317811F0030105D12046A5
S21402664007B0BDE8F04FFFF7C5BD07B0BDE8F08F55
S21402665046AF03001358002038B5114D2B78023B85
S214026660012B18D80CF066FE0446B0B9FFF7A2F864
S2140266702B78032B07D12346FF2221460120FDF764
S21402668077FE012038BD21462046FAF7D5FD0038B0
S21402669018BF0120F6E71720F4E70220F2E700BF52
S2140266A01C5800202DE9F74305460E4614460DF009
S2140266B05EFF0C2828464AD10EF049F8092200212E
S2140266C011F0AEFC00F11001C9B2284606F074FFC4
S2140266D0042813D07C282BD0012840F0AC8046B981
S2140266E0132128460FF073FE03B0BDE8F0430EF008
S2140266F0E8B903B0BDE8F043FDF7DCBC5B4B1B78A2
S214026700022B40F0988046B9FFF7FAF8C3070AD57D
S214026710FFF792F8002C08BF3F26304603B0BDE8CC
S214026720F0430CF060B9FFF7CFF80028F0D0F1E79D
S214026730284611F051FD0446284611F031FD024666
S2140267403046E1B203B0BDE8F0430CF04AB90DF0B2
S214026750FEFF8046043012F044F9074608F10200B4
S21402676012F03FF94FF6F773984204460CD8404AA7
S214026770138801339BB213800BB93E4A13801EB1B5
S2140267803C4A13880133138098F8009009F00309F5
S214026790B9F1010F1DD128460FF0F6FE0146284634
S2140267A006F00AFF0B2809D00D2807D0042842D18C
S2140267B0284603B0BDE8F043FFF7A6BB2E4B1B7876
S2140267C0042B38D10021084603B0BDE8F043FAF79F
S2140267D033BDB9F1000F2ED13146284603F05EFDD7
S2140267E04EB34FF6F7739C4225D898F801602046C0
S2140267F016F0040622D10FF04FFC054620467DB166
S2140268000FF07CFC034600BB0C2200902146384663
S2140268100EF06CFE0C22002339462046009308E058
S2140268200FF06CFC0346C8B9144A00901278214651
S21402683038460EF05BFE03B0BDE8F0830FF05EFC58
S214026840034678B90B220090F1E70622334621462A
S214026850384600960EF04AFE0622DCE72B460095E6
S2140268600622E4E74B46CDF80090F9E71C580020D4
S2140268700E5200200C5200201D580020A26100205B
S2140268802DE9F04F05888BB0044628460DF05FFFD1
S2140268900746043012F0A5F88146B81C12F0A1F89B
S2140268A005A9804628460FF0B9FE28460FF06CFE72
S2140268B001460646284606F07FFE3B78824603F0EF
S2140268C00303012B0CBF83464FF0FF0B11F09AFF18
S2140268D0E388019002930EF0CBF8FB7900904846CD
S2140268E0039300F081FF002876D1404600F07CFF3B
S2140268F0002840F08880FDF72BFB8046FBF7CEFD94
S21402690010B9FFF739FD30B1A8F104085FFA88F82C
S214026910B8F1020F1BD90BF0FD03042B00F0B38075
S214026920FFF72AFD20B10AF0030ABAF1010F0ED0D2
S214026930FBF70EFD28B9714B1B7803F00F03062BED
S21402694068D16F4B2846B3F868100DF04AFEBBF1CB
S214026950010F63D128460DF02EFE4FF6FF739842C4
S21402696040F0918000233146284607AA0FF09CFB90
S2140269700746002842D042799DF82530934209D92D
S214026980711D284689B206F02BFEA37823F00F036A
S2140269900233A3700CF004F87E23B0FBF3F202FB82
S2140269A0130303F58073A3809DF8263013F0180FA7
S2140269B00AD0A3781B0707D1009B4B4504D0484654
S2140269C07A7905A90CF021F89DF82700003818BF3F
S2140269D001200BB0BDE8F08F28460DF0B8FE02305D
S2140269E011F0FFFF4FF6F773984207D9039B2BB9B6
S2140269F02846FFF757FC00287FF477AFA37823F0EA
S214026A000F03A37008E0404612F0E3F800287FF474
S214026A1072AFF3E72823A3800020DAE7BBF1020F68
S214026A2054D10123314607AA28460FF03DFB804683
S214026A300EF01EF8BDF8223098421FD1B8F1000FB2
S214026A40DCD00122B8F80230314628460FF02AFB85
S214026A502C4A13780133DBB2FB711370B8F802309C
S214026A60BDF81E209A421FBFA37823F00F030233FD
S214026A70A3704FF4C873A3800120AAE7184612F049
S214026A80A8F80028DAD128460DF095FD12F041F854
S214026A90012808BF1C4BA27809BF1B78FA2303EB18
S214026AA0830303EB830302BF9B00FA339BB21209F4
S214026AB0A4D1DDE90121521A92B293429ED30BF081
S214026AC06FFF00F01F001030A080D5E7BBF1030F68
S214026AD0D9D1009B4B45D6D1711C284689B206F007
S214026AE06BFD0C28CFD1FCF7FFFD4FF6FF739842E3
S214026AF00146C8D028460DF074FDC4E71C58002095
S214026B00544C00201A5800207A6100202DE9F041EA
S214026B1005460C460DF02BFD082802D10120BDE8E3
S214026B20F081201D11F05DFF0646284694F8078086
S214026B300DF070FD074628460DF00FFD010612D532
S214026B40184B1B78042B0ED1174B1B78022B0AD13D
S214026B50164BB3F868204FF6FF739A4203D0002113
S214026B600846FAF769FB124B1B78002BD6D1A01CFD
S214026B7011F037FF4FF6F773984202D86378DA07B8
S214026B800DD523789B070AD13A46414630460EF089
S214026B9077F980F00100C0B200F00100BFE70120E3
S214026BA0FAE700BF1D5800201C580020544C002055
S214026BB0C45800202DE9F04F9DB004460DF0D7FCD6
S214026BC0054620460DF0D3FC082869D14FF4004351
S214026BD02046ADF85030ADF85C4011F0FDFABDF835
S214026BE05C20A0F11005EDB210461023002100959E
S214026BF00FF0DAFB294617A80FF0AEFB204611F07D
S214026C00CFFA0AF046F8002321461A460C200093D3
S214026C1009F04AFE98B3204611F0C2FA14A90246B9
S214026C201020FBF779FF0501204611F0B9FA14A9E6
S214026C3002464020EDB2FBF76FFF10B120460BF084
S214026C40B8FE204611F0ACFA14A902468020FBF7E3
S214026C5063FFB8B99DB1102517A805F067FF204657
S214026C60BDF8507011F0B8FA0646204611F098FAB0
S214026C7029460090F3B2384617AA0BF030FF1DB033
S214026C80BDE8F08FBDF8503017A8ADF85E40ADF8FD
S214026C905C300CF047FB0028DCD145F08005DBE7D2
S214026CA020460DF0A4FCB0F5006F40F005812046AA
S214026CB00DF0B0FC0646042D40F0018120460DF092
S214026CC04CFC80F40060C0F3C02000223146400035
S214026CD011F04EFE944B1A78022A0DD0FFF74CFBA9
S214026CE050B902F0FD03312B06D0043A012A03D92B
S214026CF08E4B1B78002BC2D02146022001F06CF985
S214026D0005900028BBD02046ADF846400DF01FFD8A
S214026D100446BDF846000DF07DFC0646201D11F027
S214026D2060FEA31C83461846039311F05AFE12A96E
S214026D300746BDF846000FF071FC63780690BDF872
S214026D40460094F8008008930FF01EFC6378054610
S214026D5008F0030830460C93FBF7AEFBB8F1010FC0
S214026D600CBF032302230E93714B08BF4FF00B098F
S214026D701E80237818BF4FF00A0903F03C03082B45
S214026D800D907FF47CAFBDF8460011F025FAA842BC
S214026D907FF675AFB8F1010F03D023789B077FF417
S214026DA06EAF644BB3F86830B3420DD1624A634BA0
S214026DB0B2F9001093F90030002900F0A58001EB2B
S214026DC00313A3EB211313804FF0010AA5F110035E
S214026DD0DBB20A938DF8453010224846BDF84610BD
S214026DE0CDF800A00DF1450309F05EFD00283FF442
S214026DF046AF089B13F00203099300F00981504B3B
S214026E001B78002B3FF43BAFBDF8469048460FF088
S214026E10BBFB002307904846CDE917331993ADF81C
S214026E2068300DF0F7FB079B039003F10E0148460E
S214026E3089B20FF07CFB002870D000234946079ADF
S214026E40009317A80E2311F0C6FE50460DF15D0101
S214026E500CF08AFA9DF869300B9004939DF85C302A
S214026E60282B5BD10DF16100FBF7AAFD0F900028DD
S214026E7054D104980EF06CFF0F9B002866D1314B5C
S214026E80049A1B78D31A1C0648D404F059F95045C4
S214026E903CD111F0BCFC2C4E0546346824B104F0FB
S214026EA055F92C1B844239D30023FF221946184673
S214026EB0FDF75EFA356031E04FF6FD76FBE64FF6FB
S214026EC0FF70301A18BF012000223146400011F030
S214026ED04FFD0C2D0DD12146012001F07DF8002832
S214026EE03FF4CDAE214600201DB0BDE8F04FFDF7C1
S214026EF0D3BF2DB920461DB0BDE8F04FFEF79CBAB1
S214026F00042D7FF4BCAEE5E61B025CE704F018F93C
S214026F10022803D104F0F6F80028BAD0002219207D
S214026F20039911F025FDAAE61C580020C45800203B
S214026F3082520020544C002056520020C158002095
S214026F401858002017580020644D0020102148468B
S214026F50079ACDF800A00EF04BFD0028DED0BB4B02
S214026F60049A1B78934240F0AA8003990DF16102BD
S214026F7014A811F0D1FA012114A8FBF7F5FA8246FB
S214026F8048F2030114A8FBF763FBBAF1000F03D023
S214026F90082114A80CF08BF948460FF013FB03994E
S214026FA00DF16100FCF72AFCFE288246B6D0FF28C7
S214026FB00AD1039811F0F3FDFF28824600F087807D
S214026FC00DF16101FCF7F4FAA04B049A1B78934288
S214026FD000F0A38050460B99FCF7F6FB00283FF41E
S214026FE04EAE50460B99FCF701FC237898070FD15A
S214026FF048460FF0C9FA0146484606F0DDFA00F0A8
S2140270000300012804D103980DF16101EFF7B0FFE8
S214027010BDF846000DF0A1FA010440F18580204635
S21402702011F0DFFC40F4007189B2204611F0DBFC5F
S21402703000224FF40041BDF846000DF07FFADDF85D
S2140270401490012310220093BDF846100E980DF1FD
S214027050450309F029FC00283FF411AE032866D147
S214027060204611F0BEFC40F4007189B2204611F0B1
S214027070BAFC304611F0ADFD002840F0B680DDF8CF
S2140270801490B8F1010F40F0B6800320BDF8461008
S21402709000F0A2FF002840F0AE802946BDF8460068
S2140270A006F08AFA0F2801467FF6E9AD4FF6F77327
S2140270B09F423FF6E4AD30460EF0B7F8DFE55046A5
S2140270C0049903F085FA00287FF44FAF26E7237869
S2140270D003F00303012B08D148460FF055FA014688
S2140270E0484606F069FA082892D0594B1A78594B46
S2140270F01B789A4209D20DF161010398FCF70CFA4B
S214027100039811F04CFD82465EE7A01C11F069FC64
S2140271104FF6F7739842EED900E75046FCF7CEFBDF
S21402712000283FF457AF5CE74FF0000989E7304686
S21402713011F04FFD0028A4D0099B002B57D1B9F1BE
S214027140000F52D1B8F1010FBDF846009DD0294676
S21402715006F032FA8246DFF8089199F80030002BE2
S21402716054D00DF085FC87427FF489ADB8F1010F4B
S2140271707ED1BAF1070F75D8BAF1050F7FF67FAD4B
S214027180354B1B78022B02D0043B012B03D899F80F
S2140271900030002B41D00C9B9A0640F1B4800D9B28
S2140271A0002B40F0AC80304611F00AFDFF2840F07C
S2140271B0A6805E457FF463AD069B002B00F09D80A3
S2140271C012AB46F204020124ADF85C20019321467C
S2140271D002233046009417AA0FF0B2F900283FF4B3
S2140271E04EAD21460DF036FD49E5DDF814903046E9
S2140271F00EF06CFF45E72946BDF8460006F0DCF9BE
S214027200099B824613B9B9F1000FA4D0124B1B7822
S214027210022B02D0043B012BBDD8304600F0E4FA24
S214027220814600287FF42BAD0DF022FC864225D144
S2140272300A4BB3F868400DF01BFC4B4601460D2284
S2140272402046CDF800900EF051F918E517580020A8
S214027250165800207B6100201C580020544C002049
S21402726018580020AAF10E03DBB2012B88D906E5D6
S2140272700AF00303012B7FF402AD81E7304611F0DA
S214027280A8FC58B90DF011FC4FF6FF73984205D0D2
S21402729011F0B0F910B93046FCF7E4F8304611F0B8
S2140272A098FC88B10DF001FC4FF6FF7398420BD0A4
S2140272B011F0A0F940B9B8F1010F02D1BAF1060FE8
S2140272C002D030460EF001FF069BA3B919460122F2
S2140272D058460EF073F8814600287FF4D0AC20465C
S2140272E00FF08FF94A46014638460EF067F8002836
S2140272F03FF451AFC3E412A9E9E7069B61E763785E
S21402730023F0200363704FF6FC739F423FF4B7AC42
S2140273104FF6FD739F4204D1B34B1B78042B3FF408
S214027320AEACA3790BB1013BA37163785B0727D59B
S2140273300023584617AA14A917930EF0A7FE17980B
S214027340F0B10EF09CFE8146384611F039FC179AD1
S2140273500146137903F03000102806D003F00C0023
S21402736008281CBF23F00C031371137903F03303B0
S214027370202B05D1FF2903D0012248460EF08EFEAF
S214027380304611F01DFCFF281EBF0022974B43F823
S2140273902020089B03F001094FF6F7739F4200F284
S2140273A0F980B9F1000F40F00181314658460DF0E0
S2140273B0CFFE0DF05DFB874200F0C680384611F026
S2140273C008FC002841D0B8F1010F27D1BAF1010F0D
S2140273D017D14A462946BDF846000EF062FE3846E8
S2140273E011F0F7FB824B1B78002B72D1584611F036
S2140273F0F0FB002866D1384611F0EBFB002861D17D
S2140274003DE4384611F0E5FB50B3BAF1030F27D13D
S2140274102946BDF846000EF0A1F830E4384611F0D1
S214027420D8FB38460EF06AFE002847D000233946BD
S2140274305846BDF8462001F061F900283ED00021EA
S214027440BDF84600FEF7C6FE19E4384611F0C1FB49
S21402745018B1B8F1010FD8D0E3E7B8F1010FE0D1C7
S214027460634B1B78002BC1D0BAF1050F31D10DF05A
S214027470FFFA8DF85C000DF0FBFA000A8DF85D004D
S2140274800123022217A90DF14600FAF775FD00281E
S2140274907FF4F5AB691C89B2BDF8460006F07AF8AF
S2140274A00378013303706378590715D40DF0E0FAB8
S2140274B0834522D0002239461C2032E54C4B1B78ED
S2140274C0002B93D0B8F1010FCED063785A0714D5AB
S2140274D002E06378580718D5BDF8464020460FF0FC
S2140274E015F8411C89B2204606F054F80378B8F124
S2140274F0010F03F1FF33037004D0BDF84600FEF718
S2140275008DFF09E0BAF1050FD0D0BDF84600FEF7B0
S21402751085FFBAF1030FCDD00228CBD10021584601
S21402752017AA0EF0B6FD30B10379468003F03C038D
S21402753043F04003037100232E4A0093394658460F
S21402754012780DF0D3FFB5E7B8F1010F7FF477AFED
S2140275500AF1FF330C2B00F2868001A252F823F0C8
S214027560C1750200C175020011740200D7750200CF
S214027570F97502007F6C02001D7602002D7602006D
S21402758039760200397602007F6C02004F760200DE
S2140275905B760200B8F1010F71D0B9F1000F08D185
S2140275A0BDF84600FEF7AEFFFFF769BBB8F1010F64
S2140275B0CED0237A03F00303012B7FF460ABEFE710
S2140275C0AAF102035A422946BDF846005A410EF075
S2140275D068FDFFF754BB2A465846BDF84610FEF72C
S2140275E01FFCFFF74CBB00BF1D5800201C3D0020AF
S2140275F07F610020A2610020691CBDF8460089B2A6
S21402760005F0DAFF0235EDB20246BDF846305846BE
S214027610009512A906F0D4FDFFF731BB01200A9AA5
S214027620BDF84610FDF71AFBFFF729BBBDF846006A
S2140276300EF03DFDFFF723BBBDF84600FEF732FD18
S214027640FFF71DBBBDF84600FEF72CFDA8E7BDF808
S2140276504600FEF70BFAFFF712BBBDF846000BF02A
S2140276605BFEFFF70CBB2B4622465046BDF8461083
S2140276700BF028FE00287FF402AB51461BE50AF108
S214027680FF330C2B3FF6FBAA01A252F823F000BFF1
S214027690C1750200C175020011740200D77502009E
S2140276A0F97502007F6C02001D7602002D7602003C
S2140276B045760200457602007F6C02004F76020095
S2140276C05B76020010B5002111480DF0A4F80446BE
S2140276D0E8B10CF0C8FF0F4B187020460CF0C8FF3C
S2140276E00D4B187020460CF0C9FF0C4B1870204644
S2140276F00CF0C9FF0A4B1860012011F08CF82046E6
S214027700FFF758FABDE81040002011F084B810BD0B
S21402771034520020C2580020C1580020C058002011
S2140277205C4D002070B5144E044633680D46BBB15E
S2140277300CF01DFF0C2813D120460DF008F8092284
S2140277400021044610F06CFC235C042B08D10B4C81
S21402775025B10B4B22781B789A4203D30023237061
S214027760002070BD0748316810F006FE237801201D
S21402777001332370F5E700BF604D0020C358002098
S214027780A161002054600020014B93F9010070476C
S21402779056520020014BB3F868007047544C002044
S2140277A070B500240D4D2C70EFF7F4F9E6B2B04236
S2140277B008D800220A4B1A700A4B198801B11A809F
S2140277C0012070BD304611F001FAC30748BF2B787E
S2140277D004F1010444BF01332B70E5E7155800207D
S2140277E00E5800200852002038B50B4B05461B7871
S2140277F073B101335C08094B188810F0D1FC0023E2
S21402780030F81320AA4205D00133DAB2A242F7D3E7
S214027810002038BD0120FCE70E5800200852002048
S21402782030B5054685B008460C4611F0CBF9FF2860
S2140278300CD00DF078FD012200210346CDE901129D
S214027840009221462A460720FCF7F6FB284611F04E
S214027850B7F9FF2804460FD011F0B8F9C2070DD5C4
S214027860204611F0B3F9830708D40B4A32F81430D5
S21402787043F4806322F8143005B030BD0DF053FD9A
S214027880012200210346CDE90112009207202A4672
S214027890FCF7D2FBF0E700BF045200204FF6FA7264
S2140278A0431E9BB2934270B504462AD8FFF79CFF4C
S2140278B038BB194B1B78042B23D0204611F06FF9E6
S2140278C0FF2801D0FBF7FEFC20460EF0DAFB08B1DB
S2140278D00EF0D1FB2046114E03F0ACFE20460BF014
S2140278E092F831780E4D69B1288810F059FC054699
S2140278F001461E220230F2F7E3F82C8033781E2B64
S21402790007D970BD202010F0BFFC28800028EBD1DC
S214027910F7E702333370F4E71D5800200E580020B4
S21402792008520020044A13782BB1013BDBB21370D5
S2140279300BB9024A138070470E58002008520020E6
S2140279400148FAF7D5B800BF085200202DE9F047E3
S214027950804617460D468CB061B903AE00211B481F
S21402796011F0A4F84FF000090446DFF860A01CB935
S21402797020461DE00E46F1E700222146242330462B
S214027980CDF8009011F027F9082241463046F2F76A
S2140279903FFAA8B9337C9BB96FB945B92A46214646
S2140279A00A480CF057FF0A4A1388013B138001204D
S2140279B00CB0BDE8F0873B88B28953405B06ECD535
S2140279C02146504611F096F80446D0E76A52002047
S2140279D068520020024B1888003818BF01207047F2
S2140279E0685200202DE9F04330488DB0FAF770FB5C
S2140279F010F00DFF2E4D2B68C41A4FF47A73B4FBA9
S214027A00F3F4A4B214B110F002FF2860294F4FF627
S214027A10FF763B88DFF8A080ADF80A3000233B8073
S214027A2000210DF10A000CF0F6FE054658B9224B6D
S214027A301B882BB14FF47A711C48714310F09CFCE2
S214027A400DB0BDE8F0834FF0000924234A462946CC
S214027A50CDF8009003A811F0BEF8BDF81A30A34284
S214027A6094BFDB1A1B1B9BB2ADF81A3063B9BDF884
S214027A7018301B0602D508980BF032FAB8F8003018
S214027A80013BA8F80030CBE79E4228BF1E460123E2
S214027A904A462946009303A8242311F09CF84A4636
S214027AA02946384611F008F8BAE700BF003E002023
S214027AB0684D00206A52002068520020F0B5044645
S214027AC02E4A8DB01068516801AB03C3A378012B10
S214027AD04FD1162200210DF11A00F2F747F9D4F819
S214027AE02110D4F81D0003AB03C32388190644BF34
S214027AF062680892DA050BD5221D08AE04F1140757
S214027B00354610685168083203C5BA422E46F7D188
S214027B10ADF8183013F0040318BFA3690593EFF706
S214027B2051F80023ADF81A00082201A903A88DF81F
S214027B301C30F2F76DF918B106A903A80DF08EFEF7
S214027B400022242103A80CF01DFE044698B1002052
S214027B50FFF748FF00222146094810F0ADFF094A08
S214027B600020138801331380FFF73CFF00200DB07E
S214027B70F0BD0220FBE71920F9E700BF46AF03007D
S214027B806A52002068520020F7B5044600200E46CE
S214027B90FFF728FF104B1B88A34202D8212003B010
S214027BA0F0BD00210D4810F081FF002501460B4F65
S214027BB00029F3D0A54208D10024242322463046C9
S214027BC0009411F008F82046E9E7384610F092FFD4
S214027BD001350146ECE700BF685200206A520020D9
S214027BE00148F9F785BF00BF6A520020014B18888A
S214027BF0704700BF6852002070B50C4611460E4A08
S214027C0023781278064613F0200542EA0302227011
S214027C1018BF611D0822F1F753FF002D0CBF052087
S214027C200D20D4F80130B3602378337303F01803C1
S214027C30082B08BF013070BD18580020042307B572
S214027C4001200DEB0301054AFAF7BCFA019B044A30
S214027C501B03136003B05DF804FB00BF63E511006D
S214027C60C43E002010B5064C2368C3F30B0313B9B9
S214027C700448E3F7BDFE2068431C236010BD00BF26
S214027C80C43E002063E51100014B1868704700BF30
S214027C90C43E002007B50020054B064A18600423A0
S214027CA00DEB03010190FAF78DFA03B05DF804FBC1
S214027CB0C43E002063E511007FB511230A4A012065
S214027CC001A9FAF77FFA094B9DF814201A70084B9F
S214027CD01B780BB1052B05D10AF061FE012007B017
S214027CE05DF804FB0020FAE779EB01001758002044
S214027CF0185800202DE9F04F0646CBB0884600887B
S214027D000121174610F084FA2E4B3A463188ADF818
S214027D10160006A80DF041FE0DF1280B5A46414604
S214027D20C41930880DF0C3FDE4B208EB0003A34289
S214027D3008BF044605464FF004091CBFA4EB08041E
S214027D40E4B223465A460121CDE900090BEB050AA7
S214027D50CDF808B02D1B06A8EFF764FBEDB20BEBCF
S214027D6004030093019523465A46414630880DF097
S214027D70CCFD34883946204605F01EFC394600F014
S214027D80F802204605F02CFC0121308810F040FA5B
S214027D9001234A46514680B10DF11600FAF7ECF877
S214027DA001210446BDF81620308810F045FAB4FAD0
S214027DB084F040094BB0BDE8F08F3046FAF7DCF8A5
S214027DC00446F4E79F5800202DE9F04FC9B0044658
S214027DD088469246C118224A04A81F46FFF70CFF9F
S214027DE04FF00409C519EDB208AB0293A5EB0A0BD6
S214027DF0A8EB0A035FFA8BFBA8EB0506DBB2F6B22A
S214027E0004EB0A02009301215B46CDF8049004A815
S214027E10EFF708FB06F590730DEB03025A44A2F542
S214027E208072136808A844F80830E35D324623F0EF
S214027E300703E3552C442146F2F736F908ABCDE9A1
S214027E40019308AA00230121009604A8EFF7EAFA94
S214027E503246204608A9F2F727F949B0BDE8F08F66
S214027E609F580020F8B506460EF064FC811C0546B5
S214027E7089B230460EF05BFBF0B1EDB129463046D2
S214027E8005F09AFB1228074616D80C4B691C1C5C98
S214027E9089B2304605F090FB2C44052FE4B205D19A
S214027EA0052809D8064B1B5C1C44E4B22146304622
S214027EB0BDE8F8400EF03BBB0020F8BD6A70040037
S214027EC064700400F8B505460EF05EFB04462846CC
S214027ED00CF03DFCA11C074689B228460EF027FB93
S214027EE000283ED0002C3CD02146284605F064FBF4
S214027EF00646611C284689B205F05EFB0F2E30D876
S214027F00194B9B5DE118731E89B2092B0ED8DFE868
S214027F1003F009050D0D120D0D181E1EC40644BFF2
S214027F20083189B2820601D5083189B22846BDE8F1
S214027F30F8400EF0FCBA7B78DB0612D501EB400166
S214027F40F3E700F01F0000EB40000144EDE71F28B6
S214027F5005D8092E0ABF4000022080B2F5E7C828DD
S214027F60E4D00020F8BD00BF7D700400F8B50646D8
S214027F700CF0EDFB09220021054610F051F800F145
S214027F801004284610F02DFDE4B20746214630467E
S214027F9005F012FB0546304610F01EF9BA05A0EBB6
S214027FA00403DBB20AD47C2D0AD0082D0AD8064A6E
S214027FB0505D98428CBF00200120F8BD1220F8E7E1
S214027FC00320F6E7FF20F4E78E700400014B1878D2
S214027FD0704700BFA361002038B5114B04461B78DA
S214027FE008469BB9012038BDA24205F101050FD112
S214027FF003EBC1035B6898470028F3D11E20224694
S2140280004FF6FF7110F0B4FC0020ECE70025054B9C
S214028010E9B213F83120002AE6D11446EEE700BF93
S214028020A3610020347004004FF6FF7307B50222E6
S2140280300DF106010348ADF80630E3F715FD03B06F
S2140280405DF804FB603202E0002307B5ADF80430A9
S214028050134B984221D10B88DA0703D5232003B0AD
S2140280605DF804FB9B0748BF4FF47F434FF00202C4
S2140280700C480DF1060148BFADF80430E3F7C8FC22
S2140280804FF6FF73BDF806209A42E7D10222054852
S21402809001A9E3F7E9FC0020E1E72120DFE700BFC2
S2140280A01FD1BACA603202E0002313B5022203804F
S2140280B004460DF106010F48E3F7AAFC2D2801D06D
S2140280C0112805D14FF6FF73ADF80630FFF7ACFF67
S2140280D09DF80630BDF806201BB1238843F0010345
S2140280E023800020FF2A82BF238843F002032380D6
S2140280F002B010BD603202E0034B1B78002B14BFA7
S214028100442056200E307047185800202DE9F04FB4
S2140281108DB0179C06468946CDE90223BDF85870F5
S214028120D588ADF816103CB9EC0605D500970AF0CE
S2140281306AFD0DB0BDE8F08FC5F380242B054FEA2B
S214028140043448BF44F40064A80511D544F0800402
S2140281500A2E00F26981DFE816F09A002F00170057
S214028160370067016701370010009A0037009E004B
S214028170E90548BF44F04004EAE74FF001084FF033
S214028180020B4FF0000A14E008A95FFA89F00DF01E
S21402819040FEDDF82500DDF8291006AB03C3A44B2C
S2140281A033F81930ADF816304FF00008C3460DF11B
S2140281B0180A002F5DD125E006AA0DF116015FFA16
S2140281C089F003F017FAEFE74FF6F773994540F296
S2140281D02B8115F4026F40F02781964B1B78022BF9
S2140281E003D0043B012B00F2218147BB032E4FF044
S2140281F001080CBF4FF00C0B4FF0080BBA4624F4E4
S214028200C074A4B28C4B18884FF6FF73984206D0FF
S2140282108A49FAF767FB10B124F48054A4B2039B90
S21402822038460093BDF81620534644F4027105F012
S214028230EBF9ADF82000002838D1192079E7384646
S2140282400FF0CAFF0246FFF757FF032E08BF01389A
S214028250824201DD38206CE7032E4FF001080CBF86
S2140282604FF00C0B4FF0080B4FF0000A24F4C074CA
S214028270A4B2029B1B889BB91A4639460620009375
S21402828008F035FB0028BDD140F6014051E74FF01B
S2140282900008C34675E74FF001084FF0030B70E77E
S2140282A0002339461A4607200093E9E74FF6FF7384
S2140282B0614A118899421CD00CF049FA03465E4A7C
S2140282C004301188039310F08EFB5D49039B0978F6
S2140282D014F4805FD9715949574A1FBF08689860DD
S2140282E04868D8604FF6FF7313804FF0FF330B6079
S2140282F04B605946029A08A805F03AFA00289CD024
S214028300504C2378002B3CD1A7B138460FF064FFBF
S2140283100746BDF820000FF05FFF23780744002BC6
S21402832014BF12220022EB1003F0040317443B444E
S214028330842B8FDC15F400570AD0BDF82040204667
S2140283400CF00BF940F4806189B220460CF0F0F88C
S214028350A6F10803012B05D801221021BDF8200042
S2140283600CF0ECF8179BBDF8204043B32046BDF84E
S21402837016100CF036F9BDF82030179A002013803C
S214028380D7E6AA06C0D56B0103F020030A2E14BF57
S21402839043F0010363F07E03DBB2B8F1000F08D0AE
S2140283A000215246009108A800F082FE0028ABD0B9
S2140283B0BFE61A46514608A80DF01AFCF6E7204614
S2140283C00EF0E2F8179B024621460420009308F0BE
S2140283D08EFA00283FF458AF0A2E18D84FF4D96305
S2140283E0F340DB0713D5072E0AD00A2E08D0BDF8B5
S2140283F020000CF0BDFE80F00100C0B2800098E6BE
S21402840008A80AF06CFF0028F1D0042091E617B104
S21402841025F04005ADB22B463146BDF820005FFA86
S21402842089F201F07DFE84E6012082E6162080E6CF
S214028430385100201C5800202C610020A461002026
S214028440CF58002018580020F7B50F469DF8281080
S2140284500446DDE90B061D46F1B94FF6FF739C4252
S2140284601CBF174B1C804FF000041CBF154B1A7024
S214028470BDF8240005F012FA00232A46CDE900438F
S214028480394606209DF82030FFF740FE10B90EB19F
S214028490AB7A337003B0F0BD78B14FF6FF739C42EF
S2140284A01FBF074B1C80074B1A7000220CF06AF99C
S2140284B004460028DCD11920ECE72120EAE700BFB9
S2140284C02C610020CF5800202DE9F04788469DF801
S2140284D02810074616461D469DF820A0BDF8249093
S2140284E00B9839B158B300220CF04CF9044610B977
S2140284F0192025E00C464FF6FF739D421FBF114B15
S2140285001D80114B83F800A04FF6F7739E4208D8E1
S2140285100E4B4FF6FD761A784FF6FF73002A18BFF9
S2140285201E46484605F0BAF900233A46CDE9084306
S21402853031464346BDE8F0470320FFF7E7BD21205A
S214028540BDE8F0872C610020CF580020D9570020C4
S2140285502DE9F04786B09DF838600546DDE90FA89C
S2140285600C4617469946B6BB374B1B78022B1DD1D5
S21402857025BB4FF6F7739C4214D80026484605F0F2
S2140285808DF900233A46CDE900632146FF232846AB
S214028590FFF7BCFD38B9B8F1000F04D0BB7A88F8F3
S2140285A0003000E0012006B0BDE8F087043B012B56
S2140285B0DED908460AF090FE10B31DB3022D31D163
S2140285C0EEF7E2FAA042EDD9204B33F814204FF62C
S2140285D0FD739A4219E0BAF1000F32D01A4B1B789B
S2140285E0022B05D1FFF788FDB042E6D23820DAE743
S2140285F0043B012BF6D908460AF06EFE0028F1D19C
S2140286001620D0E74FF6F7739C42CBD8002EB4D094
S2140286103146002250460CF0B5F806460028ADD189
S2140286201920C0E7012DBDD104AA0DF10E01E0B25A
S21402863002F0E0FF064B1B78A342B3D9BDF80E202A
S214028640C5E72120AFE700BF1C58002038510020A4
S2140286507561002030B5104B87B005460C46186889
S214028660596803AA03C298680C4910609A88DB8886
S21402867052BA23F04003ADF812300023CDE900438E
S214028680ADF81020FF23098803AA0720ADF80E5084
S214028690FFF73CFD07B030BD765200208252002024
S2140286A038B50C461146124A124D108022682A60CE
S2140286B062686A60A268AA60E288500616D5EA88EE
S2140286C0520613D561B1002218460CF05BF801463B
S2140286D050B16088FFF7BEFF0522074B1A7038BDFF
S2140286E008460DF092FEF2E71920F5E70220F6E7BB
S2140286F08252002076520020DF5800202DE9F04FEB
S214028700074689B0104615461C468A460DF03CFFC1
S2140287100146284604F050FF064628460CF017F895
S214028720043010F05EF980460CF0A2F9804550D075
S214028730B2074ED1DFF8AC80284605A9B8F800B0DB
S2140287400EF009F89DF81930A8F8007003BBBDF8C2
S2140287501430EBB928460BF0FAFF023010F041F95C
S2140287604FF6F773984294BF4FF000094FF0010995
S21402877001230134E4B22A463846CDF8009005A912
S214028780039303F001FC039B40B901339C421ED2C3
S2140287900020A8F800B009B0BDE8F08F022CF8D18E
S2140287A0012BF6D10C4A0D4BA3F800A01378591CE6
S2140287B011700B4A7F3B16F00C01137007D1BDF8FF
S2140287C01A305B0603D5BDF81600FFF743FF0223F7
S2140287D0D1E70020DFE700BF1A5800202C610020F6
S2140287E0CF580020825200202DE9F04FABB00F4642
S2140287F0ADF81E000BF0ABFF00F1020A064650462B
S21402880010F0EFF8BDF81E40054620460DF0BCFEFF
S2140288100146204604F0D0FE814600F00308301DD3
S21402882010F0DFF8414C20800CF022F9A8422DD03F
S2140288304FF6F7739D4229D87378DA0726D428466E
S2140288400DF05CFC30B101232946BDF81E202088BD
S214028850FFF754FF0CF00CF9344B1B8883420FD100
S214028860BDF81E4020460DF08FFE0146204604F05D
S214028870A3FE10F00C0103D1BDF81E0001F00EFDA0
S21402888000222B4B1A602BB0BDE8F08F2949BDF8A9
S2140288901E000DF060FF2849BDF81E000DF0BEFE5A
S2140288A00028254B08BF0023214ABDF81E0013608E
S2140288B00BF0D9FE214B1870BDF81E000BF0D8FE47
S2140288C01F4B1870BDF81E000BF0DDFE1D4B186026
S2140288D000238DF82230002F3AD0164BDB889B06F9
S2140288E036D5194B1B689D071ED4B8F1010F14BF6D
S2140288F0082318230DF12202009200220DF11E0019
S214028900114600F0D5FB18B3B8F1010FA2D10F4BF8
S2140289101B78112B9ED10DF00AFA00289AD140F648
S2140289201D40FBF70FFB95E70823E3E78252002082
S214028930704D002076520020C7580020C2580020F2
S214028940C15800205C4D0020D43E00201C58002058
S214028950504610F046F88246BDF81E000FF03CFC6A
S214028960A0F11005EDB22A4631460AA8F1F79CFBA3
S214028970FF238DF82F304FF6F7739A4540F2DF80CB
S214028980B8F1010F00F0E780B8F1020F00F046815F
S214028990B8F1000F7FF45EAFA44DBDF81E00EB8861
S2140289A0ADF8240004930BF0D2FEBDF8246007460F
S2140289B030460DF0E9FD0146304604F0FDFD8DF827
S2140289C02300B81C7E7810F00CF807460CF050F81E
S2140289D006F00106B4F8009003906C88002E7FF42F
S2140289E039AF4FF6F77A4246494657458CBF0620BE
S2140289F008200FF0BDFFBDF824B058460DF0C4FDA8
S214028A005946024643460420CDF8008007F04CFF44
S214028A10574583460AD8B5F90620EB88002A05DBB7
S214028A20580603D541462046FFF714FEBBF1000F59
S214028A303FF410AF2B88002B5AD16B79002B57D1FD
S214028A404FF6F7730DF126019F42BDF8240094BF3E
S214028A504FF0000B4FF0010B0DF03AFADFF8D8A1F9
S214028A6000F1FF38BAF800301FFA88F10593EB8858
S214028A70BDF82600069304F09FFD069B049901901C
S214028A80009322465B460598C1F340110AF031FC7A
S214028A9000283FF4DFAE042306200093BDF826101C
S214028AA0624B5FFA88F207F0FFFE00283FF4D2AE70
S214028AB048F202036A889A4205D1BDF82410BAF831
S214028AC0000000F025FF594D09AA29460DF12300A2
S214028AD00AF00DFC034600287FF4BCAE2104BAF867
S214028AE00000BDF8242060D5234629460DF005FA7D
S214028AF09DF823304D4D03F00C030C2B75D12889BD
S214028B000DF0C6F900283FF4A5AE039B0020298984
S214028B104B4514BF0226032602F044FC444B187051
S214028B204FF6F7739F42BDF8240075D8A4F13802B9
S214028B305342534132463D4904F036F88AE6B8F1CC
S214028B40020F6BD0394BB3F90630002B26DAB8F198
S214028B50010F7FF41DAF0BF08BFF238883423FF497
S214028B6079AE0520BDF81E10FFF736FA00283FF44E
S214028B7071AE2E4AD3885B0607D50023CDE90033B3
S214028B800A20FF232188FFF7C1FA3A469DF82230D1
S214028B902188BDF81E0002F01DF85BE629460AA8E9
S214028BA000F070F80028D2D054E60221DFF88C805C
S214028BB088F800102946CDF800B003F0E5F9132C2A
S214028BC096D0EB885D0493D41A4B1B78D80703D54E
S214028BD098F80020022A8BD099077FF53BAE98F8CA
S214028BE00030012B7FF436AE82E700222B79124842
S214028BF000936B791146008802F0FCFB0C4B187050
S214028C009DF8233003F00C03082B89D1039B4B45B8
S214028C1014BF0426052683E701238BE74846BDF8E2
S214028C201E20024901F0AEFA14E600BF765200207A
S214028C30DE580020DD57002082520020D058002047
S214028C4010B5002108480BF0E6FD044650B1014677
S214028C500420FFF7C1F928B12046BDE810400121E3
S214028C60FFF7C2BD10BD00BF66520020034BFF21B6
S214028C701A7803489200F1F779B800BF76610020AF
S214028C808C3B002070B5451804464FF0FF31AC42CD
S214028C9012D1104B10481A7805460023934211DB76
S214028CA00E4C2078431CB3FBF2F602FB163345F853
S214028CB02010237000200CE014F8010BE2F728F8CD
S214028CC00146E4E750F8044BA14201D00133E5E740
S214028CD0012070BD766100208C3B0020D158002018
S214028CE0042307B501200DEB0301054AF9F76AFADA
S214028CF0019B044A1B03136003B05DF804FB00BF2C
S214028D0023E111006C4D0020014B1868704700BF2C
S214028D106C4D0020014B1868704700BF6C4D002058
S214028D2010B5064C2368C3F30B0313B90448E2F7E5
S214028D305FFE2068431C236010BD00BF6C4D002000
S214028D4023E111002DE9F04F93B003930023DDE9F0
S214028D501C79069399F8003083460DA804930E46B4
S214028D60154609F057FF99F8003013F003043ED079
S214028D70039B0DF1250A8DF824300022082138467F
S214028D800BF004FE002870D028880BF0E0FC99F85F
S214028D9000301C074CBF043002300FF022FE07A939
S214028DA08046F9F79FFB9DF824300446980633D593
S214028DB0288806F10D010DF0BAFBA8B10023009336
S214028DC0384608232988721D0FF005FF99F80030EF
S214028DD003F01803182B4AD1B8F1000F47D0A94B5D
S214028DE0B3F86830434542D040F60A4327E0288865
S214028DF0711D0DF09CFB0028F6D000940523324628
S214028E00298809A80FF0E7FE9DF824300DF1240A00
S214028E1003F018030393B0E714BB39464046F9F74C
S214028E2061FD0028D2D099F800309907DCD04023A3
S214028E302246214640460DF007F940F6094399F8C6
S214028E40002012F0030440F0F780288803930BF00A
S214028E50E1FB224601461A200FF08AFD039BEBE057
S214028E6007AB03CB38607960B0E74FF6FF780AF0BD
S214028E7023FA044620B104213846F9F74FFB04468C
S214028E801E9B002B5AD009231E990DA88DF834304C
S214028E900AF037F8209B0BB1209B0693039B002B0E
S214028EA040F08E800DA8EEF71FFB99F800309A0767
S214028EB000F09880FFF734FF5146024601200AF080
S214028EC045FA99F800309B0710D5594628880DF0C8
S214028ED008FC0BF1090350FA83F35FFA83FB594649
S214028EE028880DF0D5FB00EB0B06F6B299F8003099
S214028EF013F0C20F0AF104030DD09DF82420624934
S214028F0042F020028DF824200A68CAF804204A6833
S214028F105A600AF10C03012209A800921B1A324673
S214028F2029889BB20FF057FE324659462846FEF76E
S214028F30E1FE002800F0A48000237DE01F9B5BB1C9
S214028F409E460DF1340CBEE80F00ACE80F00DEF8CA
S214028F500030CCF800309DE7049B594603F020030E
S214028F602888049304F028FB10F0030F0CBF01239B
S214028F7000230593049B059A003B18BF012342EA8F
S214028F80430300930DAA06AB38461F9900F0FEFA7B
S214028F90049A034682B1002880D0059B0DAA00934E
S214028FA0384606AB1F9900F0F1FA034699F80020FE
S214028FB022F0200289F80020002B3FF46FAF3EE734
S214028FC0039B102B06D1BDF8363043F00103ADF8F3
S214028FD0363067E7039B182B4FD1BDF8363043F087
S214028FE00203F4E701200DF125010AF0BDF999F814
S214028FF00030824613F0040F288821D1069B1BB34B
S214029000002C35D00BF006FB0022014616200FF08E
S214029010AFFC84B17FB14FF6FF7398450BD00023A7
S2140290200DA91A4638460AF07DF8394640469DF89C
S21402903035200AF057F90123184613B0BDE8F08F21
S214029040002CDFD1104F01E0002CDBD1002332468A
S214029050009359463B460CF0CBFC00283FF4C4AEC6
S214029060002C3FF469AF069A0AF10103136063E726
S2140290701B685345C6D80124E8E740F60A43DBE7F7
S2140290801923D9E7544C00209F580020002307B527
S214029090054A0648136004220DEB02010193E2F72B
S2140290A0E3FC03B05DF804FB6C4D002023E11100E5
S2140290B02DE9F04F0446B1B000888DF82F301646E1
S2140290C08A460DF061FA0146814620880DF0E0FAE4
S2140290D000EB090820880DF02DFB00239DF82F5089
S2140290E05FFA88F815F001070790ADF8363008D118
S2140290F001460DF1360220880DF0D3F908B1ADF81D
S214029100367016B9CDE90E660EAEFEF763FC18B1E0
S21402911045F020058DF82F500023CDE90333029346
S2140291200DF12F03CDE900632246534641464846D9
S214029130FFF708FE0546002800F043819DF82F3011
S21402914013F0010746D1B44A23F020031068516891
S2140291508DF82F3010AB03C3184600F0FBF9054616
S214029160FEF744FDBBB2984200F2B7803A9B13B1B9
S21402917000233A9A1370BDF83630CBB1012120880D
S2140291800FF046F827880546002800F04F81012197
S21402919038460FF03DF8BDF83670054638460FF0F3
S2140291A01BF8002300903A46194628460DF0FCF8B4
S2140291B00023CDE9033302930DF12F03CDE90063BB
S2140291C02246534641464846FFF7BCFD0546002860
S2140291D000F0F7809DF82F3003F01103102B40F0BB
S2140291E003818E4B1B78432B40F0FE808C4B1B6812
S2140291F05B0640F1F980208808F105010DF097F929
S2140292008346002800F0F0804146208804F0D4F916
S214029210844B10F0200F08BF1E4612A800F09AF9E1
S2140292200822314612A8F0F7F3FD002800F00E815E
S214029230314612A80AF01FF8012326AE00933246E2
S214029240002314A912A800F0A1F9002840F0CC804F
S21402925012AB0DF12F07CDE9036002900093224670
S2140292605346414648460197FFF76CFD002800F03A
S214029270EF80BDF89A30102043F0080318AA14A90C
S214029280ADF89A300CF08BFA002840F0AD8012ABA5
S214029290CDE90360CDE9017000932246534641466C
S2140292A04846FFF74FFD0546002840F09D8018AB64
S2140292B04FF49071002012AA00F0D4F84FF000513B
S2140292C000200CF0E9FCBBF1000F00F08C804FF0A0
S2140292D0805100200CF0E0FC85E018AB14AA26A909
S2140292E0F8B209F074FF002840F09480082210A912
S2140292F027A8F0F78DFD8346ADB19DF8A53013F093
S214029300020F08930FD0082212A927A8F0F780FDB3
S21402931048B9089B590706D53A9B13B101233A9AD6
S2140293201370089507E03A9B002B61D1BBF1000F42
S21402933070D1002308930DF1740C14AB0FCB8CE89C
S2140293400F00BDF83630CBB1012120880EF060FF49
S214029350B4F800B000284FD0012158460EF058FF4E
S214029360BDF836208346104609920EF035FF0023DC
S2140293701946099A009058460DF016F82A4B0DF138
S214029380740B0493002303930DF12F03CDE90063BE
S2140293902246534641464846CDF808B0FFF7D2FC6F
S2140293A0002837D1002D33D012AA5B464FF48271C3
S2140293B04FF4005000F056F8089B13B126A809F0A7
S2140293C021FD174B1B689A070DD4FEF703FB50B11D
S2140293D0114A18AB1068516803C3002226A918A8C0
S2140293E00CF000FA68BB0025284631B0BDE8F08FC5
S2140293F000233A9A137099E7BDF836200A90104671
S21402940009920EF0E9FEDDE9092307990090B2E71A
S2140294102A46CAE70137A3E646AF03001C580020D7
S214029420D43E0020BE4C0020D03E0020BDF836B010
S21402943058460EF0D1FE2B4600905A4638460799FB
S214029440B4E626A918A80CF009FAC6E78346F3E69E
S21402945014AB2DE701461A230120014AF8F7B2BEE3
S21402946024E10100F0B5164691B0074609A80D465C
S2140294701C46FFF7EFFF3EB1336845F04005CDF8D6
S21402948026307368CDF82A301B4B1A6822EA070288
S21402949042EA050119604B040DD5BDF824200B0ADB
S2140294A003F4E243C9B222F4E3420B4322F07F0202
S2140294B01343ADF824301A230020104A09A9F8F7FE
S2140294C081FEB4B104A809F0A5FB02236A468DF812
S2140294D010301546234604F11006144618685968DB
S2140294E0083303C4B3422246F7D1294604A809F03A
S2140294F008FD11B0F0BD00BFD43E002024E10100FB
S21402950047F2FF10044B196841F48042014041F4CF
S21402951080411A600CF0C0BBD43E002000B589B072
S214029520FEF7CAFB01A8FFF795FF0948BDF804201D
S2140295300168130221F0FF0103F4E2030B43D2B2E7
S214029540134343F48043036009B05DF804FB00BF95
S214029550D43E002010B50C4B0446186888B083072A
S21402956006D54FF0FF3323600120636008B010BDBC
S21402957010F04000FAD001A8FFF76CFFDDF80630C5
S2140295802360DDF80A30EFE7D43E00202DE9F04FE5
S21402959099B081460C461E4617469DF88880A2B1B1
S2140295A01546284609F036FB18F0020B0FD004B910
S2140295B011AC6B4622462946484609F0E6FD0EB136
S2140295C00023336019B0BDE8F08F0CADE9E76B46B7
S2140295D02946484604AA09F0A5FD6B7808F001085A
S2140295E0FF2B25D000287AD154B104AB08AF1A4617
S2140295F003CABA4220606160134604F10804F6D139
S21402960026B16A78374B03EB82033360B8F1000F5A
S21402961001D10020D6E7BDF80030D906F9D41820CB
S2140296204FF6FF716A780FF0A3F940F60E40C9E7CD
S214029630DFF8B8A0DAF800302EB19A0756BF2A4AE9
S214029640C6F800B0326003F03003102B01D0202B96
S2140296501ED111A8FFF7FEFE082248460DF146016C
S214029660F0F7D6FB28B1DAF8003003F04403402BBB
S2140296700ED0B8F1000F0ED108A80CF011FB022391
S2140296802B70C4B9002FC4D0281DFFF763FFC0E7B4
S21402969040F60A4096E7DAF80030DB03ECD508A875
S2140296A00CF0FEFA02232B70BCB9002FB7D0281D8F
S2140296B0FFF750FFB3E7002608AB0CAF1A4603CA03
S2140296C0BA4220606160134604F10804F6D1281DF0
S2140296D0FFF740FF002E9CD0A1E70126ECE72D20E5
S2140296E070E700BFE83A0020D03E0020D43E0020BB
S2140296F049B9084B197849B14EF66023594328B147
S21402970005480EF039BE41F28831F8E70248F8F70C
S214029710DFBC00BFDB570020203E002070B586B0BD
S2140297200546F8F7C3FD10B9022006B070BD01A8C1
S214029730FFF710FF06460028F6D08DB92E4B1C68A0
S21402974014F0020406D02D4B1B78112BECD12C4BB7
S214029750B3F868404FF481630221ADF80C3023E081
S2140297602846F9F72DF90028DED1234B1C6814F0A1
S214029770020406D0214B1B78112BD5D1204BB3F80F
S21402978068400822294601A8F0F742FB0028E1D0EB
S2140297904FF4027300260A21ADF80C302B68CDF880
S2140297A00E306B68CDF81230002203A80AF0EAFFEA
S2140297B0024608B91920B8E70F4B196801F03003C2
S2140297C0102B17D0202B14BF01230323490001F0CE
S2140297D004010B432046002100F0F4FF0028E9D0E4
S2140297E000210120FFF784FF16B10122054B1A70F3
S2140297F000209AE70323E9E7D43E00201C58002005
S214029800544C0020C658002030B500251D4C85B0AB
S214029810CDE90055F8F75CFC23784BB31A491B4890
S2140298200A780078904223D90132012B0A700ED1B1
S2140298302A464FF4A071284602F0BEFAC0B2B8B962
S21402984041F2883112480EF097FD05B030BD022B6A
S21402985009D1284602A9F9F745F80028EED102A850
S214029860FFF75CFFEAE7032B02D101F065F9E5E7B3
S214029870002108462170FFF73BFF0421684609F0E5
S21402988034F9E2E7D2580020D3580020AC61002019
S214029890203E002070B5194A194D044651681068DA
S2140298A086B02E7801AB03C31EB10224204606B052
S2140298B070BDF8F745FD0228F7D103A800F0E8FDD1
S2140298C0082201A90DF10E00F0F7A2FAA0B10D4B85
S2140298D032464FF4A07130461C7002F06DFA044610
S2140298E00028E3D10123084A41F2883107482B7049
S2140298F013700EF041FDD9E72324D7E797700400D2
S214029900D2580020AC610020D3580020203E002010
S214029910F0B50C4600219BB02B4F0646492207A8FD
S2140299200691F0F723FA3B78012B34D19EBB0DF15A
S2140299300E0120460CF0CCFA0546BDF80E000EF0DD
S2140299404BFC441BE4B2BDF80E1023462A46009692
S21402995006A80FF040F9304604A9F8F7C3FFD0B9BD
S214029960CCB19DF81920B2B9BDF8233003F47E437A
S214029970B3F5285F1ED3B3F5385F0ED31349BDF88F
S2140299800E000B6843F400030B60294609F08DFCB9
S21402999018B104233B701BB0F0BD01220C4B04A887
S2140299A01A70FFF7BBFE41F288310A480EF0E4FC5B
S2140299B00223EFE711463A70FFF79AFE1E2104A82B
S2140299C009F093F8E7E700BFD2580020D43E002003
S2140299D0D3580020203E0020014B1870704700BF6D
S2140299E0D3580020014B1878704700BFD258002089
S2140299F0014B1870704700BFD25800202DE9F04F77
S214029A000446408891B00E298846ADF81A0074D0F4
S214029A1094F80890A7790AF09AFE09A90546BDF8B7
S214029A201A00E6790CF097FEBDF81A000AF095FDCA
S214029A30430542BFBDF82A3043F40053ADF82A303E
S214029A40E379D80642BFBDF82A3043F48053ADF816
S214029A502A30BDF82A30990613D5022F52D10CA906
S214029A60207A0CF0D6F9DDF83500DDF8391007ABB0
S214029A7003C307AA0021042300910DF11A00FFF781
S214029A8017FB0121BDF81A000EF0C2FB022F824618
S214029A9044D1454B33F81950B8F1000F79D0BDF8D0
S214029AA02A305A0675D54FF6FB72954271D83F4A50
S214029AB0B2F86820AA426CD0DB0502D528460CF024
S214029AC0EEFABDF82A30D80463D5002F33D1BDF89C
S214029AD01A000AF042FDC10663D548F23403BDF807
S214029AE026209A4209D1324E3078FF2805D003222A
S214029AF02946FCF72BF9FF2333700023236011B0AD
S214029B00BDE8F08F012F01BF237A2A4A03EB4303F5
S214029B1002EB830314BF00229A1CABE7012F05D188
S214029B200C2303FB09F3234AD55AB5E7A81C0EF00B
S214029B3058FF0546B0E7284601F07CFDBDF81A003E
S214029B400AF00BFDC206C8D46389504605930EF090
S214029B5043FB834650460EF023FB059B02905FFABA
S214029B608BF04A46394601900093404609AB08F00E
S214029B7054FFB8F1000F14BF0B20092016F00302A1
S214029B8018BF02F1FF32294618BFD2B20EF0F0FE1D
S214029B90A3E7BDF81A000AF0E0FCC3069DD4002F26
S214029BA0D2D1A946D0E700BF38510020544C00203D
S214029BB0B06100207850002038B500240F4B104DBD
S214029BC02A78A24205D8C2B9BDE838400D48F8F74F
S214029BD07FBA598869B9013AD2B2A2422A70EFD046
S214029BE0121B184603F110011201EFF769FF034634
S214029BF0E6E701341033E4B2E2E738BDEC3A00207F
S214029C00D65800207460002070B51A4B1A4A1D7888
S214029C100023DCB2A54200D870BD14466688013324
S214029C20864202F11002F4D1E379A588E16003F0DE
S214029C3040028DB9CAB123F00403E3710AF087FD2E
S214029C40037803F07F03037021880029E4D1BDE87E
S214029C5070400A480EF090BB00216580A180002A61
S214029C60E9D1BDE87040FFF7A7BF2046FFF7C6FE62
S214029C70F7E700BFD6580020EC3A002074600020B8
S214029C802DE9F047044686B040880F4615460AF08E
S214029C905EFDA3798046082B52D8DFE803F0052E36
S214029CA0185151515151050002300EF09AFE002D06
S214029CB04ED06946F8F716FE002841D1684601F0F4
S214029CC063FDB0FA80F0400906B0BDE8F08702A94D
S214029CD0207A0CF09EF86B466E46DDF80D00DDF835
S214029CE01110334A03C3237A32F81390314AD05CF8
S214029CF075B131460CF0B1F8E6E7237A2E4903EB4C
S214029D00430301EB830231F82390907A961CEFE727
S214029D104FF6FB7AD14515D930460CF0E8F94FF6E6
S214029D20FF739842054615D00146304601F09EFC68
S214029D30554508D9E379DA060ED440F62243E360A5
S214029D400020C1E74D46294608F102000EF04BFE00
S214029D500120B9E74D46EDE74FF6FC78454512D1AE
S214029D6003F00C030C2B1CD1DFB130464FF6FD710D
S214029D7001F07CFC40F61F412046E160FFF73EFE04
S214029D80FFF71AFFDCE74FF6FD739D4209D1002369
S214029D90304619461A4602F0DBF84146304601F0D4
S214029DA065FCE37943F00C03E37140F62343C6E710
S214029DB038510020E25700207850002073B5044640
S214029DC040880E460AF0C3FC02300EF00AFE09F086
S214029DD083FA18B1A11C201D09F083FAE6B1E579D1
S214029DE00135EDB2E57115F0400514D0ECF7C6FE6C
S214029DF00122054600212046FFF742FF18B1394BE3
S214029E001B882B449DB2384B1B78042B01BF354B65
S214029E101B885B199DB22580002231462046FFF73B
S214029E202FFF20B360880AF092FCE2792F4922F0D5
S214029E300C03E3710B7805460133DBB20B70C3717A
S214029E402B4BA61C1B780BB3E37998061ED5294923
S214029E50097871B159060CD592070AD50022042357
S214029E60114630460092FFF723F910B1E06002B0C7
S214029E7070BD00220123114630460092FFF718F902
S214029E8020B1E37943F00303E371EFE7304609F0CC
S214029E9026FA0028EAD16088FCF7C0FA0328E6D83A
S214029EA0DFE800F0020D1D19E37943F00403E371C5
S214029EB01B06DCD5104B1A78104B1A70D7E740F603
S214029EC02443E360E37943F00803E3712B7803F05D
S214029ED07F032B70CBE740F62543E360C7E740F6E7
S214029EE02643FAE7066100201D5800201A58002073
S214029EF018580020AD610020E0570020D5580020F9
S214029F002DE9F74F06460EF07DFC5F4B0546B3F88B
S214029F10009018805D4BA0EB09041B78A4B2A34204
S214029F2098BF00234FF000084FF6FF7788BF1B1B31
S214029F30564A88BFDBB21370DFF864B1A9EB0003A0
S214029F400093534B5FFA88F2197891420ED80EB1FD
S214029F50FFF732FE4FF6FF739F4200F08E803946BF
S214029F604C4803B0BDE8F04F0EF006BABBF802202C
S214029F70002A3CD0484B9BF807201878BBF800A074
S214029F80042818D00020BAF1000F08BFA2462044C9
S214029F90504523D2BBF80010009B1944ABF80010C2
S214029FA0002E4ED002F04802482A4AD100215846D6
S214029FB0FFF704FF45E00192F8F704FC30F01003C7
S214029FC0019ADFD1FBF746FC344B019AB3F800C086
S214029FD08445D7D9ACEB000080B2D4E702F00C007F
S214029FE0042807D10022ABF800200BF1100B08F171
S214029FF00108A6E7510602F0030C02F008000ED58F
S21402A00028B3BCF1030F25D1DEB1DBF80C1058469D
S21402A010002908BF4FF44261FFF7F0FC11E040B39D
S21402A020BCF1010F25D11206EED44FF4C862ABF88C
S21402A03000209BF8072022F0030242F002028BF86F
S21402A0400720BBF80020974228BF1746CDE703201B
S21402A0508445D9D213060ED50C4B1A780AEB0200A9
S21402A060844208DA4A44521B0AEB0201ABF800109B
S21402A070E7E70120ECE7012199E7064803B0BDE8CF
S21402A080F04FF8F725B800BF6C520020D5580020D4
S21402A090D6580020746000201D580020066100205B
S21402A0A0EC3A0020F8B500250A4E0B4F3378ECB296
S21402A0B0A34204D8BDE8F8400848F7F719BD07EBF5
S21402A0C00414A01CF7F714FD201DF7F711FD013547
S21402A0D0ECE700BFD6580020EC3A0020625200207F
S21402A0E070B500240B4D0C4E2B78A34208D81B1BD0
S21402A0F0DBB22B706BB9BDE870400848F7F7E8BFD3
S21402A10006EB041040F621410134FFF777FCE4B277
S21402A110EAE770BDD6580020EC3A002074600020B2
S21402A120F8B5154EDFF858E035789EF800E0134F84
S21402A130AE454FEA051C07EB051419D0002503F4BB
S21402A140835343EA1323A1712272E371608027F8D6
S21402A1500C50A58003F0A8FB40F60243E360337878
S21402A1606081013328463370FFF7CAFE2846F8BDE1
S21402A17040F60340FBE700BFD6580020EC3A00202A
S21402A180746100202DE9F04F344B0D461C781746BB
S21402A19085B05CB9B1F90680DFF8C890DFF8C8A0D0
S21402A1A0DFF8C8B099F80030A34202D805B0BDE87F
S21402A1B0F08F0AEB0416B08800B9708801A90CF07B
S21402A1C0CAFAAA7A9DF80E309A4244D1B8F1000F24
S21402A1D00FDA297A9DF80C202B89914209D820485B
S21402A1E000780844824236DA521A1B0A1341D9070B
S21402A1F031D538460CF09EFABDF80A3004469A0667
S21402A20002D5EB889B06D1D5F37903F00C03042B19
S21402A21008D17088F9F786FD002372881946184619
S21402A2200BF05FFF00213046FFF7E8FBFFF7C4FCA8
S21402A23038460DF0D1FF844208D2337A01228BF8D9
S21402A240003029460023384602F0AEFCB8F1000F73
S21402A250ACDA0024A6E70134E4B2A3E7D45800201F
S21402A26073610020D6580020EC3A0020DE58002009
S21402A27008B50EF0C7FA074B1B88C01A80B2B0F5B5
S21402A280807F05D9BDE80840002103480EF074B867
S21402A29008BD00BF6C520020746000202DE9F04714
S21402A2A088B004460D460CF06FF90146204603F0CE
S21402A2B083F910F003035FD110F00C0F06D1294684
S21402A2C0204608B0BDE8F047FFF79EBC20460AF0DD
S21402A2D044F9C30638D420460CF056F90146204607
S21402A2E003F06AF9064620460AF031FA8046023042
S21402A2F00EF077FB05A9074620460CF02CFA06F06E
S21402A3000C0698F801300C2E0CBF4FF003094FF0E4
S21402A3100609012113F0010F204618BF4FF003096A
S21402A3200DF076FF174B80461B88A3420FD1B5FA75
S21402A33085F04009FBF748FC20460AF03CF900226B
S21402A340014607200EF014FB08B0BDE8F08703F0C4
S21402A350ABFA824640460DF03FFF064640460DF0F9
S21402A3601FFFF6B202903A4649462846CDE900A6B5
S21402A37005AB08F052FBDFE7012BE5D110F00C0F1E
S21402A380E2D19CE762520020002210B5094B1C78ED
S21402A390094BD1B28C4201D8002010BD197A8142F5
S21402A3A002D19979022902D010330132F1E7012055
S21402A3B0F3E700BFD6580020EC3A00200146002200
S21402A3C010B5084B1C78084BD0B2844201D8002046
S21402A3D010BD187A884202D198790128F8D0103335
S21402A3E00132F1E7D6580020EC3A0020002210B4E1
S21402A3F00A4B1C780A4BD1B28C4203D85DF8044B48
S21402A400FFF7DABB197A814205D19979012902BF91
S21402A41000211980598010330132ECE7D65800200B
S21402A420EC3A0020024B1878003818BF012070471B
S21402A430D6580020044B1B6813F0300F03D020219F
S21402A44030200BF029BC7047D43E0020002310B504
S21402A450044608491A4601EA00414FF07F60FFF7BA
S21402A46001F8E30703D5002130200BF015FC00208D
S21402A47010BD00BF00007207044B5B8823F47843CC
S21402A48023F08D0303800020704700BFD43E0020D7
S21402A49008B500220346C3F80220C3F806200B4A7A
S21402A4A002301268D1B212F0200F18BF41F010012C
S21402A4B01980930701D4FFF74DF8054B1B78023B32
S21402A4C0032B8CBF1720002008BD00BFD43E0020FF
S21402A4D01C58002038B505460C46FDF7EDFB98B132
S21402A4E00E4B187878B10E4B1B681A040FD58CB138
S21402A4F013F0420F00D17DB103F44073B3F5407FF1
S21402A5000CBF0020232038BD40F60840FBE740F68B
S21402A5100B40F8E72046F6E72320F4E71858002019
S21402A520D43E0020F0B504468DB007A80D46164668
S21402A53008F070FB1022002103A8EFF717FC5CB1AD
S21402A540234603AC03F110072246186859680833FD
S21402A55003C2BB421446F7D1012703A986EA0703C2
S21402A56007A88DF81C708DF81D3008F0BBFC80EA39
S21402A570070401A8E4B2EDF715F8B6B101A88DF804
S21402A5800650EDF73BF864B1002303A907A88DF83F
S21402A5901D3008F0B6FC0C4B1B78432B01D1F9F7A3
S21402A5A0DBF80A4B1D700DB0F0BD01A88DF8075000
S21402A5B0EDF724F8002CF6D003A907A88DF81D7035
S21402A5C008F09FFCEFE700BF1C5800201758002039
S21402A5D0F0B5012593B007460DA80C4608F01AFB05
S21402A5E005A90DA8ADF8345008F0A6FC01A8ECF7B2
S21402A5F0D9FF09A90DA88DF835509DF8066008F018
S21402A6009BFC0DA89DF8075008F02CFC70BB731B32
S21402A610DBB2802B28D91FB1A64225D0A54223D172
S21402A62005A90DA808F06DFC03A8ECF7BBFF03A86C
S21402A6308DF80F60ECF7E2FF0122294609A8FFF722
S21402A64071FF0AF00FFC01214FF400700BF034FD8D
S21402A650FDF71AFBB0F1004F01D9FDF71BFB044BC7
S21402A660187808F040FA012013B0F0BD0020FBE78E
S21402A6701758002070B50E46144605460320FFF70D
S21402A680B7F946F004022946204608F094FC002258
S21402A690014B1A6070BD00BFD03E0020F0B587B0F7
S21402A6A0078805461022002102A8EFF75FFB3E4B03
S21402A6B01B78002B76D1BC055ED407F08403842B6E
S21402A6C063D00022394C11461046FFF72BFF17F4D1
S21402A6D0045F276005F102061CD0B9040AD530468D
S21402A6E002F09CFA00284ED1236823F4005343F468
S21402A6F08073236030460BF04BFB002842D108F0F3
S21402A70087FA18B9236843F480332360236843F03A
S21402A7102003236022680DF1060042F40043236002
S21402A720FFF7AAFE12F4805FBDF8063031D043F080
S21402A7302003ADF806302168334611F0400218BFF8
S21402A74005F123024FF07F60FEF78CFEBDF806305F
S21402A750DA0703D5002130200BF09EFA23689B050A
S21402A76006D5012295F8221005F11200FFF7DAFE4F
S21402A77000200F4B186006E005F112000BF008FBF4
S21402A78000289AD0292007B0F0BDB80799D5232013
S21402A790F9E723F02003ADF80630FDF77BFAFEF763
S21402A7A075FCC8E70220EEE71C580020D43E0020C5
S21402A7B0D03E0020024B1868C0F30050704700BF1E
S21402A7C0D43E00202DE9F04F064689461046002169
S21402A7D089B01546984602F0EFFE102807460AD8BA
S21402A7E06A4B0341DB0706D4C8F340049DB9002038
S21402A7F009B0BDE8F08F664B1C78002CF6D0FFF748
S21402A800D9FF00280CBF4FF4F0744FF4D074FC400C
S21402A81004F00104EAE74FF0000A18F0010F53466D
S21402A820524629464FF00500CDF800A00CBF4FF067
S21402A830080B4FF4027B06F05AF80028D7D0C8233C
S21402A8403246009359465346284602F0DDFEADF8DE
S21402A8500E000028CBD018F0080A4AD14FF6F7733C
S21402A860A7F10F02D2B29E428CBF09230123012A0E
S21402A87001D843F04003474A8DF810301378591C2C
S21402A88011708DF81130002C4FD09DF81030052F26
S21402A89043F020038DF8103033D03F4B1D78002D47
S21402A8A05AD04FF6F77300259E424FF00F0248D952
S21402A8B0012304A90DF10E00F7F75EFB002896D1DE
S21402A8C0002C4DD1BAF1000133463A4618BF012199
S21402A8D0BDF80E00CDF8009008F008FDADF80E00A9
S21402A8E0002884D018F0040F4DD031460AF058FCE8
S21402A8F07EE749460DF10E000BF003FC0028ADD1B1
S21402A90075E70121BDF80E000DF082FC012102F070
S21402A91053FE0123834013F0620F1CD11E4B1B789B
S21402A920E3B14FF6F7731825BEE71B4B25461B7897
S21402A9300222002BBCD04FF6F7739E42B8D8052FE2
S21402A940B6D0BAF1000FB3D19DF8103043F04003F1
S21402A9508DF81030ACE710250F22A9E71825FBE783
S21402A960BAF1000F0AD002234A46009029460DF19A
S21402A9700E00FEF79DFB0028A4D038E7412352467E
S21402A980CDF800A0F2E70AF0F3FB31E79FFEFEFFE8
S21402A99018580020195800200C5800202DE9DF43D3
S21402A9A01E46144B80461B680F469B0791460A9C20
S21402A9B01BD4204614B108F083FCC0B20622CDE9AF
S21402A9C002403B460020CDE900890B490BF05CFDB6
S21402A9D0024650B10021002E0CBF01230323084675
S21402A9E004B0BDE8D043FFF7EDBE002004B0BDE8DA
S21402A9F0D08300BFD43E00200B2504002DE9F04F83
S21402AA008DB081468A461F4693469DF85C803AB9C9
S21402AA1003A8FEF79FFDB0BB00200DB0BDE8F08F87
S21402AA20154600222321104609F0ACFEADF80A00B6
S21402AA300028F1D00DF0B4FB0523044618F0100FE1
S21402AA4000F8023B677020D011220021EFF78EF942
S21402AA5004F11306032F4FF0080237D15946304649
S21402AA60EFF72EF8C8F3801306F10905337208F0E3
S21402AA7023FC00283ED000232B706B700123033585
S21402AA8005F8013C36E003ADCBE701261022169905
S21402AA90EFF716F806FA07F313F0620F02D104F185
S21402AAA01206D7E707A808F0B5F805A88DF81C60C7
S21402AAB0ECF778FD9DF8162018F0200F9DF8173059
S21402AAC008BF134604F11306A374C3E75146304683
S21402AAD0EEF7F6FF012306F10802121B2846009342
S21402AAE0BDF80A10082392B20EF075F8042F06F18C
S21402AAF01005BCD02D1BA9B20DF10A000BF02CFCE0
S21402AB00002889D118F0040F0BD048460EF058F8EA
S21402AB10FF281FBF074A32F8103023F4804322F87A
S21402AB201030434651464846BDF80A20FFF74AFE13
S21402AB3073E700BF0452002070B5032690B08DF86C
S21402AB400760F7F7B3FB18B90224204610B070BDB1
S21402AB5002AD2846FEF7FEFC0028F5D01B4B1C680B
S21402AB6014F00204F0D140F20F43194AADF8243033
S21402AB70136804A8CDF826305368CDF82A3008F0BA
S21402AB8049F895E8030005AB83E80300062304A80A
S21402AB908DF81D308DF81060ECF7A6FC01210DF142
S21402ABA02E020DF10700ECF7F9FB22461A2109A83E
S21402ABB009F0E8FD024608B91924C6E7012329462A
S21402ABC02046FFF7FFFD0028BFD1F5E7D43E002060
S21402ABD09F5800202DE9F04F04460D46002191B003
S21402ABE01F2208A89B460791EFF7C0F820460BF0F5
S21402ABF0CBFC0146204602F0DFFC8DF81100204611
S21402AC0009F0A5FD9DF81130467899068146C6F3EF
S21402AC104006204648BF46F002060BF08BFD8046F3
S21402AC2020460DF0D9FA0022A0EB0803DBB2232B54
S21402AC3028BF232300922146424607A80DF0CBFFE9
S21402AC4000283AD1A24B9DF81C701B789DF81DA0D7
S21402AC50B3B3FFF7AFFD00280CBF4FF4F0734FF409
S21402AC60D073FB40DA072BD5B30729D4082F22D19D
S21402AC70BAF1040F21D1FBF77FFBF0B9012342465C
S21402AC800093214605200DF1110305F00DFEA0B13B
S21402AC90053F0D2F11D8DFE817F024001000AF0192
S21402ACA0BC01C501100010001000100010001000BA
S21402ACB0CB01F901F901052F07D011B0BDE8F08FDD
S21402ACC0102F05D1BBF1000FF7D0FBF755FBD5E7E8
S21402ACD0FBF752FB0028D1D0052FCFD0112FCDD0B5
S21402ACE0EBE7BAF1050FE8D8204609F093FC02908C
S21402ACF009F102000DF075FE82460DF11200FFF713
S21402AD00BBFB01239DF81D8003FA08F313F06203D0
S21402AD1003932DD0BDF812309D0722D5B407CCD5AB
S21402AD20FBF72AFB0DF11E000BF032F8B8F1030F09
S21402AD3004469DF82EB02FD10DF12F0509F098FE8E
S21402AD40824540F03181032EB7D19DF836100DF1C1
S21402AD501E02003918BF01210DF12E0008F0D1FAAB
S21402AD60ABE7FBF709FB0028DCD1002EA5D0D9E71C
S21402AD70FBF702FB68B10DF11E000BF009F8B8F103
S21402AD80030F04464FF0000B40F082800DF12E05B3
S21402AD90D4E7002E91D0EEE74E4B1B6898072AD5D3
S21402ADA0FF2208210DF1370009F0F0FD814610BBA5
S21402ADB0034601460DF137020220FEF753FB09F067
S21402ADC057FE82450DF137070DF12F0523D04FF6BA
S21402ADD0F7739A4540F2ED8000220821284609F0D2
S21402ADE0D5FD002800F0E580002259460DF11E0030
S21402ADF0FFF798FB61E70DF137070DF12F0538468F
S21402AE000AF072FF002848D009F032FE824540F070
S21402AE10CC804FF000092846F7F7D2FD002800F054
S21402AE20C480B8F1010F5BD0B8F1040F7FF445AFD0
S21402AE300AF07DFF10B1032E7FF43FAF002C7FF4A3
S21402AE403CAF3A4602210DF11E00FFF713FC224BDF
S21402AE501B7863B1FFF770FEFEF7C4FD022806D129
S21402AE600120FEF7B9FD01210846FEF741FC1B4B07
S21402AE701B78022B20D10321384607F036FEFEF758
S21402AE80B1FD014600287FF418AFFEF731FC14E747
S21402AE900DF136070DF12E05B1E7104B1B78432B4B
S21402AEA07FF40BAFB8F1010F7FF407AF09F0E0FDB6
S21402AEB082457AD1C146AEE7412B7FF4FEAE054B02
S21402AEC01B6859057FF5F9AEF9F73EFEF5E600BFB9
S21402AED018580020D43E0020C65800201C580020D7
S21402AEE06C4D2B78022B22D02B78412B3FF4E5AE0B
S21402AEF03CB9FBF741FA594602460DF11E00FFF730
S21402AF0011FBFBF739FA00283FF4D7AE0AF00FFF21
S21402AF10614C98B123681B0502D42B78432B0DD1C4
S21402AF20B0070BD440F61A40F9F70CF8C5E60AF05B
S21402AF30FEFE0028D8D0B207D6D4BEE6206810F0AF
S21402AF40020002D102990BF0B1F82B78112B16D120
S21402AF502368590513D50020FEF7E0FB04460028B7
S21402AF607FF4ABAE09F0F2FF40F61C40F8F7EAFFBA
S21402AF7021462046FEF7BCFBF8F7F0FF9DE6B20737
S21402AF8001D5FFF757FAB9F1000F9DD007F040FE42
S21402AF9018B94FF480310AF07FFE00223F4B384644
S21402AFA01A600AF098FE8FE70027039B002B7FF4B7
S21402AFB00EAF4FF6FF73284605A9ADF8143009F018
S21402AFC04AFD20B1284609F027FDADF814004FF6D9
S21402AFD0FF73BDF8140098423FF46FAE002C0CBF0E
S21402AFE00423152301930DF11E0300933A464346AC
S21402AFF02946FFF703FD60E60DF11D00F7F7E0FCBA
S21402B00000283FF45AAE022229460020FAF79EFE96
S21402B01053E6F3077FF551AE3246284607A90BF0F2
S21402B0206FF84AE69DF81D100120FFF7D1FA44E6B4
S21402B030184B1B78022B20D1002D7FF43EAE05A8BC
S21402B040FEF788FA00283FF438AE154B1D709DF8BF
S21402B0501D30002B14BF64246524FEF7C3FC0328AE
S21402B06006D128462946FEF743FB2846FEF7C0FCD3
S21402B070214605A807F039FD1FE6043B012BDBD964
S21402B080284608F029F90028D6D116E6204608F008
S21402B09025F912E61C580020D43E0020D03E00209F
S21402B0A0C65800202DE9F34105460E461746984637
S21402B0B00AF03DFE044640B101233A463146284690
S21402B0C0CDF80080FFF76AFC04460AF030FE30B185
S21402B0D0FFF770FB78B10A4B1B689B010BD4002369
S21402B0E03A4631462846CDF80080FFF757FC002C3A
S21402B0F00CBF0446012404F0010002B0BDE8F08152
S21402B100D43E002070B58AB005A807F083FD02235E
S21402B11001AA15468DF81430084B03F110061446A2
S21402B12018685968083303C4B3422246F7D1294641
S21402B13005A807F0D7FE0AB070BD00BF9F700400D6
S21402B140014B1878704700BFAE610020014B18888B
S21402B150704700BF2E6100204FF6FF732DE9F043C3
S21402B160994280460D4685B00BD000274FF6FD79F2
S21402B1701C4EEBF709FDFCB2A0420BD84FF6FF704F
S21402B1801DE0F7F71DFC0028EFD005B0BDE8F04340
S21402B19009F06EBC36F814304B4517D8694620467F
S21402B1A00AF0FBFD082241460DF10500EEF730FEDF
S21402B1B04FF6FF7360B99D4204D136F8140005B00D
S21402B1C0BDE8F08326F814500AF0C1FD0137D0E737
S21402B1D09D42FBD036F81430AB4208BF26F81490D6
S21402B1E0F4E700BF385100202DE9FF4706460F4618
S21402B1F000254FF6FD79DFF83C80DFF83CA0EBF740
S21402B200C3FCECB2A04202D804B0BDE8F08738F81E
S21402B21014304B450CD8694620460AF0BEFD08227B
S21402B22031460DF10500EEF7F3FD08B90AF8047091
S21402B2300135E4E738510020E2570020014B33F88D
S21402B2401000704738510020F0B5064600250D4F15
S21402B25085B0EBF799FCECB2A04201D805B0F0BD80
S21402B26037F81430B3420BD1694620460AF0D1FDB6
S21402B2709DF80030022B1CBF4FF6FD7327F81430E2
S21402B2800135E6E73851002030B585B004460D4654
S21402B290EBF77AFCA0420FD9084B33F814204FF68E
S21402B2A0FD739A4208D8694620460AF0B2FD29463E
S21402B2B00DF10500FFF750FF05B030BD38510020F4
S21402B2C030B585B00446EBF75FFCA04219D920469C
S21402B2D0FFF75AF80546B0B9694620460AF05DFD02
S21402B2E09DF800302BB1694620468DF800500AF0D2
S21402B2F072FD4FF6FF720020044B23F8142005B0AF
S21402B30030BD2820FBE740F60440F8E7385100201D
S21402B3102DE9F0410B7805460E461BB9BDE8F04113
S21402B320FFF7CEBFEBF730FCA84231D92846FFF72D
S21402B3302BF878BB374617F8058B4FF6FF71384661
S21402B340FFF70AFF0446384600F01EFAB0FA80F00D
S21402B3504009B8F1000F15D0B8F1030F15D04FF61B
S21402B360FF724FF6FD73944208BF1C460B4B3146E4
S21402B37023F815400A4B585528460AF02CFD0020A3
S21402B380BDE8F0814FF6FF74F0E74FF6FE74EDE786
S21402B3902820F5E740F60440F2E700BF38510020C7
S21402B3A0E25700202DE9FF410D4604464FF6FE788F
S21402B3B00F4F0E0AEBF7E8FBA04204D8FF24204604
S21402B3C004B0BDE8F08137F8143043450CD1694625
S21402B3D020460AF0E2FC9DF80520EBB29A4203D121
S21402B3E09DF80630B342EAD00134E4B2E2E700BF89
S21402B3F0385100202DE9F04F0C4617469846002596
S21402B4004FF6FD7B87B09DF840A0DFF85C90019078
S21402B410EBF7BAFBEEB2B04201D8FF2616E039F8D7
S21402B42016205A451ED8304602A90AF0B6FC3FB985
S21402B4309DF80920424515D19DF80C20524511D1A0
S21402B44044B939F81620019B9A420BD1304607B010
S21402B450BDE8F08F082220460DF10D01EEF7D8FC6C
S21402B4600028F3D00135D3E73851002010B5144632
S21402B4700AF093FC2046BDE8104008220149EEF788
S21402B4801FBB00BF9F5800202DE9FF470746154601
S21402B4900846082224491E46EEF7BAFC044600284F
S21402B4A03FD14FF6FF7ADFF88490EBF76DFB5FFA39
S21402B4B084F880450BD385B3384605F0B7FA0125E4
S21402B4C00C9B18700120357004B0BDE8F08739F87F
S21402B4D0183053451FD0694640460AF05EFC7A781B
S21402B4E09DF801309A4216D17A88BDF802309A4207
S21402B4F011D13A799DF804309A420CD108220DF106
S21402B5000501781DEEF784FC28B9002DD7D14046F8
S21402B51005F0A7FAD3E70134C7E7FF2005F0A1FA42
S21402B520CEE70020D0E700BF9F5800203851002009
S21402B530F0B50025154E164F85B0EBF725FBECB29D
S21402B540A04201D805B0F0BD694620460AF025FCA7
S21402B5509DF80030032B06D90023694620468DF855
S21402B56000300AF038FC9DF8002062B14FF6FD73F9
S21402B5704FF6FE71032A08BF0B4626F81430002346
S21402B58001353B55D9E74FF6FF73F6E738510020F1
S21402B590E2570020F8B50E4604464FF6FF770C4BEE
S21402B5A00C4D1B7803EB430305EB8305A54202D83B
S21402B5B000242046F8BD2388BB4206D00822314626
S21402B5C0A01CEEF725FC0028F3D00C34EEE700BFF3
S21402B5D07561002078500020044BFF211A78044839
S21402B5E002EB42029200EEF7C1BB00BF756100207B
S21402B5F078500020F8B504460C4B0D461B781046D2
S21402B600A3420DD90C27022117FB04117C43084ED6
S21402B61008223144EEF754FA335B00202B80F8BD43
S21402B6200023136053604FF6FF73F6E77561002040
S21402B6307850002038B504464FF6FD75FFF704FE35
S21402B6400022084B1878084BD1B2884200D838BD81
S21402B65033F80C1C0132A14208BF23F80C5C0C33F1
S21402B660F2E700BF756100208450002070B50546E1
S21402B6700E460846FFF7DEFF31462846FFF76CFD0A
S21402B68029460648FFF786FF00B970BD044624F82F
S21402B6900C6B0AF05CFB29462046F3E77850002044
S21402B6A010B5082286B023490446EEF7B1FB20B94E
S21402B6B006B0BDE8104009F0DBB9082220461E4954
S21402B6C0EEF7A6FB20B91D4BB3F8680006B010BD16
S21402B6D00023012221464FF6FF700093FFF78AFEF1
S21402B6E0FF2806D0164B33F810004FF6FB7398422D
S21402B6F0ECD903A8FEF7CCFE58B9BDF80C305B06B1
S21402B70007D5082221460DF10E00EEF781FB002830
S21402B710DCD021460B48FFF73DFF40B14FF6FB72E7
S21402B7204FF6FF730088904288BF1846CEE74FF662
S21402B730FF70CBE79F580020BE4C0020544C0020E0
S21402B740385100207850002070B5002204464FF68B
S21402B750FB7608460A4B1D780A4BD1B28D4201D8B9
S21402B760002009E01988B14207D8A14205D1082273
S21402B770991CEEF7A5F9012070BD0C330132ECE7F7
S21402B780756100207850002037B5014605460E4800
S21402B790FFF700FF044640B1807A29460AF05DFBB7
S21402B7A080F00100C0B203B030BD03460090012213
S21402B7B029464FF6FF70FFF71DFEFF2816BF034B04
S21402B7C02046185CE9E700BF78500020E2570020C8
S21402B7D02DE9F341224B04461B780F468342154659
S21402B7E038D9FEF7EBFDB8BB4FF6FD739D421D4EF2
S21402B7F00ED004EB440326F823504FF6FF739D4207
S21402B8001FD12046FEF7F2FD002002B0BDE8F0810F
S21402B8100DF10601384609F01EF94FF6FF72BDF823
S21402B82006303846934218BF1D460C236343F55232
S21402B83006EB0308FFF7A8FFB0FA80F0400988F885
S21402B8400A000C2303FB0460082239460230EEF796
S21402B85037F9D9E72820D8E740F60540D5E700BFF4
S21402B860756100207850002038B504460D46FFF773
S21402B870BBFC21460448FFF78DFE00B938BD857231
S21402B88021460C30F7E700BF785000200023074A15
S21402B8901370074A1370074A118801B11380064BCA
S21402B8A01A880AB100221A80704700BFD8580020B2
S21402B8B0D758002072520020705200202DE9F04F17
S21402B8C03C4C1D46238887B00746884610469DF89E
S21402B8D040605BB952B10AF058FD20804FF4FA611D
S21402B8E0354807B0BDE8F04F0CF046BDDFF8D890FB
S21402B8F0B9F80040002C49D020460CF06DFCC0F38D
S21402B900470620460CF04CFCDFF8C0A00296BAF8B8
S21402B9100030DFF8BCB00193BBF800300446009359
S21402B92000222B46012025490AF0AEFDADF816008E
S21402B930E8B1012504EB4606B4420DD1BDB9BDF807
S21402B9401630A3B12A464146384600F06FF9ABF8E6
S21402B9500050AAF800500AE0012321461A460DF1CB
S21402B9601600F6F709FB023405460028E4D0002349
S21402B970134AA9F800301378013BDBB21370002B90
S21402B980ACD107B0BDE8F04FFFF780BF0D4C23786F
S21402B99023B90CF02FFE08B901232370324629463C
S21402B9A00520F7F70DFA0028EBD1207007B0BDE8A6
S21402B9B0F08F00BF72520020946000201125040010
S21402B9C0D8580020D7580020705200200C52002071
S21402B9D00E52002030B5154D87B02C889CB92346F0
S21402B9E04FF4A07248F2380103A80AF012FB21466F
S21402B9F02046FAF7E3FA22460D4B009403A9FFF716
S21402BA005DFF07B030BD204608F0A1FE04300CF002
S21402BA10E8FF03A9044628880AF09DFE0023009347
S21402BA2020462A8803A900F0AFFAEAE772520020FD
S21402BA3000F8FF0737B5002001A9FAF7BFFA0D4C48
S21402BA40014623780C4D7BB10C4B019A1878FAF715
S21402BA50CBFA2078F8F74CFC002323702B700848AA
S21402BA60F6F736FB03B030BD2B78002BF7D0FFF786
S21402BA70B1FFF4E7DA580020D8580020D958002041
S21402BA809460002008B50548F6F732F80448F6F741
S21402BA902FF8BDE808400348F6F72AB8725200208D
S21402BAA0705200206E5200202DE9F04F89B0894670
S21402BAB00446CDE905239DF84870139E30B316F868
S21402BAC001ABBAF1000F23D00AF1FF34A400E4B2AE
S21402BAD03146012007F048FCC00E1BD1DFF838B112
S21402BAE03146012007F040FC9BF80050344422798E
S21402BAF0BDB1002F47D180234846CDE90277CDE974
S21402BB0000773E4A059900F091F83CE08246DFE76E
S21402BB105446DDE71B28ECD93146012007F024FC09
S21402BB20E7E7DFF8F880FF2A00EA08080BD142466A
S21402BB30E379A179607901EB032189B209B0BDE806
S21402BB40F04FFAF751BA2E4909688B070AD5FE2A32
S21402BB5035D101230135EDB2202D4FEA43030AD138
S21402BB60FF250AE0294628460792FAF727FA4845AB
S21402BB70BFD1079AEBE79845ECD1224B1B78FF2BF7
S21402BB8004D0AB4204D009B0BDE8F08FFF2DFAD046
S21402BB9029460020F4F7B2FF0028F4D09BF80030C4
S21402BBA06479002BEFD1FFF771FE17484FF410515E
S21402BBB00CF0E2FB154B8BF800501C70E3E7052AED
S21402BBC097D8BAF1010F94D8B8F1000F91D0002F90
S21402BBD0D9D17379002BD6D00D49098821B9082B03
S21402BBE028BF08230B490B70434648461292DDE9EC
S21402BBF0051209B0BDE8F04FFFF760BE112504003C
S21402BC00D43E0020AF61002094600020D958002066
S21402BC1072520020D8580020DA58002000F8FF0799
S21402BC20014B1880FFF7D6BE705200200CB42DE9E7
S21402BC30F04F8BB014AA0E4652F8041B0746099220
S21402BC40002940F08F80BDF85400ADF8220000288D
S21402BC5000F0A18033794FF6F778002B40F086800B
S21402BC6047458CBF4FF009084FF008084C4B1C782C
S21402BC70FF2C40F08380B6F90230002BA9BF494B57
S21402BC80347A1C780134A2BFE4B21C7044F08004FB
S21402BC90DFF81CB12246002101F0A2FC9BF800301E
S21402BCA0BDF82200002B6CD0DFF808A14FF0000987
S21402BCB0BAF8003007930CF08FFA0546BDF822005A
S21402BCC00CF06EFAEBB2CDE90193FF23CDE903093E
S21402BCD000932246334639460798FCF7B5FB4FF6E3
S21402BCE0FF7305468BF80090AAF80030382D33D142
S21402BCF03246394640460DF1220307F0F5FA00288F
S21402BD004BD04FF6F7739F4226D8B6F902307088AA
S21402BD10002B21DA48F204022349244B4FF0000894
S21402BD20904214BF8946994608F0A2FE4946034649
S21402BD308A220120CDF800800AF0A6FB814658B17F
S21402BD402246414601F04CFCFF2332463946404625
S21402BD50CDE90098FCF7DAF928460BB0BDE8F04FBB
S21402BD6002B0704701200AF06CFB6EE700234745DD
S21402BD708CBF4FF006089846337177E7FF221A7099
S21402BD8086E7CDE900033246FF2339464046FCF7F4
S21402BD90BDF90546AAE71925DEE70546DCE700BF3A
S21402BDA0B1610020DC58002022250400172504007B
S21402BDB0DB5800207452002070B54FF40033002484
S21402BDC00546164688B0ADF81A100DF10F0204A902
S21402BDD00593ADF81840ADF81C4004948DF80F405A
S21402BDE007F061FA9DF80F3028460193049B044A37
S21402BDF0009305A93346FFF719FF08B070BD00BFD0
S21402BE001B25040030B54FF48035002487B0039517
S21402BE10BDF82850CDE900128DF81030074A0346C7
S21402BE2003A9BDF82C008DF81140ADF81250ADF8FC
S21402BE301440FFF7FBFE07B030BD00BF2725040005
S21402BE40B1F1006F2DE9F04314462CBF3922382297
S21402BE508BB01D464FF00003ADF81E204FF4800253
S21402BE602CBF4FF001099946FF2C0646ADF81C3050
S21402BE700892ADF824304FEA11471FFA81F80FD125
S21402BE8009F007F9B9F1000F19D1154ACDE90205F3
S21402BE9043463046CDE9007407A9FFF7C7FE1AE00D
S21402BEA0FE2C0AD109F0F5F80130C0B209F0FCF810
S21402BEB0B9F1000F12D00B4A02E0E8B2F8E70A4ADC
S21402BEC0CDE9030501233046CDE90174CDF80080A3
S21402BED007A9FFF7ABFE0BB0BDE8F083034AD5E730
S21402BEE01F250400252504001E250400262504001F
S21402BEF04FF498124FF0806310B586B0CDE9032355
S21402BF000023ADF8143008F0B3FD0446F8F796FAAD
S21402BF10054B01900093054A234603A94FF6FD7090
S21402BF20FFF784FE06B010BD9F5800202B250400A4
S21402BF3008B5064B1B78022B02D0043B012B03D814
S21402BF40FFF7D6FF002008BD0220FCE71C580020A1
S21402BF5030B500244FF4806587B0CDE900128DF825
S21402BF601030084A034603A94FF6FD708DF81140BB
S21402BF700394ADF81250ADF81440FFF757FE07B021
S21402BF8030BD00BF2F2504002DE9F04F99B00E46B4
S21402BF9005460CA91046CDE90A329DF8887009F0CC
S21402BFA097FFBDF83090804648460CF015F9B6F972
S21402BFB002300446002BB6F806A0B6F802B004DA41
S21402BFC000228D4B1A70002049E048460CF004F916
S21402BFD04045F5D3A4EB0804E3B2002F18BF4FF494
S21402BFE0A07A152B099328BF15230024013308F1E4
S21402BFF0FF324946DBB292B2009412A80CF0EBFD77
S21402C0006FEA4B436FEA53437C499DF84820086821
S21402C0104968ADF83E300DAB03C3ADF84040ADF80D
S21402C0203C40ADF842A0ADF84420BBF1000F24D14D
S21402C0300DF14900F6F7C4FCA0B108F019FD5C4604
S21402C04080460DF151060DF149030A9A96F80090C2
S21402C050012A2CD14FB384F0010404F0010019B078
S21402C060BDE8F08F0DF149000AF041F84FF6FF7473
S21402C070011B4C4280464C41E3E7BBF1010F57D10E
S21402C080BDF8498008F0F4FC80450AD040460DA968
S21402C0900AF030F880F00104E4B20DF14B060DAB65
S21402C0A0D3E7574B0DF14B06CFE70A9CD5E75FB3B4
S21402C0B044BBB9F1010F25D830D108F0D9FC08F0FD
S21402C0C0D7FC2246804671784D4B02910021012012
S21402C0D0CDE900814B490AF0D7F9ADF8320088B1B4
S21402C0E024BBB9F1010F0CBF0D210C210DF132005A
S21402C0F00AF032F9024628B92846BDF832300FA9AE
S21402C100FFF794FD0120AAE7B9F1010F04D1002C34
S21402C110D3D081227178D8E7002CFAD1B9F1010F79
S21402C12094BF002201227178D201CEE70C21DDE70E
S21402C1300A9B002B7FF447AF7388342B4BD1099BA5
S21402C140092B7FF440AF002F7FF43DAF9DF951607D
S21402C1503A46B41008210DF1490004F0200408F014
S21402C16015FCA0B1284B1B78012B3FF42CAF274AB5
S21402C170274BB2F868201B68AA421DD0DA001BD5EE
S21402C180C8232846234A0FA9FFF750FD1BE70DF1E7
S21402C1904900F6F715FC0028E4D10DF1490009F034
S21402C1A0A6FF4FF6FF739842EAD02146F9F778FECB
S21402C1B003460028E4D1E4E75B0201D5002E08DA44
S21402C1C000232846134A0FA9FFF730FD124B1C70B6
S21402C1D0F9E68D23D5E7099BCDE905A204930DF177
S21402C1E04903CDE9028331462846CDE900790B9B07
S21402C1F00FAA00F03DF8E6E6D058002046AF03004E
S21402C2009F580020332504001D580020544C00205F
S21402C210D43E002018DB0300B0610020024B1878E1
S21402C22040F08000704700BFDC580020014B1880A9
S21402C23000207047366100204FF6FF7103460288E1
S21402C2401B798A4217BF074901200A8041881EBF10
S21402C250054A00201180FF2B1EBF044A00201370DF
S21402C260704700BF3261002030610020DD58002098
S21402C2702DE9F04FA1B09946BDF8AC302D9F0D9335
S21402C2809DF8B03004460E93BDF8BC3038460F9386
S21402C2909DF8C0304E88884615469DF8A8B0109383
S21402C2A00CF09FFB112E824671D808F0E1FB504538
S21402C2B076D0062E10D14FF6FD72924526D0BBF1EF
S21402C2C0000F10D100228023CDE900A22946204685
S21402C2D0BC4AFFF7ABFC06E0BBF1000F03D1032E0E
S21402C2E007D8012E09D80022B74B1A7021B0BDE834
S21402C2F0F08F043E022EF6D8E4E780232946204635
S21402C300B24ACDF800A0FFF791FCECE7B04B1B78E1
S21402C3105E074CD408F0ACFB0026034632460120EA
S21402C320A84900960AF0B0F83B79ADF866000F937C
S21402C3300028DBD0DDE90E320D9803EB42090BF044
S21402C3404BFF5FFA89F909F105085FFA88F880451C
S21402C350CCD241460D9801F02FF9109008EB400818
S21402C3600D980BF039FF8045C0DADDE90F32134332
S21402C370DBB2002B40F03482BBF1000FB6D1D846B8
S21402C38042460421BDF8660001F02AF974E1904A9B
S21402C3903A2E127812D948F23B039E4207D013E097
S21402C3A08B4A127850070BD5321F022A08D8B8F8E3
S21402C3B0063043F48043A8F8063097E71B2E1DD8B4
S21402C3C0B21E91B213295FD9109B494602930F9B66
S21402C3D03046CDE900B30E9A234606F06BFF0F28CF
S21402C3E084D10122784B1A70794B1B789B0740F157
S21402C3F02783BBF1000F7FF479AFD8E7A6F11C01C3
S21402C4001E29E1D801A050F821F000BF57CA020049
S21402C410C9C30200C9C30200EDC20200C9C30200BA
S21402C42045C8020045C80200C9C30200C9C30200CB
S21402C430C9C30200C9C30200C9C30200C9C30200BD
S21402C440C9C30200C9C30200C9C30200C9C30200AD
S21402C450C9C30200C9C30200C9C30200C9C302009D
S21402C46077C8020077C8020029CA0200C9C30200C0
S21402C470C9C302004BCA0200C9C30200A7CA02000F
S21402C480BDCA0200CBCA0200132A9DD801A151F8E8
S21402C49022F000BFE5C4020075C5020093C5020083
S21402C4A0ABC6020015C30200C9C30200C9C302001C
S21402C4B0C9C30200C9C30200C9C30200C9C302003D
S21402C4C0C9C30200C9C30200C9C30200C9C302002D
S21402C4D0C9C30200C9C30200EFC70200C9C30200F3
S21402C4E083CA020000231A938DF866300DF16603A4
S21402C4F022460E99484600931AAB06F0D5FE08F07F
S21402C500B7FA0646EAF74CFB162894BF4FF0020924
S21402C5104FF02209F7F792FF2E4B0746B3F800A01A
S21402C520FBF7EAFD2C4B80464FF6FF70B3F800B0DF
S21402C53009F095FD294B9DF866201988244B1B7837
S21402C54013F002031CBF264B1B780B921A9ACDE9F6
S21402C5500701CDE9093240232946CDE90193204659
S21402C5600023CDE9058BCDE9037A1E4A0096FFF734
S21402C5705DFBBBE608F07CFA1B4B1C4A1B88CDE928
S21402C5802A0300232946204621B0BDE8F04FFFF7D4
S21402C5904DBBBE781AA9731EDBB2EF2B304627D9E5
S21402C5A0F22E25D005F0D0F9822608F061FA002393
S21402C5B02946CDE90003034A33462046FFF736FBF9
S21402C5C094E600BF17250400D05800202225040058
S21402C5D0DD570020366100203261002030610020E5
S21402C5E0DD58002039250400346100204625040069
S21402C5F005F0AAF9002856D008F03AFA9DF86C2001
S21402C6009DF86E100492BDF86A2049000392BDF8A8
S21402C6106820C9B2CDE901629DF86D20034652003A
S21402C620D2B208320A44009201200022C64909F01A
S21402C6302BFF9DF86D30ADF866008DF8633000284C
S21402C6403FF454AE4FF0000801230DF163011A4681
S21402C6500DF16600F5F790FC074600287FF446AE1B
S21402C6609DF86330FAB293420CD89DF86E308DF87E
S21402C6706330B8F1000F02D0BDF8663036E04FF0F6
S21402C6800108E1E74146304605F060F90123ADF8BE
S21402C6906400022219A90DF16600F5F76DFC013758
S21402C6A00028DDD022E683267FE708F0E1F9064679
S21402C6B005F06BF93346009000220120A34909F0E9
S21402C6C0E3FE00283FF412AE00273E46ADF86800AF
S21402C6D005F05BF95FFA87F840450DD8324604212B
S21402C6E0BDF8680000F07CFFBDF8683000222946DD
S21402C6F02046FFF79BFAF9E5404605F023F9FF28A6
S21402C7008DF866000BD0012301361A460DF166013C
S21402C7101AA8F6B2F5F730FC00287FF4E7AD013729
S21402C720D6E75046B7F8029005F00CF9FF288DF8C8
S21402C730640000F0E2811AA905F006F9BDF8683037
S21402C7404B4507D04FF6FF72914540F0D68119044B
S21402C75000F1D3819DF86D3012930E9B0533DBB248
S21402C76013930F9B149300234FF0000911934B462B
S21402C77013E017934900139BC9B219440D9889B266
S21402C78009F025FE4FF0000A179B159012995FFAE2
S21402C7908AF28A4216D309F10109149A5FFA89F1DC
S21402C7A09142E6D39DF86E201292169A1392002BAF
S21402C7B040F09581119B002B40F09F81109B1493B3
S21402C7C00123D1E711999DF86400179305F0BEF88E
S21402C7D0159A179B0AF1010A824208BF0123D5E780
S21402C7E009F106095FFA89F3B046169386E1BD1C85
S21402C7F029465046BC7A06F0E0F801222946504601
S21402C80008F0DCFD504609F03EFC284609F06FFCB5
S21402C8103A88824207D04FF6FF72904203D00CF05D
S21402C820CFF909F050FC84F00804C4F3C004214692
S21402C8302846FFF719F82146284621B0BDE8F04FF2
S21402C84006F061BDBBF1000F7FF450AD12073FF555
S21402C850AEAD33463A462946204601F08FF9002807
S21402C8607FF444AD842329462046394A21B0BDE8E8
S21402C870F04FFFF7DBB90F9897F8008009F0ABF995
S21402C88000210746204601F0E3FC312EA7EB000705
S21402C890FFB240F0D5804FF0000A012053465246C0
S21402C8A0CDE9008A2B4909F0EFFDADF866000028B5
S21402C8B03FF41CAD162251461AA8EDF757FA1AA8ED
S21402C8C008F05FFB4FF0FF33DFF894B0CDE91C337E
S21402C8D09BF80090B9F1000F02D14FF0010A55E023
S21402C8E01D4E33796F2B02D90026324625E050467C
S21402C8F01CA9F6F73DFF0028F6D0184BB6F80090B4
S21402C900B3F86830B9F1000F2CD1003B18BF0123F1
S21402C9105B0143F004038DF87A3002238DF87B30F6
S21402C92073881B0A49461EA88DF87D300CF05BF80A
S21402C930B8F1000F65D0002601220221BDF866007C
S21402C94000F04EFE32461CE54A2504001725040078
S21402C95018DB030052250400D0510020544C00205E
S21402C96016580020B3EB090318BF01235B0143F0FE
S21402C97005038DF87A3002238DF87B300F238DF86D
S21402C9807C30CDE70AF1010A5FFA8AFA0AF1FF362D
S21402C990F6B230460CF01AF9C307F3D59BF800300E
S21402C9A019EB030F04D009F101095FFA89F9E9E7E7
S21402C9B0584B1CA918783044C0B2F6F7D9FE0028A6
S21402C9C092D0304609F090FB814630460CF0FEF8D5
S21402C9D0C0070FD416238DF87A304F4B1B780133DD
S21402C9E0DBB20F2B28BF0F238DF87C304B4B33F86E
S21402C9F0163096E730460CF0E9F88107EAD412239F
S21402CA00E9E7BDF866000BF0E7FB1630B84292DCA9
S21402CA10012316221AA90DF16600F5F7ADFA0028D1
S21402CA207FF464AC012660E712073FF5C0AC3B46D4
S21402CA30224629460F9801F0F9F800287FF456ACF2
S21402CA40BBF1000F7FF452AC0CE7BBF1000F7FF492
S21402CA504DAC802307E708F00BF850457FF446AC50
S21402CA60B81CF5F7ADFF00283FF440AC08F000F81C
S21402CA70064607F0FDFF2A4B2A4ACDE92A0333462B
S21402CA8080E538460BF0ADFF09F0E9FA00283FF4DE
S21402CA902DAC2A90002329462046234A21B0BDE821
S21402CAA0F04FFFF7C3B84B462A4621460020CDE991
S21402CAB02AB721B0BDE8F04FFEF7F6BF4B462A462E
S21402CAC021460120CDE92AB7F3E75B464A462946C6
S21402CAD020462A9721B0BDE8F04F06F019BC012384
S21402CAE019A91A460DF16600F5F746FA00287FF4F2
S21402CAF0FDAB08F101085FFA88F8013604F045FF3D
S21402CB005FFA86FA50453FF60CAEB8F1000F3FF4D6
S21402CB1033AC35E47B610020C55800200252002069
S21402CB209F5800205725040022250400F8B5164B0E
S21402CB3004461D88154B20F8025B196879B1082255
S21402CB40ECF7BEFF124B0C201B78124EA372124B50
S21402CB5019780023DAB2914205D8FF2209E0C4F818
S21402CB6002104160EEE7013300FB03F7F75BAF42CA
S21402CB70F0D10A4BE2721B782373094B1B7863735E
S21402CB80084B1B682361F8BD82520020704D0020BE
S21402CB90DE5800206C50002075610020C25800202C
S21402CBA0C15800205C4D0020F0B589B006460C4600
S21402CBB0154609F0BFFD0DF10A020146304609F09E
S21402CBC070FC144F0346F0B901223A702288BDF871
S21402CBD00A102AB102460090072003F065FE90B1C3
S21402CBE003A8FFF7A3FFBDF80A000BF0F5FA064606
S21402CBF0BDF80A000BF0D4FA21460090F3B228469C
S21402CC0003AA05F004FF0023034A3B70136009B031
S21402CC10F0BD00BFDF580020704D0020142230B552
S21402CC208BB005460DEB02011548DEF7F1FE10BB90
S21402CC30BDF81430DA0720D413F0060FC3F341020E
S21402CC4008BFC3F341220F4B0DF116019C5C6846E8
S21402CC502246EDF729FABDF8263004F128026A4486
S21402CC6002F8283C02341B0A02F8273C69462A4688
S21402CC70E0B208F094FD0BB030BD2320FBE700BF06
S21402CC80703214E0B770040010B58AB0ADF82620F2
S21402CC900022CDE9052204920CAA02924FF6FF72F8
S21402CCA00446AC2101200192064A039004FB0122AD
S21402CCB0603200924CF620010DF1260209F023FAAA
S21402CCC00AB010BD544C002010B54FF6FF741E4A31
S21402CCD08AB0B2F86800B2F85E10A042ADF826003C
S21402CCE0B2F85C304FF6FD70ADF8241018D08142D1
S21402CCF04FF0000094BF48F660014CF66001CDE9A3
S21402CD000500CDE90300CDE9010094BF09AA60320F
S21402CD1000920DF12602042009F0F5F90AB010BDC2
S21402CD2081424FF000008CBF603209AA00928CBF8D
S21402CD304CF6604148F66041CDE90500CDE90300B6
S21402CD40CDE90100014AE6E7544C0020BE4C002023
S21402CD5000B50E4B0022B3F85E308BB0ADF824302F
S21402CD604FF6FF73CDE90522CDE90322CDE9012274
S21402CD7009AA00924FF400610DF126020720ADF8D1
S21402CD80263009F0C0F90BB05DF804FB544C0020C5
S21402CD90202A10B5144614D8012A04D10C88B4F5FA
S21402CDA0004418BF0124620030B10748ECF788FE41
S21402CDB0064B00201C7010BD0548ECF781FE054BA3
S21402CDC0F7E72120F7E700BF84520020E058002052
S21402CDD0C4520020E15800202DE9F04710461746BD
S21402CDE00BF0FFFDDFF814A1DFF814919AF800307B
S21402CDF099F800200546134302D10020BDE8F087CB
S21402CE0010F4406800F0400619D186BBB0F5804F9A
S21402CE105CD24FF4807400239AF80000344AD9B2E8
S21402CE2088425DD8002399F80000324AD9B2884277
S21402CE30E3D932F8021B0133A142F7D155E0F81CC0
S21402CE400BF0CFFD4FF6FF73984214BF0124022465
S21402CE5086B1052605F44043B3F5004F44F00804B6
S21402CE6024D0B5F5804F23D244F4807420E04446A3
S21402CE700326EFE7B5F5804F4FF00506F4D3B8F575
S21402CE80406F14BF02200820304438440BF0A9FD3E
S21402CE90194B05F44045B3F85C3083420CBF44F0AE
S21402CEA0080444F00404B5F5004F01D144F08004B0
S21402CEB0B8F5006F0ED1B8190BF093FD0E4BB3F810
S21402CEC05E308342A7D144F01004A4E7444603260A
S21402CED00220D9E7B8F5406F08BF44F020049AE76D
S21402CEE032F8021B0133A14299D1012086E700BF26
S21402CEF0C452002084520020544C0020E1580020E6
S21402CF00E05800202DE9F04F104685B016469846A8
S21402CF100BF067FD5D4F00F00803B7F85C1004469F
S21402CF2000F00709F01C02930391B7F85EB00BF00D
S21402CF3058FD06F1050A054650460BF052FD03461B
S21402CF404FF6FF70854218D00399A1EB050CDCF171
S21402CF50000545EB0C056D004FF6FF718B420ED1B6
S21402CF6045F004050BF046FB029B6BB1B9F1000FCE
S21402CF7011D0422005B0BDE8F08F0125ECE79B45B5
S21402CF8008BF45F00805EDE7B9F1030FF1D8DFE871
S21402CF9009F0021B795D0BF02DFB08B9A807E8D54E
S21402CFA024F00804A4B2B4F5004F05D0B4F5624FDD
S21402CFB002D0B4F5404FDCD10025294697F8A820C8
S21402CFC0002007F0A2FB3CE0D7F88030E3B900214E
S21402CFD032460846FFF700FFD8B948F6410224F069
S21402CFE038039BB29342C4D10A2D49D0062DC0D134
S21402CFF097F87730023B012BBBD8F3F745FD0028A4
S21402D000B7D140F6040505E0414630469847002869
S21402D010DDD00825E20648BF45F08005A30648BFD6
S21402D02045F4805505F00C03042BC6D1F01D0BF019
S21402D030D8FC97F8A8303246009341462B4607F0B4
S21402D04039FB08B30E9B1880002093E7A90705D189
S21402D0504FF6FF73B7F85C209A428AD104F4406315
S21402D060B3F5006F0AD0B3F5406F82D1082250465E
S21402D0700749ECF7CDFE00287FF47BAF0C25C9E705
S21402D0800425C7E7432075E7192073E7544C0020B0
S21402D090B44C0020034B1A781AB1FF2A04BF0022B0
S21402D0A01A707047E358002070B5084C084E237873
S21402D0B0F55C1DB13E2107480BF0B0FBFF2223783A
S21402D0C02846F2540023237070BD00BFE2580020A9
S21402D0D0E35800205B250400034B044A1B78D05C0F
S21402D0E0FF3818BF01207047E2580020E35800209E
S21402D0F00023074A07491360074A1360074A13606A
S21402D100074A11600121074A1170074A13607047E7
S21402D110804D0020916203007C4D0020784D002057
S21402D120B4600020B2610020884D00200E2A70B53F
S21402D1300C4606461546194603D9FFF7D9FF502076
S21402D14070BD012807D10020F3F7B8FCB0B1FFF795
S21402D150CFFF2120F4E780220021224B1A70224BB7
S21402D1601960224B1B684BB134200BF08DF8204B14
S21402D170188018B9FFF7BCFF0120E1E724F0FF632F
S21402D18023F4FF231BB1FFF7B3FF4F20D8E774B990
S21402D1902046F3F7ADFC0124032510F0800F43B2BE
S21402D1A01BBF00F01F039C409C4044F078440020C4
S21402D1B0104B24F078441E700F4B10491D70104B14
S21402D1C01C60104B1870104B1A68F4F71FF818B151
S21402D1D0FFF78EFF0420B3E79DF810200B4B1A7062
S21402D1E0AEE700BFE4580020844D0020784D0020B2
S21402D1F004530020E9580020E7580020F1D402002A
S21402D200884D0020E8580020804D0020E558002078
S21402D2107FB5244B00251A7801232348234903FAB5
S21402D22002F200781A440A60ADF80E5020B3984213
S21402D23036D11F4C1F4B20781B680DF10E01984704
S21402D2401D4EBDF80E20307092B11C4B294600933D
S21402D250284602230195F4F713F83278237822B190
S21402D260012A12BF1B230133DBB2237004B070BD48
S21402D270013818BF0120F0E778235A43013A0A60C2
S21402D28008220F490AF046FF0B49094A0978137823
S21402D29021B1012912BF1B230133DBB21370E5E76C
S21402D2A01846E3E7E7580020E95800208C4D002096
S21402D2B0E8580020B4600020B26100202DD502009C
S21402D2C081850300024B1868003818BF012070479A
S21402D2D0784D002037B505461C460BF08BF968B929
S21402D2E074B1084B1A60084B0A461C600123294693
S21402D2F000930323FFF71AFF03B030BD4D20FBE770
S21402D3002520F9E7744D00207C4D002013B5044615
S21402D3100BF070F958B962B1074B1A6001230A463E
S21402D320009321460323FFF701FF02B010BD4D20F4
S21402D330FBE72520F9E700BF784D00202DE9F041F4
S21402D3400446DDE906861D469DF820700BF052F96C
S21402D35088B99EB1A2B10B4B01201A600A4B0A464D
S21402D360C3F80080094B21461E602B460697BDE88F
S21402D370F041FFF7DBBE4D20BDE8F0812520FBE73C
S21402D3802120F9E7B4600020804D00207C4D00206B
S21402D3900148F4F7ADBB00BF045300202DE9F0416D
S21402D3A00020F3F7A1FE114B114C1E68114B20888A
S21402D3B01D68114B114FD3F8008010B13978F4F77D
S21402D3C071FD00203870FFF793FEF4F7ABF90EB14B
S21402D3D04046B0473DB12088A84700232380BDE8D9
S21402D3E0F0410BF099BABDE8F08100BF7C4D0020F9
S21402D3F004530020784D0020884D0020EA58002073
S21402D400F8B52F48F4F764FE2E4B187830BBF3F7C6
S21402D4106FFB2D4F06463B6803B32C4B2C4D1C6806
S21402D42024B195F900301A461946A047294B1B68C5
S21402D43083B1294C2378312B0CD8284B18880AF054
S21402D440AFFE23785A1C22702A78C25423785A1CBC
S21402D4502270C65480232B7000233B60204C237816
S21402D4601A2B22D81F4A1278012A09D100211E4AF5
S21402D470156825FA03F0C007DAB20ED501B122709C
S21402D4800020F3F735FB2178884212D10022174B91
S21402D4901A70FFF7BDFE40B9F8BD0133D8B21A289C
S21402D4A04FF00101E5D90A442270BDE8F840FFF7C3
S21402D4B075BF0020F3F72EFB0028E7D0F5E700BF84
S21402D4C0B8600020E9580020844D0020744D0020EA
S21402D4D0E4580020784D0020EA580020045300202B
S21402D4E0E8580020B2610020884D0020E65800204F
S21402D4F008B50B4B187880B90221F3F7CDFA094B21
S21402D5001B782BB100214FF6FF720846F3F7A6FAF6
S21402D510BDE808400448FFF773BF00210846ECE761
S21402D520E9580020E5580020B860002038B5144BB2
S21402D5300C461D78012D21D181B90846F3F7D8FA99
S21402D540104A05FA00F013680F4923EA0003136035
S21402D55020462A46BDE838400AF0DCBD0B4A13785E
S21402D5600133DBB2022B137004D9BDE838400848F9
S21402D570FFF746BFFFF74CFE0028F6D138BD00BFC6
S21402D580E9580020884D002081850300E6580020D7
S21402D590B860002038B50C4605460AF01DFEA042CB
S21402D5A003D82D2103480BF039F928460AF0F8FD76
S21402D5B0204438BD6F25040070B506460D460AF0B5
S21402D5C0EFFD044648B130460AF006FEA84203D8EC
S21402D5D0352102480BF022F9605D70BD6F2504000C
S21402D5E070B50C46064615460AF0F6FDA04203D86C
S21402D5F03E2104480BF012F930460AF0D1FD00B184
S21402D600055570BD6F2504002DE9F0438FB007461F
S21402D6100C4615461E469DF85880F8F755F920B177
S21402D620F4F796FE08B144F400544D4B1B7813B938
S21402D63024F40074A4B2200509D546B9284604A9E4
S21402D640F5F750F9002846D024F40064A4B2ADF8E9
S21402D6501840ADF81A5007F00BFA424BADF81C0012
S21402D660B8F1000F02D01A78424501D293F8008032
S21402D6703D4AE105137848BF0DF1210103F101038C
S21402D680DBB2137058BF08A922058DF81E808DF8EC
S21402D6901F3006D53368083141F8083C736841F8F4
S21402D6A0043CE30407D5314A0831136841F8083CC4
S21402D6B0536841F8043C0DF11808A1EB08005FFA24
S21402D6C080F9002148460AF0DFFD064628B9002008
S21402D6D00FB0BDE8F08304AEB9E70AF061FD41463B
S21402D6E04A46ECF7E1FC30460AF076FD80463046C4
S21402D6F00AF056FD0023024600934FF6FF700423FD
S21402D7005FFA88F106F0D6FFADF80E000028DED0EC
S21402D71040F201131C421AD14FF6F7739D4216D8F7
S21402D7200AF05AFD0DF10E010446284600F090FD5F
S21402D730BDF80E000AF050FDE4B2A04207D9BDF8CB
S21402D7400E0007F004F8437843F004034370BDF874
S21402D7500E003A4601210AF06FFDBDF80E00B7E74B
S21402D760185800206F6100201A5800209F58002089
S21402D770F0B50829D58889B028D00C2926D0AE0461
S21402D78024D405F040030B43424C267816B105F02C
S21402D790200423432FB2002FB8BF43F0800303298F
S21402D7A020D11223AC068DF80430937A10D48DF86B
S21402D7B005300DF1060401A9621A012392B2F4F7AC
S21402D7C0DBFBB0FA80F0400909B0F0BD0B46DBE7A0
S21402D7D032228DF805308DF80420002EE9D00DF1A6
S21402D7E01304E8E70C298DF804300ABF138953792D
S21402D7F08DF80530548805BF1B0A8DF806308DF863
S21402D80005300DF1070318BF0DF106031C70240A3C
S21402D8105C70148802399C70240ADC701479012921
S21402D8201C7111D8917A002F597131DA02211289AE
S21402D8309971DA71120A03F109041A72002EBAD02B
S21402D840AB06B8D50534B6E7A9071AD4002F0CDA0A
S21402D850117A51B1917A59711189127A03F1080439
S21402D86092B102229A71D971E8E70B4C217801F144
S21402D870010C84F800C091729C1D002F5971DDDAEC
S21402D880EAE7917A9C1DF8E70122090A9A71EAE70B
S21402D8909C1DD3E71858002019580020014B188009
S21402D8A0704700BF06530020014B1888704700BF20
S21402D8B0065300202DE9F84307460AF0A8FF05465E
S21402D8C01B480BF021F91B4B60B31C683C1B2C4415
S21402D8D0A4B20022184BDFF868901B78174D03EBB2
S21402D8E0830399F8006005EB43055FFA82F8464524
S21402D8F00AD9AB8805F10A00A34216D90A23B21A3E
S21402D90029465A43ECF7DCF8013689F80060AC8009
S21402D910B8F1000F03D1394605480AF02DFD284616
S21402D920BDE8F8833C461D60D3E705460132DCE7D6
S21402D930D8600020904D0020EB5800209E51002019
S21402D940EC5800201FB5154A154C1378013BDBB284
S21402D95013706168206801AA03C221891180114AE6
S21402D9601278D21805D00A2320465A43E118ECF75B
S21402D970A7F89DF806301B070DD0BDF80C00FFF780
S21402D98099FF03468288ADF8082001AA03CA1288C6
S21402D990186059601A8104B010BD00BFEB58002011
S21402D9A09E510020EC580020002108B5084B09487B
S21402D9B01970094B1970094B1A7802EB8202520051
S21402D9C0ECF7D4F9BDE808400548F4F781BB00BF80
S21402D9D0EC5800209E510020EB5800207961002070
S21402D9E0D8600020F8B50024084D094F094E3B7850
S21402D9F03178E2B20B449A4204F1010400DBF8BD2E
S21402DA002846F4F775F80A35F1E700BF9E51002064
S21402DA10EC580020EB58002010B5064C207828B1B0
S21402DA20054807F0C0FB10B1034B188810BDFFF77E
S21402DA3089FFF3E7EB5800209E51002008B50A4AFA
S21402DA400346107860B1094A1088984209D121B974
S21402DA509378103323F00F039370FFF773FF0120C0
S21402DA6008BD0020FCE700BFEB5800209E510020B6
S21402DA702DE9F74F00260AF0CAFEDFF8F890B24604
S21402DA8099F80070B3463A46DFF8EC801FFA80FE3B
S21402DA90B8F800C0344CAEEB0C039BB2019323786B
S21402DAA0324D009303EB830305EB4303ACEB0E0C02
S21402DAB05FFA86FEBE4515D3BAF1000F01D0009B71
S21402DAC02370BA422AD3002F37D00A222378C8F806
S21402DAD0000002FB03532648998803B0BDE8F04FC6
S21402DAE00AF04ABCB3F804E001998E4512D84FF00A
S21402DAF0010A009993F802E001310EF1FF3EC9B225
S21402DB00013AA3F804B083F802E00091D2B20A33D5
S21402DB100136CDE7E644A3F804E0F8E789F80020EA
S21402DB204AB10A222378C8F8000002FB03531048C1
S21402DB3099880AF021FC237813B903B0BDE8F08F68
S21402DB40FFF76AFF06460028F5D006F034FD0146C8
S21402DB50304607F025FB20B100212888FFF76EFF2C
S21402DB60E9E740F60241F8E7EB5800209E51002014
S21402DB70D8600020EC580020904D00202DE9F0419E
S21402DB8092F808801F4608F1FF33DBB2EF2B0546FA
S21402DB900E46144688B00BD982238DF80E303146D5
S21402DBA028469DF80E30204AFEF740F8012037E05E
S21402DBB00E22002104A8ECF7D9F8B4F809308DF843
S21402DBC01180ADF81230E37A03F07F02032A08D000
S21402DBD0012B24D103238DF81030A389ADF815301C
S21402DBE00EE0032B14BF022301238DF81030E368E6
S21402DBF0CDF815302369CDF81930237D8DF8143011
S21402DC00A7F121014A420DF10E034A410093214633
S21402DC100DF10F0304A8FDF737FC0028BFD1002042
S21402DC2008B0BDE8F08100BF18DB03002DE9F04F15
S21402DC3000241D7895B0CDE90201049223462246BF
S21402DC400120CDE90054404908F01EFCADF81E0044
S21402DC50F8B1A346264627460DF120090DF1380AEB
S21402DC60E8F792FF5FFA84F8404516D83A46022152
S21402DC70BDF81E00FFF7B4FC32460421BDF81E00B4
S21402DC80FFF7AEFCDDE903100022BDF81E30FDF7FB
S21402DC90CDFF012015B0BDE8F08F4A4640460AA9DE
S21402DCA0FDF7E4FB9DF8282022B12DB1013DEDB22F
S21402DCB00137FFB20134D3E7BBF1000FF8D199E880
S21402DCC003009DF829308AE803008DF84030BDF83D
S21402DCD02A30032A8DF841304FEA13238DF842305A
S21402DCE017BF032301238DF843309DF82C30DDF84F
S21402DCF03110DDF82D0014BF8DF84C308DF843300E
S21402DD0011AB03C302980CBF4FF00E084FF0150874
S21402DD1007F061FF0590BDF81E000AF05DFA05994E
S21402DD2000EB080399420BDB0123424651460DF1F4
S21402DD301E00F4F721F90028ABD10136F6B2B7E798
S21402DD404FF0010BB4E700BF5225040038B5054674
S21402DD500D4B0E481C88F4F7A7F9012D0CD10C4B7D
S21402DD601C88FA21614358B1884209D28408012CE2
S21402DD70204638BF012038BD022D08BF0224F0E736
S21402DD8002480AF0F9FAF2E79A510020C03D002054
S21402DD9098510020012208B5054B06481A7000214A
S21402DDA00AF0EAFABDE808400020FFF7CFBF00BF3E
S21402DDB003580020C03D00201E4B73B51A8802F19E
S21402DDC008039BB2012B02D81B4B1B7823B902B067
S21402DDD0BDE87040F4F77CB90024184B184D1C704F
S21402DDE0184B1C702B787BB14FF6FC73164E0093C3
S21402DDF0224623462146308808F013F94FF6FD7373
S21402DE002C70338001200FE0104B1046197807F073
S21402DE10C5F90028F6D10C4B1A884FF6FD739A42C4
S21402DE20F0D0012302202B7002B0BDE87040FFF74D
S21402DE308DBF00BF9C5100200358002006580020CA
S21402DE40045800200558002096510020075800204C
S21402DE50012808B50AD002280CD020B9084B187041
S21402DE600848F4F735F94FF0FF3008BDBDE8084022
S21402DE70FFF790BF0020BDE80840FFF767BF00BF6E
S21402DE8003580020C03D002002280CD859B1064A8B
S21402DE9013780133DBB21370044A12789A4202D81E
S21402DEA00220FFF7D5BF704705580020085800200B
S21402DEB038B5A0F61343012B04460D4615D80E4A74
S21402DEC013780133DBB213700C4A12789A420CD8DC
S21402DED04FF6FD720A4B00201988914201BF0022BC
S21402DEE01D80084B1A70FFF731FF29462046BDE811
S21402DEF0384004F090BD00BF0658002009580020A4
S21402DF00965100200458002000234FF6FD71054A62
S21402DF101370054A1370054A1180054A1370054AA4
S21402DF2013707047065800200558002096510020AE
S21402DF30045800200358002030B5094B02461B78CF
S21402DF4033B1084B084C19780023D8B2884201D363
S21402DF50FF2004E0013334F823509542F5D130BD5A
S21402DF60786100200B580020765100200022FF2105
S21402DF70044B05481A70054B1970054B1A78920027
S21402DF80EBF7F4BE0B5800207A5100200A58002006
S21402DF9078610020F7B58DF807100DF107010446E9
S21402DFA002F0EEFC234B1D78002D41D02046FFF7F1
S21402DFB0C3FF214EFF283178204B05D1204A107826
S21402DFC085422DD9451C1570884219D01C4A1B4D16
S21402DFD092F800C00022D7B2BC450CD92F4697F85B
S21402DFE003E00132864505F10405F4D102B203EBE3
S21402DFF08202D278FA7002B203EB8202D1703070DB
S21402E00002B203EB820123F82240FF228A709DF8B7
S21402E0100720FF2A02D003EB8203987003B0F0BDFC
S21402E0200A46104603EB8202D278FF2AF9D1CBE7E2
S21402E030FF20F3E7786100200A5800207A5100207A
S21402E0400B5800202DE9F843FFF776FFFF28044619
S21402E05069D04FF6FF72354F03B2DFF8DC80344EDC
S21402E06027F8232098F80050A54202D10020BDE8E8
S21402E070F883337820B28100A34207EB800090F841
S21402E08003E010D00023294A5FFA83F94D459446EF
S21402E09006D99CF803900133A14502F10402F3D19C
S21402E0A08CF803E001E086F800E0013DEDB22A1BA1
S21402E0B0D2B2043192003944EBF702FD88F80050E0
S21402E0C03378FF2B04D0A34224BF03F1FF3333700F
S21402E0D000214FF6FF70154BCAB2AA420CD300239A
S21402E0E04FF6FF71134ADCB2AC42BBD2013332F8B0
S21402E0F023008842F7D1B5E79A78A2420BD118805E
S21402E100DA78FF2A04D0A24224BF02F1FF32DA7084
S21402E11001310433E0E7FF2AF2D0A24224BF02F123
S21402E120FF329A70ECE72D20A1E700BF7A5100205B
S21402E1300A580020765100200B580020F8B51C4BD8
S21402E14005461B78084673B3FFF7F6FEFF2804461B
S21402E15029D02846FFF7F0FEFF2806D0154B164EAC
S21402E1601A780023D9B2914218D3FF212846FFF726
S21402E17011FFFF28014616D00546104F23B207EBC3
S21402E180830237F823009678FFF704FFA84208BFF9
S21402E190FF25FF2E214608D12846F8BD013316F882
S21402E1A023108142DED1FF25F6E73446E6E700BFBC
S21402E1B0786100200B580020785100207A51002008
S21402E1C02DE9F04180460E461F46002386B001A880
S21402E1D014469DF830508DF80330FEF7A7FCADF8D4
S21402E1E004802EB13368CDF806307368CDF80A3055
S21402E1F0384609F0D5FF0DF103034219214601A85E
S21402E20004F015FC9DF8033093B931464046E8F712
S21402E210AFFE0E4B1B785BB10B2C09D8FF21404694
S21402E220FFF7B8FE064605EB4404E4B2A54202D167
S21402E23006B0BDE8F0812946384608F0C8F83146EF
S21402E240FFF7A8FE02350646EDB2EFE7786100203A
S21402E25000232DE9F3470DF107028DF80730044637
S21402E2600E4602F078FB9DF80730054663B9204655
S21402E270FFF762FE04465EB1308809F0ADFF5FFA32
S21402E28080F8FF2C45D10025284602B0BDE8F0876D
S21402E290B046F6E701320C2AF5D02DB207EB85051B
S21402E2A0AD78FF2DF6D112F0FF0AECD04FEA4A0500
S21402E2B00235EDB2002EE7D0304605EB080108F035
S21402E2C04BF80028DFD1524641463088FFF788F9DE
S21402E2D00AF1FF3208F1010108F102093088D2B2D0
S21402E2E0C9B25FFA89F9FFF77BF924B207EB840417
S21402E2F0A478FF2CC8D023B2494637F823203088AA
S21402E30008F075F80028BED109F102095FFA89F90A
S21402E310EBE725460022014FBFE700BF7A510020F7
S21402E32008B5D7F7A1F9D6F74FFF00F077F9BDE8A1
S21402E3300840D7F7BDBD38B5044690F84410837838
S21402E340826CCB1A59425941D6F758FDE37893B1FD
S21402E350257985B900F0FAF80346A268218A04F105
S21402E3601C009C1A8C4236BF52182946D11ABDE8A8
S21402E370384000F0E2B838BD09B1D7F7BBB9D7F7D5
S21402E380CBB938B58388044603B3E3780088A1780E
S21402E39004F10C05A3B10023B1FA81F1E370490937
S21402E3A0FFF7EAFF4FF6FF72A388218993421CBF4C
S21402E3B003F1FF33A3802846BDE8384000F0BDB81D
S21402E3C00123E370FFF7D8FFE188F4E738BD10B504
S21402E3D0044681780088FFF7CFFF0123E37000230D
S21402E3E0A38010BD10B581780446B1FA81F1008889
S21402E3F04909FFF7C1FF0023E370A38010BDFFF7B2
S21402E400F1BF70B50446054600262B4655F8040BA8
S21402E41010B11B1B0C2B00DD70BD237C8680002BED
S21402E420F3D0637C13B1FFF7D2FFEEE7FFF7DAFF14
S21402E430EBE7FFF7E6BF70B5044605464FF6FF76F4
S21402E4402B4655F8040B10B11B1B0C2B00DD70BDC0
S21402E4508388B342F4D04FF4FA724FF6FF73114634
S21402E460D6F71EFDECE709B1D7F744B9D7F754B98A
S21402E47010B5044640611030D7F756FAA1686368B3
S21402E480B1FA81F1208849091BB9BDE81040FFF7AF
S21402E490EABFFFF7E8FFA168A088B1FA81F149094F
S21402E4A0F3E700F040B80346184613F8012B8A42F9
S21402E4B001D0002AF8D1704710B53B210446006807
S21402E4C0FFF7F1FF0022034603F8012B20682360C2
S21402E4D010BD50F8083C23B150F8041C30F80E0C5E
S21402E4E018477047084619B1FF21103002F061B98B
S21402E4F07047007800F0DF03552B07D0642807D05A
S21402E500663818BF4FF0FF30C0B270470120704720
S21402E5100320704718B12D280CBF01200220704737
S21402E52008B501F03AFD08B500F06DF8BDE8084000
S21402E53004F04BBA50E9023018470A460830FF2169
S21402E54002F02EB9FF21083002F03BB908B50AF0F6
S21402E550C0F9BDE8084008F0D9BE2DE9F0410446EE
S21402E56000274FF00C0E8F4202DB0020BDE8F08140
S21402E5702078904204D1002594F80780454502DBB6
S21402E58001370C34EFE70EFB05F6D4F808C00CEBA7
S21402E59006003CF806609E42E8D00135EEE7F0B58C
S21402E5A085B005460E461746D7F7FEF90446A0B1D3
S21402E5B031462846D7F7C6F983783A46002BA36831
S21402E5C031460293A378284601934FF00003009346
S21402E5D00CBF80234023E5F789F805B0F0BD08B5E7
S21402E5E01288D7F7E1F950B10279BDF80C309A4299
S21402E5F007D881680298EBF763FA002008BD8620E8
S21402E600FCE78920FAE7002004F05BBA08B504F0BC
S21402E610C0FA002814BF0320002008BD704708B5C2
S21402E62001F0A3FFFFF77CFE6420E0F70BF96420FD
S21402E630E0F7F8F801F09BFFD6F784FB08F0C0FA83
S21402E640F8E708B5FFF76CFF10B5C2780446022A51
S21402E65015D0806B98B1636B012A1B7B03D123B163
S21402E660FFF7C0FE03E0002BFAD0FFF7B0FE60789B
S21402E6704FF60272BDE810400621FFF790BF10BDAC
S21402E68010B50446406BD6F78FFC2046BDE8104016
S21402E690FFF7DABF10B50446406BD6F7A9FC204652
S21402E6A0BDE81040FFF7D0BF10B50446406BD6F762
S21402E6B0CDFC2046BDE81040FFF7C6BF10B50446A5
S21402E6C0002206214078FFF76AFFA378022B01D0CA
S21402E6D0FF2B04D12046BDE81040D7F72FBC10BD53
S21402E6E04FF60273994210B5044604D1806BC37884
S21402E6F063B1FFF76CFEE378022B02D02046FFF7E9
S21402E700A3FF2046BDE81040D7F718BCFFF76AFE05
S21402E710F1E70A2901D9FFF706BF704710B58278DC
S21402E720044603797AB90BB1D7F7BCFC2046D7F773
S21402E730E5FC03236078A4F86C305522BDE810404F
S21402E7401221FFF72CBF012B01D1D7F7ABFCA3791F
S21402E750012B02D12046D7F7D1FC0123EAE710B5F8
S21402E7608378044683B903790BB1D7F7B1FC204608
S21402E770D7F70AFD04236078A4F86C305522BDE86A
S21402E78010401221FFF70BBFB0F86C30022B0CD0F2
S21402E7900379032B01D1D7F785FCA379032B02D18A
S21402E7A02046D7F7ABFC0023E5E7D7F72FFDFAE7BD
S21402E7B0827883685AB9DB78002B14BF03230423BC
S21402E7C0A0F86C30552212214078FFF7E8BE1A797D
S21402E7D022B9DB78003B18BF0123F1E70223EFE7FB
S21402E7E07FB500239E6A0446B6F5804F0D460CD2CE
S21402E7F001A8D7F7B9FE039B5B0506D52946204636
S21402E800336C04B0BDE87040184704B070BD0023F6
S21402E8109B6AB3F5804F05D21B6BB3F5804F01D2CE
S21402E8209B6818474FF4817070471FB500239A6A99
S21402E830B2F5804F04D340F2011005B05DF804FB38
S21402E840126BB2F5804FF6D2012201A8CDE902334F
S21402E8508DF80420D7F788FE039BDB03EBD5029BDB
S21402E8601A0EE8D0012A03D1C3F307430A2BE2D9D2
S21402E87000239B6A1B6B1B6C9847DEE708B50AF001
S21402E880EFF9B0FA80F0400908BD134610B542B160
S21402E89003439B0707D10AF0DFF9B0FA80F040097C
S21402E8A010BD0120FCE70020FAE700230360704752
S21402E8B003680B600160704710B538B132B129B1F8
S21402E8C000230139D45C14B90023037010BD8B42B7
S21402E8D0FAD200F8014B0133F4E7034638B10020C0
S21402E8E0814204D01A5C02B970470130F8E77047DB
S21402E8F04FF0FF31FFF7F1BF70B50C4616460546DE
S21402E90060B15AB151B1FFF7F3FF844206D9211A1A
S21402E91032462844BDE87040FFF7CEBF70BDFEE722
S21402E920FEE700239A4200D1704710B550F8234004
S21402E93041F8234001339A42F8D110BDD8F774BA91
S21402E9401FB50B464FF0FF31FF248DF809000391E7
S21402E950009203A9002202A88DF80840D8F70CFB03
S21402E96010B9039804B010BD2046FBE74369426C19
S21402E970D91C143AB1FBF2F103EBC1000330B0FB31
S21402E980F2F00230704738B505460C46FFF7EEFF48
S21402E9906A6CE31D143AB3FBF2F3013304EBC304CF
S21402E9A002FB004038BD38B5054644692146FFF7EC
S21402E9B0EAFF6A6CE31D143AB3FBF2F3013304EB8D
S21402E9C0C304204438BDF7B507460E4600257C6CC6
S21402E9D0A819644280EA06031C4003D02C4620464F
S21402E9E003B0F0BDFB6B01225B6901A99847019B4E
S21402E9F00133F4D10435EAE770B505460C46D9F77B
S21402EA00CFFFEB6B2046BDE87040DB68184770B559
S21402EA100025044686B00562E369AB4202D8206A46
S21402EA2006B070BD666C2068E36B05225B6901A9BF
S21402EA3006FB0500984701A800F022FC00F045FC02
S21402EA4010B1236A013323620135E5E738B504467F
S21402EA50456C006804F1400305FB0101E06B00F021
S21402EA6041FC05462046FFF7D2FF284638BDF0B5E2
S21402EA700546002687B0EC69013CB44203D80C4632
S21402EA80204607B0F0BD01B14C1E6F6C2868EB6BD8
S21402EA9005225B6901A907FB0400984701A800F05C
S21402EAA0EFFB00F012FC0028EAD121460136E2E72D
S21402EAB0F0B504460D46466CE36B006887B0052247
S21402EAC05B6901A906FB0500984701A800F0D8FB80
S21402EAD000F0FBFB20B101A800F0A9FB07B0F0BDD7
S21402EAE029462046FFF7C3FF0646676C2068E36B9D
S21402EAF005225B6901A907FB0600984701A800F0FA
S21402EB0096FB431CEAD0B54238BF0130E6E72DE952
S21402EB10F0434FF6FF79D0F8248004460E46C845E7
S21402EB2014BF45460025002787B0E369BB4202D8DA
S21402EB3007B0BDE8F083E26B2368606CD2F814C0BD
S21402EB4000FB0530052201A9E04701A800F098FB6A
S21402EB50022806D0C8450CD1721C29462046FFF76B
S21402EB6075FFE3690135B5FBF3F2013703FB125576
S21402EB70DBE729462046FFF79BFFB0F1FF3F14BFB5
S21402EB80024632460132E8E70368F0B5CC1A436C17
S21402EB900646B4FBF3F4002587B0F36937685A1EBD
S21402EBA09542706C08D3706C336800FB043007B073
S21402EBB0BDE8F04000F094BB0134B4FBF3F203FB73
S21402EBC01244F36B05225B6901A900FB04709847A7
S21402EBD001A800F055FB00F078FB0028E3D10135D0
S21402EBE0DBE710B423F0030422449B070A44436C79
S21402EBF018BF04325B4281EA0204234203D05DF866
S21402EC00044BFFF7C1BF10465DF8044B70472DE971
S21402EC10F041D0E90A369E42044686B028D1142234
S21402EC20C369456802FB1355284606B0BDE8F08165
S21402EC302068676C331AB3FBF7F3E26B07FB03003B
S21402EC40D2F8148001A90522C04701A800F018FBDB
S21402EC50012804D0636C1D44013B3340ED1A314653
S21402EC602046FFF791FF0646A36AB342E0D1DBE7F0
S21402EC700025F9E708B508301346D1E90012D9F79E
S21402EC8015FE012008BD13B50C460021217600931F
S21402EC90616813462246D8F7EDF918B1E37D03B151
S21402ECA0A07EA075A07D02B010BD73B5164600F119
S21402ECB008050C46284609680DF1070200F098F987
S21402ECC0032E06D16368834203D12846216800F0EA
S21402ECD076F9012002B070BDD01E009B424242412E
S21402ECE0187E824211D11A688A420ED85A688A421F
S21402ECF00BD35A6901325A61D3E9030282423FBFFB
S21402ED00986840F8221001321A610120704710B547
S21402ED10032A029C07D1A26A5340626C52421342F3
S21402ED2001D100F04CF9012010BD08B5C3680020DF
S21402ED309847BDE80840D9F73BBE012814BF042017
S21402ED40022070B5002442431C70CC7D101D02F0D8
S21402ED5002024CB91AB1012220F003001A7000F127
S21402ED6008034868184470BD1AB1012220F0030057
S21402ED701A7000230C7E01F12005DAB2944201D803
S21402ED800020F0E735F833205E1C824206D901EBFC
S21402ED90C30300F10802D8691044E4E73346801A38
S21402EDA0EBE773B5054690F842601C4630460DF117
S21402EDB00303FFF7C2FFEB6B012E5B690DD13246F0
S21402EDC001A998479DF8033013B1BDF806300193A8
S21402EDD0BDF80430236002B070BD0122214602B0A5
S21402EDE0BDE870401847F0B5054600244868EB6B4E
S21402EDF087B00E4601225B69029402A90830984742
S21402EE00274695F84230012B40F0AC80632C00F286
S21402EE10AB80612C08D805AB224631462846FFF760
S21402EE20C0FF9DF814305BB3224605AB3146284638
S21402EE308DF81070FFF7B5FF95F84220059B012A62
S21402EE407FD14FF6FF72934256D0082205A904A836
S21402EE5000F062FA059B9DF81010C3F30722914258
S21402EE604AD1DBB2029A1A44029245E0DCD005ABE4
S21402EE70224631462846FFF794FFBDF81430D2E703
S21402EE8095F84230012B39D1612C2ED822463146D4
S21402EE90284603ABFFF785FF3146284604AB621CC3
S21402EEA0FFF77FFF3146284605ABA21CFFF779FF26
S21402EEB0102208230DEB02010DF107008DF8073032
S21402EEC000F02AFA102205A90DF1070000F024FA34
S21402EED0039BDAB24AB99DF80720B2EB132F04D18E
S21402EEE0DDE9043203EB0243029395F84230012B2C
S21402EEF014BF012302231C44013482E7302CF4D8C9
S21402EF0022463146284603ABFFF74BFF31462846DA
S21402EF1004AB621CFFF745FF102320220DEB030112
S21402EF200DF107008DF8073000F0F6F9039B9AB250
S21402EF30002ADAD19DF80720B2EB134FD5D1049BF5
S21402EF40D2E70133D8D0102205A90DEB020000F05B
S21402EF50E3F9059B9DF81010C3F307429142CBD10B
S21402EF609BB27FE7312C81D9029807B0F0BD13B56A
S21402EF7000240194049C0094D8F76EFD02B010BDE4
S21402EF8013B501240194049C0094D8F765FD02B0E1
S21402EF9010BD00234FF0FF3230B544689C4202D1C8
S21402EFA00023037230BD016801EBC30541F833202C
S21402EFB06A600133F2E7C0E90012FFF7EABF0023F6
S21402EFC070B545689D4210D0046854F8332004EBAF
S21402EFD0C306B2F1FF3F09D0C2F31302914205D134
S21402EFE04FF0FF3244F83320726070BD0133E9E718
S21402EFF00023F0B545689D4202D14FF0FF300EE087
S21402F0000468DE0054F83340671C09D0C4F31307C3
S21402F010B94205D1240D1470036833445868F0BD14
S21402F0200133E8E7704770B59400224605460E465F
S21402F03009F012FE431C0AD058B922463146284629
S21402F040EAF7E6FE002814BF3D20002070BD6E20C1
S21402F050FCE77120FAE713B5044601A8DAF738FB95
S21402F0609DF8063023804FF480736380DAF73EFB08
S21402F0706060002002B010BDDAF7AEBA08B5DAF763
S21402F0809FFA002008BD10B5044644EA010313F0B7
S21402F0900303084609D1934201D1002010BD54F85B
S21402F0A0231040F823100133F5E721469200EAF7D1
S21402F0B0FBFFF2E710B5044609F0D2FD431C10D060
S21402F0C088B9DAF713FB234620F00300204498425F
S21402F0D001D1002010BD53F8042B0132F7D03E2098
S21402F0E0F8E76E20F6E77120F4E7704713B50023C1
S21402F0F0044601461B220DF107008DF8073000F08A
S21402F1000BF922689DF80730B3EBD26F0CBF0120D3
S21402F110002002B010BD13B500230446014620228B
S21402F1200DF107008DF8073000F0F6F80DF1070034
S21402F1301A22211D00F0F0F862689DF80730B3EB42
S21402F140926F0CBF0120002002B010BD0068431C65
S21402F150584258417047006810F07E0F0CBFC0F34B
S21402F160C160002070470068C0F3D3107047006883
S21402F17000F07E00B0FA80F040097047036813F092
S21402F1807E0F14BF042008207047036813F07E0F1A
S21402F19003D1406820F07C40704713F078001CBF13
S21402F1A003F07F03D81F7047006800F07F007047A7
S21402F1B0032809D0022803D1C1F10201C8B2704760
S21402F1C000290CBF07200020704737B5054601F11D
S21402F1D00C0443696946012220469847BDF8003070
S21402F1E0012201932046AB6901A9984703B030BDBE
S21402F1F037B501F10C0443690122694605462046EB
S21402F20098474FF6FF72009B99B291420DD16FF369
S21402F2100F0343F4254343F0A5030193012220463E
S21402F220AB6901A9984703B030BD0020FBE737B5AC
S21402F230044600251B22011D0DF107008DF807501C
S21402F24000F06AF860689DF80720B2EBD06F03D131
S21402F25020F0784003B030BD0DF107001B2204F108
S21402F26008018DF8075000F057F8A0689DF807309F
S21402F270B3EBD06F01D1C043EAE74FF0FF30E9E7C6
S21402F2804BF29A22036810B5B2EB134F044613D121
S21402F2909BB2012B13D1FFF7CAFF01300CD04FF6F9
S21402F2A0FF72E068B2EB104F4FEA104309D180B20A
S21402F2B0C01A18BF012010BD2368013303D00420F2
S21402F2C0F9E70220F7E70320F5E701288CBF0020C4
S21402F2D001207047033801288CBF002001207047A8
S21402F2E0143070472DE9F0410546984603690846F2
S21402F2F00E4617469847044638B943463A463146BC
S21402F3002846D9F7C5FB044618B131462846FFF70A
S21402F3105CFF2046BDE8F0811F2A0B689EBF4FF0B7
S21402F320FF3191408B43590801F055315B1A03F0C7
S21402F33033319B0803F033330B44017803EB13138A
S21402F3400A444FF0013103F00F334B43A2EB136232
S21402F3500270704708B507F0DBFABDE808400021E6
S21402F360D9F7A0BC02210320D9F79ABE704770478E
S21402F3707047704770B5054614460E4609F04FF9B9
S21402F3802B685C4034405C402C60BDE8704009F05D
S21402F39041B94FF050234FF400321A6770474FF0CE
S21402F3A0B0435A6812B19A6A002AFAD1704770B509
S21402F3B0054614460E4609F032F92B685C40344086
S21402F3C05C402C60BDE8704009F024B90122417807
S21402F3D003788A4030214B4342F2100103F1A043E6
S21402F3E003F570335A50704730B50022044600F0D9
S21402F3F0FC05A31803F00303581921FA00F3DB07F0
S21402F40004D50132042AF4D14FF0FF3030BD00207B
S21402F4107047002070470020704700207047012088
S21402F4207047012070470F207047EBF785BC00231A
S21402F43007B5CDE90033012369464FF0FF308DF85A
S21402F440023004F06DFB03B05DF804FB0020704749
S21402F45010B508B9212010BD0029FBD0036813F0AF
S21402F460704205D1C3F30E030B607BB10020F2E7B6
S21402F47003F05044B4F1004F05D0B2F1304F02D041
S21402F480B2F1404FE6D103F07F03EDE74368002B6D
S21402F490E0D00B60EAE737B50C46054610B92120E6
S21402F4A003B030BD0029FAD0002301A90193FFF76B
S21402F4B0CFFF0028F3D12968019A11F0704102F1BA
S21402F4C0030222F0030201D12260E9E7AD68B1F13E
S21402F4D0004FC5F38033C5F3403504D103EB450333
S21402F4E053432360DCE7B1F1204F01D12B44F7E709
S21402F4F0B1F1304FFAD0B1F1404FF7D0CFE737B580
S21402F5000C460546002800F08880002900F0858019
S21402F51000230B60036803F070430B60C26822B1DD
S21402F520032A7AD143F080630B60AB689A014AD40F
S21402F53003F08073EA680AB9002B6ED1226822F0C3
S21402F540407213432360EA68032A05D12A69F62A21
S21402F55063D962F317432360AB681B0442BF236878
S21402F56043F400432360EB68032B1FBF23682A681B
S21402F57062F30E0323602B68AA68002B2BDB12F4BF
S21402F580C84F4AD12B6803F0704303F10043B3F12E
S21402F590804F05D2530542BF236843F4806323603D
S21402F5A00023284601A90193FFF752FF002834D111
S21402F5B02B6813F070421FD12368019A62F30E0380
S21402F5C0236003B030BD03F04073B3F1407F18BF31
S21402F5D04FF00073AEE7500402F4005105D4E1B1D7
S21402F5E0236843F400532360CCE7236843F4804344
S21402F5F023600029C6D0F3E703F05043B3F1004F6F
S21402F60005D0B2F1304F02D0B2F1404F05D1019B86
S21402F6105A1E236862F30603D2E72120D1E738B1E7
S21402F62031B101234B604FF0005300208B607047CE
S21402F6302120704737B50C46054608B9212017E049
S21402F6400029FBD001234B60C368ABB901A9019323
S21402F650FFF721FF0028F1D1019B6A699A4209D37C
S21402F6602A69002AEAD0226043F000530020A360F1
S21402F67003B030BD1D20FBE7032BDFD10023F5E7E7
S21402F680436813B9416070475B685A68012AFBD128
S21402F69059607047FFF7DABE08B5FFF7D7FE0028B5
S21402F6A014BF6FF09200002008BD1346428870B562
S21402F6B00732072A0C464FEAD20101D0A14222D1D4
S21402F6C046680588202218460021EAF74FFB360ACC
S21402F6D00346DEB9BCB141F20102954205D0B5F54A
S21402F6E0885F02D0B5F5905F02D100205C6070BDE5
S21402F6F0B5F5105F0DD1182C03D0202C01D0102C9C
S21402F70001D11C60F1E76FF08600F0E76FF08B0026
S21402F710EDE76FF08500EAE7F0B51C46436806465B
S21402F7201B0A0F46154689B035D122462946FFF7F1
S21402F730BCFF68B9EB1C23F00303C4E9030763614B
S21402F74045B9202200212046EAF710FB6FF086001A
S21402F75009B0F0BD014620226846EAF707FB2946B3
S21402F7606A463046FFF7A1FFDDE90065DDE90623BC
S21402F77002990028E5D12768B742E2D16668AE4210
S21402F780DFD1A5688D42DCD1A1699142D9D1E26967
S21402F7909A42DDD0D5E76FF08B00D9E7DAF7E2BA06
S21402F7A0DAF7F2BB70470020704700207047C36844
S21402F7B01944836853F8210030F8023B13607047FF
S21402F7C0012310B580F888300378044653B100F060
S21402F7D05BFA21462046DAF7C7FC2046BDE8104011
S21402F7E000F047BA10BD38B50D460446DAF7A4FC59
S21402F7F06B682046C4F8B032A96800F098F94FF05A
S21402F800FF332046C4F8B432FFF7CDFF38BDD0F838
S21402F810B43210B50133044601D0002010BD00F00A
S21402F820C1FAC4F8B4020130F7D194F8B80280F0F5
S21402F8300100F3E708B5DAF7BBFC08BD0A78013821
S21402F8402D2A0ABF012200228918DAF70DBD0728E1
S21402F8501BD8DFE800F0060A0D1013150417012066
S21402F860704700220820DAF7FFBC00221020FAE7D1
S21402F87000222020F7E70820FFF7E0BF1020FBE772
S21402F8802020F9E70846DAF751BD002070472DE937
S21402F890F74307280C46DDE90A7690461D4608D847
S21402F8A0013806280AD8DFE800F01D27303A445708
S21402F8B04A00212850D003B0BDE8F083002220463B
S21402F8C01146EAF71FFA3368C0B205EB83013A68BD
S21402F8D045F82300013348F8221033603B680133B1
S21402F8E03B60E8E7002220461146EAF70BFA336847
S21402F8F080B205EB8301EAE7002220461146EAF7CA
S21402F90001FA336805EB8301E1E70022204611463F
S21402F910EAF7E8FC336840B205EB8301D7E700223A
S21402F92020461146EAF7DEFC336800B205EB830197
S21402F930CDE7002220461146EAF7D4FCE1E7002391
S21402F94089461E461D468DF8063019F8013F7D2B66
S21402F95006D125702D0A65703B6848F82340BDE73E
S21402F960202BF2D006F00102013612B98DF80430CF
S21402F970EBE71022002101A88DF80530EAF7B2FC69
S21402F980631901359870ADB2DFE72DE9F04F9B465B
S21402F990002385B08B45814688469246CDE90233E0
S21402F9A06DDC1E461A4619F80340212C0AD81F2C75
S21402F9B005D8103C072C98BF46F0010600E001224D
S21402F9C00133F0E7FF2CFBD15B4432B1013B4345E8
S21402F9D051DD2B2005B0BDE8F08F4EB1013B43450B
S21402F9E0F7DC164635463746454504DB0020F1E788
S21402F9F09845F7D0EDE75D453BDB19F80730202B3D
S21402FA0018D109EB07035B78FF2BE2D1CEB920466B
S21402FA105AF82510FFF71BFF98B303AB019302AB0E
S21402FA2000932046DDE90E235AF82510FFF72FFF34
S21402FA300135D9E7212B0ED109EB07035B78FF2BA3
S21402FA40C7D1029B5AF825200E99012641F8232099
S21402FA5001330293ECE7A3F11004072C02D91C46EB
S21402FA600137D3E709EB07035B78FF2BB1D1E4B28A
S21402FA70CCE70624CAE700252F462E46B4E7212007
S21402FA80A8E72620A6E72DE9F04F07460E461546BC
S21402FA909846044685B0DDF84490DDE90FAB206851
S21402FAA008B3DAF80020D8F800108A421BDA0E9B58
S21402FAB053F82210D7F7ECF848BBDAF800200132E8
S21402FAC0CAF800206268117BFE291BD10E9B1068C3
S21402FAD0012100932A464346CDE902B9CDF804A097
S21402FAE0FFF7D1FF04462B7843B999F800302BB9BB
S21402FAF07EB101233C4689F800302B70204605B0C3
S21402FB00BDE8F08F01238BF800302B70EBE70C3446
S21402FB10C5E73446F2E710B50446236803B910BDBC
S21402FB20237A13B92046DAF737FC0C34F5E710B51A
S21402FB3041B10A7932B901249C300C71FEF7B8FE45
S21402FB40204610BD0020FCE72DE9F041BAB005467C
S21402FB500AAA084603A900F062F90446B0B90DF1F4
S21402FB600A0301930DF10B038DF80A0000930AAA0B
S21402FB70284604AB03A9DAF7B7FD9DF80A20B2B10E
S21402FB8058B19DF80B302BB1DAF706FC20463AB096
S21402FB90BDE8F081FFF7BFFFF8E7D5F89C50002DCF
S21402FBA0F4D0A86808B1FFF7B6FF2D68F7E710B3E0
S21402FBB046681AAB06F10C070DF1A8080193384601
S21402FBC0049B0399CDF800800AAAFFF7DEFE0446DE
S21402FBD00028DBD1039B05A8CDE90638049B0595D2
S21402FBE0CDE90837DCF73AF805A83368984705A840
S21402FBF000F03EFDCAE72D24C8E710B50446AC3037
S21402FC00E9F730FF04F1AB031A180020934200D143
S21402FC1010BD13F8011F0029FAD00A2908BF0130C7
S21402FC20F4E770B50023012400F1AC06D0F8AC521C
S21402FC30AC420FD3AC30B3F5007F10D3012070BDB9
S21402FC400D6801350D60156801351560F55C0133E8
S21402FC500A2D02D0B3F5007FF2D30134E6E7C15C89
S21402FC600A29EBD00029E9D011680133013111606D
S21402FC70E1E710B50021D0F88C200446EAF776F8C2
S21402FC800023C4E9243310BD73B5044600F1AC0565
S21402FC9080212046FEF721FE4FF4007106462846D4
S21402FCA0FEF71BFE0136C0F50070864220461FD8BE
S21402FCB0E9F7D8FE06462846E9F7D4FE0136294675
S21402FCC0421CA819E9F7FCFE2046E9F7CBFE2146BE
S21402FCD002462846EAF7E8F92046E9F7C3FE0A2371
S21402FCE0204480F8AC300023C4F8AC3202B070BDB9
S21402FCF0FFF783FF0023C4F8AC02CDE9003338B126
S21402FD0094F8AC3023B16946204601AAFFF789FF72
S21402FD100022009B234483F8AC20B9E74B1C73B542
S21402FD20044619D1D0F8AC3213B1013BC4F8AC3258
S21402FD3000252046E9F796FEA84217D82046FFF788
S21402FD4098FFD4F8AC322BB10023CDE9003394F8F7
S21402FD50AC30B3B902B070BD0129FBD1FFF74DFF3D
S21402FD60D4F8AC328342F5D20133DFE7082000F044
S21402FD7028F8202000F025F8082000F022F80135A7
S21402FD80D7E76946204601AAFFF74BFF009D04F11C
S21402FD90AC06019BAB42DDD9715D2046DAF7C4FDA5
S21402FDA00135F6E707B500200DF1070100F0E7F888
S21402FDB020B99DF8070003B05DF804FB4FF0FF3052
S21402FDC0F9E710B5C1B20446002000F0C8F80028D2
S21402FDD00CBF20464FF0FF3010BD0FB407B504AA83
S21402FDE052F8041B00200192DAF73AFF002003B013
S21402FDF05DF804EB04B0704710B54C1C0B460119B5
S21402FE00045D222C03D07B2C01D05C2C05D1D21AA7
S21402FE101844E9F755FE012010BD0020FCE72DE945
S21402FE20F047054691468846E9F71CFE2A460646EE
S21402FE301346197801322029FAD0C9F800305C1B23
S21402FE4001236FF0404AC8F80030A64201D80020CD
S21402FE5014E02F5D29197B2F12D0222F2ED1D8F82D
S21402FE600030621C53442A4449F82320012C09D945
S21402FE7011F8013C13F0DF0F04D02120BDE8F08713
S21402FE807D27F3E701342B5DBB4209D12B195B7842
S21402FE9013F0DF03F1D1222F00D12B550134D4E722
S21402FEA05C2B07D1324621462846FFF7A5FF0028DD
S21402FEB0E3D0013E0134A642E5D8DEE75C2F08D146
S21402FEC0324621462846FFF797FF0028D5D0013E46
S21402FED0E4E7202FE2D10022631CB3422A55DDD28A
S21402FEE0EA18EB5C202BD9D0D8F800300F2B05DCB3
S21402FEF049F823200133C8F80030CFE71E20BDE7BB
S21402FF0000F000B800207047D6F7B0BE70B50C46B9
S21402FF10154610B9DAF798FE38B143682BB12A466F
S21402FF202146BDE8704000681847232070BDF7B52B
S21402FF300D4616461C4638B9DAF786FE04B901ACF9
S21402FF4020B9232003B0F0BD03B901ACC768002F67
S21402FF50F7D02346324629460068B847F2E707B587
S21402FF6001228DF807100DF10701FFF7CFFF03B04E
S21402FF705DF804FB0B4601461846FFF7F0BF002368
S21402FF800122FFF7D4BF08B508F041FCFA23B0FB04
S21402FF90F3F080B208BD0420704740F20160DAF741
S21402FFA049BF7047012070470020704749BA89B29E
S21402FFB080EA0103C3F303125340180380B2584089
S21402FFC05B0103F4FF535840704708B5DBF700FBAC
S21402FFD058B1A0F15903042B06D8042B04D8DFE845
S21402FFE003F00404040304005C2008BDDBF748BCED
S21402FFF07047F8B50C468D18073552421540A5F1E4
S21403000008070646384600F0DEF9A188381B6288E2
S21403001001EBE00189B2A2EBE00225F8041C25F807
S214030020062CA288C310AAB1A4EBC202B2F802C07F
S214030030D18003EB0C015180E28892B1D31A9BB2B4
S21403004004EBC20425F8023CA380B3680344B36000
S2140300503846F8BD15F8082C42F0020205F8082CBD
S214030060EAE725F8022CF0E72DE9F04F4FF00008F9
S21403007087B09946531C109B0546174614BF144673
S2140300800824CDF81480002B00F0C480C3F8008049
S214030090002900F0C18042688A4240F2BD800731E1
S2140300A021F0070608F0C8FA05AACDE900828246C1
S2140300B03A464B463146284600F089F9059F834663
S2140300C007B130B9504608F0B2FA192007B0BDE8B8
S2140300D0F08FB7F8028029694FEAC802C0EBC80858
S2140300E00139B8F1270F296179D9B9F1000F50D139
S2140300F0864206F1080847D0224639462846FFF7C7
S21403010078FF04460590A044404600F05CF9059944
S21403011006F10F004A88C308A2EBD002A8F8022013
S214030120CA88A8F80430002A30D0D31A9BB201EB51
S214030130C202A8F8063093808B88F608A380B8F826
S21403014004303A46E380414600232846668000F0A2
S214030150A5F9AB680833AB60237843F0010323703B
S2140301602B6901332B616288AB68504603EBC203ED
S214030170EA68AB60934288BFEB6008F058FA109BBE
S214030180083400201C60A1E73C46BCE7A8F806201C
S214030190D2E707EB08042046039200F014F90BF1AC
S2140301A00703DB080599638008F10703DB08A380D0
S2140301B0CB8893B1DB00039AD81D821A5A44C2F344
S2140301C0CF020B44E2809A80A38808F1FF384FEAF7
S2140301D0D808A1F80280CB80BBE7E380F4E7B9F147
S2140301E0010F1BD107F10803B3FBF4F204FB123330
S2140301F0B3B1224639462846FFF7FBFE044623786A
S2140302003A4643F00103237021460123284600F0B3
S21403021045F9A8E7222059E7212057E78642E8D187
S2140302203C46ECE707B500224FF0FF3101AB0192E5
S214030230DAF784FF019803B05DF804FB2DE9F74F66
S21403024004460D46002900F0AB80D0E9056808F0A7
S214030250F3F915F8082C35F8067CD307019000D57A
S21403026037B9019808F0E3F9012003B0BDE8F08F31
S214030270A368D4F810A035F8049CA3EBC70E0AF1C4
S2140302800103A5F1080C791CC4F808E02361B9F151
S214030290000F7BD0ACEBC90393F800B002F0020268
S2140302A01BF0010F67D1002A66D1B3F80290DA88F3
S2140302B0A2EB0902012A69D1B91CAEF1080249442E
S2140302C0C4F810A0A26035F802ECBEF1000F61D0AE
S2140302D0D4E900200CEBCE0A02EB0009CA4559D23A
S2140302E01CF83EC052461CF0010C15D1AEEB0707B6
S2140302F0012F11D1BAF80270AAF802C001373944A7
S214030300BAF80670002F43D00AEBC7022769013FED
S2140303102761A768083FA76015F8087C013927F00E
S214030320010705F8087C002725F8067C598019780C
S21403033067F3000119707AB3C3F107011144C1F3DF
S214030340CF01D98091804EB3B34227D37288002A57
S21403035008BF1E46B8F1000F06D0434504D8B8F8C8
S2140303600220002A18BF43460198C4E9056308F033
S2140303705EF9002079E74AB115F8082C494422F0C3
S214030380020205F8082C00229A809CE763469AE747
S2140303903A46BBE70022BFE7DA80D4E71E46D9E732
S2140303A0222062E710B50446DAF7E0FE2146BDE8F0
S2140303B01040FFF743BFFFF7F5BF0846FFF732BF0E
S2140303C00846FFF7F8BF0023036043607047F0B5A5
S2140303D0D0E90554561C08BF0822002B4FF0000036
S2140303E008BF2C46069F3860002C38D09DF8146052
S2140303F06588F60006EBC505C2F1000C2078C00739
S21403040008D523BBE08898B104EBC004658806EBE7
S214030410C505F3E78D42F4D35BB904F10800B0FBDE
S214030420F2FE02FB1E00C0B10844A842EAD83C60B4
S214030430F0BD082A11D06088013004EBC000A0EBA1
S214030440010E0EEA0C0EA0EB0E008542EFD2A0883A
S2140304500028EDD0A4EBC004D8E70846E7E720461B
S214030460E6E703460069C0B10AB951B91A681046EF
S2140304700378DB0711D531B9C3885BB100EBC30042
S214030480F6E79A69F3E7012904D1838823B1A0EB41
S214030490C300EDE700207047184670472DE9F0418A
S2140304A0D0E90554074688461646ABB1954200D0B8
S2140304B00ABB424600213846FFF7D3FFB44205463F
S2140304C000D02EB9424601213846FFF7CAFF04463C
S2140304D0C7E90554BDE8F081954208D08D4228BF90
S2140304E00D46B44205D0444538BF4446F0E70D46B2
S2140304F0F7E74446ECE79442EAD1E3E770B5002613
S2140305001C46C3E90001C3E90266C3E905001E6190
S2140305101A775E62FFF757FF23690139C90801336B
S21403052041802361A36830460833A360E368083339
S214030530E36070BD002307B5684600938DF804306A
S214030540D8F79EFF03B05DF804FB10B508F067F814
S214030550044606F06FFA2046BDE8104008F05AB885
S21403056070474FF4C870DAF761BEDAF713BF00F0CE
S2140305701CB87047704708B503F011F903F019F972
S21403058003F020F903F02FF9BDE8084003F03EB965
S214030590704708B503F0FEF803F0FDF803F0FCF827
S2140305A003F0FCF8FFF7F4FF08BD08B503F02FF9D6
S2140305B003F02EF903F02EF9BDE8084003F031B935
S2140305C07047012070472DE9F34112F001050446F8
S2140305D0884622D110F0030525D12F465208BA4289
S2140305E009D1D8F7EDFF0026B74204EB860008D101
S2140305F0D8F7F2FF11E054F8273001330CD1013756
S214030600EDE7042258F826300DEB0201019308F0BB
S21403061023FB30B1D8F7E0FF3D25284602B0BDE8FE
S214030620F0810136E0E70125F7E77047B0F1006F88
S2140306300FD300F07843B3F1006F0CD000F06040A6
S214030640B0F1404F09D0B0F1604F14BF042003202F
S2140306507047002070470120704702207047002033
S21403066070471AB111B180B2DBF70AB9212070477F
S21403067001F068BEE4F718B8FFF78FBCD0E9023282
S21403068053F8223000211878E3F700BD704702F0D4
S2140306909CB901F0ECBDC3688268013BDBB252F83B
S2140306A023305B78652B02D10020E5F727BF6E2B3E
S2140306B001D10120F9E7662B01D10220F5E7704747
S2140306C010B5D0E90232044653F82230187802F007
S2140306D056FAE368A268013352F82330BDE81040A7
S2140306E0187802F04ABA10B50446C0B2DCF780FAAE
S2140306F0200ABDE81040DCF77BBAD0E9023253F893
S21403070022301878DCF77CBB02F0F1B9E4F7EABBD9
S21403071008B501F0CAFEBDE80840E5F7DDBDD0E93F
S214030720023253F82230186801F0BDBE0020E5F708
S214030730D9BE0120E5F7D6BE0221DCF7F7BA0321BE
S214030740DCF7F4BA0521DCF7F1BA08B501460C204C
S214030750DCF7C8FABDE80840DCF756BA08B5014628
S2140307600020DCF7BFFABDE80840DCF74DBA07B552
S214030770C2688368043253F8223001211B880DF1C6
S2140307800602ADF806300023DDF754F803B05DF833
S21403079004FB08B508F04FF8BDE80840F2F762B866
S2140307A010B51446DDF766FB2146BDE8104007F09A
S2140307B0E3BD08B5DDF75EFBBDE80840002107F0A2
S2140307C0DBBD08B5DDF756FBBDE80840F1F780BC96
S2140307D008B5DDF74FFBBDE8084008F095B970474C
S2140307E0704708B508F027F8FFF7FAFF03F07CF820
S2140307F0BDE80840DDF78CBB704701207047012039
S214030800704708B5DDF720FC00280CBF0420012044
S21403081008BD70472DE9F34104460D4616461F46AC
S214030820DDF8208008F0A2F83B46324629462046EB
S214030830CDF8008003F05AF83B4632462946204658
S214030840CDF80080FFF7E5FF02B0BDE8F04101F008
S21403085079BD2DE9FF4704460D4616461F46BDF8EB
S21403086030809DF83490DDF838A008F07FF83B46DA
S214030870324629462046CDE9019ACDF8008001F09C
S21403088032F804B0BDE8F04701F05CBD704708B528
S21403089008F06CF803F02DF8FFF7F8FFBDE8084002
S2140308A001F050BD012070472DE9F74304460D467D
S2140308B016461F469DF8289008F058F83B463246E1
S2140308C029462046CDF80090FFF7ECFF80463B46CE
S2140308D0324629462046CDF8009003F00BF801F087
S2140308E031FD404603B0BDE8F083012070472DE993
S2140308F0F74304460D4616461F469DF8289008F013
S21403090035F83B46324629462046CDF80090FFF799
S214030910ECFF80463B46324629462046CDF80090FB
S21403092002F0E9FF01F00EFD404603B0BDE8F08398
S214030930F8B504460D4616461F4608F017F83B461C
S21403094032462946204602F0D7FFBDE8F84001F0BC
S214030950F9BC00207047F8B504460D46164608F065
S21403096005F8324629462046FFF7F3FF0746324688
S2140309702946204602F0C1FF01F0E4FC3846F8BDE4
S21403098038B504460D4607F0F1FF2946204602F027
S214030990B5FFBDE8384001F0D5BC704710B5044636
S2140309A007F0E4FF204602F0AAFF2046FFF7F5FF14
S2140309B0BDE8104001F0C6BC704738B504460D4686
S2140309C007F0D4FF2946204602F0ABFF294620460F
S2140309D0FFF7F2FFBDE8384001F0B4BC704770B5CE
S2140309E004460D46164607F0C1FF32462946204602
S2140309F002F099FF324629462046FFF7EFFFBDE88F
S214030A00704001F09FBC704738B504460D4607F0AA
S214030A10ADFF2946204602F088FF29462046FFF709
S214030A20F2FFBDE8384001F08DBC704738B5054687
S214030A3007F09CFF284600F023FF0446014628469D
S214030A4001F0C1FF01F07EFC204638BD38B50446F0
S214030A500D4602F06CFF29462046FFF7E6FF38BD39
S214030A60704738B5054607F081FF2846E3F7C8FD0B
S214030A7004460146284601F0A4FF01F063FC204625
S214030A8038BD38B504460D4602F052FF29462046C7
S214030A90FFF7E6FF38BD704710B5044607F066FF5C
S214030AA0204602F046FF2046FFF7F5FFBDE810405C
S214030AB001F048BC704738B504460D4607F056FFAC
S214030AC02946204602F037FF29462046FFF7F2FF65
S214030AD0BDE8384001F036BC704770B504460D4695
S214030AE0164607F043FF32462946204602F024FF07
S214030AF0324629462046FFF7EFFFBDE8704001F077
S214030B0021BC704738B504460D4607F02FFF29462B
S214030B10204602F012FF29462046FFF7F2FFBDE803
S214030B20384001F00FBC704738B504460D4607F051
S214030B301DFF2946204602F001FF29462046FFF7FF
S214030B40F2FFBDE8384001F0FDBB704710B5044620
S214030B5007F00CFF204602F0F2FE2046FFF7F5FFF3
S214030B60BDE8104001F0EEBB704710B5044607F031
S214030B70FDFE204602F0E4FE2046FFF7F5FFBDE843
S214030B80104001F0DFBB7047704770B504460D4652
S214030B90164607F0EBFE32462946204602F0D3FE01
S214030BA0324629462046FFF7EFFFBDE8704001F0C6
S214030BB0C9BB704710B5044607F0D8FE204602F0BE
S214030BC0C3FE2046FFF7F5FFBDE8104001F0BABBB1
S214030BD0704738B504460D4607F0C8FE294620463A
S214030BE002F0B3FE29462046FFF7F2FFBDE8384081
S214030BF001F0A8BB704770B504460D46164607F0CD
S214030C00B5FE32462946204602F0A1FE3246294664
S214030C102046FFF7EFFFBDE8704001F093BB704737
S214030C202DE9F34104460D4616461F46DDF820809F
S214030C3007F09CFE3B46324629462046CDF8008008
S214030C4002F086FE3B46324629462046CDF8008013
S214030C50FFF7E5FF02B0BDE8F04101F073BB0E20DD
S214030C6070470E20704738B5044607F07FFE2046CF
S214030C70FFF7F7FF0546204602F06BFE2046FFF718
S214030C80EEFF01F05FFB284638BD002070470020CA
S214030C90704738B5044607F069FE2046FFF7F7FFAE
S214030CA00546204602F056FE2046FFF7EEFF01F00B
S214030CB049FB284638BD704708B507F057FE02F0D3
S214030CC04AFEFFF7F8FFBDE8084001F03BBB0020F3
S214030CD070477047704708B5DDF788FA00280CBFE1
S214030CE00420012008BD70470B6810B5DA7B2AB9CB
S214030CF0DC7C1CB9DDF79EFA204610BD8120FCE79C
S214030D0008B5DDF7AFFABDE80840DDF7B9BA7047B6
S214030D10DDF7A8BADDF7B4BA082808D84FF48B7302
S214030D20C34013F0010F0CBF212000207047212081
S214030D3070470121DDF78ABB0221DDF787BB04215B
S214030D40DDF784BB0821DDF781BB1021DDF77EBB11
S214030D5008B500F026F808B1002008BDDDF7C2FB91
S214030D600028F9D1DDF7D0FB0120F6E7152808B5F2
S214030D7003D1BDE80840DDF7BBBB01F09CFE60B9BC
S214030D80E3F732F8032806D100F009F828B9BDE8DE
S214030D900840FFF7DDBF0028EBD008BD70470020F2
S214030DA070470020704708B5DDF754FDFA23B0FB03
S214030DB0F3F008BD0321DDF78FBD01207047D0E9AE
S214030DC0023253F822301878DDF790BF086810B562
S214030DD0C37B2BB9C47C1CB9DDF7B8FF204610BD16
S214030DE08120FCE7D0E9023253F822301878DDF789
S214030DF0EFBF704730B50546044615F8100B85B0AF
S214030E00029565691D44CDE900250B46A21D618840
S214030E1001F033FE05B030BD704710B492F80A41B6
S214030E2092F8053103EB04230B8100235DF8044B92
S214030E301A4601F020BE1FB50446084671B1217854
S214030E40FF290BD0238B029363690193237C0093C2
S214030E506288A31DE3F7F0FBFF23237004B010BDE5
S214030E600868C37B73B9C37C032B0BD8DFE803F096
S214030E7002080406DEF7A4BADEF7D4BADEF704BB2C
S214030E80DEF7B2BA8120704770477047002070477C
S214030E90137810B5032B0CD15479CBB29C4208D1EE
S214030EA09379B3EB112F04D153781B1A5842584148
S214030EB010BD0020FCE77FB505460E4600246946B4
S214030EC0E0B201F086FD28B96A4631462846FFF7A8
S214030ED0DFFF18B90134202CF1D1002004B070BD17
S214030EE0FFF7E9BF0868C37B9BB9C37C052B10D803
S214030EF0DFE803F0030D070B0905DEF765BBDEF736
S214030F009FBDDEF7FBBBDEF74BBDDEF7C9BCDEF7E6
S214030F109DBB812070470020704730B5102587B0F1
S214030F2001AA00210195FEF742FC04462A46002149
S214030F3002A8E8F71BFF2A46214602A8E8F7C0FDE9
S214030F40012102A8DEF75AFF07B030BDDEF7E8BE80
S214030F507047FFF7FDBF0B68DA7B5AB9DB7C012BC2
S214030F6004D0022B04D02BB9DFF75ABBDFF764BBE0
S214030F70DFF76EBB81207047002307B5012101A868
S214030F800193D5F7CBFC08B9D5F704FB012003B0D2
S214030F905DF804FB08B502F040FA052803D00038D4
S214030FA018BF012008BD0220FCE77047D0E90232D3
S214030FB053F822301878003818BF0120E0F7B0BE87
S214030FC0E0F7B4BE00207047002070477047FF204C
S214030FD07047FF20704700207047002070470020AE
S214030FE0704770470620704708B50868E0F732FE7A
S214030FF06FF0FF0008BD70B50D4604460021284675
S214031000164601F084F9324620800221284601F074
S2140310107EF9324660800421284601F075F90023E4
S214031020A360E3606060082070BD034641B181425F
S2140310304FF0640005D94343B3FBF1F0C0B27047E9
S21403104008467047E0F780BEE1F790BBE1F79ABC2D
S214031050B0F5807F05D0A0F5007358425841400193
S21403106070470820704730B599B00D466946144658
S214031070E1F7ECFB30B915B1BDF802302B600CB1CB
S2140310800D9B236019B030BD2DE9F04F89B00F4694
S214031090914604A905AA80461E46FFF7E4FF0446C8
S2140310A030BB30800DF10C0ADDE904B39B451FD23B
S2140310B0062259464046CDF800A006ABE1F7E2FB10
S2140310C0D0B9039B062B17D13588DDF81A304D456A
S2140310D00DD2BDF8182027F83520358807EBC50252
S2140310E053605B440135063335800493DCE7F8D957
S2140310F0204609B0BDE8F08F0124F9E72DE9F04159
S2140311008EB00E46174601A9002204469846FFF7FE
S214031110AAFF70B9062220460DF1020302A9FFF7C3
S214031120B3FF30B90546BDF80210019CEBB28B4203
S21403113001D301200CE00EAA02EBC30353F82C2CB8
S21403114033F8303C0634B34205D13C60C8F800207F
S2140311500EB0BDE8F08101351444E7E770B500240E
S214031160012602F034F9E5B2C26806FA05F595429F
S214031170234604F10104F4D3D8B270BD70B586B02B
S214031180E1F7B4F900F11006E6F7E6FB002405469E
S214031190142201A9301902F021F91CB99DF8043074
S2140311A0FF2B16D0002303F118026A4412F8142CFE
S2140311B0FF2A06D11C44601E90FBF5F080B206B0F1
S2140311C070BD2B44DBB2132BEDD91434B4F5826F08
S2140311D0DED14FF0FF30F2E7E1F78AB807B5042215
S2140311E00DEB020102F0FAF8019803B05DF804FB78
S2140311F037B5054608460C46FFF7F0FFA84206D06B
S214031200042220460DEB02010195E6F7F7FB03B037
S21403121030BD70B5054604680E46E1F7BBF82B688B
S21403122004F54B24834204F5416408D232681A4419
S214031230824207D9C31A012033602C6070BD03F5C0
S214031240E0231C1A0020F8E72DE9F04FB3F5803FA2
S21403125082460E461F4685B003D3002005B0BDE880
S214031260F08F01A902A8CDE90132FFF7D2FF4FF0B4
S214031270000881464FF4E02BDDE90145A2B2BAF13E
S214031280000F0AD028460E9902F0A8F80028E4D1E9
S214031290B9F1000F2CD10120E0E731462846E6F7E6
S2140312A0ADFB0028D9D1B9F1000FF4D0B8F1000F87
S2140312B012D1E6F751FB2544B5FBF0F303FB1050C0
S2140312C050B1E6F749FB03A902462846CDF80C8041
S2140312D0E6F794FB0028C0D1CDF808B0264408F101
S2140312E001033C1B022B4FF001080194C4D1D2E743
S2140312F00E9BCDF808B023440E93F0E707B50B46D4
S2140313000092002102460120FFF79EFF03B05DF81E
S21403131004FB08B50121E0F7B5FFBDE80840E6F792
S2140313201BBD4FF4B72070474FF0FF3070474FF4A4
S214031330E02070474FF44C207047E1F717BA08B522
S214031340FFF7E7FF002008BD08B513460A46014627
S2140313501846E1F767F880F00100C0B208BD002028
S2140313607047704708B1E1F723BB704730B4DDE937
S21403137002451DB1029430BC00F0A8B930BC7047DA
S2140313801F2804D8142200F5A030DAF741BB7047B3
S2140313901F2804D8142200F5A030DAF765BB70477F
S2140313A0152808B505D1FFF7DCFFBDE80840E1F7CF
S2140313B03FBC08BD7FB51422002101A8E8F7D6FC80
S2140313C02023142201A94FF4A03001F013FC07B028
S2140313D05DF804FB0020704713B500230C461A463D
S2140313E00146CDE90033E0B2E2F7D8F902B010BD0A
S2140313F013B500231446019001220093E0B2E2F7EE
S214031400CDF902B010BDD0E9023253F82230186885
S214031410E2F73CBB194491420ADC4218002003B9A8
S214031420704712F8011D013B01EB0020DBB2F6E723
S214031430002070472DE9F04F07460E4614464FF03E
S214031440000A85B00093009B1A785FFA8AF39A42E3
S21403145003D8002005B0BDE8F08F009A07EB040818
S21403146002EB430393F8019093F802B019F040039C
S21403147009F03F0504D06319B34217DC2B4634E06A
S214031480042D07D865B1AB1E022B0BD8DFE803F09B
S2140314901F3746003E2D4DD03F2D5FD03D2D61D0EA
S2140314A00320D7E7B4424FF00105E7D319F0800FC6
S2140314B065D00E9B2A4603EB0B000021E8F756FC8B
S2140314C03446002323449CB20AF1010ABBE7A31C5B
S2140314D0B342EBDC0223324621463846FFF79AFF37
S2140314E00223ADF80A000DF10A0801930E9B2A4663
S2140314F003EB0B004146E8F7D7FD019BE2E7E31C4D
S214031500B3423ADC0323324621463846FFF782FFCE
S2140315100425032303900DF10C08E6E7231DB342CD
S214031520C4DC0423324621463846FFF773FF042300
S2140315300390F0E7731E9C421FDA022332462146CD
S2140315403846FFF767FF4FF6FF7380B298420EBF29
S2140315500223023083B21A1996420EDB0E9A42F821
S2140315600B80AFE7B44208D298F80030FF2B0CBFCD
S21403157001230133E218B242F0DD042596E7022088
S21403158068E710B5144686B01A4618810A9B02917E
S214031590CDE9034301230193099B014600930320EE
S2140315A0BDF82030E2F736FB06B010BD1FB50024A9
S2140315B00294079C0194BDF818400094FFF7E1FFDE
S2140315C004B010BD2DE9F0410E461746054686B019
S2140315D098B391B38AB34FF0000802A95FFA88F074
S2140315E001F0F7F9044640B99DF80830032B08D0FC
S2140315F008F10108B8F1200FEFD1204606B0BDE888
S214031600F0819DF809202B799A42F1D1BDF80A2082
S2140316106B889A42ECD19DF80C30BDF80D006B71C7
S21403162028812B4622464FF6FF71CDE90067FFF768
S214031630BDFF0028DCD00446DFE72124DDE710B534
S21403164086B00A9C04949DF824400394BDF8204079
S21403165002940124CDE9003413460A4601460620C7
S214031660E2F7D8FA06B010BD1FB504460846194679
S21403167000230094CDE90123079BBDF81820FFF74C
S214031680DEFF04B010BDF0B5022805460E4614462C
S2140316901F468BB00AD106A9F0B201F09AF998B9A1
S2140316A09DF8193023719DF81C306371119B2246F7
S2140316B004930023CDE902330193109B3146009334
S2140316C028463B46E2F7A6FA0BB0F0BD13B5002456
S2140316D00194049C0094FFF7D6FF02B010BD2DE9D9
S2140316E0F0450646884614469A46002701258BB0E1
S2140316F006A9F8B201F06DF920BB9DF81830012B4E
S21403170019D19DF8192033799A4214D1BDF81A20BD
S21403171073889A420FD19DF81C3032467371B9B262
S214031720CDE9030ACDE90100434602200094E2F71F
S21403173071FA054610B90137202FD9D128460BB0C8
S214031740BDE8F0850546F9E70023FFF7C8BF10B5E7
S2140317500446E2F79DFF0021631E04F10F0213F80F
S214031760010FFF2808BF19709342F8D10023237492
S21403177010BD002070477047212070472120704716
S214031780212070471FB50B466A460146184601F0EE
S21403179016F96A460823002032F8021B013B13F0B1
S2140317A0FF0380EA0100F7D1012838BF012080B289
S2140317B005B05DF804FB2DE9F04F87B0DDE9109B1B
S2140317C005468846484619461F461446BDF84860EF
S2140317D09DF84CA0FFF7D6FF042D0346ABF8000098
S2140317E01AD8022D1DD9042D07D04FF2F222A18854
S2140317F0914222D1E28891071FD5E17A0022CDE9F2
S214031800013720463346CDE90392CDF800A001F018
S21403181025F907B0BDE8F08F6A1F012A11D92120E8
S214031820F7E700224146CDE9119228462246109753
S21403183007B0BDE8F04F01F020B94FF6FF760C2154
S214031840DCE7052D0ED10023E17A0022CDE901372E
S214031850CDE903920091234652464146304601F0B5
S214031860F0F8D6E74FF2F222A188914204D1E2883B
S214031870920701D5E17AE8E74FF6FF760C21E4E715
S214031880F0B585B00546E2F7D7FA48B16B88B3F5ED
S214031890006F05D1681D05B0BDE8F04000F0D0BC70
S2140318A0284600F0E8FC0446C8B9E7B2694638465D
S2140318B001F08FF878B99DF8006066B92946384676
S2140318C001F08BF820B140F60443984207D08C26EB
S2140318D0304605B0F0BD0134202CE6D1F7E78D265F
S2140318E0F6E7E2F78DBC2DE9FF4704460D460146B1
S2140318F0184617461E46BDF830809DF83490DDF82E
S21403190038A0DDF7A1FBD0B92146284601F003F93C
S21403191033463A4629462046CDE9019ACDF800805B
S214031920E2F710FD33463A4629462046CDE90D9A9E
S214031930CDF8308004B0BDE8F04701F0D9BF04B05D
S214031940BDE8F087E2F70CBEE2F7C4BDE2F7E8BDF8
S21403195010B5044601F0EBF8082201462046BDE820
S2140319601040E8F7ADB801F0E4B8002101F0E1B8A3
S21403197001F0F3B80020704720207047F0F752B804
S214031980F0F79CB8F2F746BB7047E2F735BF70B581
S21403199006460C46154600F04CF850B13CB135B13E
S2140319A0204600F0BAFC013080B2A84200D90020DD
S2140319B070BD304600F043F840B1002CF7D0012D3F
S2140319C0F5D9204600F0AEFC0230EDE73046E2F7EC
S2140319D073FEEAE7F8B5BDF8185010B3967855B914
S2140319E0D478A6F14107012F07D8621ED2B200F0C1
S2140319F0B3FD0020F8BD2C46F3E7433E012E04D882
S214031A00A21E92B200F0C0FDF3E7D27813B90DB16F
S214031A10AA4206D811B9E8F7A9F9EAE7E8F750F8B1
S214031A20E7E78920E6E7413803288CBF002001203A
S214031A307047413801288CBF002001207047433887
S214031A4001288CBF0020012070470020704700202B
S214031A50704702884B8893420BD1007B0A7910406B
S214031A600AD0B3F57C4F06D30889B0FA80F0400954
S214031A70704700207047012070470988D388994231
S214031A8008D10388B3F57C4F06D21089B0FA80F0EC
S214031A904009704700207047012070472DE9F04742
S214031AA015460446B8B149B1EAB100264FF0140A08
S214031AB0B04690F80490F3B2994501D800240AE0A2
S214031AC027680AFB06773846FFF7C3FF013628B1B7
S214031AD03C46A5F800802046BDE8F0877B89434452
S214031AE01FFA83F8E7E71446F5E72DE9F84F0F46A4
S214031AF016460446D0B159B132B34FF000084FF042
S214031B000C0BC146B0F808A01FFA88F39A4501D813
S214031B1000240BE065683A460BFB08552046294629
S214031B20FFF7ABFF28B12C46A6F800902046BDE889
S214031B30F88F2B7908F1010813F0300F02BFEB780A
S214031B404B441FFA83F9DFE71446EFE7F0B587B097
S214031B500E4614461F4604AA05AB03A90546E2F73C
S214031B6081FE08B30EB1049B3360FCB1049E0022D1
S214031B7033886988287800F042FBC8B1327912F0BE
S214031B8010030AD0F3783246CDE900430023698870
S214031B902878FCF724FD07B0F0BD324620460599A9
S214031BA00097FFF717FFF6E78620F4E72046F2E7ED
S214031BB07E20F0E71FB51C460023ADF80A20BDF8CB
S214031BC018208DF80400ADF80610ADF80C20694611
S214031BD01A4601A800938DF80840FFF7B7FF009850
S214031BE004B010BD70B586B00D4605AB04AA03A9B4
S214031BF00446E2F737FEE0B1049E0022338861888C
S214031C00207800F0FEFAB0B1337913F0100308D051
S214031C1000950023324661882078D3F789FF06B003
S214031C2070BD00933246012329460598FFF7D2FE7E
S214031C30F5E78620F3E77E20F1E7F0B505460024B6
S214031C404FF0140E90F804C0E0B2844501D800208B
S214031C5011E00EFB04F62F68B819BE5BB14210D133
S214031C602AB1802A08D190F90C70002F09DAB6F54C
S214031C707C4F00D32BB9F0BD402A02D1077B7F06E9
S214031C80F5D40134E0E70121E2F728BD08B5134691
S214031C900022E2F751FE003818BF012008BD08B540
S214031CA013464022E2F748FE003818BF012008BD5D
S214031CB008B513468022E2F73FFE003818BF01201E
S214031CC008BD08B540220023E2F736FE003818BFE9
S214031CD0012008BD08B580220023E2F72DFE003858
S214031CE018BF012008BD0023E2F726BE0021E2F755
S214031CF093BE10B504460121E2F78EFE2046BDE8EA
S214031D00104001F029BE7047F8B516461F469DF8E9
S214031D101820BDF81C300546E2F70EFE78B1042104
S214031D20E2F7F4FE044650B1284600F017FB3A46A5
S214031D3031462846A047BDE8F84000F003BBF8BD8F
S214031D402DE9F74F1E46DDE90C9B074688461446E9
S214031D50BDF838302AB3B9F1000F22D00EB392F88B
S214031D6004A099F80020504612F0080F0CBF8022FA
S214031D7040226188E2F7E0FD98B10821E2F7C6FE4B
S214031D80054670B1504600F0E9FA3346224641460E
S214031D903846CDE9009BA84703B0BDE8F04F00F0F6
S214031DA0D1BA03B0BDE8F08FF8B5BDF81870164683
S214031DB01A463B460446E2F7BFFDE0B177B9022177
S214031DC0E2F7A4FE0546B0B1204600F0C7FA314656
S214031DD02046A847BDE8F84000F0B4BA1021E2F761
S214031DE095FE054638B1204600F0B8FA3A46314625
S214031DF02046A847EEE7F8BD73B5BDF8184016466B
S214031E001A4623460546E2F797FDB8B1C4B9202122
S214031E10E2F77CFE044670B1284600F09FFA099B61
S214031E203146009328469DF820309DF81C20A04795
S214031E30044600F087FA204602B070BD8624FAE70F
S214031E400024F8E72DE9F04186680446007800F0A0
S214031E5085FA002514273279EBB29A4203D8BDE8F7
S214031E60F04100F06FBA7B4332682078D15A02EB18
S214031E70030800F0C8F901214046E2F747FE03468F
S214031E8008B1207898470135E5E74FF6FF707047AD
S214031E90012070472DE9F04F1C4689B09DF84C3061
S214031EA0BDF8488001939DF850309246029322462F
S214031EB0434607460D46E2F73FFD8DF81470064687
S214031EC0ADF816508DF81840ADF81AA0ADF81C8082
S214031ED018B9012009B0BDE8F08F05A9FFF7B9FDD1
S214031EE00028F6D000252F46A8462C4634E00C23BF
S214031EF01FFA85F903FB09F932887368B2F57C4F3C
S214031F0003EB090B1AD333F8090050452ED3019B74
S214031F10A3422FD900F0BEF99BF80200E3F724FA98
S214031F20029B43B19BF8043013F0010F0CBF05204E
S214031F300720E3F719FA0134A4B21BE033F80920AB
S214031F405946ADF81A20304605AA0393FFF795FDC8
S214031F50039B0028D7D101353289ABB29A42C6D843
S214031F6004EB0800C31B58425841B3E708F10108C5
S214031F701FFA88F80137BFB2EDE710B5012488B021
S214031F8006949DF83C4005949DF8384004949DF8CB
S214031F90344003949DF8304002940B9C0194BDF8A2
S214031FA028400094E2F778FE08B010BD2DE9F0470C
S214031FB086B0BDF83880DDF83C909DF840A0CDF89B
S214031FC00080CDE9019A04460D4616461F4600F0EA
S214031FD014F9B8B1431EDBB2012B10D8002301223B
S214031FE0811E48424841CDE90432CDE902A03B4672
S214031FF0324629462046CDE90089FFF7BEFF06B0E4
S214032000BDE8F0870120FAE730B50024012587B044
S214032010CDE9044503959DF82C5002950A9DCDE91C
S2140320200045FFF7AAFF07B030BD30B500240125F1
S21403203087B0CDE9044503959DF828500094CDE973
S21403204001354023FFF799FF07B030BD10B50124D3
S21403205086B0CDE90444002403949DF828400294F6
S214032060099C0194BDF820400094FFF786FF06B054
S21403207010BD1FB5089C03949DF81C400294069C53
S214032080019400240094E2F703FF04B010BD7047E8
S21403209002292DE9F84F0746884604D84FF0000A70
S2140320A05046BDE8F88F0C9D1BBB01240270E4F775
S2140320B00FFA4FF000099DF82830385504F1020A4C
S2140320C001343B550B9A5FFA89F3D45C002CE7D0B6
S2140320D0732C18D82E464C2C56F804BB46D0532CDB
S2140320E01DD0622C4DD1AC8805F10806002213469C
S2140320F01EE00429D2D942F0040243701B0A0324CB
S21403210002708370D3E7A4F17503032BC6D8763C1D
S2140321102E1D022C52D8DFE804F0565A58006B687E
S21403212005F108069CB2DBB2B3F1FF0218BF012229
S2140321300AEB040111448845B0DB504611460029DA
S21403214049D102EB0A031FFA83FA5CB1BBF1000F15
S214032150A4D0224607EB0A005946E7F7A5FF5444E6
S2140321601FFA84FA354609F10109ABE74FF6FF7209
S2140321706B6805F108069CB29442234629D00222D6
S214032180D6E76C2C05D1584600F0CCF8841CA4B2D4
S214032190ACE7732C04D1584600F0BFF8441CF6E7AE
S2140321A0A4F13003DAB2092A01D89CB29EE7A4F15F
S2140321B04103062B3FF672AF373CE8E701220024C3
S2140321C02B68A346B4E70222F9E70322F7E70422C3
S2140321D0F5E70022ACE700F1010C01393B54C9B224
S2140321E01B0A1FFA8CF0AAE70020E3F745B8002283
S2140321F0E3F762B80023E3F775B8012070470120C0
S21403220070470120704770470020704700207047D2
S214032210002070470020704700207047002070475A
S21403222070470E207047002070470020704700203C
S2140322307047002070477047FF2070470E20704796
S214032240842070477047002070477047002070470F
S214032250002070470020704700207047002070471A
S21403226000207047002070470020704770470E20FC
S2140322707047002070470020704700207047704763
S21403228070470E20704770470020704781207047C4
S2140322907047704738B50546C0B2E3F765F804469D
S2140322A0280AE3F761F814B1002808BF0024204683
S2140322B038BDF8B50546C0B2E3F756F80446C5F38D
S2140322C00720E3F751F80746C5F30740E3F74CF852
S2140322D00646280EE3F748F824B12FB136B1002896
S2140322E008BF00242046F8BD3C46FBE73446F9E722
S2140322F010B4CC18944203DC5DF8044BFFF78AB89D
S21403230000205DF8044B70470423FFF7F1BF08B5C0
S2140323100223FFF7EDFF80B208BD0078FF2808BF51
S2140323200020704708B502220021FFF7F0FF4FF6A2
S214032330FF73984208BF002008BD003818BF01206D
S214032340400070470020704708B5FFF79CFCFF2845
S2140323504FF0FF3018BF0020C0B208BD08B5FFF726
S214032360F3FFFF280CBF2120002008BDF8B5064662
S2140323700C4615461F4600F011F810B12544AC4232
S21403238000D1F8BD3946304614F8012BE3F7DAF8E6
S214032390F5E7014600220220E3F768B801207047FC
S2140323A037B50546E1F714FC044601950CB98120C0
S2140323B01CE0237823B12046E1F712FC0446F5E738
S2140323C02B6862685B889A42F5D1A368EA7B99B268
S2140323D072B12A8A9142EED16A7DB2EB134FEAD1EB
S2140323E00020E36801A998478128E4D003B030BDF4
S2140323F04FF6FF72EEE72DE9F84304460F46904684
S21403240099460BB3012A1FD80C20E7F781FF06462F
S21403241010B91920BDE8F8831020E7F779FF18B93B
S2140324203046E7F77DFFF4E70123002547EA084730
S21403243070600570C0F80C90446087603380304647
S214032440E1F7BEFB2846E5E72120E3E738B5044677
S214032450436808460D469847B4F90830002B02DB5C
S2140324602B78042B06D1002320466360BDE8384052
S214032470E3F70ABC38BD30B54FF48A5587B0ADF8DC
S21403248016200DF116041A46029543B100230122C5
S214032490CDE90033234600F01BFA07B030BD0194A4
S2140324A001240094F7E7FFF7EBBEFFF7BCBE00205E
S2140324B0704708B500F0FFFA20B900F046FB08B9EC
S2140324C0E0F782FDFFF7D2FEBDE80840FFF7DBBE6C
S2140324D00020E4F73FB80021E4F7DCB80022E4F775
S2140324E09BB81FB5D2880B4612F0200F4FF6FD712E
S2140324F014BF49245224ADF80610510544BF083CC6
S214032500E4B2110544BF083CE4B2120444BF023CE3
S214032510E4B2032805D8DFE800F0020F161CADF876
S2140325200630BDF80600FFF787FEFF281CBF241AF7
S214032530E4B2204604B010BD02AA0DF10601D8B2DB
S21403254000F077FAEDE7D8B200F045FAADF80600EA
S214032550E7E7013CE4B2E4E7F8B5064617460D465E
S21403256081B10C78FF2C0BD00846FFF7D6FEB84295
S21403257028BF3846C4B22246691C701CE7F7A0FA87
S2140325803470F8BD0C46FBE770B5044615460E4698
S21403259011B94170017070BD0B78FF2B05D14B78D4
S2140325A0FF2B02D103704370F5E73046FFF7BAFE00
S2140325B0A84228BF284685B22A46B11CA01CE7F7C6
S2140325C07FFA25702D0A6570E5E7F0B523B9013A61
S2140325D0531C2FD1002020E0042AFBD800231C46DE
S2140325E0551E6E1C1AD1042A10D00121D200501E8B
S2140325F001FA00F020421EBF914049420C431842A4
S2140326001EBF4FF0FF3101FA02F213439C421EDC59
S214032610B4BF4FF0FF30002040B2F0BD40B1465D7E
S214032620EF00BE4034434E5D013DBE403343D8E722
S2140326300646F5E78C5C38B90346A34202F1FF323F
S214032640C6D24FF0FF30E8E7835CA342F5D90120FA
S214032650E3E7283807288CBF0020012070471D2891
S21403266010D004D840B11C2804D0552070471E381B
S2140326700128FAD81A2901E00B390F298CBF5520F7
S214032680002070470829F9E7002000217047F7B5B6
S2140326909DF820400546082C104619469DF82460F0
S2140326A036D8002213462C44AC4208D106F0FD046B
S2140326B0382C0ED10096FFF7E7FF03B0F0BD14F8F1
S2140326C0017D1B0243EA12631202BA1843F10003A8
S2140326D0EAE7392E10D107EE100A07EE902AB4EE79
S2140326E0E77AF1EE10FACCBF77EE677A77EEC77A21
S2140326F0002117EE900AE0E7824273EB010403D24F
S214032700801A61EB0301D8E7101A63EB0101D4E7E3
S21403271000200146D1E738B5C368144619448368D8
S21403272053F821501AB12846E7F79CF9207028463B
S21403273038BD2DE9F3411D4617460DF107029DF8F6
S2140327402040FFF7E8FF9DF807608046AE4228BFAB
S2140327502E460CB1AD1BECB2224600213846E7F7F5
S21403276005FB324641463819E7F7AAF9304602B068
S214032770BDE8F0812DE9F3411D46174601AA9DF8F1
S2140327802040FDF714F8019E8046B5423CBF2E4616
S214032790019504B1AC1B224600213846E7F7E6FA5A
S2140327A0324641463819E7F78BF9F0B202B0BDE876
S2140327B0F08173B50024154601AA1E460194FCF762
S2140327C0F6FF019B072B0AD92146CCB216B1C4F1FA
S2140327D00704E4B2425C013108292A55F5D1D8B280
S2140327E002B070BD1FB5030A8DF80E3003230093A5
S2140327F003AB8DF80D0000F0BCF805B05DF804FBE4
S2140328001FB58DF80F100421030A8DF80E300091C2
S21403281003AB8DF80D0000F0ACF805B05DF804FBD3
S214032820F0B589B016689DF83C50CDF809608DF870
S21403283011305668BDF83830012D109FBDF844405E
S214032840CDF80D60ADF812308DF8145014D0032D6A
S21403285019D13B68CDF815307B68CDF819309DF853
S21403286048308DF81D3016230093BDF84C2002AB7C
S21403287000F07FF809B0F0BD8DF81540240A0F2349
S2140328808DF81640F0E70120F4E71FB50446084626
S21403289011461A4602238DF80D100093214603AB0A
S2140328A000F067F804B010BD10B514461A460B685E
S2140328B086B0CDF80D304B683421CDF811300A239D
S2140328C0009303AB8DF8154000F053F806B010BD27
S2140328D02DE9F0410546B6B00F4616461C469DF850
S2140328E0F080E4F7F1F82B0A03A98DF80C008DF8B5
S2140328F00E30084623468DF80F703F0A8DF8116098
S21403290072008DF80D508DF8107004EB4606B34236
S21403291001F102011FD1D2B2931DDBB23D99D83328
S2140329206B44073203F8CC8C4FEA4806D3B201EB6C
S214032930480850FA82F2414502F1020211D13344AB
S214032940009006212846BDF8F820DBB2E4F7C6F867
S21403295036B0BDE8F08133F8024B0C71240A4C7193
S214032960D5E731F8024B02F8024C240A02F8014C70
S214032970E1E72DE9F0411C4605460E4617469DF84D
S2140329801880E4F7A1F8207043463A4631462846B5
S2140329900694BDE8F041E4F7A1B8002070477047FD
S2140329A0D8F7A0BB70477047704770477047002042
S2140329B0704770477047002070477047704702F0B3
S2140329C0EEBEFEF75EB8FEF741B803F031BAF8F78D
S2140329D077BC03F01EBAF8F731BCF8F799BCF8F7E2
S2140329E053BCFEF708B9FEF757B8FEF764B8F4F71A
S2140329F0CBBEF4F7CFBEF3F72FBEF2F751BFF2F715
S214032A0055BFEFF729BCFEF7A1B8FEF766B8FDF78A
S214032A1001BFFEF789B8FEF775B830B4BDF80840B5
S214032A209DF80C50CDE9024530BCFDF712BFFDF70B
S214032A307FBFF8F7DFBDE4F7A1B8F8F7A5BEF7F751
S214032A40F1BC70B49DF80C40BDF810509DF81460AE
S214032A500394CDE9045670BCF5F7F6BC70B49DF844
S214032A600C40BDF810509DF814600394CDE904564D
S214032A7070BCF5F729BDF5F713BE10B49DF80440F6
S214032A8001945DF8044BF5F763BD10B49DF804405C
S214032A9001945DF8044B01F073BF01F073BFFDF7BB
S214032AA08CBFFDF79CBFFDF7AFBFF1F761BCF2F734
S214032AB0A3BAF2F775BAF1F787BA02F09FBAF1F73D
S214032AC02BBE02F0E1BAF1F78BBFF1F75DBBF2F76D
S214032AD099BAF2F71BBAF2F731BAF0F771B9FEF703
S214032AE09FB8FEF752B8FEF765B8FEF772B800F067
S214032AF00BBC00F004BCF7F7CBBCF5F7D5BAF7F779
S214032B00A5BCF7F7CBBDF5F79FBAEFF791BBF6F782
S214032B10C1BEFFF745BFFBF7B7B9FEF7CDB8FDF764
S214032B203DBFFEF722B801F001BDE3F785BFEFF71F
S214032B3043BFEFF73DBC01F09BBF01F06BBFEFF760
S214032B408BBCEFF7C9BEEFF7CDBEEFF7F9BBE3F7E4
S214032B508FBFE3F7A1BFE3F779BFEFF7A7BBE3F7B1
S214032B607FBFF9F769BB01F053BF01F01ABFEFF758
S214032B70A3BBEFF70BBFEFF7EBBBE4F71DB8E4F728
S214032B8015B8F9F75DB9F9F749BB03F05DBA03F079
S214032B9063BAF9F7CDB9F9F749BB00F063B900F0AA
S214032BA0A1B900F0C9B900F0A0BA00F010BB00F05C
S214032BB079BAE4F7F7BC00F0E6B900F013BA00F010
S214032BC029B810B51C4601F0C2FD05F00AFF002324
S214032BD0000A237000F0020010BD002208B50B4661
S214032BE01146FFF7EEFFC0F3400080F0010000F04F
S214032BF0010008BD002070477047002070477047EB
S214032C000020704770470E207047012070477047BA
S214032C100120704714220021E7F7A8B8704770B563
S214032C2005460C468AB0252200210DF10300E7F77E
S214032C309DF86B68CDF81D30AB68CDF82130234680
S214032C4001AC03F11006224618685968083303C21C
S214032C50B3421446F7D101236A7B8DF8023012F093
S214032C60040F0CBF4FF480734FF4A073110748BFD3
S214032C7043F48063ADF80030930748BFBDF80030D7
S214032C80684644BF43F00803ADF80030F4F716FF78
S214032C900AB070BD30B5427B0D46D10704468BB0F3
S214032CA007D5407801A9F4F76FFFD8B12D200BB0F4
S214032CB030BD9307FAD5C2F3800310074FEA831398
S214032CC0ADF8023044BF43F48063ADF80230BDF87C
S214032CD00220201D0AB10DF1020201A902F07CFDBB
S214032CE00028E3D001AB03CB9DF81430A160237317
S214032CF0BDF810306060590642BF627B42F00402A2
S214032D0062735A0542BF627B42F0080262731B0776
S214032D1042BF637B43F0020363732B4606AC224633
S214032D2003CA59600AA98A421860144603F10803C5
S214032D30F5D10020BBE7F0B504460D4693B0252237
S214032D4000210DF12300E7F711F86368261DCDF87F
S214032D503D30A3680DF1240CCDF841302B4605F128
S214032D601007624618685968083303C2BB42944684
S214032D70F7D105238DF82230637B61785B0103F47A
S214032D800073FF29ADF8203018D1002301A91A4695
S214032D90304600F0C7F99DF80510FF290DD1002332
S214032DA001A91A46184600F0BDF99DF80510FF293B
S214032DB003D11C26304613B0F0BD6170002008AA6C
S214032DC000F09BFA06460028F4D1607801A900F0CB
S214032DD02FFA2B4603AD2A4618685968083303C2F0
S214032DE0BB421546F7D1637B6078DB0648BF9DF888
S214032DF01C3001A944BF63F07F038DF81C3000F03C
S214032E002EFAD7E710B504468AB02422002101A87B
S214032E10E6F7ACFF637B590744BF4022ADF81020AA
S214032E201A0742BFBDF8102042F48062ADF81020A6
S214032E30DB070FD5607801A9F4F7A6FE10B12D20A5
S214032E400AB010BD01AB03CB637B606043F00203A3
S214032E50A160637304A9201D02F0C0FC0028EED015
S214032E600020EDE71FB5694600F066F8002818BF96
S214032E702D2005B05DF804FB73B50D4614460646D3
S214032E80E3F7BEFF6B881A071AD522463146102091
S214032E9002F085FC2046E3F7B3FF6B88D90717D506
S214032EA00023224601210DF107008DF80730E4F7D1
S214032EB075FA6B88002B0CBF2120002002B070BD72
S214032EC0DE06EAD522460821281DE4F767FAE1E77D
S214032ED09A0701D50223E4E75B07EAD50323E0E775
S214032EE00F2070471FB50C46694600F025F81022E0
S214032EF021466846E6F78CFFB0FA80F0400904B036
S214032F0010BDB8B1B1B14388A3B90378013B082B10
S214032F1010D8DFE803F00507090B0F0F0F0F0D009E
S214032F20E4F73EB9E4F798B9FFF779BEFFF703BFB6
S214032F30E4F724BB2120704738B50D4609B300B328
S214032F400378013B082B1AD8DFE803F0050D1013AE
S214032F50191919191600E4F75BF90446284602F016
S214032F601EFE204638BDE4F797F9F6E7FFF792FE14
S214032F70F3E7E4F7C7F9F0E7E4F70AFBEDE7212404
S214032F80ECE72124EDE770B586B0064601A80C46AB
S214032F901546FFF73FFE04238DF804301CB1206866
S214032FA0616802AB03C3294601A88DF80560FFF7E5
S214032FB0A8FF06B070BD70B586B0044601A80D46DE
S214032FC01646FFF727FE0323206861688DF8043052
S214032FD002AB8DF8116003C3294601A8FFF791FFE2
S214032FE006B070BD0022FFF7E6BF30B5437B04464C
S214032FF013F001020D468BB007D0407801A9F4F711
S214033000C3FD70B12D200BB030BD9B07FAD5ADF8CC
S214033010022001A90DF10202043002F0DDFB0028B4
S214033020F0D000210E22A81CE6F7A0FEBDF8103053
S2140330302B80039BAB60BDF81230AB819DF8143038
S214033040237301AB03CB6060A1600020DBE770B5A0
S214033050437B0446DB070E468AB003D42D25284659
S2140330600AB070BD6946407800F045F90546002869
S214033070F4D1DDF81D300E226360DDF82130014601
S214033080A360637BB01C43F002036373E6F76EFE34
S214033090BDF80030069A43F004033380059BB26004
S2140330A07360DCE70B4610B5044610220021184671
S2140330B0E6F75CFE2278032A09D0042A0DD0022AFA
S2140330C011D101462046BDE81040E4F7C7BA0146D1
S2140330D02046BDE81040FFF788BF01462046BDE8FE
S2140330E01040FFF7B4BF262010BDF8B507460846C4
S2140330F00C4616461D46FFF78DFD04232370637B9F
S214033100314643F00103204667706373FFF714FFED
S21403311008B12D20F8BD29462046FFF7C3FF002837
S214033120F8D0F6E7F8B5054608460C461F46164699
S214033130FFF770FD0423237025B108222946E01803
S214033140E6F7BEFC637B43F0020363734EB9324675
S2140331500121284600F0DAF8FF28607007D12D20F9
S214033160F8BD31462046FFF7E7FE0028F7D1637B1C
S21403317043F0010363730DB90020F1E7002FFBD082
S21403318039462046FFF78EFFF6E7F8B50C460746A6
S214033190084616461D46FFF73DFD032320463946DF
S2140331A000F8043B0822E6F78BFC637B314643F0CA
S2140331B0020320466373FFF7BFFE08B12D20F8BD58
S2140331C029462046FFF76EFF0028F8D0F6E7F8B545
S2140331D0074608460C4616461D46FFF71BFD032307
S2140331E02370637B314643F00103204667706373A5
S2140331F0FFF7A2FE08B12D20F8BD29462046FFF7AB
S21403320051FF0028F8D0F6E718B18022012100F01C
S2140332107DB8FF207047002307B51A46194600936A
S214033220F6F7B4F9B0FA80F0400903B05DF804FB92
S2140332300B4610B519220446FF211846E6F796FDFD
S2140332407E2C01468CBF04F5C43004F583304FF062
S2140332501902BDE8104088BFAD30D8F7D9BB7E2829
S21403326088BF00F5C4304FF0190294BF00F58330D1
S214033270AD30D8F7F9BB30B589B00D46FFF7C4FFBC
S214033280FF2804460DD001A9FFF7D2FF2868696816
S21403329001AB03C3204601A9FFF7E1FF002009B0F5
S2140332A030BD2D20FBE770477047002070477047FE
S2140332B00F2070470F207047002070470F2070477D
S2140332C0002070470020704784B08DE80F00002070
S2140332D004B070477047704700207047704700205F
S2140332E070477047002070470120704770470020E2
S2140332F07047012070470E2070470E2070470E203F
S21403330070470020704770470E207047FF207047B5
S214033310704770470020704770477047704700201B
S21403332070477047002070470020704700207047A2
S2140333307047704700207047002070477047002092
S21403334070470020704770470020704710B5002470
S214033350E3B210B9C3F10303DBB20134042CCA543D
S2140333604FEA1222F4D110BD10B50B784C788A7848
S214033370C97828B910462246044608461946034625
S21403338042EA012043EA042343EA004010BD7047A3
S214033390E4F716BA08B5D3F7FFF9002814BF86205A
S2140333A0002008BD08B5D3F7C7FB003818BF0120B7
S2140333B008BD08B5D3F780FB003818BF012008BD49
S2140333C008B5D3F705FC003818BF012008BD08B5BB
S2140333D0E4F7D6FABDE80840E4F784BA70B50446C5
S2140333E00D461646E4F7CCFA0420E4F76DFA3246A7
S2140333F029462046FFF7DDFF04460220E4F764FA79
S214033400204670BD08B5E4F7BBFABDE80840D3F71D
S21403341037BBE4F7E3BDE4F7C3BD08B5E4F7C0FD87
S21403342020B1BDE808400020E4F7F8BE112008BD2F
S21403343010B5044608B1E4F7D3FF2046BDE81040B4
S214033440FCF7B9BF10B50446006A10B1616AFFF70E
S214033450EFFF0020C4E9080010BD38B50446FFF7A7
S214033460F1FF237E012B0FD0023B012B0FD8E3691C
S214033470012B14BF6FF09605002528220021204655
S214033480E6F774FC284638BDE369002BF1E76FF0D6
S2140334909605F2E718220021E6F768BC70472DE987
S2140334A0F84F9846DDE90B490D9B15469A070646E5
S2140334B00F4623D02A460A9B03EB040A1444A2426F
S2140334C020D10D9B9B0705D5A2EB050AD14505EB3D
S2140334D00A0420D82046BDE8F88F43463946202004
S2140334E0B0470AF1010ACA450AEB0B02F5D3A9EB6A
S2140334F004024C4588BF00222A44DCE7A246A5EB1B
S214033500040BF0E702F1010B434639461AF8010DA6
S214033510B0475A46D3E74346224639462020B047AB
S2140335200AF1010AD2E72DE9F047DDE90D7616F038
S214033530020F9DF82880DDE90854DDE90BCE1FD184
S21403354006F001094FB1B9F1000F06D0B8F1000F2C
S21403355002D116F00C0F00D0013F4FF0300A02E004
S21403356005F804A00134A64501D9202CF8D1B9F1F9
S214033570000F05D04FF03009BC4201D2202C2DD1CC
S21403358016F0100F1FD016F4806F2CD15CB3744561
S21403359001D0BC4227D1B4F1010E23D0BCF1100FE9
S2140335A046D1023C16F0200F28D1202C28D04FF00D
S2140335B0780C05F804C00134202C21D04FF0300CD1
S2140335C005F804C00134202C1AD0B8F1000F23D01C
S2140335D04FF02D0C05F804C0013412E005F80490F2
S2140335E00134C9E77446BCF1100FDBD0BCF1020FFF
S2140335F0E2D1202C04D04FF0620CDAE7202C08D15D
S2140336002024CDE90A76CDE90854BDE8F047FFF754
S21403361046BF4FF0580CCCE716F0040F02D04FF01D
S2140336202B0CD7E716F0080FEBD04FF0200CD1E7A2
S214033630BCF1020F7446C1D1DDE72DE9F04391B02A
S214033640189D1A9E1D9F0DB927F010077C0500D5FF
S21403365015B317F0200F14BF4FF0410E4FF0610E55
S214033660AC4600250DF12008AEF10A0EBCFBF6F9B8
S21403367006FB19C95FFA89F4B9F1090F94BF303410
S2140336807444E4B2B44508F8014B05F10105BCFBEC
S214033690F6F401D3202D10D11C9C069705941B9C91
S2140336A0CDE903649DF86440CDE9015408AC009469
S2140336B0FFF739FF11B0BDE8F083A446D6E72DE93E
S2140336C0F04F95B0269ECDE90A23DDE91E74DDE9A9
S2140336D0229B57EA040308BF26F010067205CDE9BD
S2140336E0080102D557EA040337D016F0200F14BF9B
S2140336F04123612300250DF1300AA3F10A08214670
S2140337004A465B463846E5F71FFFD2B2092A94BFFE
S214033710303242444F45D2B274EB0B0405F1010537
S2140337200AF8012B01D3202D14D1259B0696059369
S214033730249BDDE90801CDE903939DF88030CDE9AC
S21403374001530CAB0093DDE90A23FFF7ECFE15B03B
S214033750BDE8F08F07460C46D1E70025E5E708B13C
S21403376000F014B8704710B1D1E90031184770471C
S21403377038B5441E14F8015F25B90A2000F006F890
S214033780284638BD284600F001F8F3E70146002036
S214033790FCF7E5BB70477047EEF75EB9704708B5B0
S2140337A0FCF7AEFBD2F7F8FFBDE80840D5F7EEB856
S2140337B0704708B5D3F738FBFBF7C0F8BDE80840F9
S2140337C0E4F7DEB808B5FBF765FFE4F73DFEFBF765
S2140337D03DFEE5F7D3F9E5F7BFF9E5F741F9BDE8AF
S2140337E00840D8F7EFB808B5D6F728F9FBF71DFE5B
S2140337F0D6F730F9FBF71BFEDAF7E6FADAF78EFBB5
S214033800DAF796FCBDE80840DAF7B4BB70477047B2
S214033810E5F74CB908B5FCF7BCFFBDE80840FCF774
S214033820E0BF704707B50022034611460120009209
S214033830D9F740FC03B05DF804FB07B500920B46CE
S214033840027D81898068FDF7F5FD003818BF0120E9
S214033850C00103B05DF804FB08B50020FDF78BFF3D
S2140338600020E2F7C7FA0020DAF732FE0020DBF783
S2140338709BF80020DBF79CFA0020DBF781FD002095
S214033880DCF7A4FA0020DEF78BFD0020DFF72AFA28
S2140338900020E0F711F8BDE808400020E0F7FCB888
S2140338A008B50120FDF72CFA0120DAF771FFBDE811
S2140338B008400120DBF764BD08B50220E0F770FE80
S2140338C00220E0F703F90220E2F7A0FD0220FFF74B
S2140338D0A2FD0220FDF731FD0220DFF703FABDE863
S2140338E008400220E0F79CBBDBF768B8FDF7F9BF9A
S2140338F0704770477047704770477047704710B5FA
S2140339000446E0F7A7FA2046FDF730FA2046DCF730
S2140339105DFD2046DDF79EFC2046BDE81040FDF722
S2140339203FBDFDF759BDFDF763BDDFF7CFBF70475A
S2140339307047FDF73FBA7047704770477047704748
S214033940704705F012B870477047E0F759B87047EC
S21403395070477047704770477047FEF77BBCFEF7AB
S2140339607FBC704700207047FEF77CBCFEF785BC23
S2140339707047431E012B03D9031F58425841704713
S2140339800120704700F021BC4FF4D0720021E6F707
S214033990EDB970B50446E8F741FA0546A8B9A1693A
S2140339A0F1B1238AD3B1204604F11002E8F7E4F814
S2140339B038BBE16919B3638AA3B1204604F1120246
S2140339C000F0CAFA78B1054603E00023A361236139
S2140339D0E361002328466361236270BDA061E8E7C4
S2140339E02082E6E7E361216A0029F2D0A28A002A50
S2140339F0EFD02046E38ABDE8704000F06FBA6182DC
S214033A00F1E76582E561DEE711B9D0F8DC1021B194
S214033A10CB6813B18B68D88970474FF6FF70704731
S214033A20E7F7E0BA10B50C461146E7F701FBE8F7EF
S214033A302FFD012801D1002010BD002CF7D1052051
S214033A40FAE700F0CFB900F0E3B970B500232425F8
S214033A50D0F8DC00C4689C4201D1212070BD826886
S214033A6005FB0322D6898E4202D8128A8A4201D2E5
S214033A700133F0E70020F1E7F8B506460D46E6F712
S214033A804DFDD8B94FF6FF734FF0240CEF68C1B263
S214033A908F4208D81C4621463046E6F7F5FE00F06E
S214033AA09AFB2046F8BDAA680CFB0122D4899C42E7
S214033AB002D2002CEFD023460130E8E70024F0E7DB
S214033AC0C08D70470A7838B505461046FFF751FF94
S214033AD060B14C782046FFF74CFF38B122435307BA
S214033AE004D42846BDE83840E7F7EEBC212038BDAD
S214033AF010B504460878FFF73CFF58B14A781046DD
S214033B00FFF737FF30B1042A04D02046BDE8104043
S214033B10E7F7F8BC212010BD00F0E8B8E8F75AB87C
S214033B20084600F008BBE7F799BB38B504460D46D0
S214033B3000F08EF850B129462046E6F7A5FE30B9C8
S214033B4029462046BDE83840E7F750BB0E2038BD6F
S214033B5070B516460C4604F062FD3146054620460F
S214033B60EAF732FD0446284604F054FD204670BDAD
S214033B7000F032B970B5044600200E4600F027FB6D
S214033B80D4F8F0503DB1002331462046AC46BDE89C
S214033B9070401A4660472B46012231462046E7F717
S214033BA0BDFD284670BD38B5044648880D4600F06E
S214033BB00EFBD4F8F0302BB929462046BDE8384032
S214033BC0E7F7BABC022038BD00F003BB00F03CB9EF
S214033BD0E7F7DAB9E9F7D2BC70B5BDF81060054669
S214033BE006B16BB1334428469BB200F077F904461E
S214033BF020B91EB13146284600F0ABF9204670BD09
S214033C002124FBE7E9F740B8C0F8EC100020704722
S214033C10E7F7CCBE00F05EB910B4BDF804400194DB
S214033C205DF8044B00F09FB80B4610B514461846D3
S214033C30A1689288E6F738FAE168034631B1A088AE
S214033C406288121A92B21844E6F72EFA002010BDC4
S214033C500346408A18B1188A003818BF01207047F7
S214033C600846E9F797BD00F0ECBA00F0EABAE9F7C0
S214033C70A3BF084708B5E7F7CFF9C0B208BD022AC5
S214033C8001D800F0E2B921207047022A01D800F0DB
S214033C90EDB921207047022A01D800F0F9B9212096
S214033CA07047E8F7E3BC0846E8F7FEBC00F018BA2E
S214033CB000207047002070477047D0F8943003F018
S214033CC06003402B0DD0602B03D0203B5842584155
S214033CD0704749B10B68012B06D9486940F00100CB
S214033CE0704740F20110704700207047F7B504464E
S214033CF01046D4E954C7DDE908268CEA020587EAAC
S214033D0006010540194085EA0C057940C4E954517B
S214033D10002523F4004106EA010320F0010043F4E2
S214033D200073024043F00203CDE90055EBF716FBA0
S214033D3094F824309A0713D5D4F854319B050FD53D
S214033D404FF48811204600F058FB94F824300246BE
S214033D5065F3410384F8243020460B46E7F730F931
S214033D60002003B0F0BDF0B587B01C461746BDF87B
S214033D7030601AB90024204607B0F0BD002BF9D0F6
S214033D800029F7D001AAE8F77FFF0028F2D0BDF894
S214033D900630A2199A42BDF80850C4BF9B1B9CB2BA
S214033DA0B54212D90399AD1BADB23144A542039176
S214033DB0ADF808500DD22A463846E6F775F9049949
S214033DC0621B7819E6F770F9D5E70499761B314438
S214033DD0049122463846F5E70846EAF795BB0220E3
S214033DE0E9F7E0BE08B5D0F8E4304BB11A68022A0A
S214033DF006D993F825204AB1186AB0FBF2F008BD3D
S214033E004FF446624C210020E6F7A0FD0020F6E7BB
S214033E10D0F8E42008B57AB11368022B0CD9536A9C
S214033E2013F47F4FC3F3072106D0126ADBB2534362
S214033E308B42B3FBF1F006D2002040F67F424C21C2
S214033E40E6F784FD002008BD0346D0F8300108607D
S214033E50B3F8343100208B80704790F830310C2B48
S214033E6014BF90F82B00FF20704738B50C464FF46C
S214033E7000610546ECF716FB70B17CB195F81E3170
S214033E8073B94FF480724FF480712846ECF7F6FA54
S214033E90003818BF012038BD2202F4E72246F2E7B5
S214033EA00020F8E74FF48071ECF7FCBA08B54A0235
S214033EB04FF40071ECF7E2FA002008BD08B58A0259
S214033EC04FF48061ECF7DAFA002008BD4FF4007176
S214033ED0ECF7E8BA062300208B717047B2F5805FD3
S214033EE0F8B50F460646154619462ED89A422CD3E1
S214033EF03F2A26D9B2FA82F40122C4F11F03DBB2A9
S214033F009A4092B2AA422CBFC4F11904C4F11A040F
S214033F10E2B20124931DDBB29C40A4B2AC4212D0A1
S214033F2096F8F5309BB9012096F8243060F3C71352
S214033F3086F824303846E8F7BBFC00203762B582A3
S214033F40F8BD0022ECE70020EEE72120F8E70E207C
S214033F50F6E70846E8F7CCBC70B505460E461446A9
S214033F6002B313883F2B1DD9B3FA83F3C3F11901A8
S214033F70C9B2062901D8192B12D0062928BF062153
S214033F8001238A1DD2B2934030462380E8F7B8FC5B
S214033F9023882846EE616B82E8F73CFD002070BD5F
S214033FA00021EDE72120FAE710B514460846012163
S214033FB0EAF780F92046BDE810400121EAF77AB90E
S214033FC0F8B504460E46174604F029FB3A4605465E
S214033FD031462046EAF72CFC0446284604F01AFB32
S214033FE02046F8BD0220704703207047E9F7D2BD8C
S214033FF010B50023E8F752F8044608B9EBF7CCFBF4
S214034000204610BD704770B505460E46144600F0B0
S214034010E3F831462846FFF72FFD00F0DDF82307C7
S21403402004D50B2C9CBF24F00804A4B221462846D2
S214034030E6F7F8FF00224FF400312846ECF71EFAA5
S214034040002070BD8021ECF72DBA7FB5531C05AA5E
S214034050ADF81410029202210022DBB2CDE9002152
S2140340601146ECF729FA07B05DF804FB7FB5531C3D
S21403407005AAADF81410029204210222DBB2CDE9A0
S214034080002100220121ECF717FA07B05DF804FBC4
S2140340901FB5531C029100220821CDE900210122FD
S2140340A0DBB21146ECF708FA05B05DF804FB07B57A
S2140340B091F82830009391F82B3091F8292091F845
S2140340C02A10E8F799FA03B05DF804FB10B5044626
S2140340D0E6F7A2FF01462046BDE81040E6F7A2BF7A
S2140340E0002914BF21200020704738B50546104626
S2140340F00C46E8F707FBD5B1D5F8E030BBB15B69F2
S214034100ABB1421ED2B2FD2A13D90A68013204BFEC
S2140341106FF001020A600A68FF281A6007D1626816
S214034120013202D16FF00102626062685A600020B9
S21403413038BD0128F2E738B50546EAF7A1FB044681
S2140341400021A878E8F746FB204638BD2DE9F74F4F
S21403415001251C469DF83030064601930368174632
S21403416003F0070306339D4005F1FF380B46A1B164
S214034170416804EA080BA5EB0B0A41F000595245C7
S21403418009EB0B0114D952461846E5F78DFF49464D
S2140341907A1B5A445044E5F787FF019B2BB13C44F6
S2140341A048EA050804EA0804F46003B0BDE8F08FA3
S2140341B01846F0E737B5002514460095FFF7C6FF07
S2140341C0204603B030BDE8F719B900207047002039
S2140341D07047002070477047704730B54900044663
S2140341E0056812B102291FD90339C90395B9E1B18C
S2140341F0B1FA81F3C3F12003C3F10F00012838BFDE
S214034200012003F01F03D940A94201D90138490808
S214034210216030BDB5FA85F339B1B1FA81F29B1A44
S214034220002BE9DC0F20EFE700210F20F0E7012841
S21403423005D9023818BF4FF0FF30C0B270470120CF
S214034240704708B5E9F700FEBDE80840E9F724BE65
S21403425038B50446FFF7F5FF0546FFF7F2FF431BA5
S214034260A342FAD338BD38B50D460446E9F7ECFD4C
S21403427035B1844200D90139204601F0030138BD27
S214034280844238BF0131F7E708B50121FFF7EBFF9A
S214034290BDE80840E9F700BE0B0C23F48053B3F5E2
S2140342A0284FF7B50D468FB2064699B216D04AF692
S2140342B00103994214D04AF60203994212D0B1F58B
S2140342C0204F14BF04240324D6F8E0300BB119683A
S2140342D051B9D6F8DC3093B928680EE00024F3E72A
S2140342E00124F1E70224EFE7234668463A46E9F756
S2140342F02FFEDDE90003002BEBD103B0F0BD1968F8
S2140343000029E9D0234668463A46E9F721FEDDE967
S2140343100003002BE0D1F0E702F002BB0204C0F377
S214034320891307D56FEA83536FEA935313F5007F18
S21403433018B206D0A3F1C8006FF4FF739842B8BF53
S214034340184670474FF0384359699A6903F5005386
S2140343500A405A6170470E207047EBF711BCEBF723
S2140343600FBCEBF70DBCEBF70BBC08B50846ECF738
S2140343702DF808BDEBF704BC0220704702207047F7
S2140343800020704701207047002070470E207047BA
S21403439000207047E8F77CB8084611460122FFF76D
S2140343A041BB70B505460C4611461A46ECF7C0F8F5
S2140343B006682B462046B446BDE87040604710B5F5
S2140343C0ECF7B6F8BDE8104083681847FFF710BE51
S2140343D0E7F786BFFFF7A9BBE7F790BC70B50446BF
S2140343E00D4616464FF4881100F01CF8324629464F
S2140343F02046BDE87040E8F7A5B938B505460C4633
S21403440004F00DF9D5F890301C40D5F88C302343D2
S214034410C5F88C3004F0FEF8211E18BF01210020D9
S214034420490238BD38B504460D4604F0F8F8D4F80A
S21403443090301D40D4F88C3023EA0505C4F88C5020
S21403444004F0E8F8284638BD38B504460D464FF460
S2140344508811FFF7E7FF29462046BDE83840E8F70E
S21403446099B973B50D7806460C4635B304238DF813
S21403447004302379304601A98DF80530FFF738FB61
S2140344800546B8B92278A37952BB8DF80430E37990
S214034490304601A98DF80530FFF714FB054648B9E9
S2140344A023783BB161883046E7F746FA0121304668
S2140344B0FFF7DBFC284602B070BD2946FFF7D5FCA4
S2140344C029463046FFF7F2FC29463046FFF7F6FC4E
S2140344D02378002BCAD123798DF804306379C9E792
S2140344E002228DF80420D3E7FFF7E0BCFFF7EEBC0B
S2140344F00020704710B50446ECF7B4F821460020B8
S214034500ECF704FFBDE81040002000F02BB970471D
S2140345100120704708B5EDF727FD80F00100C0B213
S21403452008BD4FF0FF30FFF79EBB70470020704773
S21403453010B50C4603F034FE048010BD38B50C46A7
S214034540154603F02DFE03881DB11C43A1B201805E
S21403455038BD23EA040189B2F9E708B503F020FE63
S214034560008808BD08B503F01BFEC07808BD08B573
S21403457003F016FE008800F00C0008BD08B503F033
S2140345800FFE008800F00C00031F5842584108BD78
S21403459038B5054603F004FE04462846FFF7EEFF4B
S2140345A030B904F1100004F01CFA00F4406038BD82
S2140345B04FF40060FBE738B5054603F0F1FD04460B
S2140345C02846FFF7DBFF014648B91034204604228D
S2140345D003F026FD2044BDE8384004F002BAA08864
S2140345E038BD10B50C4603F0DBFD848010BD38B52E
S2140345F0054603F0D5FD04462846FFF7BFFF30B94E
S21403460004F1100004F0EDF900F4404038BD4FF417
S2140346100060FBE738B5054603F0C2FD04462846AE
S214034620FFF7ACFF014648B910342046062203F0D4
S214034630F7FC2044BDE8384004F0D3B9A08838BD61
S21403464038B5054603F0ACFD04462846FFF796FF4B
S214034650014608B1201D38BD10340622204603F05B
S214034660DFFC2044F7E708B503F09AFD007A08BD9F
S21403467008B503F095FD90F9090008BD08B503F0E9
S2140346808FFD807A08BD08B503F08AFDC06808BDB3
S21403469010B50C4603F084FD047210BD10B50C462D
S2140346A003F07EFD447210BD10B50C4603F078FD92
S2140346B0C46010BD2DE9F8430F468046002107F17C
S2140346C010001646994603F0DFFD0446D0B103F00A
S2140346D067FD0546204603F07FFD00210246284677
S2140346E0E5F744FB00232046AB7049F00401FFF7CF
S2140346F01FFFA5F804802EB13A46314605F1100097
S214034700E5F7D2FC2046BDE8F883F8B505460F4624
S2140347101020002103F0B8FD0446B0B103F040FDBD
S2140347200646204603F058FD002102463046E5F7CC
S2140347301DFB002339462046B370FFF7F9FE25B16B
S2140347402A460121204603F077FD2046F8BD08B52A
S21403475003F026FD103008BD08B503F03DFD103804
S214034760C0B208BD0020ECF7F9BC08B5ECF754FF5F
S214034770002008BD4088C0F30C00033080084000CA
S2140347800430704770B50E4605461146304603F0B2
S2140347907BFD044635B128B103F002FD32462946B7
S2140347A0E5F78EF9204670BD0088B0FA80F0400920
S2140347B0704738B505880022044604F07DF905B134
S2140347C0258038BDF8B507460D46008800211646F5
S2140347D003F01EFDB042044605D129463846BDE81F
S2140347E0F840FFF7E6BF0021204603F011FDB04274
S2140347F005D02046002103F00BFD0446F3E72A46C6
S2140348002046002103F018FD32462846BDE8F8404E
S214034810002103F011BDF8B5058807467DB1CCB27B
S2140348202146284603F0F4FC8542064609D10023B8
S2140348303B8000222146304603F0FEFC35462846E0
S214034840F8BD214603F0E4FC21460246284603F061
S214034850F3FCEEE72DE9F0470788824688461446C0
S2140348605FB3384603F0B8FC3D460646E4B221463D
S214034870284603F0CDFC4045814616D1214603F079
S214034880C7FC21460246284603F0D6FC474504D11A
S214034890454508BF0025AAF8005000222146404699
S2140348A003F0CAFC3046BDE8F0878742FAD003F02F
S2140348B093FC30444D4686B2D9E73E46F2E70022E3
S2140348C00123C0E900237047F8B5044601270026F4
S2140348D003F0B2FE23683BB903F0A9FE0022636827
S2140348E0012B0ED16360F8BD1D691F61266003F0BE
S2140348F09EFE012DF2D02B462D691E61012DFAD1A5
S214034900E6E719691A610B46EAE7036823B94068C4
S214034910012803D0EDF7C8BB002070474FF0FF30E7
S2140349207047F8B5054603F072FF012306460027D5
S214034930A8602B7303F080FE2B6802467BB11C69CC
S2140349402169A1420CBF2F6019612761104603F04D
S2140349506EFE012C08D0204663689847EAE76C6829
S214034960012C04D103F063FE00232B73F8BD6169A9
S214034970711AB1F1004FF5D8216969602361E5E743
S2140349800220704702207047002070470144884287
S21403499001D10120704710F8013B9342F7D0002065
S2140349A0704770B50146064692B00020ECF786F8CD
S2140349B0044670B9FDF7F1FF054601466A462046F0
S2140349C0ECF7C2FB6A46294620468DF80260ECF7F0
S2140349D071FE204612B070BD00B593B0FDF7DDFF43
S2140349E06A4601460020ECF7AFFB9DF9020013B0C0
S2140349F05DF804FB00B593B0FDF7CFFF6A460146AA
S214034A000020ECF7A1FB9DF8000013B05DF804FB53
S214034A10ECF75EBB012070477FB54FF6FF7101AA26
S214034A20EDF7B4FD20B1BDF80C0007B05DF804FB4C
S214034A304FF6FF70F9E708B51046EEF76DFDBDE8D3
S214034A400840EEF727BE70477047704770477047B9
S214034A5070477047704738B54FF6FF750D800C46A4
S214034A60F6F71EFE2080A8420CBF2D20002038BD7E
S214034A70002100B593B06A460846ECF765FBBDF81F
S214034A80060013B05DF804FB002110B592B004468F
S214034A906A460846ECF758FB00216A460846ADF816
S214034AA00640ECF707FE12B010BD002100B593B028
S214034AB06A460846ECF748FBBDF8040013B05DF8F9
S214034AC004FB002110B592B004466A460846ECF78C
S214034AD03BFB00216A460846ADF80440ECF7EAFDC6
S214034AE012B010BD70472DE9F04F87B00C469146C3
S214034AF00746FFF73CFD0546661C304603F071FF8C
S214034B00042D40F090803846FFF721FE03780922F3
S214034B1003F00303012B14BF0223032301212046C2
S214034B20039303F07DFA092200210546204603F08D
S214034B3077FA21788DF8170001390022204689B2CA
S214034B40FFF720FE04EB09088346F0B14FF0010A95
S214034B502A460146CDF800A003980DF11703FBF78C
S214034B60C6FE0228054626D1584603F035FB00222A
S214034B702070C0B2431E00929BB25246594630463E
S214034B8004F029F82378534423703846FFF7E5FCEE
S214034B90020424D498F8013021789B071FD50139E5
S214034BA0A1EB09013A464046C9B2F1F773FC2378F4
S214034BB01844207013E020B92070284607B0BDE8DB
S214034BC0F08F032809D1404603F00BFF20F4007151
S214034BD089B2404603F007FFD7E70428D5D101255D
S214034BE0002220462178FFF7CDFD07460028E4D0B3
S214034BF04FF000080146434601224046CDF80080A8
S214034C00FBF775FE022819D1384603F0E5FAC2B25F
S214034C10013A207093B2394601223046CDF800801F
S214034C2003F0D9FFC9E780F0800520F0800081B249
S214034C303046C5F3C01503F0D6FED1E70028BCD135
S214034C402070BAE708B50020FFF764FC80F0010087
S214034C50C0B208BD0A4608B501460020EDF7E4FEDB
S214034C60B0FA80F0400908BD0020ECF757BE0021DB
S214034C700846ECF7FBBA0020FFF74ABC70B50446BB
S214034C8003F0AFFE042200210646204603F0C8F9CF
S214034C90204403F0A6FE032205460021204603F027
S214034CA0BFF9204403F09DFE4FF6FF730540ADB2F7
S214034CB09D4214D1F30712D506220021204603F0A5
S214034CC0AFF9204403F08DFE0446EDF71FFF844240
S214034CD014BF02240624EDF713FF204070BD2046C0
S214034CE0FBF7D7FFC400E4B2F5E708B5FFF7C6FF46
S214034CF0003818BF012008BD0120704710B50446D0
S214034D00FEF71DFB08B9FEF71CFB03050FD40C23A7
S214034D101B2B01D1002009E020FA03F1C90703F198
S214034D20010206D5DBB2E31A5842584110BD0B23E5
S214034D30F9E71346ECE710B50C46098819B9084697
S214034D40F8F706F82080012010BD08B510461A466D
S214034D5000F08CFABDE8084003F0DFBD70B50446EA
S214034D600D46164692B06A46ECF7EEF96A462946B1
S214034D7020468DF81F60ECF79DFC12B070BD10B591
S214034D800C46EEF79FFA2046BDE81040EEF7B0B9A2
S214034D900129F8B505460C461DD003291ED0052962
S214034DA020D0072922D00026002400270120ECF774
S214034DB01DF9304485421DDA0320ECF717F9204429
S214034DC0854219DA0520ECF711F938448542B4BF59
S214034DD007200520F8BD6FF00406E5E76FF004042E
S214034DE00526E2E700266FF00407DFE70024052721
S214034DF02646DBE70120EDE70320EBE738B14379EE
S214034E00490023F00C0301F00C010B434371704778
S214034E1010B5044678B141794088490801F0060187
S214034E200131000AFFF7B4FF024601462046FFF7AA
S214034E30E5FF104610BD0722FBE738B50D46EEF733
S214034E402FFA044608B9002038BDFFF7E1FF002D0E
S214034E50FAD1237913F00703F5D0984238BF1846E2
S214034E60C0B2F1E7EEF72ABC0022EEF74DBD0021F3
S214034E70012208B5EEF748FD401A18BF012008BD09
S214034E8038B51546FFF7F0FF0446284603F087FEBD
S214034E9084B1FF2804D0626822FA00F3DB0701D549
S214034EA0012038BD0123834013436360E378013355
S214034EB0E370F5E72046F4E7EEF780BF10B503F09E
S214034EC06FF900F11004204603F08BFD20F4007107
S214034ED089B22046BDE8104003F085BD2DE9FF41A9
S214034EE01546019101218DF80D301B0A8DF80E3001
S214034EF09DF82C308DF80C008DF80F3028460423CF
S214034F00009103AA9DF828809DF830709DF83460C0
S214034F1001F016FB044670B12946FFF762FBB8F1B1
S214034F20000F02D12046FFF7C9FF2FB146B931461D
S214034F30204601F0D0F80024204604B0BDE8F081F6
S214034F40002220461146EEF7BFFEF4E74FF47A70D0
S214034F50EFF714B808B5EDF7BBF8BDE80840002036
S214034F60EFF712B900B58BB06846EEF7E3FF009B88
S214034F70BDF8060004A90693EEF782FF0BB05DF8B2
S214034F8004FB1FB504466846EEF7D4FF02AB03CB1B
S214034F902060616004B010BD1FB5062304468DF87B
S214034FA00C30EFF74BFA00238DF80D00CDE90033F4
S214034FB001210223204603AA01F0C2FA04B010BD61
S214034FC038B5002208210546FFF7E0FC044698B9E9
S214034FD0FFF74EFD22464FF6FF71EFF787FC284694
S214034FE0297CEFF701F9287C6A69E989F0F7FCFF69
S214034FF0EFF772F8204638BD0120FCE770B50C4683
S21403500005460120EFF7FEFF237B4BB1FFF730FD8C
S214035010014623462A46BDE870400120EFF784BCCC
S2140350204FF6FE71F5E7F8B50E460746FFF78FFB1A
S214035030054603F0D6FC00F44040B0F5404F14BFDD
S2140350400022062202F10A03EB5C0B325C0004F03A
S2140350500E045B08144403F0380338461C44FFF779
S2140350607BFB844208D2001BC2B20F2A28BF0F2242
S21403507030462919E5F718F82046F8BDEDF728B8A5
S21403508040F62740F0F72EBDFF224FF6FF71F0F7EC
S2140350905DBE07B500210DF10700F0F78FFF9DF801
S2140350A0070003B05DF804FB13B5044601A900200E
S2140350B0F0F784FF019A01462046F0F795FF204655
S2140350C002B010BDF0B50F46002187B0044608466F
S2140350D01646F0F773FF012305460DF10A008DF817
S2140350E008408DF80930FFF74CFF092C1DD13146D7
S2140350F00DF1120003F077FC05AB002102AA9B1A00
S2140351002846CDE90011DBB2642101F019FA054601
S214035110E0B1092C15D1F0F7B1FF044688B1284653
S214035120F0F7C0FF204607B0F0BD31460DF113007F
S2140351308DF812704FF6FF7503F055FC0DF115034D
S214035140DBE7284600F014F80446EBE70446E9E7F5
S21403515038B504460D4603F03CFD40B1AC4206D0DC
S214035160204603F02DFDBDE8384000F0ACBF38BD47
S21403517010B50446FFF7EBFA023003F032FC4FF6A5
S214035180F7739842204603D9BDE81040F1F704B9F7
S214035190F1F744F9B0FA80F0400910BD01207047DA
S2140351A00022F1F731B870B504460088FFF7CFFA4E
S2140351B00546043003F015FC0646A81C03F011FC54
S2140351C0054603F01FFB3046F2F70EFB30B92846C0
S2140351D0F2F70AFB10B1284603F0FBFCA378002085
S2140351E023F00F03A37070BD70B50546FFF7AFFA43
S2140351F00646284601F0C8F901462846F8F7DCF9C2
S21403520004462846FFF7D7F94FF6F773984208D8AF
S214035210337803F00303012B05D1A31E58425841EC
S21403522070BD0120FCE70020FAE741F2033330B5F6
S21403523085B00D46ADF808300446FFF719FC8DF827
S2140352400A00FFF715FC0021000A8DF80B00052362
S2140352502046CDE9001102AA8DF80C5001F070F932
S21403526010B12146FFF79CFF05B030BD2DE9F04194
S214035270044617460D46E1B13F294FF0000600D11C
S21403528035462046FFF773F9082814D10121204636
S21403529002F0BEFF064602F09FFF0446304602F0C9
S2140352A07FFF3B4601462A46E0B2BDE8F041FDF7E4
S2140352B018BC0126E5E72046FFF759F9024630B940
S2140352C0BDE8F0414FF6FF71012003F051BB2046C5
S2140352D0FFF75EF9B0F5006F0ED12046FFF76BF9C6
S2140352E04FF6FF739842014617D0002D0CBF0320DC
S2140352F00520002203F03CFB29462046EEF79CFDE2
S21403530068B929462046F2F70DFA40B932462946CF
S2140353102046BDE8F041F1F7C5B90120E9E7BDE84D
S214035320F0817047704737B54FF6F675FDF738FBD3
S214035330431E9BB2AB420446F8D8EDF7B1FF0028F4
S214035340F4D169462046EDF7CDFA0028EED0204684
S21403535000F09AFE0028E9D12046FFF788FD0028D2
S214035360E4D12046F2F740FA0028DFD1204603F0C6
S21403537030FC0028DAD12046FDF71DFB0028D5D1E6
S214035380204603B030BD73B504460E46F2F72CFA3A
S214035390054688B92046F2F781FA21462B460D22A8
S2140353A04FF6FD70009500F0A1F83146204602B096
S2140353B0BDE87040F2F734BA02B070BDF7B50446E4
S2140353C00D461746FFF754FB0646002D3FD04FF613
S2140353D0FB739C423BD82046F2F706FA08B1A64276
S2140353E035D02046F2F700FA10B1012003B0F0BD25
S2140353F02046FDF7E0FAC0B1A642F6D0F4B16946FE
S2140354002046EDF76FFA0246C0B908216846FFF753
S214035410BDFA98B9082269462846E4F7F9FC68B14C
S21403542029462046FFF7AFFFDFE7A642E6D1284628
S214035430EDF7C6FA10B900F03DFED6E73FB12146B8
S2140354402846EEF7D3F821462846F6F70FF900204C
S214035450CCE737B5054614460C2914D8DFE801F027
S2140354602C132C1313130713131313242400694646
S214035470EDF738FA18B901216846F6F7F5F9412031
S2140354802946F8F715FDD4B12046FFF760F9023038
S21403549003F0A7FA4FF6F773984210D9204603B0E5
S2140354A0BDE83040F1F72EB840F6144040F61343FB
S2140354B00B2908BF1846E3E700F0EDFDE3E703B06A
S2140354C030BD1FB50346084603218DF80D308DF811
S2140354D00C1001230021ADF80E20CDE9003103AAFC
S2140354E0042301F02DF805B05DF804FB2DE9F34124
S2140354F006460F4614461D469DF82080FFF7B8FA69
S214035500B04207D100222146384602B0BDE8F0413A
S214035510FFF79FBF3A4631462046FFF7D2FFADF866
S214035520060060B10D2C05D100224FF6FF7128202E
S21403553003F01EFA35B9BDF80600FFF719FE02B0F0
S214035540BDE8F0810123424629460DF10600ECF73B
S21403555013FDBDF80630002BEDD1F0E7F7B50C468A
S2140355600546FFF7F4F8611C06462846F8F724F8C4
S214035570A11C0746284600F02AFF01460446384683
S214035580FDF747FA0D2F34D12046F2F72DF978B1FF
S214035590301D03F026FA04462846F679FFF73AF854
S2140355A031460246204603B0BDE8F040FFF768BC2C
S2140355B0B01C03F016FA4FF6F773984202D9284642
S2140355C0F0F7A0FF2046F2F769F9FFF751FAA04279
S2140355D005D1002003B0BDE8F040FFF7A2BE6B463E
S2140355E0B068F16803C369462046F2F719F903B0B9
S2140355F0F0BD2A463946204603B0BDE8F040FFF723
S21403560028BF14220021E4F7B1BB2DE9F04F11F0B7
S2140356100F0704460E4615468FB05CD10120E1F70E
S21403562091FF09A8FDF7F6FA092309A88DF8243097
S214035630FDF7F4FA09A8E1F757FF01A909A8FDF752
S2140356407BFC26F00F08A84404F1100904F10F0AA6
S214035650454511D1236901A93344236109A8FDF700
S21403566050FC0020E1F76EFFB6F1005F28BF272746
S21403567038460FB0BDE8F08F05AA234696469446F3
S214035680186859680833ACE803004B456246F6D100
S2140356902B46224605F1100B53F8041B5B4542F8D4
S2140356A0041BF9D1714609A8FDF72BFC09A8E1F7FD
S2140356B01BFF224621460120E1F700FF013D631E42
S2140356C013F8012F15F8011F534582EA01021A70D9
S2140356D0F6D15D46BCE70227CAE7F0B5174685B0A4
S2140356E005460C46102200216846E4F73FFBBFB38D
S2140356F0C4B30F2C04F00F0608D924F00F043A465F
S21403570021462846FFF781FF40BB274432463946E9
S2140357106846E4F7C9FC80222F6906F11003374474
S2140357206B44B7F5005F03F8102C2F61C6F1100623
S2140357301AD3062E1FDDFB001A0E8DF80A201A0C4C
S2140357405BBA8DF80B20ADF80C306A46102128465C
S214035750FFF75BFF00202B69103B2B6105B0F0BD04
S2140357603E46D8E72646D6E7022E04DDFB005BBAA4
S214035770ADF80E30E9E76A4610212846FFF745FFE5
S2140357802B691022A3F11004002168462C61E4F76C
S214035790EDFAB7F5005F4FEAC403CDD2E7E770B57D
S2140357A00E46054686B001A81446FFF72AFF324682
S2140357B0294601A8FFF791FF2246054601AB05AE31
S2140357C01C4603CCB44210605160234602F1080223
S2140357D0F6D1284606B070BDF2F7B8B80A460021DF
S2140357E0F2F7B4B8F0B58BB00C4601A9F2F7AEF8F1
S2140357F0054680B325220021E01CE4F7B7FA01230F
S214035800A3700E23BDF810702380FA0510D5234627
S2140358104FF4877206AE23F8042B0DF1280C32469C
S21403582003CA624518605960164603F10803F6D1A9
S2140358303B0605D5238843F080032380069B6360DD
S21403584001AB03CB039BC4F81D00C4F82110A3616E
S214035850F3F760FA606128460BB0F0BD30B5054635
S2140358600C4687B001A8FDF7D5F92868696802AB2E
S21403587003C39DF8113043F002028DF8112074B172
S2140358802288510644BF43F006038DF811305305B2
S21403589042BF9DF8113043F008038DF8113001A87C
S2140358A0FDF7B0FAB0FA80F0400907B030BD2DE935
S2140358B0F3410F460546164602F08EFC4FF00008ED
S2140358C0C41BE4B2294623463A463046CDF8008048
S2140358D003F081F90121284602F09AFC88B10121E0
S2140358E0284602F095FC074602F076FC0546C3B24E
S2140358F0424630193946CDF8008003F06CF925444A
S214035900ECB2204602B0BDE8F0812DE9F04F85B039
S2140359100C46054691461F464FF0010ADDF83880CF
S2140359209DF83CB002F058FC22463B462946064604
S214035930CDF800A0484603F04EF95146284602F03B
S21403594067FC3C4418B35146284602F061FCF6B2A5
S214035950B442814610DAE7B2F31BDBB24046224676
S2140359602946CDF800A003935F4403F034F9039B64
S214035970BF1B984407F0FF0B012300220E934946F2
S2140359805B46404605B0BDE8F04F03F024B95B46DE
S21403599022462946CDF838A0F3E72DE9F041002644
S2140359A086B0074608460C4615469846CDE9026675
S2140359B004968DF8146002F00FFC411BCBB20D2B3E
S2140359C028BF0D232A462146009602A803F003F9B2
S2140359D0424602A93846F2F70FF9064629462046FC
S2140359E09DF80820F7F7FCFD304606B0BDE8F081C9
S2140359F02DE9F04F0E46CBB00121054617461C464F
S214035A0002F006FC23463A462946814606A8FFF7D7
S214035A10C4FF0DF1280A00EB070B52463146284611
S214035A205FFA8BFBFFF743FFB34503D200204BB06F
S214035A30BDE8F08FABEB06085FFA88F808F10403BD
S214035A409842F3DB331F18440423C4B20193A31B09
S214035A50DBB20093524643460021CDF808A006A8C1
S214035A60E1F7E0FC0028E1D1A4EB0B040AEB080302
S214035A70E4B2524628463146009301944346FFF764
S214035A8044FF39462846F7F797FD394600F0F802F3
S214035A902846F7F7A5FD0121284602F0B9FB0028A2
S214035AA018BF4D462846ADF8165002F095FB011F69
S214035AB0C9B20DF1160000F04FFC0120B7E72DE93F
S214035AC0D841064600F060FD411C044689B23046C4
S214035AD000F02DFD98B394B321463046F7F76CFDDE
S214035AE000F00C03042B074629D000F00308B8F196
S214035AF0020F00D11BBB384600F0B0FD3B06044442
S214035B00A4B216D5611C304689B200F010FDB0B1C0
S214035B1021463046F7F750FDB8F1010F014600F075
S214035B2003030CD0032B0AD0384600F0A6FD031956
S214035B309CB221463046BDE8D84100F0F8BC0020B0
S214035B40BDE8D881F8B5064600F0E0FC05460446F5
S214035B503046FEF7FCFD43785B0718D5AC1CA4B2B1
S214035B602146304600F0E3FCB8B129463046F7F745
S214035B7023FD0746691C304689B2F7F71DFD1FB1A2
S214035B80874201D8FF2808D104EB4704A4B2214674
S214035B903046BDE8F84000F0CABC0020F8BD13B597
S214035BA0044601A8F2F780FABDF80430DA0710D4E9
S214035BB09B0707D410220021204602B0BDE8104000
S214035BC0E4F7D4B8224621461020FFF7E8FD002864
S214035BD0F0D102B010BD024608B5F2F78DFA5105B2
S214035BE044BF0838C0B2130544BF0838C0B208BD66
S214035BF0F0B5D30705460C468BB04AD5008800F0AF
S214035C00C3FC00230646029314B9CDE9034403AC50
S214035C10002208212046FEF7B9FEA8B12888FEF721
S214035C2096FD023002F0DDFE21460746ECF75AFEEB
S214035C3050B1002240231146384600F005FA40F6DC
S214035C40094528460BB0F0BD31462888F7F7B4FC63
S214035C5010F0030F0CBF01260026F1F7BBFE46EA41
S214035C604000C0B200900021204602AB05AAF3F71D
S214035C708DFC0546F1F7AEFE0028E2D0002DE0D0FD
S214035C8000212046009602AB05AAF3F77FFC0546E3
S214035C90D7E740F60A45D4E700231A46F3F7E2BBF4
S214035CA030B58BB005AD04462846FCF7B3FF022398
S214035CB0284601A98DF81430FDF73EF9234601AABC
S214035CC0144603CCAC4218605960224603F108031D
S214035CD0F6D10BB030BD08B5002302461946184668
S214035CE0F3F7C0FB012008BD37B504466846F3F753
S214035CF031FC054648B1082221466846E4F788F891
S214035D00B0FA80F0400903B030BDFF2208212046D8
S214035D10FEF73CFE034628B106212846FFF7BCFFE4
S214035D200120F0E722460146F3F79CFBF8E707B5A8
S214035D306846F3F70FFC10B16846FDF76CFA00F0FF
S214035D40010003B05DF804FB0120F4F7D9B87047EF
S214035D5030B50124054689B003A8FCF75BFF01A80C
S214035D608DF80C40E1F71EFC9DF806209DF80730E1
S214035D70AA4209D0AB4209D103A88DF80D40E1F73A
S214035D80B3FB012009B030BD0024F5E70020F9E796
S214035D9000221021FEF7FABD70477FB50D4600F5C9
S214035DA082300D22694600F58070D5F731FE6B46CA
S214035DB02A4602AE1C4603CCB4421060516023460A
S214035DC002F10802F6D120681060237913710023CC
S214035DD06B7304B070BDF0B585B06A4605460B46D6
S214035DE0164601F10807144618685968083303C4B1
S214035DF0BB422246F7D118680D2220601B7905F5B1
S214035E0082303146237100F58070D5F72DFE05B03C
S214035E10F0BD38B504460D46E0F7B6FEA04205D9F8
S214035E2020462946FFF7B9FF002038BD2820FCE7A7
S214035E3030B5002485B08DF80040E0F7A5FEE5B246
S214035E40A84204D8F5F774FB002005B030BD6946B8
S214035E502846FFF7C0FF0134EFE738B504460020B5
S214035E6002F0ACFEFF2805460FD002F0AFFE10F09E
S214035E70010009D0284602F0A9FE400840EAC17096
S214035E8080F0010000F0010038BD04F00100FBE7DC
S214035E900146F8B506460020F5F784FAFF2801D038
S214035EA00120F8BDE0F760FE00240546871CE0F7F6
S214035EB05FFEE3B2984201D80020F2E735F82430BB
S214035EC0B34203D117F82430002BE9D10134EEE7AF
S214035ED038B50D460121044602F09AF930B1012186
S214035EE0204602F095F92880012038BD20462C80F4
S214035EF000F020FC0130C0B2F7E72DE9F04788B088
S214035F000746894610460DF10A011D469046FFF7DF
S214035F10DFFF4FF0000ABDF80A6004463046CDE9BD
S214035F2005AACDF81BA002F057F9031BDBB20B2B17
S214035F3028BF0B2322463146CDF800A005A802F061
S214035F404AFE48F21F039D4243D00BD885F4004314
S214035F50012B15D923464246494628460097FDF7A6
S214035F60A7F933E048F23A039D42F3D1FEF780FDEA
S214035F70B8422BD02246414605A8FDF7CAF925E0CC
S214035F809DF8143013BBBDF81D40DDF81500DDF891
S214035F90191003AB03C3204603A9E0F7E9FF012268
S214035FA0204603A9FFF70AFAA74206460ED00121A8
S214035FB003A8F5F759FC48F201039D4206D12EB912
S214035FC0334632463946204600F058FC08B0BDE852
S214035FD0F0879DF81450002DF8D12F469DF81580B4
S214035FE00234EAB24245F1D2D200D2B222440823A6
S214035FF0314692B2009703A8CDE9037702F0EBFD92
S21403600003A800F074F802F0DBFD00F05CF801353D
S214036010E7E710B50024418084800480C2800381B2
S21403602010BD13B5BDF81040CDE900340023F5F7D5
S214036030E9FE02B010BD13B5BDF810400190009400
S214036040F5F7E0FE02B010BD07B500930123FFF796
S214036050F2FF03B05DF804FB0123F5F779BF38B50B
S2140360600546F0F70BF80446E0F79AFDA40144EA68
S2140360704020284038BD7047704700207047FF20F7
S2140360807047002070477047002070474FF6FF7038
S2140360907047002070477047002070477047002005
S2140360A0704770470020704700207047704770475E
S2140360B00020704770477047002070474FF6FF7008
S2140360C07047172070477047704770477047704790
S2140360D0704701207047012070470020704700205A
S2140360E070477047704770474FF6FF7070474FF61C
S2140360F0FF707047002070470020704700207047ED
S2140361007047002070472DE9F04F002785B0814681
S2140361100C467E2039469846BDF83CB09DF844A010
S214036120BDF84C500192ADF80E7002F0ADF806467D
S214036130002800F0AA8002F033F839467E22E3F7FF
S21403614015FE304602F02CF80090304602F028F890
S214036150B9F1FF0F0CBF274644F003073B0A14F4BC
S2140361604062077043705FD14FF00808C31C18469F
S21403617042460199E3F7A4FC034604F4404443442F
S21403618084B1790606D419464FEA1B2201F802BBEE
S2140361905A700B46B4F5004F56D0A4F5404254420D
S2140361A05441E400224618460E99E3F789FC009A08
S2140361B003462044A0EB02085FFA88F89DB14FF42B
S2140361C07C521A53841C284601F0EAFF834628466D
S2140361D002F002F8C5B22A4659462046E3F764FFA2
S2140361E060190235EDB2B9F1FF0F2FD05246109960
S2140361F000F8019BE3F758FF08F101015AFA81F111
S21403620029443046EBF74EFE0C210022FF0007F030
S214036210800710463943FEF778FAADF80E00E8B962
S214036220002005B0BDE8F08FB2F5006F80F803805C
S2140362304FEA182880F8048000F1050314BF4FF0D6
S21403624008084FF0020892E70224ABE708EB0A01BE
S21403625029443046EBF726FE0821D6E7304601F000
S2140362609FFF0446304601F0B7FF0123024621464E
S2140362700DF10E00EBF780FE0028D1D10121BDF809
S2140362804820BDF80E0001F0D7FFBDF80E00C8E7A2
S21403629010B50C46098821B90846F6F759FD208043
S2140362A008B1012010BD0220FCE72DE9F047804627
S2140362B00F460646002402F1FF39BC4202D219F803
S2140362C0015F25B9A6EB080080B2BDE8F0879A46C1
S2140362D0A5F13102012A5AF8041B10D83246322D92
S2140362E002F8011B06D10134A4B2A74232D3091225
S2140362F0B21C7170013453461646A4B2DDE7342D42
S2140363000CD10334BC42DDDA0B0A317073700B0C0C
S214036310090EB370321DF170A4B2EBE7A5F1330298
S214036320062A0DD8303DADB22B19BB42CADA2A462F
S2140363303046013CE3F7C4FB15FA84F47219EBE725
S214036340A5F14102062A01D8373DECE79D8803F103
S214036350080AE9E71646B5E770B5054600880C4611
S21403636001F03AFFA04228880AD201F035FF002345
S214036370221A19462846BDE8704092B2EBF7FCBDD8
S2140363802146EBF78FFD002070BD38B5054601F0BA
S21403639007FF0446284601F01FFF00220146204659
S2140363A0BDE83840FEF7EEB9F8B516460C461D466E
S2140363B0BDF8187001F0F4FE0444304601F0F0FE18
S2140363C03A4641192046BDE8F840E3F779BB70B575
S2140363D00C46013189B20646F7F7EEF82146054624
S2140363E03046F7F7E9F800EB052080B270BD1FB51D
S2140363F00123ADF80C2000930A460223014603A8A6
S21403640002F0E9FB05B05DF804FB0FB437B5069D53
S2140364100021A8B201F038FF044601F0C1FE2CB1FA
S214036420002207AB0193D1B28D4205D8204603B0B4
S214036430BDE8304004B0704753F8041B8154013262
S214036440F1E773B504460D4640200021164601F0D9
S2140364501BFFADF8060001F0A3FEBDF8063013B926
S214036460002002B070BD402133462A462044FFF781
S2140364701CFF211889B20DF10600FFF76DFF0028F7
S214036480EED1BDF80600ECE70EB403B503AA52F846
S214036490041B0192FFF7D5FF02B05DF804EB03B0CF
S2140364A070472DE9F7430F4601218146164601F052
S2140364B0AFFE054658B1FFF768FF308088B9284617
S2140364C001F08AFE68B1192003B0BDE8F0834846A0
S2140364D001F082FEFF2FA0EB0704E4B214D014B938
S2140364E034800020F0E72A4621462846FEF74AF97C
S2140364F080460028E7D03B464A4629460094FFF7E5
S21403650053FFA6F80080ECE70120DDE708B5FEF7A9
S2140365101EF9437803F001001A074CBF1030083009
S214036520DB0644BF0830C0B21030C0B208BD10B599
S2140365300C4601F051FEA04234BF0020012010BDDE
S2140365407FB514460091024641F2092141F609201F
S2140365509DF820601D46002E18BF0146099B0020AB
S214036560F7F752F8ADF80E0010B9002004B070BD6E
S21403657001232A4621460DF10E00EBF7FDFC002809
S214036580F3D1BDF80E00F1E738B50546FFF7BEFFB9
S2140365900446284601F020FE631C9BB283420FD8B4
S2140365A02846FEF7D4F843785B0707D521462846E6
S2140365B0F7F702F8013004EB4004E4B2204638BD96
S2140365C00024FBE71FB5ADF80E0001F005FE0446F8
S2140365D0BDF80E00FFF7D8FF00F10E03DBB2BDF8DF
S2140365E00E200146E01A80B200901046FFF7DCFE4C
S2140365F0A4F10E0189B20DF10E00FFF7ADFE04B053
S21403660010BD4278034612F0080006D0D20702D423
S21403661003F10800704703F10900704737B50546D4
S2140366200C46FEF794F8437813F0100212D09CB190
S21403663003F001021B074FF0000329460093204690
S2140366404FF0080354BF1832203202F0C4FA012078
S21403665003B030BD1046FBE72046F9E700F003031E
S214036660012B08D0C30606D400F00C000C2814BF78
S21403667008200920704702207047034611F00300E4
S21403668005D003F00303022B14BF02200320704738
S214036690F8B50C46064601F09FFD631C834202D9FB
S2140366A000252846F8BD21463046F6F785FF0746FF
S2140366B0FFF7D4FF3B060546F3D50444304601F006
S2140366C08BFDA4B2631C9BB28342E9D821463046B5
S2140366D0F6F772FF01463846FFF7CFFF2844C5B2E8
S2140366E0DFE770B506460D46FFF7D2FF044610B93E
S2140366F00024204670BD29463046F6F75DFF820625
S214036700F7D5304601F068FD2544ADB26B1C9BB24D
S2140367108342EDD829463046F6F74EFF00F01803BD
S214036720082B14BF05340634E4B2830644BF08348A
S214036730E4B2DEE738B50546FFF726FF044608B998
S214036740002038BD01462846FFF7CBFF0028F7D0C8
S2140367502044C0B2F5E72DE9F04387B005460C4662
S214036760FDF7F5FF804602F03CF907462846FFF79B
S2140367700BFF064601462846FFF78AFF002203461C
S21403678000922946324602A802F025FA9DF80860D0
S21403679006F00C030C2B06F003090BD0B9F1010F1E
S2140367A059D0F10657D49DF809300DF10A0500209B
S2140367B0637107E0FF230DF10900637102F011F91D
S2140367C00DF10B05208198F80130DA0704D508F19E
S2140367D0020002F006F92081B9F1010F5FFA89F889
S2140367E03DD0F3063BD4284602F0FBF86080A81C95
S2140367F002F0F7F8053515F8013C208023712B7855
S214036800B006A37206F0400348BF43F020033906E0
S21403681027D543F40073F80448BF43F4806339056F
S21403682048BF43F400633206E38011D56A7812F05A
S21403683003020DD06FEA43436FEA5343A978B8F1D6
S214036840020FE3800B4611D1EB7841EA0321218145
S21403685007B0BDE8F083FF230DF10905A7E7FF2383
S214036860CCE77A0648BF43F48073D4E7012A04BF13
S2140368700B029BB22381EBE7F7F778BB0BB1F7F775
S214036880E1BB0AB9F7F75ABCFF21F7F783BB431CF2
S21403689008BF0020E4F7A0BC034B5868C0F3080009
S2140368A0003818BF0120704700ED00E0014B186860
S2140368B0704700BF7C5C0020084B1B6F03F0070388
S2140368C0022B04D0032B05D0012B05D0FEE7044B87
S2140368D018687047034BFBE7034870470080005077
S2140368E07C5C0020845C0020002D310108B5FFF796
S2140368F0E3FF054B1B6FC3F301330133B0FBF3F028
S214036900024B186008BD00BF00800050785C002072
S2140369100048704700B4C40400487047002D310196
S214036920014B1868704700BF845C0020174A9368C1
S214036930C3F304430C2B0AD8DFE803F00B09090959
S2140369400909072119091B1D1F001148704700205C
S2140369507047936803F04073B3F1807F11D0B3F1AF
S214036960007F10D0002B0B4818BF002070470A4842
S21403697070470A4870470A4870470A4870470A48EB
S21403698070470A4870470A48704700BF0040015ADC
S214036990405DC60000093D00C0EA210180BA8C01B3
S2140369A00048E801005A62020024F40080841E00B6
S2140369B040420F00014B1868704700BF805C002000
S2140369C007B500F067FC6A4600F0C2FC18B1472121
S2140369D0034801F023FFDDE9000103B05DF804FB83
S2140369E0089203000229F8B596BF104B00245C5C9E
S2140369F0012805460E4608D0022809D008B944F0F7
S214036A0002040B4B1F6837B9F8BD44F00804F8E7D7
S214036A1044F02004F5E77B681A68144203D0314635
S214036A2028465B6898473F68EDE700BFAE29040039
S214036A30A034002038B5104D2B78ABB10F4C23781B
S214036A401BB100F031FA00232370002001F0F9FE99
S214036A500B4C50B100F07AFA0023012120782B70FA
S214036A60FFF7C0FF0123237038BD0122054B1A70C0
S214036A702278054B1A70F7E72E5300202C5300207C
S214036A80335300202F530020305300200E490B7839
S214036A90FF2B01D198B170470BB990B97047002806
S214036AA014BF0122FF2213440B7060B1074B1B78FF
S214036AB0012B08D9064B1B782BB9FFF7BBBF1A4629
S214036AC0F1E70122EFE770473253002033530020EB
S214036AD02F53002010B501F0A2FD064B04461B7889
S214036AE01BB1BDE8104001F095BDFFF7A3FF20469C
S214036AF0F7E700BF2B53002002282DE9F04147D0CB
S214036B0029480378FF2B41D1002941D11A46134463
S214036B10DBB2037000293BD0244E3278012A37D9E2
S214036B20002B3ED001F07BFD214F04463B780BB390
S214036B30204D2B781BB901222A701F4A1370DFF8E9
S214036B407C8098F8003023B100F0AEF9002388F873
S214036B500030204601F05EFD012001F072FE01F0D8
S214036B605EFD2B7804461BB100F0F0F900232B7072
S214036B7000233B70204601F04DFD01243078A042EF
S214036B8006D02146FFF72EFF347001E013B931B962
S214036B90BDE8F081002914BF0122FF22B7E70122D6
S214036BA0B5E70224EAE700BF325300203353002040
S214036BB02E5300202B5300202F5300202C5300204D
S214036BC02DE9F04385B0EFF3108572B6AFF300807E
S214036BD001F011FF002800F09280624E624F337876
S214036BE023B10020FFF752FF00233370387878B9BB
S214036BF003A900F01FFB044650B95C4B039A1B68BD
S214036C009A4200F284800120FFF740FF012333708D
S214036C103B78002B40F09980554B1B78002B00F0F7
S214036C2091804FF00208534CDFF868912078404576
S214036C3007D099F8003013B94146FFF7D3FE84F81E
S214036C400080B8F1020F0FD1DFF8248198F80030E6
S214036C5053B9494B1B7823B900F020F90122474B5F
S214036C601A70012388F80030207800F0F7F899F8B6
S214036C70003013B1424B1B782370AFF300802846D5
S214036C8001F0DAFDEFF3108572B63E4B1A7852B177
S214036C9000221A703A4B20781B78984203D10121C0
S214036CA02170FFF79FFE384800F084FA01F0B2FE29
S214036CB08046002893D12E4F3B789BB189F800007D
S214036CC0DFF8B89099F800301BB100F0EDF889F8BA
S214036CD00080002001F0B5FD002839D000F036F919
S214036CE000233B70337823B10020FFF7CFFE002349
S214036CF0337000212078FFF775FE00232370AFF36F
S214036D000080284605B0BDE8F04301F095BD1F4B53
S214036D10D3F8008000F048F9039B80449845BFF4FD
S214036D2072AF00F03BF98200039942F0020292B27E
S214036D30CDE900422346164AA1EB0801124801F0AA
S214036D4082FD65E700F09CF86BE74FF001086AE701
S214036D50012000F083F8284601F06EFDEFF310855E
S214036D6072B6B6E72D53002032530020A834002015
S214036D702E53002033530020315300202C53002081
S214036D803053002029530020AC340020A4340020C4
S214036D90D56A03002F53002010B501F040FC0022F3
S214036DA0054B1C781A7001F035FC00F005FBE4B2C5
S214036DB02043C0B210BD00BF2A53002038B501F0EF
S214036DC02EFC094B05461B78012B04D801F022FC48
S214036DD00024204638BD054B1C6800F0E5F8044443
S214036DE0284601F017FCF4E733530020A4340020B0
S214036DF01549164A0B6F10B503F007031360144AC0
S214036E00144C9269032B02F00200C2F34002227074
S214036E1017D0D1F8203103F00703022B11D0D1F895
S214036E20803203F001030C4A137048B143B9064B92
S214036E30D3F8003103F00303591E4B424B41137042
S214036E4010BD0123EFE700BF008000500835002087
S214036E5000C001503853002039530020012805D0C4
S214036E600238012808D80020D2F7EABA034A136981
S214036E7023F00403136130BF704700BF00ED00E04A
S214036E80044B054AD3F8203103F007031360F8F7E1
S214036E906FBA00BF00800050103500200122014B5E
S214036EA01A70704737530020F8B51F4B1B78002B1A
S214036EB039D01E4C2378B3B91D4B9A6DD10302D536
S214036EC0DA6D92072FD49B6DDB072CD401F001FDFE
S214036ED0184B194A1860136F23F0070343F0030394
S214036EE01367FFF703FD01F0F4FC124B134D1B6809
S214036EF0134EC01A2B78134F56F8232046F8230058
S214036F00111A3A681048521A0A213A600932B2FB3B
S214036F10F1F20133DBB20260B3FBF1F201FB123391
S214036F202B7000232370F8BD3953002036530020FE
S214036F3000C000500035002000800050355300206C
S214036F40D8340020D4340020D034002008B5F8F715
S214036F5010FA0D4A0D49136F096823F007030B4314
S214036F6013670B49D2F82031096823F007030B4354
S214036F70C2F82031074B1B7813B10122064B9A62E5
S214036F80BDE80840FFF7B2BC00800050083500207B
S214036F90103500203953002000E00050014B1878CC
S214036FA0704700BF39530020054B187818B1054BBE
S214036FB0186800EBD000044B1B681844704700BFEA
S214036FC039530020D03400200435002008B50D4B7B
S214036FD01A7892B100221A700B4A136F23F0070334
S214036FE043F001031367D2F8203123F0070343F07D
S214036FF00403C2F82031FFF779FC0122034B5A67DA
S21403700008BD00BF375300200080005000E000504A
S2140370100D490B68A0B10022A3B1834203D1836854
S21403702022B90B6003E01A469B68F5E79360836812
S2140370300BB9002070475A6941690A445A61F8E758
S21403704022207047022070471C35002010B501F03F
S2140370505CFC0A4C0A4B19682368C31A09B92060FA
S21403706010BD002BFBD04A699A423ABF9B1A0022F6
S214037070D21A4A6128BF00238968EFE71835002033
S2140370801C35002038B5154D2B682BB35B69A3B1AF
S214037090134A022014681C4400F086FA204600F0C7
S2140370A045FA00230F492A680B7022B1D08880075F
S2140370B00AD501230B70002038BD022000F074FAB5
S2140370C0022000F093FAECE79268002AF3D05069A6
S2140370D00344012BEAD9EEE72220EDE71C35002016
S2140370E0183500203B530020C38870B504460D4670
S2140370F03BB9FFF763FE8542064602D2F9F725FA47
S21403710035460E4A6561136883B91460A3600CE0C4
S2140371102D1A986819466561034618B15869A8423E
S214037120F6D929B18C60A36023B970BD0021F5E7B9
S2140371301460A3605A69521B5A61F6E71C35002097
S21403714070B50D469DF81410164601710499BDF8E6
S2140371501820016000210446C0E903368160C2801E
S21403716006BB01F0D2FB2844A0613DB9E368656124
S21403717013B1204621689847C6B1354601F04FFA49
S2140371800646FFF763FF29462046FFF7ADFF084B89
S2140371901B689C4201D1FFF775FF3046BDE870407F
S2140371A001F038BA01F0B1FB3044DDE770BD00BF33
S2140371B01C350020F8B50546D0B101F030FA064676
S2140371C0FFF744FF0B4B28461F68FFF721FF0446D3
S2140371D020B1304601F01EFA2046F8BDAF42F8D182
S2140371E0FFF750FF2228F4D1022000F0E9F9F0E778
S2140371F02224F1E71C35002038B50C460546A8B115
S214037200A1B100230B7001F017FA0121084B1B688C
S21403721033B901F00CFA002038BDAB4204D121701B
S2140372202278002AF9D0F4E79B68F1E72220F3E7F7
S2140372301C350020F8B506460F4601F0FDF900257B
S2140372400446124B1B6823B9204601F0F0F91B20B5
S21403725011E05A691544DA88B2420DD101F055FBA4
S2140372600B4E3368C01AA8420AD3002320463B605D
S21403727001F0DDF90020F8BDFF2EEFD09B68E2E7B2
S21403728001F043FB33682B441B1AEFE71C35002041
S2140372901835002070B501F0CFF9064601F035FB2E
S2140372A0084B044601201D6801F01FFB18B101F0CE
S2140372B02CFB04460135304601F0B9F92046294631
S2140372C070BD00BF24350020014B1868704700BF0F
S2140372D0203500200B4B70B51B68044683420D46D1
S2140372E00ED340F2E7300021074B4FF47A721E6844
S2140372F00023E4FB0601E2F727F92860002070BDAF
S2140373002120FCE714350020203500200F4B10B554
S2140373101A689AB14FF47A71531E1342A0FB010107
S2140373200ED1B2FA82F2C2F11F04531CD243E040DC
S21403733001FA03F3184321FA02F20243104610BD82
S2140373400023E2F701F90246F8E700BF20350020E4
S21403735038B5164B14468342154B8B4123D3154B36
S2140373601A6802B34FF47A75A0FB050305FB0131D7
S214037370531E134211D1B2FA82F3C3F11F055A1CEE
S214037380DB4301FA02F2E84021FA03F31043184301
S214037390E940C4E90001002038BD0023E2F7D4F831
S2140373A0C4E90001F7E72120F6E700BFEFA7C64BC5
S2140373B0378941002035002010B501F03DF9034B15
S2140373C01C7801F034F9E4B2204610BD3A5300208D
S2140373D008B5084B1B7803F0FF004BB101F079FAB0
S2140373E0054B1B689B69C01A02288CBF002001202E
S2140373F008BD00BF3B5300201C350020C2072DE903
S214037400F843044607D5464A136801331360FFF76B
S2140374101DFEFFF737FEA3077FD501F00DF94FF0EA
S214037420000805464646FFF711FE3E4F3C680CB182
S2140374306369A3B100223C4B012E1A7003D118F0E6
S214037440020F18BF1E70FFF71DFE222802D102206E
S21403745000F0B6F82846BDE8F84301F0E8B823463E
S2140374605A693AB91A792179914288BF1C469B68B2
S214037470002BF5D1284601F0DAF82569002D38D01F
S21403748001F043FAA269A0EB02084FEAE873A845A5
S21403749073F100032EDB23691344A36101232269DE
S2140374A0CAB1C3B9A38BB5EB080533B1E28B13445A
S2140374B09BB2B3F57A7F28D2E38301F0BDF880460A
S2140374C029462046FFF710FEA36922694046134467
S2140374D0A36101F0ACF8E36813B12046216898472E
S2140374E0B4F8068001F0A8F801360546FFF7AEFDAE
S2140374F09CE7A84601F0A0F881462046FFF788FDE2
S214037500484601F094F80023C9E7A3F57A73E383AA
S214037510A369013D013BA361CFE7BDE8F88300BF44
S214037520243500201C3500203A53002010B50446AD
S21403753001F075F84FF0B042936A1907FCD4136A4A
S214037540116C5269120704D4CA1A032A01D8994245
S2140375500ED1E21A022A98BFDC1CB4F1FF3F38BFF3
S214037560013C4FF0B04308221C6403F580539A6134
S21403757001F050F8054A13783BB14FF0B041CB6B9E
S21403758043F00203CB630023137010BD3861002061
S21403759007B5044B01A9187901F0E7F8019803B081
S2140375A05DF804FBF027040000F001038207034A9A
S2140375B048BF43F008039361704700BF00100058AC
S2140375C0820700F001030AD50121064A43F00803A7
S2140375D011704FF0B041CA6B22F00302CA63024A2D
S2140375E0936170473861002000200058830742BF2C
S2140375F00822014B5A6170470010005873B502AB5E
S214037600164603E90600044600F052FF05462046E8
S21403761000F05EFF9DF800208DB1202C33780ED845
S214037620012B2ED84FF6FF752D4803EB4313234447
S21403763030F81310A94202D0013120F81310294B59
S214037640294E33F8141036F81400814232D34FF61D
S214037650FF75A9424FF0010502D0013123F814103B
S21403766004F0FD01092927D1998AB68A0A44B24251
S214037670B4BF9A829E8233F81430834227D202B074
S21403768070BD022BDBD14FF6FF704FF6FF75144B20
S21403769033F81410814218BF013104F1210018BFDA
S2140376A023F8141033F81010A9421CBF013123F835
S2140376B01010C4E70025D0E71D2CDCD1598F8E1897
S2140376C0864203DA01390A445A87D4E75887002DDD
S2140376D0D5D1204602B0BDE8704001F031B900BFF5
S2140376E04C4F002024500020D04F002038B50D46C4
S2140376F0044600F0A1FF064A13889BB22DB123432C
S2140377001380BDE8384000F092BF23EA0403F7E78E
S2140377102A5200200022034B01214FF480701A7076
S214037720FFF7E4BF9958002008B5054B1868FCF727
S21403773031FE00F00300C31E5842584108BD00BF87
S214037740504C002038B5044601F09BF90C4B054617
S2140377501978187981420FD0631E082B0CD8DFE8FE
S21403776003F0050D0B0D0B0D0D0D0D00002201464C
S214037770044B1868FCF70CFE284638BD0022F7E7D2
S21403778066610020504C002038B54FF0FF300C46A1
S214037790FFF77DF80A4B05461868FFF778F8641B71
S2140377A0241A20B210F1630F06DB10F1240F05DA5A
S2140377B064308000C0B238BD0020FCE7FF20FAE743
S2140377C0504C002008B5134B1B78062B04D040F60C
S2140377D02101114801F022F8104B1B881B0704D423
S2140377E040F622010C4801F019F80D4B2A201978AF
S2140377F0FFF7A8FF00210820FFF778FF0222094BB6
S2140378001A70094B1868E8F7DDFEBDE8084001F07A
S21403781084B800BF995800208F2404002A52002001
S2140378209658002095610020504C002010B50E4C51
S214037830236823B940F6A3410C4800F0EFFF206805
S214037840013001F0CEF800F0070003280AD12468BF
S21403785009220121204600F0E3FB205C031F584267
S214037860584110BD0020FCE7404C00208F24040044
S21403787038B50C4640B100210420FFF737FF01F06E
S2140378804CF8012C1DD038BD244B1B889B07F6D51E
S2140378900129234A2FD1117869B30139C9B211706E
S2140378A011B92020FFF722FF00210220FFF71EFF59
S2140378B004221C4B00211C481A7000F05DFD01F0E9
S2140378C02CF81A4C2068013001F08BF800F4406065
S2140378D0B0F5006F1FD1246801210422204600F072
S2140378E09FFB204401F07DF80146BDE838400022A6
S2140378F0202001F03DB800210D4D02201170FFF746
S214037900F5FE2B78FF2B04D040F29961094800F06E
S21403791085FF2C70B3E74FF6FF71E6E72A52002087
S2140379209858002099580020EC5E0020404C002018
S214037930966100208F24040038B5134C054623882F
S214037940580709D5FFF7F0FE01460720FFF7FAFEB2
S214037950FF210120FFF78CFF238899070BD50B4BDC
S214037960284619788A1F51425141FFF7EBFE012141
S2140379700020FFF77DFF23881B0703D5BDE83840AB
S214037980FFF720BF38BD00BF2A52002099580020B9
S214037990F7B5124CD4E9006586EA020C85EA0307BC
S2140379A00CEA000C0F405CEA070E15D086EA0C06BC
S2140379B07D40C4E90065CDE900230B46084902462D
S2140379C00868FCF7A9F838B14FF4FD71054803B011
S2140379D0BDE8F04000F022BF03B0F0BDA8150020BC
S2140379E0504C00208F24040008B50A4B1B88DB0686
S2140379F004D440F64701084800F010FF0021102089
S214037A00FFF774FE002000F06BFBBDE8084000F0B3
S214037A1084BF00BF2A5200208F2404002DE9F04FB4
S214037A205706804614461D4691B005D5FFF77CFEE3
S214037A3001460120FFF786FEEE0403D500212D2024
S214037A40FFF780FEA00224D54046FCF74FFD014613
S214037A50F8B94020FFF74AFE40460AA9FCF723F987
S214037A60B8B99DF83030022B40F0D980BDF8280015
S214037A7001F0A6F8FF2808D14046FCF712F940B9F2
S214037A8001214020FFF732FE03E001F09DF80028B5
S214037A90F2D1A10305D5FFF747FE01460320FFF702
S214037AA051FEE20104F0807640F1C080854B1B88CE
S214037AB09B072DD5844E3068FCF78AF840BB834B72
S214037AC0834F18703B78FF2B04D040F257618148F0
S214037AD000F0A4FE4FF0000900210220FFF706FE87
S214037AE087F800907C4F3B78062B07D101210820AE
S214037AF0FFF7FCFD49462820FFF724FE3B78052BBD
S214037B0006D100212B20FFF71DFE3068E8F75AFD4B
S214037B1000F003FF220717D56B4F0321386805AA29
S214037B20FCF770F8064620B940F2C961694800F0D0
S214037B3075FE9DF81430072B00F0D080FFF7F4FD98
S214037B4001460420FFF7FEFDE10505D5FFF7ECFD32
S214037B5001460420FFF7F6FD14F4863F05D0FFF731
S214037B60E3FD01460220FFF7EDFDA20113D5FFF763
S214037B70DBFD01460820FFF7E5FD00210420FFF7A3
S214037B80B5FD554B1B78012B03D14F4B1868E8F70F
S214037B9019FD00F0C2FE14F0084F09D0FFF7C4FD2C
S214037BA001460720FFF7CEFDFF210120FFF760FE09
S214037BB0A30009D5FFF7B8FD01460620FFF7C2FD6F
S214037BC0FF210120FFF754FEA70705D53D4B1B8871
S214037BD01E0701D5FFF7F6FD6C0603D500210A2024
S214037BE0FFF7B0FD280602D50120FCF790FCE90557
S214037BF040F1858140460AAA05A9FCF7C7FB9DF814
S214037C001430222B00F06D8100F28281152B40F296
S214037C106A8140F60A112F4800F000FE6FE1032B3D
S214037C207FF437AF0AA800F0C7FF30E705F0020776
S214037C3056EA07030DD0284B26201978A1F1060E25
S214037C40DEF1000141EB0E01FFF77CFD012130461A
S214037C5011E004F0805656EA07030FD01E4B262089
S214037C601978A1F1060CDCF1000141EB0C01FFF7DA
S214037C7069FD02213846FFF7FBFD4BE704F0884118
S214037C8051EA060309D0144B272019788F1F79422F
S214037C907941FFF757FD0221D9E705F008030B43A7
S214037CA002D02320FFF74EFD680703D500212420CA
S214037CB0FFF748FDE9077FF52DAF00212520FFF7E5
S214037CC041FD27E72A520020504C002098580020F8
S214037CD0966100208F2404009958002031463868A6
S214037CE00AAAFBF795FF20B14FF4DA619E4800F02D
S214037CF095FDBDF81630386802330AA9ADF82C3066
S214037D00FBF788FF20B140F2DF61974800F086FD5D
S214037D100023009331460423386804AAFBF77CFF4C
S214037D20042804D040F2E4618F4800F077FDDFF8C2
S214037D30589299F80030C3BB0DF1110000F051FEC4
S214037D4000F00700022830D1FFF7EEFC01460920B9
S214037D50FFF7F8FC854B1B78062B23D1844B9DF845
S214037D6013201B789A421DD19DF8353023B940F273
S214037D70FA617D4800F052FD0DF1110000F031FE6E
S214037D80C0F3001631462920FFF7DCFC002108204B
S214037D90FFF7ACFC774B1E70FFF748FD10B9386849
S214037DA0E8F710FC00F0B9FDCEE6BDF81600012199
S214037DB0083080B200F068FA039030B9FFF7B4FCDD
S214037DC001460420FFF7BEFCECE700F0E9F905AA3C
S214037DD0014606463868FBF727FF99F800A0BAF174
S214037DE0000F22D106F1010B584600F0FAFD830678
S214037DF05AD53868FCF77AFB0746FFF795FC053734
S214037E000146F8B2FFF79EFC584600F0EAFD00F084
S214037E1007000328584F2DD001210420FFF766FCE6
S214037E204FF0FF30FBF71FFF386000225349BDF8C1
S214037E3016300978F718F1549DF83630BB709DF864
S214037E403730FB700A9B190E3971190C7971FB7167
S214037E50190A99F80030B97123B9737892B343F0CD
S214037E6020037370002000F069F97870039800F01F
S214037E7071FA97E701210922304600F0D1F8305C09
S214037E8001210428C9D1FFF731FC4FF0FF30FBF77F
S214037E90EAFE3B4B38601B885806C6D55146402041
S214037EA0FFF724FC0122C1E7FFF73EFC0146092049
S214037EB0FFF748FC2D4B1B78012BB6D13868E8F743
S214037EC081FBB2E723F02003CBE701227E33DBB24C
S214037ED002FA03F313F00A1F31D113F0011F3FF424
S214037EE098AE27202CE0012202FA03F3254A1A4013
S214037EF02ABB13F0041FF4D1DA077FF58AAEAB056D
S214037F002FD50121802011B0BDE8F04FFFF7EEBB5F
S214037F10652B1AD8622B12D8452B0CD8422B0ED8B9
S214037F20352B06D8322B0AD8252B08D9322BD8D096
S214037F306FE6422BFBE7552B05D8522BF7D92620A5
S214037F40FFF7FAFCDBE7622BF1E7952B3FF661AE12
S214037F50812BBAD8722BC4D0733B022B3FF659AE93
S214037F60EDE711B0BDE8F08F8F2404009958002088
S214037F7095580020956100203C4C00209761002016
S214037F802A5200203A0038009C580020024B1878EA
S214037F90B0FA80F0400970479958002008B5064BA0
S214037FA04FF0FF311868FCF717FA0028B8BF033004
S214037FB040F3870008BD00BF504C002008B5074BB0
S214037FC01868FBF73EFD30B1054BB3FBF0F083B208
S214037FD00BB1184608BD0120FCE700BF504C00203B
S214037FE040420F0038B510200C460121FFF77EFBF8
S214037FF0064B1D68FFF7E2FF012200FB04F1044B6A
S2140380002846FCF7CEF9002038BD00BF504C0020B0
S214038010E9790300014800F001BC00BFA92404006D
S214038020032A70B5144602D82C4B985C70BD81F0B9
S214038030010519B90D2A07D1FF20F7E70D2A03D149
S21403804000780538C0B2F1E7084400F0CAFCC5F171
S214038050040110F440660246C9B209D1042C08464E
S214038060E4D0052C16D112F0400F18BF0846DDE702
S214038070C5F10603042CD8B2D8D0B6F5006F03D1E9
S214038080C5F10805E8B2ECE7B6F5406FE9D1C5F1EE
S2140380900E05F7E712F4404107D1062CC6D0072C8D
S2140380A0C4D0082C13D10130CCE755065CBF831C23
S2140380B0D8B2062CBAD0B1F5004F02D1831CD8B281
S2140380C0EDE7B1F5404FEAD100F10803F7E71307F0
S2140380D044BF0530C0B20C2CA8D9ADE7006F04002E
S2140380E0AC2370B5094C054603FB00435E6D26B909
S2140380F040F2FD31064800F091FBAC2303FB054438
S214038100002363653346BDE870401847544C00208F
S214038110E624040010B40C461146AC22064B02FBC0
S2140381200033586D20B95C655DF8044BFFF75ABF02
S21403813002205DF8044B7047544C0020AC22034BDE
S21403814002FB003393F8A800704700BF544C00208E
S21403815028B1034B1B68C01A4010013080B2704729
S214038160144D002030B1044B00F100401B68013869
S21403817003EB4000704700BF144D0020064B1B68FE
S214038180834206D8054B1B68834294BF0020012018
S21403819070470020704700BF144D0020104D00208C
S2140381A010B5044608B9002010BD00F078FC20B9CD
S2140381B040F2CD41074800F031FB2046FFF7D2FFDF
S2140381C00028F0D00388DB0B14BFD0F80A00083071
S2140381D0EAE700BFBD24040010B508B9002010BDAF
S2140381E0FFF7C0FF044600F051FC20B94FF49D6131
S2140381F0064800F013FB002CF0D02388DB0B0ABFE5
S21403820060882089C0F30C00E9E700BFBD240400A2
S21403821038B5FFF7A7FF0D46044650B100F036FC0D
S21403822020B940F24151034800F0F8FA023534F819
S214038230150038BDBD24040070B5FFF793FF0C4648
S21403824016460546B0B100F021FC20B940F24D5168
S2140382500C4800F0E3FA3046FFF784FF00F016FC04
S21403826020B940F24E51074800F0D8FA023425F8F8
S214038270146070BD40F25251BDE87040014800F0F2
S214038280CDBA00BFBD2404002DE9F843074688464F
S21403829000F069FB20B940F28E512A4800F0BEFA7E
S2140382A0FC1CA408284B64000434B7F5005F1E6862
S2140382B0A4B204D340F29551224800F0AFFA00F07E
S2140382C0BBF9224981460B687BB9214B1D68761B97
S2140382D0C6F34F06B44227D90025484600F0A7F94F
S2140382E02846BDE8F843FFF733BFB8F1000F11D0B7
S2140382F0174A15685A1BC2F34F029442ECD8144827
S214038300620005EB44040460B8F1000F0FD1134478
S2140383100B600CE0F61AC6F34F0676B940F2A65188
S214038320084800F07BFAD7E705EB44041C600023FB
S2140383306F80AB80EB802B80CFE7B442CCD8044A67
S2140383401568DCE7BD240400184D0020004D00200E
S214038350104D002038B5054600F06EF90446294650
S2140383600448002200F0A8FB2046BDE8384000F091
S2140383705EB900BF3052002082684B4B2DE9F041B6
S2140383809A4204460E46056815D121B140F21311F0
S214038390464800F043FA00F04FF923691BB92B68EF
S2140383A02BB924612C60BDE8F04100F040B91A698E
S2140383B022611C61F6E700F02AFA8046FEF76CFAA3
S2140383C020B14FF49571394800F028FA6FF0004356
S2140383D09E4221694BD22B7B08EB0602002B4DD025
S2140383E0AB6893424AD1531C002949D0616999422C
S2140383F042D01EB9521AB2F1004F3DD963612369C8
S2140384006E689C4203D19D21284800F007FA2F4648
S2140384100023B4420BD0002B41D172696169891ADB
S214038420B1F1004F32D83269374694422CD12269D3
S214038430BD420CBF6A603A617BB92669B44203D178
S214038440B8211A4800F0EAF93B46012E05D06269C6
S2140384507169521AB2F1004F23D99D420BBF6B6864
S2140384601A69236122610CBF6C601C6104E04344FB
S21403847031B162699342C1D1BDE8F0811346B3E7D7
S2140384806A6822616C60B9E71646C6E7A8EB020283
S214038490B2F1004FC7D93B4637463669B9E71F46A0
S2140384A0F9E733463669D0E79D200200D12404005D
S2140384B00823064A12F8011B814205D0013B13F03C
S2140384C0FF03F7D11846704701207047B16F0400C9
S2140384D00823064A12F8011B814205D0013B13F01C
S2140384E0FF03F7D11846704701207047A96F0400B1
S2140384F010B5082207490446E1F78AFCB0FA80F073
S2140385004FF6FF732289400940009A4208BF40F0A5
S214038510010010BDC26F040030B504460D4685B099
S21403852002B9084A1068516801AB03C301AB03CB19
S21403853020602046ADF80C501B886160238105B08F
S21403854030BD00BF46AF0300002270B50A4B1C784F
S2140385500A4BD5B2AC4202D800200C7008E01E8845
S2140385600132864205D30D701B881B1A58425841A8
S21403857070BD1233EDE700BF16580020D05100201F
S21403858010B5164B187860B1154C2368CBB14FF471
S214038590707200201349FFF7BDFD2368013B23607B
S2140385A010BDFFF7FBFC1049104A91F90040136811
S2140385B084420B4C03F1010313602368B8BF0870B1
S2140385C053B90B4800F0A0FA0028E9D1BDE81040E3
S2140385D001460748FFF7D0BE0822DAE7E95800202D
S2140385E08C4D002081850300E4580020844D002034
S2140385F0B8600020054B1B682BB9054B186800387C
S21403860018BF012070470120704700BF7C4D002033
S214038610784D002010B962B6BFF36F8F7047EFF343
S214038620108072B67047302383F31188704780F347
S2140386301188BFF36F8F7047EFF31180302383F3F6
S21403864011887047002070474FF4004070474FF47E
S2140386507A7070470122417803788A4030214B4371
S21403866041F2100103F1A04303F570335A507047EB
S214038670B0F5802F24D010D8B0F5003F22D006D80E
S21403868028B3B0F5803F14BF012048207047B0F5EB
S214038690403F14BF01202C207047B0F5302F13D075
S2140386A008D8B0F5E02F11D0B0F5202F14BF012065
S2140386B010207047B0F57F0F14BF012006207047C7
S2140386C04B2070472A20704711207047212070479F
S2140386D008B570B100F022F84FF098435A6CD202F6
S2140386E0FCD5586D10F4702004D0BDE80840FFF7A1
S2140386F0BFBF212008BD08B528B128220021E1F715
S21403870035FB002008BD2120FCE7036A042B9FBF2E
S21403871000EB83020133D16003627047036A052BC3
S21403872014D84FF09842116CC902FCD504339B0051
S21403873013650168103B11604168116050F8081F0B
S21403874011604FF098420344984200D1704750F8A6
S214038750041F1160F8E7836813B9816070475B688C
S2140387605A68012AFBD15960704709B100F005B871
S21403877022207047012100F043B870B506460D4627
S214038780FFF75AFF04461D2E37D8DFE806F00F180A
S214038790361C1E203622243636362628362A2C2E1B
S2140387A0303636363634363636363632FEF784F8D4
S2140387B0002628602046FFF73AFF304670BD0120AA
S2140387C0D0F7D8FBF4E70320FAE70420F8E70C20F9
S2140387D0F6E70220F4E70620F2E70720F0E7082092
S2140387E0EEE70520ECE70920EAE70A20E8E70D2094
S2140387F0E6E71020E4E70B20E2E700202126D8E78F
S2140388000020704708B5FEF7DBF880B208BD08B550
S214038810FEF7D6F808BD704742DE704738B5044603
S2140388200D4600F008F8FFF7FEFE29462046BDE891
S2140388303840FFF7F1BF704710B962B6BFF36F8FCA
S2140388407047012070472DE9FF410E4617469846AC
S2140388500546A0B10024C461FEF7ACFCBDF82C307D
S214038860284602939DF828302246CDE900833146F8
S2140388703B46FEF765FC204604B0BDE8F0812220A7
S214038880FAE72DE9F0419846002386B00E461746D0
S21403889005468DF81730C0B1C3610DF11701FEF719
S2140388A0ABFC9DF8174094B9BDF8343028460293C4
S2140388B09DF830302246CDE9008331463B46FEF72D
S2140388C03FFC204606B0BDE8F0812220FAE70320ED
S2140388D0F8E738B5FFF7B0FE054600F016F804468D
S2140388E02846FFF7A4FE204638BD4FF0B0430128C4
S2140388F05B6904D0022805D1C3F3C000704703F0B8
S214038900010070470020704770474FF0B0439A6AE3
S2140389101207FCD4186A7047704708B5FFF7FCFFC8
S21403892000F01DF808BD10B5FFF779FE01210446D7
S2140389300846FEF7E1F82046BDE81040FFF76ABE9A
S21403894010B5044600F012F82046FAF7FAFF204660
S214038950F8F719F9BDE81040F9F7F4BC704708B505
S214038960FFF7FCFF08BD01207047704700207047E3
S21403897030B589B00446ADF806108DF81020FFF721
S21403898097FD05462046FFF7A3FD03469DB1BDF8B8
S2140389900600ABB900F0BDF8FF2808BF00200DF1B4
S2140389A00F038DF80F001A46204604990593FEF729
S2140389B025FE09B030BD0028F5D00DF10603F2E719
S2140389C000F0A7F8FF280ABF0023034618468DF8D1
S2140389D00F30BDF806308DF81800ADF81A3006AB28
S2140389E0E1E7008870470170090A4170704701206B
S2140389F070470120704710B5E0F752F80446D5F7E4
S214038A0023FB0440D5F7F2FBE4B20440FFF7EFFF85
S214038A10204010BD38B5FEF7BFF90446F7F7BBFA9A
S214038A20042824D0022808BF44F001040025E4B239
S214038A30F8F751F904281CD0022808BF44F00104B3
S214038A40E4B2F7F7DEFE042815D0022808BF44F088
S214038A500104E4B2FFF7CDFF04280ED0022808BFB6
S214038A6044F0010485F0010504EA050038BD01253C
S214038A70DEE70125E5E70125ECE70020F6E7FF2022
S214038A80704708B5FFF7FBFF002008BD08B520B107
S214038A90FFF774FB00F0010008BD0120FAE708B5F4
S214038AA0FFF760FBBDE80840FFF7F0BF008810B192
S214038AB0C9B2FFF7ADBB70472DE9F041B0F80080AF
S214038AC006460C46D5B2B8F1000F11D029464046EB
S214038AD0FFF79EFB2246074629464046FFF7ACFBB8
S214038AE03A4629462046FFF7A7FB3480BDE8F081C7
S214038AF00F46F5E703461B8808468B4202D0002143
S214038B00FFF786BB002070470069003818BF0120B6
S214038B10704700207047F8B506460D46FFF7E8FC99
S214038B200328044621D02846FFF7E2FC032807461D
S214038B301BD010F0020318D1A0070DD5F90716D4E1
S214038B4001233C43E20704D431892A89914218BFA2
S214038B50002303F00100F8BD082229463046E1F75A
S214038B6057F9B0FA80F35B09EBE70020F3E7184602
S214038B70F1E770B50D4600210646FFF797FF04465A
S214038B8030B1FFF70DFB01462846FFF7C4FF08B1D7
S214038B90204670BD21463046FFF7ACFFEFE707B52A
S214038BA00DF10701FFF7D0FC20B19DF8070003B0D5
S214038BB05DF804FBFF20FAE700207047FF207047AC
S214038BC0FF207047FF2070470020704700200021D9
S214038BD07047002070472DE9F843074608461546B8
S214038BE088461C469DF82090FFF7DAFA4619A4B18A
S214038BF09EB14046FFF7F0FA254485420FDC224635
S214038C00B9F1000F06D131463846E0F759FF002088
S214038C10BDE8F88339463046F7E72120F8E71D20FC
S214038C20F6E700000000000000000000000000005F
S214038C30000000000000000000000000000000002C
S214038C40F8B500BFF8BC08BC9E467047F8B500BF31
S214038C50F8BC08BC9E4670475FF800F0B95A00207F
S214038C605FF800F01D5A0020427574746F6E20760C
S214038C70616C7565206368616E67656420746F2038
S214038C8025640D0A0050726573732064657465630A
S214038C907465640D0A004D756C7469207072657393
S214038CA0732064657465637465643A2025640D0AED
S214038CB00052656C656173652064657465637465ED
S214038CC0640D0A004C6F6E672070726573732064C0
S214038CD0657465637465640D0A0072656C61795F1B
S214038CE0636C6561725F68616E646C65722025648F
S214038CF00D0A0072656C61795F73746172745F6CE0
S214038D0061746368696E675F70756C73653A20613A
S214038D106E6F746865722070756C73652069732056
S214038D206163746976650D0A0072656C61795F73B9
S214038D30746172745F68616E646C65720D0A0072AA
S214038D40656C61795F6F6E0D0A0072656C61795FA1
S214038D506F66660D0A0072656C61795F746F67678C
S214038D606C650D0A0057726974696E6720636F6ECF
S214038D7066696720746F206E763A2025730D0A00A5
S214038D8053697A653A2025640D0A004661696C6565
S214038D906420746F2077726974652044455649438E
S214038DA0455F434F4E4649475F4441544120746FE5
S214038DB0204E562C207374617475733A2025642EE6
S214038DC0202862797465733A202564290D0A007396
S214038DD0756363657373210D0A004661696C656488
S214038DE020746F2072656164204E565F4954454D6A
S214038DF05F4445564943455F434F4E4649472C20FB
S214038E007573696E672064656661756C7420636F3D
S214038E106E66696720696E73746561642C2073746B
S214038E20617475733A2025642E20286279746573FD
S214038E303A202564290D0A005573696E6720636F0F
S214038E406E6669673A2025642063686172732066DC
S214038E50726F6D0D0A25730D0A006D726475756267
S214038E606F643B4D6F65732D342D67616E673B539F
S214038E704130753B5241343B4941363B5341337590
S214038E803B5243303B4941353B534230753B52439B
S214038E90313B4943323B534231753B5244313B49A4
S214038EA044303B4D3B004E6574776F726B20737492
S214038EB061747573206368616E67656420746F20E0
S214038EC025640D0A004D616E75666163747572657F
S214038ED07220746F6F206269670D0A004D6F6465B8
S214038EE06C20746F6F206269670D0A00496E69749F
S214038EF069616C697A696E67205A6967626565207D
S214038F00776974682025642073776974636865736A
S214038F1020616E642025642072656C6179730D0A86
S214038F2000436F6E666967207061727365642073B1
S214038F3075636365737366756C6C790D0A00726589
S214038F4061642076657273696F6E20666F726D203A
S214038F506E6577206C6F636174696F6E0D0A0046E9
S214038F6061696C656420746F207772697465206C20
S214038F706173745365656E56657273696F6E20749C
S214038F806F204E562C2073743A2025640D0A004F2A
S214038F906C642076657273696F6E3A2025640D0AD9
S214038FA00043757272656E742076657273696F6EB0
S214038FB03A2025640D0A00524553455420414C4C33
S214038FC0210D0A002F7A622F747579612D7A6967ED
S214038FD06265652D7377697463682F73696C616264
S214038FE0735F746F6F6C732F73696D706C696369ED
S214038FF074795F73646B2F2E2E2F2E2E2F7372634E
S2140390002F73696C6162732F68616C2F7A6967626C
S21403901065652E63004174747269627574652063B6
S21403902068616E6765642C2065703A2025642C2081
S214039030636C75737465723A2025642C20617474AE
S214039040723A2025640D0A00556E6B6E6F776E209C
S214039050636F6D6D616E643A2025640D0A00496E78
S214039060646578206174207772697465206174740E
S214039070723A2025640D0A004E6F20737769746375
S2140390806820636F6E66696720696E204E562C20D3
S2140390907573696E672064656661756C74730D0A13
S2140390A000496E76616C69642072656C61795F69EC
S2140390B06E64657820256420696E204E562C2072D7
S2140390C06573657474696E6720746F206465666182
S2140390D0756C740D0A003E2000556E6B6E6F776ECE
S2140390E0206572726F7200496E70757420627566C1
S2140390F06665722069732046554C4C004D6178694D
S2140391006D756D206E756D626572206F6620617277
S21403911067756D656E7473206578636565646564ED
S2140391200054686520617267756D656E7420697397
S214039130206E6F7420666F726D617474656420634D
S2140391406F72726563746C7900496E636F727265D1
S214039150637420617267756D656E742074797065CB
S21403916000496E636F7272656374206E756D626517
S21403917072206F6620617267756D656E7473004E3C
S2140391806F20636F6D6D616E6420666F756E64002D
S21403919075696E7438002A00756E6B6E6F776E0095
S2140391A077696C6463617264006865786F707400D5
S2140391B0737472696E676F70740075696E74333298
S2140391C06F70740075696E7431366F7074007569EC
S2140391D06E74386F70740068657800737472696EA5
S2140391E0670075696E7431360075696E74333200C4
S2140391F02E2E2E200068656C70000A25730A2573D0
S21403920025730025732008002F7A622F7475796101
S2140392102D7A69676265652D7377697463682F7342
S214039220696C6162735F746F6F6C732F73696D70B3
S2140392306C69636974795F73646B2F706C617466B1
S2140392406F726D2F736572766963652F6C656761E0
S21403925063795F68616C2F7372632F626173652D28
S2140392607265706C6163656D656E742E63002F7A2C
S214039270622F747579612D7A69676265652D7377D8
S214039280697463682F73696C6162735F746F6F6C64
S214039290732F73696D706C69636974795F73646B3C
S2140392A02F706C6174666F726D2F73657276696367
S2140392B0652F746F6B656E5F6D616E616765722F88
S2140392C06C65676163792F7372632F736C5F746F5A
S2140392D06B656E5F6D616E616765722E63002F7AD4
S2140392E0622F747579612D7A69676265652D737768
S2140392F0697463682F73696C6162735F746F6F6CF4
S214039300732F73696D706C69636974795F73646BCB
S2140393102F706C6174666F726D2F736572766963F6
S214039320652F746F6B656E5F6D616E616765722F17
S2140393306C65676163792F7372632F736C5F746FE9
S2140393406B656E5F6D616E75666163747572696E6B
S214039350672E630043757272656E7420436F6E6684
S21403936069673A20253078005365742043434120CB
S2140393706D6F646520746F2025643A20253078006D
S214039380656E61626C65640064697361626C6564D2
S214039390006F757428636C69656E742900696E20A6
S2140393A02873657276657229004D4647205374729A
S2140393B0696E673A202573004170704275696C6464
S2140393C06572204D464720436F64653A2030782502
S2140393D0303458006E6F6465205B004164646974C2
S2140393E0696F6E616C20696E74657266616365731E
S2140393F000202025643A200070616765205B2564A1
S2140394005D206368616E205B25645D207077722043
S2140394105B25645D006E6F74206163746976650016
S2140394206572726F72203078253038580070616E1E
S2140394304944205B3078253034585D206E6F646570
S2140394404944205B3078253034585D2000787061BD
S2140394506E205B307800706172656E744944205BE1
S2140394603078253034585D20706172656E7452739F
S2140394707369205B25645D006E6F6465547970655F
S214039480205B005365637572697479206C65766535
S2140394906C205B253032585D006E6574776F726B97
S2140394A0207374617465205B253032585D2000425A
S2140394B075666665722062797465733A2025642042
S2140394C02F20256400457020636E743A20256400BF
S2140394D06570202564205B656E64706F696E74200A
S2140394E025732C206465766963652025735D2000EB
S2140394F06E776B205B25645D2070726F66696C65A2
S214039500205B3078253034585D20646576496420C6
S2140395105B3078253034585D20766572205B307872
S214039520253032585D0020202020257320636C757B
S214039530737465723A2030782530345820004E779D
S2140395406B20636E743A202564006E776B20256467
S214039550205B25735D005072696D617279202870F7
S214039560726F290020206E6F646554797065205BE6
S2140395703078253032585D00202073656375726934
S214039580747950726F66696C65205B30782530326B
S214039590585D0045502025643A2025732000457207
S2140395A0726F723A2020556E6B6E6F776E20656E03
S2140395B064706F696E742E00456E61626C6520651B
S2140395C076656E7420646562756720696E666F20C3
S2140395D0696E20436F726520434C4920636F6D703C
S2140395E06F6E656E74006F6E6C7920636F6F726456
S2140395F0696E61746F72732063616E20666F726D3D
S2140396000A006A6F696E203078253038580A006C75
S21403961065617665002573203078253032580A0058
S21403962072656A6F696E0072656A6F696E44696611
S2140396306644657669636554797065006578742E4B
S2140396402050414E2049443A20004E574B206F701D
S214039650656E3A20257520736563004E574B20636D
S2140396606C6F7365640066696E64206A6F696E6109
S214039670626C653A203078253032580066696E642D
S21403968020756E757365643A20307825303258003D
S2140396904368616E67696E6720746F206368616EE6
S2140396A06E656C2025643A20307825303258006980
S2140396B06E76616C6964206E6574776F726B206971
S2140396C06E6465780053686F72742049443A20309C
S2140396D078253034582C2045554936343A20002C0A
S2140396E02050616E2049443A2030782530345800A3
S2140396F053746172746564206D756C74692D70683B
S2140397007920696E74657266616365004661696C8B
S214039710656420746F2025732025732030782530E8
S2140397203258005465726D696E61746564202573E2
S21403973020307825303258004B65657020616C699F
S214039740766520737570706F727420656E61626CD7
S21403975065642E006661696C656420746F207365AA
S21403976074206B65657020616C697665206D6F6427
S214039770652E007375636365737366756C6C792009
S21403978073657420746865206368696C6420746903
S2140397906D656F7574206F7074696F6E206D61737D
S2140397A06B2E006661696C656420746F2073657444
S2140397B020746865206368696C642074696D656FDE
S2140397C07574206F7074696F6E206D61736B2E00F5
S2140397D0646973636F766572005365727669636551
S2140397E02025737920646F6E652E004D617463685F
S2140397F0202573792066726F6D20307825303458B3
S2140398002C206570202564004E574B2041646472FB
S21403981065737320726573706F6E73653A20307864
S21403982025303458004945454520416464726573C4
S2140398307320726573706F6E73653A200023202061
S214039840747970652020206E776B20206C6F632000
S214039850202072656D202020636C75732020206E97
S2140398606F6465202020657569002020256420200C
S214039870202030782530345820203078253034584E
S214039880202030782530345820307825303458203E
S21403989000736C5F7A69676265655F6765745F62AC
S2140398A0696E64696E67204572726F723A2030780B
S2140398B0253038580A002564206F66202564206208
S2140398C0696E64696E6773207573656400656E619F
S2140398D0626C6564207072696E7400646973616299
S2140398E06C6564207072696E7400616464206C69D0
S2140398F06E6B206B6579004552523A2043616C6368
S214039900756C617465642043524320646F657320ED
S2140399106E6F74206D61746368004552523A204935
S2140399206E7374616C6C20436F6465206D7573741D
S21403993020626520382C2031302C2031342C206FC7
S2140399407220313820627974657320696E206C65E5
S2140399506E677468004552523A204145532D4D4D6B
S2140399604F2068617368206661696C65643A2030CD
S214039970782530325800536574206A6F696E696EB5
S21403998067206C696E6B206B657900736574206263
S214039990696E642025643A20307825303278004595
S2140399A04D50545900554E494341004D324F4E4594
S2140399B0004D554C5449003F2020202000496E643A
S2140399C06578204945454520416464726573732074
S2140399D020202020202020204E574B496E64657897
S2140399E02020496E204643202020202054544C2813
S2140399F0732920466C6167202020204B6579202040
S214039A0020200025642020202020002020256420FC
S214039A102020202020200020202530385820200019
S214039A2020307825303458202000496E646578202D
S214039A3049454545204164647265737320202020A0
S214039A402020202020496E2046432020202020541A
S214039A5079706520204175746820204B6579002D48
S214039A60202020202000256320202020202563207E
S214039A702020202000696573005741524E494E4707
S214039A803A202052454144494E47204F46204B45F5
S214039A90592056414C5545532044495341424C4561
S214039AA044204259204D464720544F4B454E004EC6
S214039AB0574B204B6579002573206F7574204643FA
S214039AC03A202530385800257320736571206E754B
S214039AD06D3A20307825303258002573206F757420
S214039AE02046433A202530387800544320257320F7
S214039AF0002573205461626C650025642F2564205D
S214039B00656E747269657320757365642E0054728E
S214039B10616E7369656E74204B65790025642065F4
S214039B206E7472257320636F6E73756D696E67202E
S214039B302564207061636B65742062756666657262
S214039B4025732E0057494C4C0057494C4C204E4F1A
S214039B50540054727573742043656E7465722025C1
S214039B607320616C6C6F77207472757374206365F1
S214039B706E7465722072656A6F696E732075736999
S214039B806E672077656C6C2D6B6E6F776E206B65DA
S214039B90792E005365742074696D656F757420663D
S214039BA06F722054727573742043656E74657220E9
S214039BB072656A6F696E73207573696E6720776561
S214039BC06C6C2D6B6E6F776E206C696E6B206B659D
S214039BD07920746F202564207365636F6E64732E1B
S214039BE0004552524F523A20002573737461636BDB
S214039BF0206D75737420626520646F776E2E005235
S214039C00656164696E6720416C6C6F7765640048B4
S214039C10617368696E67206F6E6C7900736C5F7A28
S214039C2069676265655F6B65795F73657474696E92
S214039C3067735F743A2030782530345800202050FC
S214039C4065726D697373696F6E733A202573004589
S214039C5072726F723A204661696C656420746F2075
S214039C6067657420636F6E6669672C20737461740E
S214039C7075733A20307825303858004661696C652C
S214039C80643A20307825303858004D73673A20639D
S214039C906C7573203078253034582C20636D64201F
S214039CA03078253032582C206C656E20256400628F
S214039CB075666665723A2000454D4245525F00253B
S214039CC07353454355524954595F4C4556454C3A90
S214039CD020253032580025736572617365206B65E5
S214039CE0792025643A2030782530385800636D642F
S214039CF0206E6F74206275696C74007372632065DE
S214039D007020253032782C20636C75732025303410
S214039D10780073656E64696E6720746F206D756C6A
S214039D207469636173742062696E640025733A20F4
S214039D3065703A2025642C20636C3A2030782530F1
S214039D4034582C20617474723A2030782530345895
S214039D50002C207376723A2025630025733A20720E
S214039D606561643A20307825303278002C2073768B
S214039D70723A2025632C2064747970653A20307813
S214039D802530325800417267756D656E74206174B4
S214039D9020696E6465783A202564206973206F75A0
S214039DA074206F662072616E676500436F6D6D6128
S214039DB06E6420616C7265616479206275696C7487
S214039DC02E202043616E6E6F7420736574204D469B
S214039DD04720737065636966696320636F646520F3
S214039DE0666F7220636F6D6D616E642E004D46471D
S214039DF020436F64652053657420666F72206E651A
S214039E00787420636F6D6D616E643A203078253008
S214039E10345800557365204E657874205365717504
S214039E20656E63652053657420666F72206E657871
S214039E307420636F6D6D616E643A2030782530321E
S214039E40580044697361626C652044656661756C8D
S214039E507420526573706F6E736520536574206645
S214039E606F72206E65787420636F6D6D616E643AF1
S214039E7020307825303258004552523A20726561B8
S214039E8064696E67206174747269627574652025EF
S214039E90303278004552523A2061747472696275A2
S214039EA074652073697A6520256420746F6F206C4F
S214039EB06172676520666F722062756666657200FA
S214039EC04572726F723A2061747472696275746552
S214039ED020494420307825303458207265706F72DC
S214039EE07461626C65206368616E676520697320C0
S214039EF073697A65202564422C2062757420256474
S214039F004220656E74657265640A006E6F20636D29
S214039F1064004572726F723A20434C492053656E53
S214039F2064206661696C65642C2073746174757350
S214039F303A20307825303858004572726F723A20CE
S214039F4020455549363420617267756D656E7420F9
S214039F50697320656D70747920616E64206C6F6F11
S214039F606B7570206279206E6F64652049442066A5
S214039F7061696C65642E0047726F757000556E6973
S214039F806361737400556E62696E642025732025C1
S214039F907330782530325800526571756573743A9C
S214039FA020005A444F2073696D706C652064657396
S214039FB063207265712025303278005A444F206E34
S214039FC06F64652064657363207265712025303283
S214039FD078005A444F206D61746368206465736328
S214039FE0207265712025303258005573696E6720DC
S214039FF06D79206C6F63616C204555493634206655
S21403A0006F72206465737420455549363420696E33
S21403A0102062696E64696E67005A444F2062696EF7
S21403A0206420726571202530327800636C75737412
S21403A0306572206C696D6974207265616368656416
S21403A04000696E76616C696420706167653A2025E5
S21403A05064206F72206368616E6E656C3A202564B7
S21403A060004368616E6765206368616E6E656C2089
S21403A0707374617475733A203078253032780064CF
S21403A08075726174696F6E206D75737420626520D6
S21403A090696E2072616E67652030202D203500635F
S21403A0A06F756E74206D75737420626520696E20FB
S21403A0B072616E67652031202D2038007363616EF0
S21403A0C02073746174757320307825303258006EAF
S21403A0D06574776F726B2075706461746520736541
S21403A0E07420737461747573203078253032580089
S21403A0F04163746976652045502072657175657392
S21403A10074207374617475733A203078253032582E
S21403A110004C5149205461626C6520726571756507
S21403A12073743A203078253032580042696E646979
S21403A1306E67205461626C65207265717565737411
S21403A1403A20307825303258004C656176652025F4
S21403A1507330782530325800506F77657220446527
S21403A1607363726970746F7220257330782530328A
S21403A17058005573696E67206D79206C6F63616C48
S21403A18020455549363420666F7220646573742003
S21403A190455549363420696E20756E62696E64696A
S21403A1A06E6700526F757465205461626C65202576
S21403A1B073307825303258002F7A622F74757961A0
S21403A1C02D7A69676265652D7377697463682F7383
S21403A1D0696C6162735F746F6F6C732F73696D70F4
S21403A1E06C69636974795F73646B2F70726F746FD5
S21403A1F0636F6C2F7A69676265652F6170702F666F
S21403A20072616D65776F726B2F636F6D6D6F6E2FF7
S21403A210736C5F7A69676265655F73797374656D7E
S21403A2205F636F6D6D6F6E2E6300457874656E6445
S21403A230656420526573657420696E666F3A2030D4
S21403A24078253034582028257329002F7A622F74F6
S21403A2507579612D7A69676265652D7377697463AD
S21403A260682F73696C6162735F746F6F6C732F739F
S21403A270696D706C69636974795F73646B2F707250
S21403A2806F746F636F6C2F7A69676265652F617091
S21403A290702F6672616D65776F726B2F636F6D6D6E
S21403A2A06F6E2F7A69676265655F6170705F66724D
S21403A2B0616D65776F726B5F736C6565702E630097
S21403A2C053746179206177616B65207768656E20CA
S21403A2D06E6F74206A6F696E65643A202573004654
S21403A2E06F726365642073746179206177616B654F
S21403A2F03A20202020202020202020257300466F8F
S21403A3007263696E672064657669636520746F207F
S21403A31073746179206177616B6500416C6C6F774C
S21403A320696E672064657669636520746F20676F5E
S21403A33020746F20736C656570002F7A622F7475B6
S21403A34079612D7A69676265652D737769746368C9
S21403A3502F73696C6162735F746F6F6C732F7369AD
S21403A3606D706C69636974795F73646B2F70726F59
S21403A370746F636F6C2F7A69676265652F6170709F
S21403A3802F6672616D65776F726B2F636F6D6D6F7E
S21403A3906E2F7A69676265655F737461636B5F735B
S21403A3A06C6565702E630052583A20526573657467
S21403A3B0546F466163746F727944656661756C7435
S21403A3C07343616C6C6261636B00657A73702063C0
S21403A3D06F756E74657273206661696C656420259B
S21403A3E07500657A737020526573657420546872BD
S21403A3F06573686F6C64206572726F7220257500D2
S21403A400657A737020536574205468726573686F39
S21403A4106C64206572726F7220257500257529207D
S21403A42025733A2025750053657474696E67205446
S21403A43068726573686F6C6420636F6D6D616E64BC
S21403A440003F3F3F004D61632052782042636173B3
S21403A45074004D6163205478204263617374004D29
S21403A4606163205278205563617374004D616320E5
S21403A4705478205563617374004D616320547820CB
S21403A4805563617374205265747279004D6163205D
S21403A4905478205563617374204661696C0041509B
S21403A4A05320527820426361737400415053205402
S21403A4B078204263617374004150532052782055CC
S21403A4C0636173740041505320547820556361735D
S21403A4D07420537563636573730041505320547837
S21403A4E0205563617374205265747279004150532A
S21403A4F0205478205563617374204661696C00525A
S21403A5006F757465204469736320496E6974696165
S21403A510746564004E65696768626F72204164649F
S21403A5206564004E65696768626F722052656D6F79
S21403A530766564004E65696768626F72205374615E
S21403A5406C65004A6F696E20496E6469636174695D
S21403A5506F6E004368696C64204D6F7665640041D6
S21403A5605348204F766572666C6F770041534820D8
S21403A5704672616D65204572726F720041534820C2
S21403A5804F76657272756E204572726F72004E5703
S21403A5904B204643204661696C75726500415053F3
S21403A5A0204643204661696C757265004153482016
S21403A5B0584F66660041505320556E617574686F38
S21403A5C072697A6564204B6579004E574B20446563
S21403A5D06372797074204661696C757265730041A5
S21403A5E050532044656372797074204661696C75B4
S21403A5F0726573005061636B6574204275666665A9
S21403A6007220416C6C6F63617465204661696C757A
S21403A6107265730052656C61796564205563617376
S21403A620740050687920746F204D4143207175651E
S21403A6307565206C696D697420726561636865640D
S21403A640005061636B65742056616C696461746560
S21403A6502064726F7020636F756E74004E574B20C4
S21403A6607265747279206F766572666C6F770043D5
S21403A6704341204661696C757265730042726F616F
S21403A6806463617374207461626C652066756C6CB8
S21403A69000505441204C6F2050726920526571005F
S21403A6A05054412048692050726920526571005009
S21403A6B05441204C6F205072692044656E6965646E
S21403A6C000505441204869205072692044656E69E1
S21403A6D0656400505441204C6F20507269205478B2
S21403A6E020416272740050544120486920507269B8
S21403A6F020547820416272740041646472657373F7
S21403A70020436F6E666C6963742053656E740043F2
S21403A710534C205278207363686564756C652066B5
S21403A72061696C6564000D0044656275672070722C
S21403A730696E742067726F75702025730A005772EE
S21403A7406F6E6720706172616D657465720A00537F
S21403A75063686564756C65206D6F7665206E776BD0
S21403A7600025732025643A202564004D6178206D0A
S21403A7706F7665206C696D697420726561636865C0
S21403A78064206E776B2025643A20256400456E644A
S21403A7902044657669636520506F6C6C20496E664D
S21403A7A06F726D6174696F6E00454D4245525F4529
S21403A7B04E445F4445564943455F54494D454F55BE
S21403A7C0543A20202020202020256400506F6C6CF3
S21403A7D020636F6D706C657465642063616C6C6276
S21403A7E061636B3A20257300202043757272656E91
S21403A7F07420506F6C6C20496E74657276616C20A1
S21403A800287173293A202020256C640020204C6F81
S21403A8106E6720506F6C6C20496E74657276616C3F
S21403A82020287173293A202020202020256C6400DC
S21403A830202053686F727420506F6C6C20496E74BE
S21403A840657276616C20287173293A2020202020B7
S21403A850256C6400202057616B652054696D656F15
S21403A860757420287173293A202020202020202068
S21403A87020202020256C6400202057616B6520541F
S21403A880696D656F7574204269746D61736B3A20E8
S21403A8902020202020202020307825303858002003
S21403A8A02043757272656E74204170702054617314
S21403A8B06B733A20202020202020202020202030C8
S21403A8C0782530385800202043757272656E7420E0
S21403A8D0506F6C6C20436F6E74726F6C2020202058
S21403A8E020202020202025730020204465666175E3
S21403A8F06C7420506F6C6C20436F6E74726F6C2098
S21403A900202020202020202020257300466F7263FD
S21403A910696E672064657669636520746F20736863
S21403A9206F727420706F6C6C00416C6C6F77696E1D
S21403A930672064657669636520746F206C6F6E6745
S21403A94020706F6C6C00534C5F5A49474245455F15
S21403A95041465F4C4F4E475F504F4C4C00534C5F45
S21403A9605A49474245455F41465F53484F52545FF5
S21403A970504F4C4C00706F6C6C206E776B202564C8
S21403A9803A203078253032580046696E6420616E6E
S21403A990642042696E6420496E69746961746F72DB
S21403A9A03A20436F6D706C6574653A2030782530B5
S21403A9B03258005374617274207461726765740050
S21403A9C046696E6420616E642042696E6420546139
S21403A9D0726765740025733A2025733A203078250C
S21403A9E030325800467261676D656E746174696FC4
S21403A9F06E2052582077696E646F772073697A6584
S21403AA002073657420746F202564002F7A622F7478
S21403AA107579612D7A69676265652D7377697463E5
S21403AA20682F73696C6162735F746F6F6C732F73D7
S21403AA30696D706C69636974795F73646B2F707288
S21403AA406F746F636F6C2F7A69676265652F6170C9
S21403AA50702F6672616D65776F726B2F706C75679A
S21403AA60696E2F667261676D656E746174696F6E69
S21403AA702F667261676D656E746174696F6E2E639F
S21403AA800052583A2041646447726F75705265737A
S21403AA90706F6E7365203078253032582C203078EE
S21403AAA0253034580052583A205669657747726FF6
S21403AAB07570526573706F6E73652030782530320B
S21403AAC0582C203078253034582C20220052583AFF
S21403AAD02047657447726F75704D656D6265727356
S21403AAE0686970526573706F6E73652030782530B1
S21403AAF032582C203078253032582C00205B3078A2
S21403AB00253034585D0052583A2052656D6F76658D
S21403AB1047726F7570526573706F6E736520307809
S21403AB20253032582C203078253034580065705B39
S21403AB30253032585D2069645B253034585D004308
S21403AB406C656172696E6720616C6C2067726F75E5
S21403AB5070732E004552523A204661696C65642034
S21403AB60746F206372656174652062696E64696ED2
S21403AB7067202830782530325829004552523A202B
S21403AB8042696E64696E67207461626C65206973DE
S21403AB902066756C6C004552523A20777269746968
S21403ABA06E67206E616D6520737570706F727420AA
S21403ABB0253032580052583A2041646447726F7504
S21403ABC070203078253034582C20220075760052B9
S21403ABD0583A205669657747726F75702030782526
S21403ABE03034580075767300766965775F67726FE1
S21403ABF075700047726F7570733A206661696C658D
S21403AC006420746F2073656E6420257320726573E9
S21403AC10706F6E73653A203078253032580067655A
S21403AC20745F67726F75705F6D656D62657273686A
S21403AC30697020726573706F6E7365006465666114
S21403AC40756C745F726573706F6E73650052583AF5
S21403AC502047657447726F75704D656D62657273D4
S21403AC60686970203078253032582C00757562007C
S21403AC7047726F7570733A206661696C65642074F9
S21403AC806F2073656E642025733A20307825303242
S21403AC90580052583A2052656D6F766547726F7545
S21403ACA07020307825303458004552523A20466199
S21403ACB0696C656420746F2064656C6574652062D6
S21403ACC0696E64696E67202830782530325829000B
S21403ACD072656D6F76655F67726F75700052583A6E
S21403ACE02052656D6F7665416C6C47726F75707335
S21403ACF00052583A2041646447726F75704966493A
S21403AD0064656E74696679696E67203078253034B9
S21403AD10582C2022004368616E6E656C206E6F743B
S21403AD202076616C69643A2025640061646400508F
S21403AD3072696D617279002573206D61736B206E85
S21403AD406F7720307825303858005365636F6E640C
S21403AD50617279004D61736B206E6F742076616C3F
S21403AD6069643A202564007072696D6172790073B4
S21403AD7065636F6E646172790025733A2053657458
S21403AD80202573206D61736B20746F203078253017
S21403AD903858005374617475730025733A2025730D
S21403ADA03A004368616E6E656C206D61736B3A00A2
S21403ADB02020202028312920307825303858205B61
S21403ADC000202020202832292030782530385820AB
S21403ADD05B0053746174653A20307825303258200E
S21403ADE0282573290043757272656E742063686143
S21403ADF06E6E656C3A20256400546F74616C206235
S21403AE006561636F6E733A202564004A6F696E202E
S21403AE10617474656D7074733A202564004E6574AE
S21403AE20776F726B2073746174653A2030782530BF
S21403AE3032580053746F700025732053746F702E4E
S21403AE402020436C65616E696E672075702E004224
S21403AE50726F616463617374696E67207065726D87
S21403AE606974206A6F696E00547275737420636523
S21403AE706E746572206C696E6B206B6579207570D5
S21403AE8064617465207374617475730025733A2066
S21403AE905741524E494E473A20736C5F7A69676250
S21403AEA065655F7365745F696E697469616C5F730A
S21403AEB0656375726974795F73746174652066611E
S21403AEC0696C65642E20436F6E74696E75696E6770
S21403AED020776974686F757420696E7374616C6C1F
S21403AEE020636F64652E004572726F723A20696E36
S21403AEF07374616C6C20636F64652073657475701E
S21403AF00206661696C65642E20497320616E206932
S21403AF106E7374616C6C20636F646520666C61731A
S21403AF20686564206F6E746F207468652064657648
S21403AF306963653F00D0D1D2D3D4D5D6D7D8D9DA72
S21403AF40DBDCDDDEDF00FFFFFFFFFFFFFFFF005A56
S21403AF506967426565416C6C69616E63653039008B
S21403AF6025733A2069737375696E67207363616E20
S21403AF70206F6E202573206368616E6E656C732088
S21403AF80286D61736B203078253038582900257377
S21403AF9020697320616C726561647920696E207024
S21403AFA0726F6772657373005374617274004578C9
S21403AFB0616D696E696E6720626561636F6E206F8F
S21403AFC06E206368616E6E656C20256420776974F5
S21403AFD0682070616E4964203078253034580054F8
S21403AFE068697320626561636F6E206973206E6F94
S21403AFF0742070617274206F6620746865206375B0
S21403B0007272656E74206368616E6E656C206D6126
S21403B010736B2028307825303858292E20476574DE
S21403B02074696E67206E65787420626561636F6EFF
S21403B0302077686F7365206368616E6E656C206247
S21403B04069746D61736B206973207365742E004594
S21403B05072726F723A20257320636F756C64206E6C
S21403B0606F7420617474656D7074206A6F696E3ACC
S21403B07020307825303258004E6F20626561636F4A
S21403B0806E73206C656674206F6E206375727265CE
S21403B0906E74206D61736B2E204D6F76696E67201C
S21403B0A0746F206E657874207374617465002573FD
S21403B0B0206A6F696E696E672030782530345820B1
S21403B0C06F6E206368616E6E656C20256400257361
S21403B0D02053746174653A202573004572726F724B
S21403B0E03A20257320636F756C64206E6F7420732B
S21403B0F0657475702073656375726974793A203068
S21403B1007825303258004572726F723A2053636165
S21403B1106E20636F6D706C6574652068616E646C19
S21403B12065722072657475726E656420307825309A
S21403B1303258002573207363616E20636F6D706CE5
S21403B1406574652E20426561636F6E732068656162
S21403B15072643A20256400257320737461636B2040
S21403B16073746174757320307825303258002573F4
S21403B170206E6574776F726B206A6F696E65642ED6
S21403B18000257320747279696E67206E6578742063
S21403B1906E6574776F726B2E004E6F6E6500536329
S21403B1A0616E205072696D617279204368616E6EBC
S21403B1B0656C7320616E642075736520436F6E66DD
S21403B1C0696775726564204B6579005363616E2009
S21403B1D05072696D617279204368616E6E656C7337
S21403B1E020616E642075736520496E7374616C6CA0
S21403B1F020436F6465005363616E205072696D610E
S21403B2007279204368616E6E656C7320616E64208C
S21403B2105573652043656E7472616C697A65642044
S21403B2204B6579005363616E205072696D61727964
S21403B230204368616E6E656C7320616E642055737F
S21403B24065204469737472696275746564204B651E
S21403B25079005363616E205365636F6E6461727920
S21403B260204368616E6E656C7320616E642075732F
S21403B2706520436F6E66696775726564204B6579F2
S21403B280005363616E205365636F6E646172792049
S21403B2904368616E6E656C7320616E6420757365BA
S21403B2A020496E7374616C6C20436F64650053634E
S21403B2B0616E205365636F6E6461727920436861C3
S21403B2C06E6E656C7320616E6420557365204365EE
S21403B2D06E7472616C697A6564204B65790053639A
S21403B2E0616E205365636F6E646172792043686193
S21403B2F06E6E656C7320616E6420557365204469B9
S21403B300737472696275746564204B657900536360
S21403B310616E205072696D617279204368616E6E4A
S21403B320656C7320616E642055736520416C6C20D8
S21403B3304B6579732028696E7374616C6C20636F38
S21403B34064652C2063656E7472616C697A65642C1F
S21403B3502064697374726962757465642900536343
S21403B360616E205365636F6E646172792043686112
S21403B3706E6E656C7320616E642055736520416C38
S21403B3806C204B6579732028696E7374616C6C202E
S21403B390636F64652C2063656E7472616C697A658D
S21403B3A0642C206469737472696275746564290019
S21403B3B04F6E2F4F6666207365742076616C7565D5
S21403B3C03A20253032582025303258004552523A1A
S21403B3D02072656164696E67206F6E2F6F666620E4
S21403B3E025303258004F6E2F6F666620616C72658B
S21403B3F06164792073657420746F206E6577207698
S21403B400616C756500546F67676C65206F6E2F6F90
S21403B41066662066726F6D202530325820746F2062
S21403B42025303258004552523A2077726974696E55
S21403B43067206F6E2F6F6666202530325800496E80
S21403B4407374616C6C65642054797065202842615E
S21403B4507365293A202030782530325800436170CE
S21403B4606162696C69746965733A20202020202024
S21403B470202020202030782530345800426F6F7407
S21403B4806C6F616465722056657273696F6E3A20DD
S21403B4902020202030782530345800536563757299
S21403B4A06520426F6F746C6F61646572204B6579BB
S21403B4B03A20202020202000426F6F746C6F616456
S21403B4C0696E67206661696C65642100446F776EF8
S21403B4D06C6F6164206661696C65642E0044656CFC
S21403B4E06574696E67206661696C656420646F774E
S21403B4F06E6C6F61642C207374617475733A2030BC
S21403B500782530325800496D61676520646F65732E
S21403B510206E6F7420636F6E7461696E20616E2097
S21403B5205570677261646520496D61676520546173
S21403B530672028307825303458292E20536B6970BD
S21403B54070696E6720757067726164652E00457852
S21403B55065637574696E6720626F6F746C6F616480
S21403B5602063616C6C6261636B2E0053746172744A
S21403B570696E672045424C20766572696669636129
S21403B58074696F6E0045424C206661696C65642081
S21403B590766572696669636174696F6E2E004542EB
S21403B5A04C2070617373656420766572696669639F
S21403B5B06174696F6E2E002573696E67204F544160
S21403B5C020636C69656E74207374617465206D61A5
S21403B5D06368696E650073746F7070004572726F8E
S21403B5E0723A204E6F20696D616765206174206929
S21403B5F06E646578202564004E6F742073757070D2
S21403B6006F727465642E00436C69656E7420696D91
S21403B61061676520717565727920696E666F004D86
S21403B620616E75662049443A202020202020202081
S21403B6302030782530345800496D61676520547989
S21403B64070652049443A202020203078253034582D
S21403B6500043757272656E742056657273696F6EF9
S21403B6603A20203078253038580048617264776174
S21403B67072652056657273696F6E3A20004E4100FC
S21403B68051756572792044656C6179206D733A2033
S21403B6902020202020202020202020256C640053FA
S21403B6A0657276657220446973636F766572792076
S21403B6B044656C6179206D733A20256C6400446F91
S21403B6C0776E6C6F61642044656C6179206D733AA4
S21403B6D0202020202020202020256C640052756E18
S21403B6E020557067726164652044656C6179206DCE
S21403B6F0733A202020202020256C6400566572694A
S21403B70066792044656C6179206D733A2020202089
S21403B71020202020202020256C6400446F776E6C48
S21403B7206F6164204572726F722054687265736825
S21403B7306F6C643A202025640055706772616465F7
S21403B7402057616974205468726573686F6C643A35
S21403B750202020202564004F544120446F776E67D5
S21403B76072616465733A2044697361626C65640050
S21403B7704F544120446F776E6772616465733A2055
S21403B780456E61626C656400426F6F746C6F6164D2
S21403B7902073746174653A20257300496E76616C74
S21403B7A06964204550202564207768656E2074728E
S21403B7B079696E6720746F2073656E64204F5441F9
S21403B7C0206D6573736167652E0053656E64696EDD
S21403B7D067205570677261646520456E64207265E4
S21403B7E071756573742E004572726F723A20204627
S21403B7F061696C656420746F2073656E64204F54B2
S21403B8004120636F6D6D616E642030782530325849
S21403B8102C207374617475733A203078253032584F
S21403B8200053657276657220756E6B6E6F776E2C3D
S21403B8302066616C6C696E67206261636B20746F4F
S21403B84020646973636F766572792E004D6178693B
S21403B8506D756D207175657279206572726F72737E
S21403B8602068697420282564292C207374617274F7
S21403B870696E672073656172636820666F72206EF7
S21403B8806577204F5441207365727665722E0A00E1
S21403B8904170706C79696E67207570677261646554
S21403B8A00025733A20696E76616C6964206F66665C
S21403B8B07365742063757272656E7454696D65285A
S21403B8C030782530385829203E20757067726164B9
S21403B8D06554696D652830782530385829004F54EB
S21403B8E04120436C75737465723A207761697420DE
S21403B8F0666F72202564207300525865642074694D
S21403B9006D654F75742030782530385820732C2099
S21403B9104D41582074696D654F7574203078253015
S21403B92038582073004D6178696D756D20757067A2
S21403B93072616465207265717565737473206D61D9
S21403B9406465202825642920776974686F757420D8
S21403B950726573706F6E73652066726F6D207365A4
S21403B960727665722E00557067726164696E672021
S21403B970616E79776179004F544120536572766919
S21403B980636520646973636F766572792070726588
S21403B99076656E746564202D20616E6F74686572BB
S21403B9A020697320616C726561647920696E20700A
S21403B9B0726F6772657373004661696C65642074A1
S21403B9C06F20696E69746961746520736572766940
S21403B9D0636520646973636F766572792E004F54CE
S21403B9E041205365727669636520446973636F7695
S21403B9F065727920696E2070726F67726573730063
S21403BA00436C69656E7420766572696669636174F2
S21403BA10696F6E206661696C65642E005369676E94
S21403BA20617475726500437573746F6D007061732E
S21403BA30736564004641494C4544004E6F20736964
S21403BA40676E61747572652076657269666963618F
S21403BA5074696F6E20737570706F72742C206173C7
S21403BA6073756D696E6720696D61676520697320FC
S21403BA706F6B61792E00257320766572696669633C
S21403BA806174696F6E2025733A20307825303258FA
S21403BA90004D6178696D756D206E756D62657220F7
S21403BAA06F6620646F776E6C6F6164206572726F69
S21403BAB0727320726561636820282564292C2061CF
S21403BAC0626F7274696E672E004F544120436C7523
S21403BAD0737465723A2073657474696E672049459A
S21403BAE045452061646472657373206F66204F5406
S21403BAF04120636C7573746572005061727469617A
S21403BB006C2066696C6520646F776E6C6F61642069
S21403BB10666F756E642C20636F6E74696E75696EDE
S21403BB20672066726F6D206F666673657420307863
S21403BB302530385800466F756E642066756C6C79D0
S21403BB4020646F776E6C6F616465642066696C65EC
S21403BB5020696E2073746F7261676520287665723C
S21403BB6073696F6E20307825303858292E00466F5B
S21403BB70756E642066696C6520696E2073746F72D7
S21403BB8061676520776974682064696666657265AF
S21403BB906E742076657273696F6E20283078253050
S21403BBA0385829207468616E2063757272656E74E6
S21403BBB02076657273696F6E202830782530385882
S21403BBC0290046696C6520696E2073746F7261671D
S21403BBD0652069732073616D6520617320637572D8
S21403BBE072656E742072756E6E696E672076657206
S21403BBF073696F6E202830782530385829004E6FC9
S21403BC0020696D61676520666F756E6420696E20B6
S21403BC1073746F726167652E004F544120536572CB
S21403BC207669636520446973636F766572792075F8
S21403BC306E626C6F636B65640049676E6F72696EE4
S21403BC4067207365727665722066726F6D206C6FFF
S21403BC506F706261636B206164647265737300491D
S21403BC60676E6F72696E6720307825303458204FC0
S21403BC7054412073657276657220696E2073656120
S21403BC80726368206F662054430053657474696E4C
S21403BC9067204F54412053657276657220746F2077
S21403BCA03078253034580044656C6179696E6720B6
S21403BCB02564207365636F6E6473206265666F72B6
S21403BCC065207374617274696E67204F54412063F4
S21403BCD06C69656E740054696D656F757420776161
S21403BCE06974696E6720666F72206D65737361672A
S21403BCF0652E00426164204F544120636F6D6D6171
S21403BD006E643A20307825303258004F5441206311
S21403BD106F6D6D616E642030782530325820746FF5
S21403BD206F2073686F727420286C656E20256420FC
S21403BD303C206D696E20256429004F544120636FB3
S21403BD406D6D616E642066726F6D20756E726563CD
S21403BD506F676E697A6564207365727665722030E4
S21403BD6078253034582E20204D79204F54412073A7
S21403BD7065727665723A2030782530345800496DFE
S21403BD80616765204E6F7469667900476F74207526
S21403BD906E65787065637465642025732E20205362
S21403BDA07461727420646973636F766572792E00AA
S21403BDB064656661756C74004F54413A2066616928
S21403BDC06C656420746F2073656E6420257320721F
S21403BDD06573706F6E73653A20307825303258007D
S21403BDE0496D616765206E6F7469667900476F7485
S21403BDF020756E65787065637465642025732E20E0
S21403BE002049676E6F7265642E004F54413A204492
S21403BE10656661756C7420726573706F6E736520EA
S21403BE20666F7220496D616765206E6F7469667907
S21403BE302C20737461747573203078253032580063
S21403BE40496D616765206E6F7469667920636F6DEF
S21403BE506D616E6400257320756E69636173742C5F
S21403BE60207175657279696E6700496E76616C69D3
S21403BE7064002573202573207061796C6F616420DC
S21403BE807479706520307825303258002573202564
S21403BE90733A206F7574206F662072616E67652033
S21403BEA06A69747465722025640025732025733AC5
S21403BEB0207061796C6F6164206C656E67746820AE
S21403BEC0646F65736E2774206D617463682074797C
S21403BED070652030782530325820282564203C2091
S21403BEE02564290025732025732064756520746FE7
S21403BEF0206E6F6E2D6D61746368696E67206D6169
S21403BF006E756661637475726572204944002573A5
S21403BF102025732064756520746F206E6F6E2D6DFB
S21403BF2061746368696E6720696D616765207479FB
S21403BF3070652049440025732025732064756520A9
S21403BF40746F206D61746368696E67206669726DCD
S21403BF50776172652076657273696F6E002573204C
S21403BF6025732C2052782764204A697474657220DE
S21403BF7028307825303258292C205069636B656445
S21403BF80204A69747465722028307825303258291F
S21403BF90005175657279206E65787420696D6167E6
S21403BFA06520726573706F6E736500257320726506
S21403BFB07475726E6564203078253032582E2020D2
S21403BFC04E6F206E657720696D61676520746F20FC
S21403BFD0646F776E6C6F61642E00257320746F6FC9
S21403BFE02073686F727420282564203C20256429FA
S21403BFF00025733A204E657720696D616765206971
S21403C0007320617661696C61626C6520666F72206D
S21403C010646F776E6C6F61642E00257320697320DE
S21403C0206E6F74207573696E67206D7920696D6114
S21403C030676520696E666F2E004552524F523A204E
S21403C0404E65787420496D61676520697320746F47
S21403C0506F2062696720746F2073746F726520287F
S21403C060307825303858203E203078253038582907
S21403C0700025732072657475726E65642073616D36
S21403C080652046696C6556657273696F6E206173C9
S21403C0902063757272656E746C7920696E73746151
S21403C0A06C6C65642E004F544120446F776E677244
S21403C0B0616465732044697361626C65643A204603
S21403C0C0696C6556657273696F6E20626568696E22
S21403C0D0642063757272656E7420696E7374616C26
S21403C0E06C6174696F6E005374617274696E672055
S21403C0F0646F776E6C6F61642C2056657273696F1C
S21403C1006E20307825303858004572726F723A20A8
S21403C1104661696C656420746F2064656C6574653C
S21403C12020696D6167652E004572726F723A20460C
S21403C13061696C656420746F206572617365206F36
S21403C1406C642074656D7020646174612E00496DA3
S21403C15061676520626C6F636B20726573706F6EC8
S21403C1607365004F54413A20496D616765426C6FB1
S21403C170636B5265706F6E736520636F6E7461696F
S21403C1806E7320696E76616C6964206F7220696EC7
S21403C190636F6D706C6574652064617461005570BF
S21403C1A0646174696E67204D696E20426C6F636BC1
S21403C1B0205265717565737420506572696F6420CB
S21403C1C0746F202564206D7300446F776E6C6F6107
S21403C1D0642064656C617920627920736572766584
S21403C1E072202564206D7300446F776E6C6F6164F4
S21403C1F02061626F7274656420627920736572765B
S21403C20065722E0053657276657220646F65736E71
S21403C210277420737570706F727420706167652061
S21403C220726571756573742C206F6E6C79207573E7
S21403C230696E6720626C6F636B20726571756573D8
S21403C240742E005365727665722072657475726E0D
S21403C25065642027756E737570706F7274656420DD
S21403C260636C757374657220636F6D6D616E64279E
S21403C2702E00556E6B6E6F776E2025732073746178
S21403C28074757320636F64652030782530325800E8
S21403C29025732068617320646174612073697A650D
S21403C2A0202825642920736D616C6C657220746880
S21403C2B0616E2061637475616C207061636B657475
S21403C2C02073697A6520282564292E002573206546
S21403C2D072726F723A204578706563746564206F76
S21403C2E06666736574203078253038582C2062755E
S21403C2F07420676F74203078253038582E202049F4
S21403C300676E6F72696E6700257320696E666F20AD
S21403C310646964206E6F74206D61746368206D7940
S21403C32020657870656374656420696E666F2E2079
S21403C3302044726F7070696E672E004661696C6583
S21403C3406420746F20777269746520746F20737429
S21403C3506F72616765206465766963652100446F63
S21403C360776E6C6F616400557067726164652065F3
S21403C3706E6420726573706F6E73650053657276B4
S21403C38065722061626F727465642075706772618E
S21403C39064652C207374617475733A203078253085
S21403C3A03258004572726F723A20257320686164B2
S21403C3B020696E76616C69642025733A200066698D
S21403C3C06C652076657273696F6E00416464696E8E
S21403C3D067202564206D732E2064656C6179206662
S21403C3E06F7220696D6D6564696174652075706729
S21403C3F0726164652E00436F756E74646F776E208A
S21403C400746F20757067726164653A202564206DC9
S21403C41073002053746174653A202020257300202E
S21403C42057616974696E6720666F722072657370F0
S21403C4306F6E73653A20257300204E657874204529
S21403C44076656E742054696D65723A202564206D96
S21403C45073002043757272656E7420446F776E6C3A
S21403C4606F6164204F66667365743A2030782530B2
S21403C4703858202825642525290025733A20666127
S21403C480696C65642070617273696E67204F5441EE
S21403C49020636D6420307825303258004F54412095
S21403C4A044656661756C7420726573706F6E736530
S21403C4B020746F20636F6D6D616E64204944203075
S21403C4C078253032582C2073746174757320307855
S21403C4D02530325800496D61676520626C6F636B67
S21403C4E020726571756573742074657374206F6E3E
S21403C4F06C7920776F726B73207768656E20737420
S21403C50061746520697320424F4F544C4F41445F1A
S21403C51053544154455F4E4F4E450052616E646F0F
S21403C5206D2044656C6179206265666F7265207361
S21403C5307461727400446973636F766572696E67BB
S21403C540204F544120536572766572004765742008
S21403C5504F54412053657276657220455549004F06
S21403C560627461696E206C696E6B206B657900512D
S21403C57075657279696E67204E65787420496D61BA
S21403C580676500446F776E6C6F6164696E672049F8
S21403C5906D61676500566572696679696E672049DD
S21403C5A06D6167650057616974696E6720666F72AF
S21403C5B02055706772616465206D65737361676586
S21403C5C000436F756E74646F776E20746F205570BA
S21403C5D067726164650057616974696E6720746F7A
S21403C5E0207570677261646520766961206F757463
S21403C5F02D6F662D62616E64206D656368616E697A
S21403C600736D0025733A202564252520636F6D70AE
S21403C6106C65746500496D6167652025640020209C
S21403C6204552524F523A20436F756C64206E6F74B6
S21403C630206765742066756C6C2068656164657236
S21403C640210020204865616465722056657273690F
S21403C6506F6E3A20307825303458002020486561C4
S21403C660646572204C656E6774683A2020256420E2
S21403C67062797465730020204669656C6420436F95
S21403C6806E74726F6C3A2020307825303458002050
S21403C690204D616E75662049443A202020202020D4
S21403C6A020307825303458002020496D6167652096
S21403C6B0547970653A20202020203078253034586D
S21403C6C000202056657273696F6E3A202020202062
S21403C6D02020203078253038580020205A69676299
S21403C6E065652056657273696F6E3A20307825301B
S21403C6F0345800202048656164657220537472695B
S21403C7006E673A20202573002020496D61676520F7
S21403C71053697A653A2020202020256C64206279AC
S21403C72074657300202053656375726974792043BA
S21403C7307265643A20203078253032580020205520
S21403C74070677261646520446573743A2020200024
S21403C75020204D696E2E204857205665723A2020B9
S21403C76020203078253034580020204D61782E2044
S21403C7704857205665723A202020203078253034DA
S21403C78058002020546F74616C20546167733A20FC
S21403C790256400202020205461673A203078253015
S21403C7A03458002020202020204C656E6774683A99
S21403C7B020256C64004572726F723A20436F756C65
S21403C7C064206E6F74206F627461696E2074616793
S21403C7D020696E666F2066726F6D20696D6167658E
S21403C7E02E000A256420696D6167657320696E20D3
S21403C7F04F54412073746F726167652E00496D61F3
S21403C80067652064656C65746525732E00457272D2
S21403C8106F723A2020436F756C64206E6F742072BB
S21403C82065616420626C6F636B3A20307825303222
S21403C830582E0A005374617274696E6720657261BC
S21403C84073652066726F6D206F666673657420303D
S21403C850782530385820746F2030782530385800C3
S21403C860436F756C64206E6F7420737461727420EA
S21403C8704552415345212028307825303258290027
S21403C880454550524F4D20457261736520636F6D69
S21403C890706C657465002F7A622F747579612D7AD2
S21403C8A069676265652D7377697463682F73696C4E
S21403C8B06162735F746F6F6C732F73696D706C69ED
S21403C8C0636974795F73646B2F70726F746F636FD1
S21403C8D06C2F7A69676265652F6170702F66726167
S21403C8E06D65776F726B2F706C7567696E2F6F74DB
S21403C8F0612D73746F726167652D73696D706C65F6
S21403C9002D656570726F6D2F6F74612D73746F7202
S21403C9106167652D656570726F6D2D706167652D36
S21403C92065726173652E63002F7A622F7475796161
S21403C9302D7A69676265652D7377697463682F73EB
S21403C940696C6162735F746F6F6C732F73696D705C
S21403C9506C69636974795F73646B2F70726F746F3D
S21403C960636F6C2F7A69676265652F6170702F66D7
S21403C97072616D65776F726B2F706C7567696E2F5A
S21403C9806F74612D73746F726167652D73696D7053
S21403C9906C652D656570726F6D2F6F74612D737482
S21403C9A06F726167652D656570726F6D2E630053D8
S21403C9B0746F72616765204472697665723A2020E7
S21403C9C020202020202020202020204F54412053A8
S21403C9D0696D706C652053746F7261676520454599
S21403C9E050524F4D20506C7567696E0052656164F6
S21403C9F0204D6F6469667920577269746520537594
S21403CA0070706F72743A20206E6F00534F4320424B
S21403CA106F6F746C6F6164696E6720537570706FA7
S21403CA2072743A2020202079657300426F6F746C0D
S21403CA306F616465722053746F7261676520537506
S21403CA4070706F72743A20446F206E6F7420757323
S21403CA506520736C6F74730043757272656E742011
S21403CA60446F776E6C6F6164204F66667365743AC5
S21403CA70202020203078253038580045424C20535B
S21403CA8074617274204F66667365743A20202020A2
S21403CA902020202020202030782530385800454597
S21403CAA050524F4D2053746172743A202020202038
S21403CAB020202020202020202020307825303858A1
S21403CAC000454550524F4D20456E643A20202020A5
S21403CAD020202020202020202020202020307825E1
S21403CAE030385800496D61676520496E666F20537C
S21403CAF0746172743A2020202020202020202020D9
S21403CB003078253038580053617665205261746555
S21403CB102028627974657329202020202020202075
S21403CB20202020307825303858004F6666736574A9
S21403CB30206F6620646F776E6C6F6164206F666625
S21403CB40736574202020307825303858004F666689
S21403CB50736574206F662045424C206F6666736566
S21403CB60743A2020202020202030782530385800A2
S21403CB704F6666736574206F6620696D616765200E
S21403CB8073746172743A2020202020203078253078
S21403CB90385800736C5F7A69676265655F61665FC4
S21403CBA06F74615F73746F726167655F64726976D1
S21403CBB065725F726561645F6362282920666169D6
S21403CBC06C65642100426164206D61676963206E51
S21403CBD0756D62657220696E2066696C653A2030F1
S21403CBE07825303258203078253032582030782552
S21403CBF0303258203078253032580042616420762F
S21403CC00657273696F6E20696E2066696C65203085
S21403CC107825303458004572726F723A2072656117
S21403CC2064416E6456616C696461746553746F72B3
S21403CC306564496D61676528292074726965642097
S21403CC40746F2072656164206D6F72652064617411
S21403CC5061207468616E20697420636F756C64204C
S21403CC60686F6C642E00736C5F7A69676265655FD4
S21403CC7061665F6F74615F73746F726167655F642B
S21403CC8072697665725F726561645F6362282920E4
S21403CC904641494C454421004C617374206F6666D7
S21403CCA073657420646F776E6C6F616465643A2095
S21403CCB03078253038580053746F72616765204D9D
S21403CCC06F64756C653A204F54412053696D706CE0
S21403CCD0652053746F7261676520506C7567696E63
S21403CCE000496D616765732053746F7265643A20FB
S21403CCF0202564206F6620310A00253032583A001A
S21403CD006570202530325820636C757320253034C7
S21403CD10582061747472202530345820737672203C
S21403CD20256300206D666720253032580020726523
S21403CD30706F7274206D696E2025303458206D61D3
S21403CD40782025303458207270742D636867202548
S21403CD503038580020726563656976652066726FA1
S21403CD606D202530345820657020253032582074C5
S21403CD70696D656F7574202530345800636C656182
S21403CD80720072656D6F766500636C656172696EBD
S21403CD9067206C617374207265706F727420746997
S21403CDA06D65206F6620616C6C20617474726962B5
S21403CDB0757465730074657374696E672074696D42
S21403CDC0696E67206F6620766172696F757320726D
S21403CDD065706F7274696E67206F706572617469CF
S21403CDE06F6E73002D2D2D2D2D2D2D2D2D2D2D2DCF
S21403CDF02D2D2D2D2D2D2D2D2D2D2D2D2D2D2D2D5B
S21403CE002D2D2D2D2D2D2D2D2D2D2D2D2D2D2D2D4A
S21403CE102D2D2D002D2D7461626C65207265616465
S21403CE2073202D2066756C6C207461626C652D2DE5
S21403CE3000726573756C74203D202564206D730045
S21403CE402D2D696E6974202F207363686564756C75
S21403CE5065207469636B2D2D2D002D2D6C6F616419
S21403CE6020636F6E66696775726174696F6E20649E
S21403CE70656661756C74732D2D002F7A622F747539
S21403CE8079612D7A69676265652D7377697463685E
S21403CE902F73696C6162735F746F6F6C732F736942
S21403CEA06D706C69636974795F73646B2F70726FEE
S21403CEB0746F636F6C2F7A69676265652F61707034
S21403CEC02F6672616D65776F726B2F706C7567690D
S21403CED06E2F7265706F7274696E672F7265706FEE
S21403CEE07274696E672E6300524541445F52505414
S21403CEF05F43464700726561645F7265706F727464
S21403CF00696E675F636F6E66696775726174696F72
S21403CF106E005265706F7274696E673A2066616957
S21403CF206C656420746F2073656E642025732072AD
S21403CF306573706F6E73653A20307825303258000B
S21403CF404552523A2072656164696E6720636C7558
S21403CF507374657220307825303458206174747287
S21403CF606962757465203078253034583A203078F5
S21403CF7025303258004552523A207265706F7274EB
S21403CF80696E67206F66204C4F4E47207374726934
S21403CF906E67206174747269627574652074797043
S21403CFA065206E6F7420737570706F727465643A63
S21403CFB020636C757374657220307825303458207E
S21403CFC061747472696275746520307825303458DC
S21403CFD0005265706F7274696E6720456E7472795D
S21403CFE02046756C6C202D206372656174696E67CC
S21403CFF0206E6577207265706F7274004346475FD4
S21403D00052505400202D20646972656374696F6EF4
S21403D0103A253032582C20617474723A25303458CD
S21403D02000202020747970653A253032582C206D04
S21403D030696E3A253034582C206D61783A253034A1
S21403D04058002020206368616E67653A0020202020
S21403D05074696D656F75743A2530345800636F6E66
S21403D0606669677572655F7265706F7274696E67FD
S21403D070002054434C4B2075706461746520616CCA
S21403D080726561647920696E2070726F677265736A
S21403D09073004D616E75616C2054434C4B20757064
S21403D0A064617465206661696C65642E257300533C
S21403D0B074617274696E6720757064617465207438
S21403D0C0727573742063656E746572206C696E6B1B
S21403D0D0206B65792070726F636573730055706497
S21403D0E0617465205443204C696E6B204B65790050
S21403D0F0204E6577206B65792065737461626C6971
S21403D100736865643A00204572726F723A00506124
S21403D11072746E65723A20005A434C20676C6F62D5
S21403D120616C20636C757374657220636F6D6D61DB
S21403D1306E647300646972656374696F6E00646914
S21403D14073632D636F6D2D67656E00646973632D5E
S21403D150636F6D2D726563006578706563742D72F9
S21403D16065706F72742D66726F6D2D6D65007577C1
S21403D17072697465006E7772697465007265706FA4
S21403D18072742D726561640073656E642D6D652D12
S21403D190612D7265706F7274004372656174657396
S21403D1A0206120676C6F62616C20646973636F76BD
S21403D1B0657220636F6D6D616E6420666F72207496
S21403D1C06865206173736F63696174656420766153
S21403D1D06C7565732E00636C757374657249641F92
S21403D1E061747472696275746549641F6D61784E03
S21403D1F0756D626572546F5265706F72741F00436B
S21403D200726561746573206120676C6F62616C2060
S21403D21073656E64206D652061207265706F72742D
S21403D22020636F6D6D616E6420666F72207468652F
S21403D230206173736F6369617465642076616C75CE
S21403D24065732E00636C757374657249641F61742D
S21403D2507472696275746549641F64617461547994
S21403D26070651F6D696E5265706F727454696D6573
S21403D2701F6D61785265706F727454696D651F72A5
S21403D28065706F727461626C654368616E67651F73
S21403D2900043726561746573206120676C6F626119
S21403D2A06C2072656164207265706F7274696E6754
S21403D2B020636F6D6D616E6420666F72207468659F
S21403D2C0206173736F63696174656420636C75733F
S21403D2D07465722C2061747472696275746520615A
S21403D2E06E64207365727665722F636C69656E74FF
S21403D2F020646972656374696F6E2E00636C757360
S21403D30074657249641F61747472696275746549E1
S21403D310641F646972656374696F6E1F00476C6F80
S21403D32062616C207265706F7274696E6720636FDA
S21403D3306D6D616E6400656E64706F696E741F63F5
S21403D3406C757374657249641F617474726962756F
S21403D350746549641F6D61736B1F00437265617466
S21403D3606573206120676C6F62616C20726561640F
S21403D37020636F6D6D616E64206D657373616765A1
S21403D38020746F20726561642066726F6D20746806
S21403D3906520636C757374657220616E64206174B6
S21403D3A0747269627574652073706563696669650E
S21403D3B0642E00636C757374657249641F617474BC
S21403D3C072696275746549641F00437265617465AA
S21403D3D073206120676C6F62616C20777269746575
S21403D3E020636F6D6D616E64206D65737361676531
S21403D3F020746F20777269746520746F2074686573
S21403D40020636C757374657220616E642061747436
S21403D41072696275746520737065636966696564AD
S21403D42000636C757374657249641F617474726902
S21403D4306275746549641F747970651F64617461ED
S21403D4401F004372656174652061206578706563AB
S21403D450742D7265706F72742D66726F6D2D6D65A7
S21403D460206D6573736167652077697468206173DF
S21403D470736F6369617465642076616C7565732E7A
S21403D48000636C757374657249641F6174747269A2
S21403D4906275746549641F74696D656F75741F00E2
S21403D4A0437265617465206120446973636F7665B2
S21403D4B07220436F6D6D616E64732047656E65728F
S21403D4C06174656420636F6D6D616E642077697443
S21403D4D068206173736F6369617465642076616C39
S21403D4E07565732E00636C757374657249641F7378
S21403D4F074617274436F6D6D616E6449641F6D6110
S21403D50078436F6D6D616E6449641F005365747371
S21403D5102074686520646972656374696F6E20663B
S21403D5206F7220676C6F62616C20636F6D6D616EE6
S21403D53064732C2065697468657220636C69656E14
S21403D5407420746F20736572766572206F72207311
S21403D550657276657220746F20636C69656E742ECF
S21403D5600053657473206120666C616720736F20B7
S21403D5707468617420746865206170706C69636197
S21403D58074696F6E206672616D65776F726B205774
S21403D590494C4C204E4F5420726573706F6E642056
S21403D5A0746F20746865206E657874205A434C2027
S21403D5B06D657373616765207468617420636F6D4E
S21403D5C0657320696E206F766572207468652061C6
S21403D5D069722E0053657473206120666C61672040
S21403D5E0736F207468617420746865206170706C52
S21403D5F069636174696F6E206672616D65776F72B9
S21403D6006B2057494C4C20726573706F6E642074A0
S21403D6106F20746865206E657874205A434C206DBD
S21403D620657373616765207468617420636F6D65E5
S21403D6307320696E206F7665722074686520616951
S21403D640722E005365747320746865204469736191
S21403D650626C652044656661756C742052657370F0
S21403D6606F6E7365204672616D6520436F6E7472CC
S21403D6706F6C2062697420746F2075736520666F03
S21403D6807220746865206E65787420636F6D6D61B3
S21403D6906E642069662074686520636F6D6D616EC5
S21403D6A064206973206E6F7420616C72656164799F
S21403D6B0206275696C742E0064697361626C6544DC
S21403D6C0656661756C74526573706F6E73651F0063
S21403D6D0536574732074686520666C616720746F85
S21403D6E0207573652074686520696E6372656D6561
S21403D6F06E7465642073657175656E6365206E75FB
S21403D7006D6265722066726F6D207468652066723E
S21403D710616D65776F726B20666F72207468652023
S21403D7206E6578742072617720636F6D6D616E64C9
S21403D7302E007573654E65787453657175656E63F3
S21403D740651F00436C6920636F6D6D616E642074A2
S21403D7506F2063616C6C20736C5F7A6967626565C2
S21403D7605F61665F7365745F74696D652066756E69
S21403D7706374696F6E20646F63756D656E7465643C
S21403D78020696E2061662E680075746354696D6542
S21403D7901F0053657473207468652074776F206266
S21403D7A0797465206D616E756661637475726572F2
S21403D7B0207370656369666963206964656E74695E
S21403D7C06669657220746F2075736520666F7220B4
S21403D7D0746865206E65787420636F6D6D616E6422
S21403D7E02069662074686520636F6D6D616E6420C2
S21403D7F06973206E6F7420616C7265616479206250
S21403D80075696C742E006D66675370656369666927
S21403D8106349641F006E6F742000534C5F5354417A
S21403D8205455535F4E4554574F524B5F5550203017
S21403D83078253034580054727573742043656E74BB
S21403D84065722045554920686173202573636861B6
S21403D8506E6765642E00534C5F5354415455535FB3
S21403D8604E4554574F524B5F444F574E00534C5FF1
S21403D8705354415455535F4E4F545F4A4F494E4598
S21403D8804400534C5F5354415455535F5A494742DF
S21403D89045455F4E4554574F524B5F4F50454E4597
S21403D8A0443A2025642073656300534C5F53544108
S21403D8B05455535F5A49474245455F4E4554574F63
S21403D8C0524B5F434C4F5345440025733A20257310
S21403D8D00064697374726962757465640063656E67
S21403D8E07472616C697A656400466F726D002573A5
S21403D8F0696E67206F6E2063682025642C20706134
S21403D9006E496420307825303458004572726F7241
S21403D9103A2044657669636520646F6573206E6F8D
S21403D9207420737570706F7274202573206E65741F
S21403D930776F726B20666F726D6174696F6E004AE3
S21403D9406F696E00496E76616C6964205365637512
S21403D950726974792050726F66696C653A20307804
S21403D9602530325800704A6F696E20666F72202524
S21403D97064207365633A20307825303258004C694A
S21403D9806D6974696E67206475726174696F6E2061
S21403D9906F66207065726D6974206A6F696E2066A3
S21403D9A0726F6D20666F7265766572202832353524
S21403D9B02920746F203235340052583A205A444F87
S21403D9C02C20636F6D6D616E64203078253034587B
S21403D9D02C207374617475733A203078253032586E
S21403D9E00053696D706C650052583A2025732044C5
S21403D9F06573632052657370004D61746368002C11
S21403DA00204D6174636865733A2025640044657627
S21403DA1069636520416E6E6F756E63653A20307874
S21403DA20253034580052583A20494545452041642C
S21403DA30647265737320526573706F6E73650052FC
S21403DA40583A2041637469766520455020526573C1
S21403DA50706F6E73652C20436F756E743A20256461
S21403DA60004E6F6465002C204D6174636865733ADD
S21403DA702030782530345800737461636B207665E4
S21403DA80722E205B25642E25642E256400202573C4
S21403DA90206275696C642025645D005A444F005308
S21403DAA04500484100436C757374657200476C6F9C
S21403DAB062616C0025737478203078253038582CD2
S21403DAC0200050726F66696C653A202573202830F3
S21403DAD07825303458292C20436C75737465723A54
S21403DAE0203078253034582C2025642062797465DC
S21403DAF0732C00205A434C20257320436D64204921
S21403DB00443A202564005072652D52656C65617336
S21403DB106500416C706861203100416C706861205B
S21403DB203200416C706861203300426574612031B5
S21403DB3000426574612032004265746120330047F9
S21403DB404100526573657420696E666F3A203078BB
S21403DB502530325820282573290064656C65746562
S21403DB602062696E64696E673A2025303258202534
S21403DB70303258000102030405060708090A0B0C95
S21403DB8000010101010101010101010101005752D8
S21403DB90495445204552523A200025736570202586
S21403DBA030325820636C75732025303458206174E6
S21403DBB074722025303458206E6F7420737570701D
S21403DBC06F72746564002573696E76616C69642090
S21403DBD0646174612074797065002573617474726E
S21403DBE0206E6F74207772697461626C6500575299
S21403DBF04954453A206E6F2077726974652C206A03
S21403DC007573742061207465737400524541443AF9
S21403DC10206174747269627574652073697A65200D
S21403DC20746F6F206C6172676520666F7220636124
S21403DC306C6C657200636C6E74007372767200525D
S21403DC405700524F00202052414D20200020746F71
S21403DC506B656E200065787465726E2000454E44D1
S21403DC60504F494E54202530325800636C7573204C
S21403DC702F2073696465202F2061747472202F200F
S21403DC806D666720202F74797065286C656E292F62
S21403DC90207277202F2073746F72616765202F20A0
S21403DCA06461746120287261772900253034582016
S21403DCB02F202573202F2025303458202F20002096
S21403DCC02F202530325820282530325829202F205F
S21403DCD02573202F202573202F2000556E73757013
S21403DCE0706F72746564004F544120524541443A44
S21403DCF02065703A25303258206369643A253034FB
S21403DD00582061747469643A25303458206D736BF7
S21403DD103A25303258206D66636F64653A25303491
S21403DD205800524541443A20636C757320253034BD
S21403DD30582C20617474722025303458206661692B
S21403DD406C6564202530325800524541443A2063BE
S21403DD506C757320253034582C206174747220251A
S21403DD603034582C20646174614C656E3A2025303B
S21403DD7032582C204F4B002825632925303258254E
S21403DD80303258253032582530325825303258250F
S21403DD903032582530325825303258006469736162
S21403DDA0626C65002573642C2064726F7070696EF4
S21403DDB0672065702030782530325820636C757381
S21403DDC02030782530345820636D64203078253031
S21403DDD032580047656E6572617465640052656308
S21403DDE0656976656400446973636F76657220437C
S21403DDF06F6D6D616E647320726573706F6E73659D
S21403DE002028636F6D706C6574653A202563292C32
S21403DE10202573204944733A200030782530325841
S21403DE2020005F45585400524541445F41545452C4
S21403DE300057524954453A20636C75732025303495
S21403DE4058206174747220253034582000464149A6
S21403DE504C20253032580057524954453A20746FA7
S21403DE606F2073686F727400444953435F41545480
S21403DE705200257325733A20636C7573202530345E
S21403DE80580053766320446973633A20002573571A
S21403DE90616974696E672025642073656320666F05
S21403DEA07220646973636F7665727920746F20637A
S21403DEB06F6D706C65746500537461746520636F71
S21403DEC072726573706F6E64696E6720746F207408
S21403DED06865207468652072657175657374206E55
S21403DEE06F7420666F756E640A002573636F6D70BA
S21403DEF06C6574652E0A00257353657276696365CF
S21403DF0020446973636F7665727920537461746510
S21403DF10206C696D69747320726561636865640A51
S21403DF20002573496C6C6567616C2062726F61646F
S21403DF306361737420616464726573732C20726505
S21403DF406D617070696E6720746F2076616C6964AA
S21403DF50206F6E652E0025734661696C65642074B8
S21403DF606F2073656E64206D6174636820646973E3
S21403DF70636F766572793A203078253032580025FB
S21403DF80735374617274696E6720646973636F7622
S21403DF9065727920666F7220636C75737465722080
S21403DFA03078253034580025734661696C656420E3
S21403DFB0746F2073656E642073696D706C6520647E
S21403DFC0657363726970746F7220726571756573B9
S21403DFD0743A203078253032580025734661696CD0
S21403DFE0656420746F2073656E642049454545203B
S21403DFF06164647265737320726571756573743AD0
S21403E000203078253032580025734661696C656484
S21403E01020746F2073656E64204E574B20616464D2
S21403E0207265737320726571756573743A20307800
S21403E03025303258004572726F723A20257320627B
S21403E04061642073696D706C6520646573637269BF
S21403E05070746F72206C656E6774682E0025734D3E
S21403E06065737361676520746F6F2073686F72746E
S21403E0700025734D65737361676520746F6F207336
S21403E080686F727420666F72206E756D2E20656ED3
S21403E09064706F696E74730025734D6174636825CD
S21403E0A07320666F756E642066726F6D20307825F8
S21403E0B03034582E004572726F723A2025732069E9
S21403E0C06E76616C6964206C656E677468202825BB
S21403E0D06420213D2025642920666F7220416374E5
S21403E0E069766520456E64706F696E742072657319
S21403E0F0706F6E7365002573676F74206163746950
S21403E100766520455020726573706F6E7365005593
S21403E11054432074696D653A2025642F25642F25A2
S21403E120642025643A25643A256420282530385827
S21403E130290028556E6B6E6F776E20636C75732E91
S21403E140205B3078253034585D29000D0A5425307D
S21403E15038583A005258206C656E2025642C20658A
S21403E1607020253032582C20636C75732030782548
S21403E1703034582000206D666749642025303458B3
S21403E1800020464320253032582073657120253001
S21403E190325820636D642025303258207061796CC4
S21403E1A06F61645B00426173696300257352582094
S21403E1B0706B7420746F6F2073686F72743A2025C7
S21403E1C064203C202564002573525820706B74200D
S21403E1D06D616C666F726D65643A202564203C2021
S21403E1E025640020204861766520526F7574657239
S21403E1F020537570706F7274002020456E6420443F
S21403E2006576696365204F6E6C79002020456E61E4
S21403E210626C656400202044697361626C65640007
S21403E2204572726F722072657472696576696E677D
S21403E23020696E666F20666F72206C696272617207
S21403E24079204944202564002573206C6962726135
S21403E250727925732070726573656E74005A6967E8
S21403E2606265652050726F0042696E64696E67006E
S21403E270536563757269747920436F7265005365DD
S21403E280637572697479204C696E6B204B6579737C
S21403E2900043424B45203136334B310043424B4516
S21403E2A020445341205369676E004543430043426D
S21403E2B04B45204453412056657269667900506188
S21403E2C0636B65742056616C6964617465005A4CAF
S21403E2D04C0043424B45203238334B3100454343D1
S21403E2E0203238334B310043424B4520636F72650F
S21403E2F0004E4350004D756C7469206E6574776FDD
S21403E300726B00456E68616E636564204265616387
S21403E3106F6E205265710043424B45203238334BB3
S21403E320312044534120566572696679004D756CF9
S21403E33074692D50414E002F7A622F747579612DC2
S21403E3407A69676265652D7377697463682F736985
S21403E3506C6162735F746F6F6C732F73696D706C2F
S21403E36069636974795F73646B2F70726F746F631C
S21403E3706F6C2F7A69676265652F737461636B2FA1
S21403E380636F6E6669672F736C5F7A69676265652C
S21403E3905F636F6E66696775726174696F6E2E630D
S21403E3A0002F7A622F747579612D7A6967626565C5
S21403E3B02D7377697463682F73696C6162735F7416
S21403E3C06F6F6C732F73696D706C69636974795FB3
S21403E3D073646B2F70726F746F636F6C2F7A6967D9
S21403E3E06265652F737461636B2F6672616D657703
S21403E3F06F726B2F6165732D6563622E63002F7AD0
S21403E400622F747579612D7A69676265652D7377F6
S21403E410697463682F73696C6162735F746F6F6C82
S21403E420732F73696D706C69636974795F73646B5A
S21403E4302F70726F746F636F6C2F7A69676265658E
S21403E4402F737461636B2F73656375726974792FA9
S21403E4507A69676265652D73656375726974792D6C
S21403E4606D616E616765722D6E6F2D7661756C7466
S21403E4702E63004572726F723A20204661696C659E
S21403E4806420746F20726561642066726F6D204528
S21403E4904550524F4D2061742030782534582C2037
S21403E4A07374617475733A20256400454550524F62
S21403E4B04D20496E697469616C697A65643A2025F2
S21403E4C06300454550524F4D20427573793A2025D7
S21403E4D063005061727469616C20576F72642053D5
S21403E4E0746F7261676520436F756E743A20256496
S21403E4F000416464726573733A2030782534582C6F
S21403E500205061727469616C20576F72643A2030D0
S21403E51078255800636F6E6669726D656400617373
S21403E52073756D6564000A454550524F4D20496E1C
S21403E530666F004E6F7420617661696C61626C650C
S21403E54020286F6C64657220626F6F746C6F6164F1
S21403E5506572290050617274204465736372697032
S21403E56074696F6E3A20202020202020202020254A
S21403E57073004361706162696C69746965733A20FC
S21403E5802020202020202020202020202030782516
S21403E590325800506167652045726173652074695F
S21403E5A06D65202873293A2020202020202564002A
S21403E5B0506172742045726173652074696D6520BD
S21403E5C02873293A202020202020256400506172D9
S21403E5D0742045726173652074696D6520286D73B8
S21403E5E0293A2020202020202564005061676520DA
S21403E5F073697A6520286279746573293A20202026
S21403E600202020202020256C00506172742073691E
S21403E6107A6520286279746573293A2020202020A1
S21403E62020202020256C00576F72642073697A655A
S21403E63020286279746573293A2020202020202020
S21403E64020202564202825702900454550524F4D2B
S21403E65020696E69743A2030782558002F7A622F25
S21403E660747579612D7A69676265652D7377697448
S21403E67063682F73696C6162735F746F6F6C732F5B
S21403E68073696D706C69636974795F73646B2F75F6
S21403E69074696C2F706C7567696E2F706C7567691B
S21403E6A06E2D636F6D6D6F6E2F656570726F6D2F58
S21403E6B0656570726F6D2E6300556E61626C6520C2
S21403E6C0746F20626F6F7420696D61676520617473
S21403E6D020736C6F7420256C640A00536C6F74206F
S21403E6E04D616E61676572206661696C656420744E
S21403E6F06F20657261736520736C6F740A004D61D9
S21403E700782072656164206C696D69742073657422
S21403E71020746F2025642062797465730A0041644F
S21403E720647265737320202020202020202020443C
S21403E7306174610A00307825346C7820202020200C
S21403E7402020307825780A004661696C6564207459
S21403E7506F20726561642066726F6D20666C6173EC
S21403E760680A00536C6F7420256C640A2020416489
S21403E770647265737320202020203A203078253475
S21403E7806C580A20204C656E677468202020202071
S21403E790203A20307825346C582028256C64206273
S21403E7A079746573290A0020205479706520202027
S21403E7B020202020203A20004E6F2047424C207015
S21403E7C0726573656E740A005A69674265650A0066
S21403E7D05468726561640A00436F6E6E6563740AFB
S21403E7E000426C7565746F6F74680A00426C7565D9
S21403E7F0746F6F7468206170706C69636174696F9D
S21403E8006E0A004D43550A004F746865722028301F
S21403E81078256C58290A00202056657273696F6E36
S21403E82020202020203A203078256C580A0020200B
S21403E8304361706162696C69746965733A20307804
S21403E84025346C580A00202050726F647563742058
S21403E850494420203A2000307825582000536C6F16
S21403E86074204D616E616765723A206661696C65F6
S21403E8706420746F20696E697469616C697A6520B7
S21403E880626F6F746C6F6164657220286572726F55
S21403E89072203078253478290A0056657273696FBA
S21403E8A06E20202020203A2025640A0050617274CE
S21403E8B020202020202020203A2025730A004361B0
S21403E8C0706162696C69746965733A20307825787B
S21403E8D00A00506172742073697A652020203A20FA
S21403E8E0256420420A00506167652073697A6520B3
S21403E8F020203A20256420420A00576F7264207352
S21403E900697A652020203A20256420420A00536C49
S21403E9106F7473202020202020203A2025640A00CC
S21403E9204661696C656420746F2072656164206655
S21403E930726F6D2073746F7261676520666C6173A6
S21403E9406820286572726F72202564290A00496E52
S21403E95076616C696420736C6F7420256420286D5F
S21403E960617820736C6F74202564290A00466169F8
S21403E9706C656420746F2067657420696E666F200B
S21403E980666F7220736C6F742025640A00536C6F75
S21403E99074204D616E616765723A20736C6F7420E4
S21403E9A07772697465206661696C7572652E20419D
S21403E9B0646472657373206F6666736574202825B6
S21403E9C06429202B207772697465206C656E6774E2
S21403E9D0682028256429206772656174657220742F
S21403E9E068616E20746F74616C20736C6F74206C36
S21403E9F0656E67746820282564290A00536C6F7453
S21403EA00204D616E61676572207761726E696E670D
S21403EA103A20736C6F74202564206C656E67746887
S21403EA202028256429206E6F7420616C69676E65E3
S21403EA306420746F20706167652073697A65202887
S21403EA402564292E2054686520656E7469726520D6
S21403EA50736C6F742077696C6C206E6F74206265BC
S21403EA60206572617365642E0A00536C6F74204DC3
S21403EA70616E616765723A206661696C65642074CD
S21403EA806F206572617365202564206279746573EF
S21403EA9020696E20736C6F74202564206174206176
S21403EAA06464726573732030782534782028657221
S21403EAB0726F722030782578290A00457261736573
S21403EAC06420256420627974657320696E20736CF4
S21403EAD06F742025640A004661696C656420746F50
S21403EAE02073657420736C6F7420746F20626F6F6D
S21403EAF07420286572726F72203078253478290A5C
S21403EB00004661696C656420746F20736574206CBD
S21403EB10697374206F6620736C6F747320746F2030
S21403EB20626F6F7420286572726F72203078253496
S21403EB3078290A004661696C656420746F206765EE
S21403EB4074206E6577206C697374206F6620736C0F
S21403EB506F747320746F20626F6F742028657272EF
S21403EB606F72203078253478290A00426567696E0B
S21403EB706E696E6720696D61676520766572696682
S21403EB8069636174696F6E2E2E2E002E6661696C42
S21403EB9065642120284572726F7220307825347898
S21403EBA0290A002E7061737365642120426F6F74A7
S21403EBB0696E6720736C6F742025640A00666E693D
S21403EBC02B00666E69006E616E00666E692D006CC2
S21403EBD0696273006273656E6400726573657400C0
S21403EBE07261770073656E645F6D756C74696361DB
S21403EBF073740073656E642D7573696E672D6D751A
S21403EC006C7469636173742D62696E64696E670000
S21403EC1074696D6573796E63006765742D707469C6
S21403EC202D726164696F2D636F6E66696700636F2B
S21403EC306E6669672D6363612D6D6F646500657627
S21403EC40656E7473007365637572697479007A69A7
S21403EC50676265655F7072696E7400706C7567696C
S21403EC606E006E6574006B657973006F7074696F00
S21403EC706E00706C7567006368616E67656B6579B7
S21403EC80006368616E67656B007A646F0070726913
S21403EC906E742072656C6174656420636F6D6D615C
S21403ECA06E64732E0061747472005A646F2072650A
S21403ECB06C6174656420636F6D6D616E64732E00A2
S21403ECC0726F75746500706F776572006D676D742B
S21403ECD02D6C7169006D676D742D62696E64006ECC
S21403ECE06F64650073696D706C65006965656500C2
S21403ECF0756E62696E64006E776B2D757064006F57
S21403ED0075742D636C2D6C69737400696E2D636C5A
S21403ED102D6C697374005A646F20696E2D636C2DB5
S21403ED206C6973742072656C6174656420636F6DBF
S21403ED306D616E64732E005A646F206F75742D6355
S21403ED406C2D6C6973742072656C617465642063E2
S21403ED506F6D6D616E64732E005A646F206E776BF1
S21403ED602D7570642072656C6174656420636F6DC5
S21403ED706D616E64732E007363616E2D6368616EDE
S21403ED802D6D61736B007363616E006368616E5013
S21403ED9067006368616E005A646F20756E62696E01
S21403EDA0642072656C6174656420636F6D6D616E5B
S21403EDB064732E00756E6963617374006368616EB5
S21403EDC067656B65792072656C6174656420636F33
S21403EDD06D6D616E64732E006C696E6B004F70749C
S21403EDE0696F6E2072656C6174656420636F6D6D08
S21403EDF0616E64732E00726567697374657200646E
S21403EE0069736300696E7374616C6C2D636F6465FC
S21403EE100062696E64696E672D7461626C6500706A
S21403EE2072696E742D72782D6D73677300617073DB
S21403EE30726574727900415053207265747279203A
S21403EE40666C616720666F72636520636F6D6D61C4
S21403EE506E647300456E61626C65732F44697361FB
S21403EE60626C6573207072696E74696E67206F6674
S21403EE70205278206D657373616765732E00656E27
S21403EE8061626C650042696E64696E6720746162D4
S21403EE906C652072656C6174656420636F6D6D616B
S21403EEA06E64732E005365637572697479206B659F
S21403EEB079732072656C6174656420636F6D6D6130
S21403EEC06E64732E0064656C657465004E657477B6
S21403EED06F726B2072656C6174656420636F6D6D11
S21403EEE0616E64732E00666F726D0072656A6F6979
S21403EEF06E2D646966662D6465766963652D74791F
S21403EF0070650065787470616E69640069736F700C
S21403EF10656E0062726F61642D706A6F696E00635E
S21403EF2068616E67652D6368616E6E656C00696EF9
S21403EF306974006368616E67652D6B6565702D6126
S21403EF406C6976652D6D6F64650074696D656F75A4
S21403EF50742D6F7074696F6E2D6D61736B006D75B4
S21403EF606C74692D7068792D7374617274006D7595
S21403EF706C74692D7068792D73746F700066696E92
S21403EF8064006E6574776F726B2066696E642063C7
S21403EF906F6D6D616E64732E006A6F696E61626C6D
S21403EFA06500756E7573656400736C6F742D6D61A3
S21403EFB06E6167657200636F756E74657273006564
S21403EFC06E642D6465766963652D737570706F72F4
S21403EFD0740066696E642D616E642D62696E6400EA
S21403EFE0667261676D656E746174696F6E006772D1
S21403EFF06F7570732D736572766572006E657477C0
S21403F0006F726B2D7374656572696E67006F7461DA
S21403F0102D626F6F746C6F6164006F74612D636C27
S21403F02069656E74006F74612D73746F72616765C2
S21403F0302D636F6D6D6F6E006F74612D73746F72D9
S21403F0406167652D656570726F6D0069646C652D0B
S21403F050736C656570007570646174652D74632DDB
S21403F0606C696E6B2D6B6579007570646174652DC4
S21403F07074632D6C696E6B2D6B65792072656C619C
S21403F08074656420636F6D6D616E64730074696D7F
S21403F0906572006E6F7700436F6D6D616E647320EB
S21403F0A0746F20636F6E74726F6C2069646C696E24
S21403F0B0672F736C656570696E67206F662074686A
S21403F0C0652064657669636500666F7263652D61A6
S21403F0D077616B65006177616B652D7768656E2D6B
S21403F0E06E6F742D6A6F696E6564007265706F72F9
S21403F0F074696E672072656C6174656420636F6DF6
S21403F1006D616E64732E00636C6561722D6C617342
S21403F110742D7265706F72742D74696D65007465F5
S21403F12073742D74696D696E67006F74612D7374E3
S21403F1306F726167652D656570726F6D2072656CA1
S21403F1406174656420636F6D6D616E64732E007702
S21403F150697065006F74612D73746F726167652DD6
S21403F160636F6D6D6F6E2072656C6174656420638A
S21403F1706F6D6D616E6473007072696E74496D6154
S21403F1806765730072656C6F61640073746F726198
S21403F19067652D696E666F00646174612D707269B0
S21403F1A06E74006F74612D636C69656E742072658E
S21403F1B06C6174656420636F6D6D616E64732E009D
S21403F1C076657269667900626C6F636B2D7465731E
S21403F1D07400706167652D7265717565737400756B
S21403F1E07067726164652D7265717565737400640A
S21403F1F0697361626C652D646F776E6772616465AF
S21403F2007300656E61626C652D646F776E677261FD
S21403F210646573006F74612D626F6F746C6F6164E5
S21403F2202072656C6174656420636F6D6D616E64D6
S21403F23073006E6574776F726B2D73746565726990
S21403F2406E672072656C6174656420636F6D6D61B3
S21403F2506E64732E007072652D636F6E66696775D4
S21403F2607265642D6B65792D736574006D61736BC0
S21403F2702072656C6174656420636F6D6D616E6486
S21403F2802E0073756274726163740067726F7570B3
S21403F290732D7365727665722072656C617465642E
S21403F2A020636F6D6D616E64732E00667261676DA9
S21403F2B0656E746174696F6E2072656C61746564E3
S21403F2C020636F6D6D616E64732E007365742D72AB
S21403F2D0782D77696E646F772D73697A650061722E
S21403F2E0746966696369616C2D626C6F636B2D6408
S21403F2F0726F700046696E6420616E642062696E88
S21403F300642072656C6174656420636F6D6D616EF5
S21403F31064732E00696E69746961746F7200656E3A
S21403F320642D6465766963652D737570706F72748A
S21403F3302072656C6174656420636F6D6D616E64C5
S21403F340732E00706F6C6C2D636F6D706C657465D7
S21403F350642D63616C6C6261636B00666F726365D8
S21403F3602D73686F72742D706F6C6C00656E6162BE
S21403F3706C655F7479706500737461636B006170AC
S21403F38070007A636C006C65676163795F61665FC2
S21403F390646562756700636F756E74657273207259
S21403F3A0656C6174656420636F6D6D616E64732E46
S21403F3B0007072696E742D636F756E7465722D744A
S21403F3C07970650073696D706C652D7072696E7403
S21403F3D0007072696E742D7468726573686F6C64FE
S21403F3E073007365742D7468726573686F6C64005C
S21403F3F072657365742D7468726573686F6C647375
S21403F4000073656E642D726571756573740073653C
S21403F4106375726974792072656C617465642063C0
S21403F4206F6D6D616E6473007365742D616C6C6FC4
S21403F430772D74727573742D63656E7465722D7291
S21403F440656A6F696E2D7573696E672D77656C6C6B
S21403F4502D6B6E6F776E2D6B6579007365742D61FA
S21403F4606C6C6F772D74727573742D63656E74652B
S21403F470722D72656A6F696E2D7573696E672D7767
S21403F480656C6C2D6B6E6F776E2D6B65792D74695D
S21403F4906D656F7574007365742D6B65792D726574
S21403F4A071756573742D706F6C696379006D66672B
S21403F4B02D746F6B656E00617073005365637572B0
S21403F4C0697479206170732072656C617465642059
S21403F4D0636F6D6D616E64732E004765742F73657D
S21403F4E074204D464720746F6B656E2E00656E6400
S21403F4F0706F696E742072656C6174656420636FE7
S21403F5006D6D616E64732E00656570726F6D207528
S21403F51074696C6974792072656C617465642063C0
S21403F5206F6D6D616E647300536C6F74204D616E06
S21403F530616765722072656C6174656420636F6DC4
S21403F5406D616E647300626F6F742D736C6F7400FD
S21403F55065726173652D736C6F74006578742D66C0
S21403F5606C6173682D696E666F00736C6F74732DB0
S21403F570696E666F005072696E74732074696D6588
S21403F5802E005072696E74732061747472696275AA
S21403F59074652E00436C6561727320746865205A27
S21403F5A0444F206C697374206F6620636C69656EC4
S21403F5B0742028696E2920636C7573746572732EC4
S21403F5C0004164647320636C75737465727320748E
S21403F5D06F20746865206B6E6F776E20636C696549
S21403F5E06E742028696E2920636C75737465727354
S21403F5F0206F6E2074686973206465766963652E70
S21403F60000436C6561727320746865205A444F200A
S21403F6106C697374206F6620636C69656E7420284A
S21403F6206F75742920636C7573746572732E00414D
S21403F63064647320636C75737465727320746F20CF
S21403F640746865206B6E6F776E20636C69656E7485
S21403F65020286F75742920636C7573746572732024
S21403F6606F6E2074686973206465766963652E001F
S21403F67053656E647320616E2075706461746520D3
S21403F6806368616E6E656C20726571756573742E42
S21403F690006368616E6E656C1F0053656E6473204D
S21403F6A0616E20757064617465206368616E6E6553
S21403F6B06C2070616765207265712E205468652022
S21403F6C0737461636B2073656E6473206E776B204F
S21403F6D0656E68616E636564207570646174652029
S21403F6E072657120666F72206E6F6E2D7A65726F0B
S21403F6F020706167652E006368616E6E656C1F70AF
S21403F7006167651F00506572666F726D7320616E68
S21403F71020656E65726779207363616E2E0074616F
S21403F720726765744E6F646549641F7363616E44E4
S21403F73075726174696F6E1F7363616E436F756E66
S21403F740741F0042726F616463617374732074681C
S21403F75065204944206F6620746865206E657720AF
S21403F7606E6574776F726B206D616E61676572206C
S21403F770616E6420616374697665206368616E6E8A
S21403F780656C732E006E776B4D676549641F6368FF
S21403F790616E6E656C4D61736B1F00506572666FAC
S21403F7A0726D7320616E20656E6572677920736370
S21403F7B0616E206F6E20676976656E206368616E82
S21403F7C06E656C206D61736B2E0074617267657471
S21403F7D04E6F646549641F7363616E44757261742A
S21403F7E0696F6E1F7363616E436F756E741F636814
S21403F7F0616E6E656C4D61736B1F0053656E64734B
S21403F8002061206E6574776F726B20616464726525
S21403F8107373207265717565737420666F722074D6
S21403F820686520676976656E2049454545206164AD
S21403F83064726573732E00696565651F0052657192
S21403F840756573747320616E204945454520616470
S21403F8506472657373206261736564206F6E2061E2
S21403F86020676976656E206E6F64652049442E00B6
S21403F8706E6F646549641F0053656E647320612070
S21403F88073696D706C652064657363726970746FF9
S21403F89072207265717565737420666F7220746862
S21403F8A0652073686F727420616464726573732075
S21403F8B0616E6420656E64706F696E742073706524
S21403F8C06369666965642E00646573741F74617288
S21403F8D0676574456E64706F696E741F0053656E5A
S21403F8E064732061206D6174636844657363726931
S21403F8F070746F72735265717565737420746F20BC
S21403F90074686520676976656E2064657374696ECE
S21403F9106174696F6E207769746820746865206700
S21403F9206976656E2070726F66696C652E006E6F01
S21403F930646549641F70726F66696C651F00536562
S21403F9406E64732061206E6F6465206465736372F2
S21403F9506970746F72207265717565737420746F45
S21403F960206120676976656E20746172676574200E
S21403F9706465766963652E007461726765741F003B
S21403F98053656E64732061205A444F2042696E6447
S21403F99020636F6D6D616E6420746F2061206465F3
S21403F9A07669636520737065636966696564206953
S21403F9B06E2074686520636F6D6D616E642061727E
S21403F9C067756D656E74732E0044657374696E6136
S21403F9D074696F6E1F536F7572636520656E64700E
S21403F9E06F696E741F44657374696E6174696F6EB4
S21403F9F020656E64706F696E741F636C75737465CF
S21403FA007249441F72656D6F746545554936341FD8
S21403FA106465737445554936341F0053656E6473C5
S21403FA2020616E2061637469766520656E64706F0D
S21403FA30696E74207265717565737420746F2074B3
S21403FA4068652064657669636520776974682074E1
S21403FA50686520676976656E2073686F72742049DF
S21403FA60442E0053656E647320616E20756E626962
S21403FA706E64207265717565737420666F7220619B
S21403FA8020756E69636173742062696E64696E675C
S21403FA9020746F20746865207461726765742064CF
S21403FAA065766963652E007461726765741F736F8C
S21403FAB0757263652065756936341F736F75726377
S21403FAC06520656E64706F696E741F636C757374FE
S21403FAD0657249441F64657374696E6174696F6EF9
S21403FAE045554936341F64657374696E6174696F6E
S21403FAF06E20656E64706F696E741F0053656E6466
S21403FB007320616E20756E62696E6420726571750E
S21403FB1065737420666F722061206D756C746963FB
S21403FB206173742062696E64696E6720746F2074F3
S21403FB3068652074617267657420646576696365B9
S21403FB402E007461726765741F736F757263652028
S21403FB5065756936341F736F7572636520656E64E9
S21403FB60706F696E741F636C757374657249441F96
S21403FB7067726F7570416464726573731F005365B3
S21403FB806E64732061205A444F204D616E61676531
S21403FB906D656E74204C6561766520636F6D6D616F
S21403FBA06E6420746F207468652074617267657470
S21403FBB0206465766963652E007461726765741FD9
S21403FBC072656D6F76654368696C6472656E1F72E5
S21403FBD0656A6F696E1F0053656E64732061205AF1
S21403FBE0444F204D474D542D42696E642028426988
S21403FBF06E64696E67205461626C65292052657174
S21403FC007565737420746F207468652074617267F9
S21403FC106574206465766963652E00746172676532
S21403FC20741F7374617274496E6465781F0053653C
S21403FC306E64732061205A444F204D474D542D4C1B
S21403FC40514920284C5149205461626C6529205241
S21403FC5065717565737420746F20746865207461AC
S21403FC6072676574206465766963652E0053656EF6
S21403FC7064732061205A444F20506F776572204486
S21403FC80657363726970746F7220526571756573FC
S21403FC907420746F207468652074617267657420BD
S21403FCA06465766963652E0053656E647320612010
S21403FCB05A444F20726F757465207265717565734B
S21403FCC07420636F6D6D616E6420746F2074686555
S21403FCD0207461726765742E007461726765741FA1
S21403FCE0696E6465781F00696E6465781F6575695B
S21403FCF036341F696E7374616C6C436F64651F00E2
S21403FD00696E6465781F65756936341F6B65791F80
S21403FD10005443206C696E6B206B657920726571A5
S21403FD207565737420706F6C6963791F41707020FA
S21403FD306C696E6B206B657920726571756573747B
S21403FD4020706F6C6963791F00426F6F6C3A206195
S21403FD506C6C6F772074727573742063656E74654C
S21403FD60722072656A6F696E207573696E67207795
S21403FD70656C6C2D6B6E6F776E206B65791F0070EC
S21403FD80726F66696C6549641F636C75737465721C
S21403FD9049641F0074617267657449641F00456E89
S21403FDA061626C6573207072696E74696E67206F2A
S21403FDB066205278206D657373616765732E0053F2
S21403FDC0657473207468652062696E64696E672063
S21403FDD07461626C6500696E6465781F636C757325
S21403FDE07465721F6C6F63616C45701F72656D6F0F
S21403FDF0746545701F65756936341F00436C65610D
S21403FE007273207468652062696E64696E67207415
S21403FE1061626C652E005072696E74732074686537
S21403FE202062696E64696E67207461626C65207413
S21403FE306F2074686520636F6D6D616E64206C69F6
S21403FE406E652E00436C6561727320616C6C207363
S21403FE5065637572697479206B6579732E004465E2
S21403FE606C6574652074686520737065636966697C
S21403FE706564206C696E6B206B657920696E6465BA
S21403FE80782E005072696E747320616C6C207365F3
S21403FE90637572697479206B6579732E0054657285
S21403FEA06D696E6174657320746865206D756C7416
S21403FEB0692D50485920696E7465726661636500E2
S21403FEC05573656420746F207374617274206D7546
S21403FED06C74692D50485920696E74657266616347
S21403FEE065206F74686572207468616E206E617435
S21403FEF069766520616E6420666F726D207468652E
S21403FF00206E6574776F726B2E2054686520737449
S21403FF1061636B20757365732073616D6520506133
S21403FF206E4964206173206E617469766520726120
S21403FF3064696F206E6574776F726B2E00706167ED
S21403FF40651F6368616E6E656C1F706F7765721FE1
S21403FF506F7074696F6E734D61736B20284269749A
S21403FF602030203D20526F757465727320616C6C6F
S21403FF706F7765642C204269742031203D204272DD
S21403FF806F61646361737420616C6C6F7765642959
S21403FF901F00417474656D70747320746F206368FA
S21403FFA0616E676520746865206368696C64207495
S21403FFB0696D656F7574206F7074696F6E206D61FF
S21403FFC0736B20746F2066696C746572206F75742A
S21403FFD020756E646573697261626C652076616C08
S21403FFE07565732028652E672E206E6F206D6F72E1
S21403FFF065207468616E20332064617973292E004E
S21404000074696D656F7574206F7074696F6E206D9A
S21404001061736B1F00537769746368657320626548
S214040020747765656E20646966666572656E7420AD
S2140400306B65657020616C697665206D6F646573A9
S21404004020737570706F7274656420627920612005
S214040050726F757465722E004B65657020616C69ED
S2140400607665206D6F64651F005072696E74732028
S2140400707468652063757272656E74204E6F64656D
S2140400802049442C2045554936342C20616E642082
S21404009050616E2049442E00496E697469616C692A
S2140400A07A65732061206E6574776F726B3B20747B
S2140400B06869732069732061207465737420636FA4
S2140400C06D6D616E64207573656420666F7220744E
S2140400D0632D737761702D6F7574207465737469FE
S2140400E06E672E005365747320746865206E65749D
S2140400F0776F726B20696E6465782075736564200B
S214040100627920616C6C2066757475726520434C48
S2140401104920636F6D6D616E64732E2020426566A0
S2140401206F726520657865637574696E67206120F3
S214040130434C4920636F6D6D616E642C2074686552
S214040140206672616D65776F726B2073776974636E
S21404015068657320746F2074686973206E6574779D
S2140401606F726B2E20204166746572207468652059
S214040170636F6D6D616E642066696E69736865731E
S21404018020657865637574696E672C2074686520CD
S2140401906672616D65776F726B20737769746368D6
S2140401A06573206261636B20746F207468652070C9
S2140401B0726576696F7573206E6574776F726B2ED1
S2140401C0202054686520434C492075736573207459
S2140401D068652073616D65206E6574776F726B2039
S2140401E0696E64657820756E74696C207468652021
S2140401F064657669636520726573657473206F72CF
S214040200206974206973206368616E67656420746E
S21404021068726F756768207468697320636F6D6DA4
S214040220616E642E00417474656D70747320746F0F
S214040230206368616E676520646576696365206F10
S21404024076657220746F20612064696666657265DF
S2140402506E74206368616E6E656C20676976656E81
S21404026020696E20746865206368616E6E656C2014
S214040270617267756D656E742E00546865206368D8
S214040280616E6E656C20746F206368616E676520AE
S214040290746F1F0066696E64556E7573656450618D
S2140402A06E49640066696E644A6F696E61626C6565
S2140402B04E6574776F726B005065726D6974732047
S2140402C06A6F696E696E67206F6E20746865206E4B
S2140402D06574776F726B20666F722061206769762B
S2140402E0656E206E756D626572206F662073656339
S2140402F06F6E647320414E442062726F6164636162
S2140403007374732061205A444F204D676D742050D7
S21404031065726D6974204A6F696E696E67207265CE
S214040320717565737420746F20616C6C20726F75C0
S214040330746572732E00412073696E676C65206263
S21404034079746520696E6469636174696E67206890
S2140403506F77206C6F6E67207468652064657669B5
S21404036063652073686F756C6420686176652070B9
S21404037065726D6974206A6F696E696E672074753C
S214040380726E6564206F6E20666F722E2041207632
S214040390616C7565206F66203078666620747572A9
S2140403A06E73206F6E207065726D6974206A6F6953
S2140403B06E20696E646566696E6974656C792E1F55
S2140403C000436865636B73206E6574776F726B2089
S2140403D0706A6F696E207374617475732E00577239
S2140403E0697465732074686520657874656E6465E1
S2140403F0642070616E20494420666F7220746865BC
S214040400206465766963652E0065787470616E692C
S214040410641F0052656A6F696E7320616E2065788A
S214040420697374696E67206E6574776F726B206982
S2140404306E206120736563757265206F7220696E25
S214040440736563757265206D616E6E65722077697B
S2140404507468206120646966666572656E742064DB
S214040460657669636520747970652E00426F6F6CDB
S21404047065616E206E6574776F726B206B6579208C
S214040480617661696C6162696C6974791F4368613D
S2140404906E6E656C206D61736B1F416E20656E75A4
S2140404A06D65726174696F6E20696E6469636174E8
S2140404B0696E672074686520646576696365207470
S2140404C079706520746F2072656A6F696E20617337
S2140404D02E54686520737461636B206F6E6C79208C
S2140404E06163636570747320534C5F5A4947424591
S2140404F0455F454E445F44455649434520616E6416
S21404050020534C5F5A49474245455F534C45455036
S214040510595F454E445F4445564943452E1F005295
S214040520654A6F696E732061206E6574776F726BAF
S2140405302E00426F6F6C65616E206E6574776F7205
S2140405406B206B657920617661696C6162696C69A0
S21404055074791F4368616E6E656C206D61736B1FE2
S214040560004C65617665732061206E6574776F72E2
S2140405706B2E005475726E73207065726D697420EC
S2140405806A6F696E696E67206F6E20666F7220747C
S214040590686520616D6F756E74206F662074696D72
S2140405A06520696E646963617465642E0041207316
S2140405B0696E676C65206279746520696E64696328
S2140405C06174696E6720686F77206C6F6E6720743D
S2140405D06865206465766963652073686F756C6406
S2140405E02068617665207065726D6974206A6F692B
S2140405F06E696E67207475726E206F6E20666F72F9
S2140406002E20412076616C7565206F6620307866F2
S21404061066207475726E73207065726D6974206AD4
S2140406206F696E20696E646566696E6974656C7957
S2140406302E1F004A6F696E732061206E6574776F93
S214040640726B206F6E206120676976656E20636822
S214040650616E6E656C2C207769746820612067690A
S21404066076656E20545820506F77657220616E64EC
S2140406702050414E2049442E00546865206368612A
S2140406806E6E656C206F6E20776869636820746F81
S214040690206A6F696E20746865206E6574776F7261
S2140406A06B1F4F6E652D62797465207369676E657E
S2140406B0642076616C756520696E6469636174692B
S2140406C06E672074686520545820506F77657220D2
S2140406D0746861742074686520726164696F20733D
S2140406E0686F756C642062652073657420746F1F70
S2140406F05468652050414E204944206F6E20776828
S21404070069636820746F206A6F696E207468652058
S2140407106E6574776F726B1F00466F726D7320611F
S214040720206E6574776F726B206F6E206120676928
S21404073076656E206368616E6E656C2C20776974CE
S21404074068206120676976656E20545820506F775C
S214040750657220616E642050414E2049442E005438
S2140407606865206368616E6E656C206F6E207768BE
S21404077069636820746F20666F726D2074686520E4
S2140407806E6574776F726B1F4F6E652D6279746534
S214040790207369676E65642076616C756520696E82
S2140407A06469636174696E672074686520545820B0
S2140407B0506F77657220746861742074686520725F
S2140407C06164696F2073686F756C6420626520735A
S2140407D0657420746F1F5468652050414E20494448
S2140407E0206F6E20776869636820746F20666F7266
S2140407F06D20746865206E6574776F726B1F005485
S21404080068697320696E6974696174657320612010
S21404081054434C4B207570646174652070726F632A
S21404082065647572652E0053706563696679207415
S214040830686520616D6F756E74206F662074696DCF
S2140408406520746F20776169742061667465722010
S2140408506F6E652054434C4B20757064617465203C
S2140408606F7065726174696F6E20636F6D706C650E
S214040870746573206265666F726520626567696E6B
S2140408806E696E672061206E65772054434C4B205A
S214040890757064617465206F7065726174696F6EDB
S2140408A02E0054686520616D6F756E74206F662027
S2140408B074696D65206265747765656E207375620C
S2140408C073657175656E74207472757374206365D0
S2140408D06E746572206C696E6B206B65792075701A
S2140408E0646174657320696E206D696C6C697365E8
S2140408F0636F6E64731F00536574206F7220636C9D
S2140409006561722073746179206177616B65207705
S21404091068656E206E6F74206A6F696E6564005336
S2140409206574206F7220636C65617220666F7263F3
S21404093065206177616B6500446973706C6179202A
S21404094074686520736C6565702073746174757360
S21404095000464F522054455354494E472050555252
S214040960504F534553202D20676174686572207478
S214040970696D696E67206D65747269637320666F4E
S21404098072207265706F7274696E67207461626C2F
S21404099065206F7065726174696F6E732E00436CA8
S2140409A06561727320746865206C61737420726567
S2140409B0706F72742074696D65206F66206174743C
S2140409C0726962757465732E0041646473206120D5
S2140409D06E657720656E74727920746F207468650E
S2140409E0207265706F7274207461626C652E005498
S2140409F06865206C6F63616C20656E64706F696EE9
S214040A00742066726F6D2077686963682074686501
S214040A1020617474726962757465206973207265E6
S214040A20706F727465641F54686520636C757374A4
S214040A3065722077686572652074686520617474D1
S214040A40726962757465206973206C6F636174657E
S214040A50641F546865204944206F662074686520C6
S214040A60617474726962757465206265696E672064
S214040A707265706F727465641F3020666F722063CF
S214040A806C69656E742D736964652061747472692B
S214040A906275746573206F72203120666F722073DE
S214040AA065727665722D7369646520617474726903
S214040AB062757465731F546865206D696E696D751B
S214040AC06D207265706F7274696E6720696E7465E6
S214040AD07276616C2C206D6561737572656420692D
S214040AE06E207365636F6E64732E1F546865206D85
S214040AF06178696D756D207265706F7274696E6762
S214040B0020696E74657276616C2C206D65617375F0
S214040B1072656420696E207365636F6E64732E1F3E
S214040B20546865206D696E696D756D206368616EC5
S214040B30676520746F2074686520617474726962D6
S214040B4075746520746861742077696C6C207265AE
S214040B5073756C7420696E2061207265706F727490
S214040B60206265696E672073656E742E1F00526579
S214040B706D6F76657320616E20656E74727920667B
S214040B80726F6D20746865207265706F727420745D
S214040B9061626C652E0054686520696E6465782011
S214040BA06F6620746865207265706F727420746F47
S214040BB02062652072656D6F7665641F00436C6500
S214040BC061727320616C6C20656E74726965732043
S214040BD066726F6D20746865207265706F7274201B
S214040BE07461626C652E005072696E74732074684A
S214040BF065207265706F7274207461626C652E0075
S214040C00576970657320616C6C2064617461206937
S214040C106E207468652073746F72616765206465FE
S214040C20766963652E005072696E74732061726211
S214040C30697472617279206279746573206F6620B4
S214040C40746865204F544120696D616765206F6E36
S214040C50206469736B2E0054686520696E64657839
S214040C60206F662074686520696D61676520746FFF
S214040C70207072696E742069747320646174611FD5
S214040C80546865206F666673657420696E746F2099
S214040C90746865204F544120696D616765207468E7
S214040CA061742077696C6C206265207072696E745A
S214040CB065641F005072696E747320696E666F7285
S214040CC06D6174696F6E2061626F757420746865F7
S214040CD02073746F72616765206465766963652E38
S214040CE00052656C6F6164207468652073746F725B
S214040CF0616765206465766963652E0044656C6586
S214040D007465732074686520696D61676520617415
S214040D102074686520737065636966696564206914
S214040D206E6465782E0054686520696E6465782064
S214040D30617420776869636820746F2062656769E8
S214040D406E2064656C6574696E67207468652069D6
S214040D506D6167651F005072696E747320746865F0
S214040D6020696D616765732E00456E61626C6573FC
S214040D70204F544120646F776E6772616465732EEA
S214040D800044697361626C6573204F544120646F3C
S214040D90776E6772616465732E0053656E647320A4
S214040DA0616E2055706772616465456E6452657144
S214040DB07565737420746F20616E204F54412073E0
S214040DC065727665722E0043616E206265207573C7
S214040DD0656420746F2064796E616D6963616C6C00
S214040DE079207475726E206F66662073656E64690A
S214040DF06E672070616765207265717565737473BC
S214040E00206F6E2074686520636C69656E74207349
S214040E106964652C2069662074686520736572763B
S214040E20657220646F65736E277420737570706FB7
S214040E307274207468697320666561747572652EB1
S214040E4000426F6F6C65616E2076616C7565207408
S214040E5075726E696E67206F6E20283129206F7256
S214040E60206F6666202830292074686520706167C4
S214040E7065207265717565737420666C61671F0002
S214040E8053656E647320616E20696D6167652062C8
S214040E906C6F636B207265717565737420666F7210
S214040EA020612066696C65207468652073657276B7
S214040EB065722073686F756C64206E6F7420686149
S214040EC076652E202054657374206861726E65738F
S214040ED073206F6E6C792028746573742063617355
S214040EE06520392E352E36202D204D697373696E94
S214040EF0672046696C6529005072696E74732069B0
S214040F006E666F726D6174696F6E206F6E207468A2
S214040F10652063757272656E7420737461746520DF
S214040F206F6620746865204F544120636C69656E53
S214040F307420646F776E6C6F61642E0053746F70E8
S214040F407320746865204F5441207374617465205F
S214040F506D616368696E652E0053746172747320E4
S214040F60746865204F544120636C69656E74207301
S214040F7074617465206D616368696E652E205468BB
S214040F8065207374617465206D616368696E65209D
S214040F90646973636F7665727320746865204F5452
S214040FA041207365727665722C2071756572696569
S214040FB07320666F72206E657720696D616765734E
S214040FC02C20646F776E6C6F616473207468652080
S214040FD0696D6167657320616E64207761697473F7
S214040FE020666F7220746865207365727665722059
S214040FF0636F6D6D616E6420746F207570677261C7
S21404100064652E005072696E747320746865206D72
S214041010616E7566616374757265722049442C202E
S214041020496D61676520547970652049442C2061B8
S2140410306E642056657273696F6E20696E666F7291
S2140410406D6174696F6E20746861742061726520C6
S21404105075736564207768656E20612071756572A6
S21404106079206E65787420696D61676520697320E0
S21404107073656E7420746F20746865207365727669
S21404108065722062792074686520636C69656E7485
S2140410902E00506572666F726D73207369676E6199
S2140410A07475726520766572696669636174696FC2
S2140410B06E206F6E2074686520696D6167652061B7
S2140410C07420746865207370656369666965642056
S2140410D0696E6465782E0054686520696E64657868
S2140410E020617420776869636820746F206265677E
S2140410F0696E20766572696669636174696F6E20CD
S2140411006F662074686520696D6167651F00426FAD
S2140411106F746C6F6164732074686520696D6167B1
S21404112065206174207468652073706563696669F8
S214041130656420696E6465782062792063616C6CEE
S214041140696E6720746865204F544120626F6F741F
S2140411506C6F61642063616C6C6261636B2E005417
S214041160686520696E6465782061742077686963B1
S2140411706820746F20626567696E20626F6F746C96
S2140411806F6164696E672074686520696D61676560
S2140411901F005072696E747320696E666F206162F8
S2140411A06F75742074686520696E7374616C6C6501
S2140411B06420626F6F746C6F616465722E00537581
S2140411C0627472616374732061206368616E6E6515
S2140411D06C2066726F6D2065697468657220746829
S2140411E065207072696D617279206F722073656311
S2140411F06F6E64617279206368616E6E656C206DD3
S21404120061736B206F6620746865206E6574776FF3
S214041210726B2D7374656572696E6720636F6D708B
S2140412206F6E656E742E00546865206368616E6E1A
S214041230656C206D61736B20746F207375627472B5
S21404124061637420746865206368616E6E656C20E3
S21404125066726F6D1F546865206368616E6E656C98
S21404126020746F2073756274726163742074686589
S214041270206D61736B2066726F6D1F00416464732A
S2140412802061206368616E6E656C20746F206569EA
S2140412907468657220746865207072696D6172790D
S2140412A0206F72207365636F6E6461727920636861
S2140412B0616E6E656C206D61736B206F662074685A
S2140412C065206E6574776F726B2D737465657269CD
S2140412D06E6720636F6D706F6E656E742E00546853
S2140412E065206368616E6E656C206D61736B207437
S2140412F06F206164642061206368616E6E656C2093
S214041300746F1F546865206368616E6E656C207424
S2140413106F2061646420746F20746865206D617347
S2140413206B1F005365747320656974686572207456
S2140413306865207072696D617279206F72207365BA
S214041340636F6E64617279206368616E6E656C208B
S2140413506D61736B2E00546865206368616E6E65FC
S2140413606C206D61736B20746F2073756274726188
S214041370637420746865206368616E6E656C2066AD
S214041380726F6D1F5468652076616C756520746F86
S2140413902073657420746865206368616E6E656C7E
S2140413A0206D61736B20746F2E1F00536574732059
S2140413B0746865207072652D636F6E6669677572F2
S2140413C06564206B657920736F207468617420747B
S2140413D06865206A6F696E696E67206465766963FE
S2140413E0652063616E20656E74657220746865207E
S2140413F06E6574776F726B2E005365747320746811
S2140414006520707265636F6E6669677572656420C1
S2140414106B65791F0053746F707320746865206E53
S2140414206574776F726B207374656572696E672076
S21404143070726F636573732E0053746172747320D5
S214041440746865206E6574776F726B207374656557
S21404145072696E672070726F636573732E00412025
S2140414606D61736B206F66206F7074696F6E732086
S214041470666F7220696E6469636174696E6720734F
S21404148070656369666963206265686176696F7210
S2140414902077697468696E20746865206E65747751
S2140414A06F726B2D7374656572696E672070726FE8
S2140414B0636573732E1F00446973706C61797320BF
S2140414C07468652063757272656E742073746174D3
S2140414D07573206F6620746865206E6574776F7206
S2140414E06B207374656572696E672070726F6365CE
S2140414F073732E00436C656172732074686520678D
S214041500726F757073207461626C65206F6E2065EF
S2140415107665727920656E64706F696E74005072B9
S214041520696E747320696E666F726D6174696F6E2E
S2140415302061626F75742074686520636F6E7465CD
S2140415406E7473206F66207468652067726F75709A
S21404155073207461626C652E0041727469666963F7
S21404156069616C6C792064726F707320746865208E
S214041570626C6F636B206E756D626572206465665F
S214041580696E65642062792074686520706173737F
S214041590656420617267756D656E74206F6E6C7914
S2140415A0206F6E63652C20616E64207468656E20FF
S2140415B0616C6C6F77732069742075706F6E206130
S2140415C02072657472792E0054686520626C6F63AD
S2140415D06B206E756D62657220746F20617274691B
S2140415E066696369616C6C792064726F7020746FCD
S2140415F020666F7263652061207265747279202D8F
S2140416002073657420746F203078464620746F20EB
S21404161064697361626C651F005365747320746833
S2140416206520726563656976652077696E646F7791
S2140416302073697A652E2020427920646566696E77
S2140416406974696F6E20696E2074686520536D61D5
S214041650727420456E657267792070726F66696C65
S21404166065206974206D75737420626520736574D3
S21404167020746F2031206275742074686973206149
S2140416806C6C6F777320697420746F2062652063B6
S21404169068616E6765642E00546865206D61782005
S2140416A06E756D626572206F662074686520626C64
S2140416B06F636B7320726563656976656420626523
S2140416C0666F726520616E204150532061636B2003
S2140416D069732067656E6572617465641F004D6189
S2140416E06B65732074686973206E6F646520737409
S2140416F0617274206964656E74696679696E6720C0
S214041700617320612074617267657420666F72204D
S21404171062696E64696E67207769746820616E20FA
S214041720696E69746961746F72206E6F64652E00E9
S21404173054686520656E64706F696E74206F6E20E1
S214041740776869636820746F20626567696E2074C1
S21404175068652046696E64696E6720616E6420421F
S214041760696E64696E67207461726765742070724E
S2140417706F636573731F004D616B657320746869CE
S21404178073206E6F64652073746172742074686568
S21404179020696E69746961746F7220706172742056
S2140417A06F66207468652066696E64696E6720617A
S2140417B06E642062696E64696E672070726F63651A
S2140417C073732E0054686520656E64706F696E745A
S2140417D0206F6E20776869636820746F206265677F
S2140417E0696E207468652046696E64696E67206158
S2140417F06E642042696E64696E6720696E697469F6
S21404180061746F722070726F636573731F00536523
S21404181074732077686574686572207468652043FD
S2140418204C4920666F72636573207468652064652E
S2140418307669636520746F2073686F727420706FA6
S2140418406C6C2E005468652076616C756520696E34
S2140418506469636174696E67207768657468657225
S21404186020746865206465766963652073686F759F
S2140418706C642073686F727420706F6C6C1F0053F6
S214041880657473207768657468657220746865206B
S2140418906465766963657320706F6C6C20636F6D26
S2140418A0706C657465642063616C6C6261636B2044
S2140418B066756E6374696F6E20697320656E616207
S2140418C06C65642E005468652076616C75652069C5
S2140418D06E6469636174696E6720776865746865A9
S2140418E07220746865206465766963657320706F1A
S2140418F06C6C20636F6D706C657465642063616CDA
S2140419006C6261636B2066756E6374696F6E2069C2
S2140419107320656E61626C65641F00446973706C45
S2140419206179732074686520737461747573206FAD
S214041930662074686520456E642044657669636530
S2140419407320706F6C6C696E672E00456E61626CF6
S214041950652F64697361626C6520646562756720CF
S214041960606C656761637920617070206672616D72
S21404197065776F726B206465627567602070726944
S2140419806E7420747970652E00456E61626C652FE6
S21404199064697361626C651F00456E61626C652FD5
S2140419A064697361626C6520646562756720607A39
S2140419B0636C60207072696E7420747970652E0092
S2140419C0456E61626C652F64697361626C65206440
S2140419D065627567206061707060207072696E74ED
S2140419E020747970652E00456E61626C652F64699B
S2140419F07361626C652064656275672060636F72EC
S214041A006560207072696E7420747970652E004566
S214041A106E61626C652F64697361626C65206465CF
S214041A206275672060737461636B60207072696EA0
S214041A307420747970652E0053656E64732061207B
S214041A407265717565737420666F72204F544120F9
S214041A50636F756E746572732E0052657365747366
S214041A6020616C6C207468726573686F6C64732094
S214041A7076616C75657320746F20307846464646EA
S214041A802E00536574732061207468726573686FE2
S214041A906C642076616C756520666F7220612070B8
S214041AA06172746963756C61722074797065206FF5
S214041AB06620636F756E7465722E005479706520A7
S214041AC06F6620636F756E7465721F5468726573F3
S214041AD0686F6C642056616C75651F005072696E81
S214041AE0747320746865207468726573686F6C64B8
S214041AF073206F6620616C6C2074686520636F7554
S214041B006E746572732E00436C6561727320616C2B
S214041B106C20636F756E7465722076616C75657380
S214041B202E005072696E747320616C6C20636F753E
S214041B306E7465722076616C7565732E00507269DA
S214041B406E7473207468652076616C7565206F66A4
S214041B50207468697320706172746963756C61724D
S214041B6020636F756E7465722E0054686520636F0B
S214041B70756E746572207479706520746F20707247
S214041B80696E741F005072696E747320616C6C20E9
S214041B90636F756E7465722076616C75657320610B
S214041BA06E6420636C65617273207468656D2E00C4
S214041BB0536574204D464720746F6B656E2C204326
S214041BC0414E4E4F5420424520554E5345542042D4
S214041BD05920434C492E005072696E74204D464776
S214041BE020746F6B656E2E005072696E742061638C
S214041BF074697665206576656E74732E0044697321
S214041C0061626C652074686520656E64706F696EC9
S214041C107420666F72205A434C206D657373616737
S214041C2065732E00456E64706F696E7420696E6409
S214041C3065781F00456E61626C6573207468652064
S214041C40656E64706F696E7420666F72205A434CBA
S214041C50206D657373616765732E005072696E74C8
S214041C6020737461747573206F6620656E64706F7C
S214041C70696E74732E0053686F77732074686520DA
S214041C8076657273696F6E206F662074686520735C
S214041C906F6674776172652E005365742074686588
S214041CA020636F6E66696775726564203830322EFD
S214041CB031352E3420434341206D6F646520696EB0
S214041CC02074686520726164696F2E2053656520F0
S214041CD0646F63756D656E746174696F6E2072658A
S214041CE067617264696E67205241494C5F49454595
S214041CF0453830323135345F4363614D6F64655F18
S214041D00742E0041205241494C5F494545453830C0
S214041D10323135345F4363614D6F64655F7420769A
S214041D20616C75651F0052657475726E732050542D
S214041D304920726164696F20636F6E666967206903
S214041D406E666F726D6174696F6E20746F20646561
S214041D507465726D696E65207468652050485920F4
S214041D6074797065206265696E6720757365642092
S214041D706279205241494C2E2072657475726E2029
S214041D8076616C756520697320656E756D205241A9
S214041D90494C5F494545453830323135345F5074D7
S214041DA069526164696F436F6E6669675F74206524
S214041DB02E6720205241494C5F494545453830320C
S214041DC03135345F5054495F524144494F5F434F65
S214041DD04E4649475F32503447485A203D203078B3
S214041DE0303055205241494C5F49454545383032DC
S214041DF03135345F5054495F524144494F5F434F35
S214041E004E4649475F32503447485A5F414E544421
S214041E104956203D203078303155205241494C5F98
S214041E20494545453830323135345F5054495F5260
S214041E304144494F5F434F4E4649475F325034470B
S214041E40485A5F434F4558203D203078303255205D
S214041E505241494C5F494545453830323135345F47
S214041E605054495F524144494F5F434F4E46494799
S214041E705F32503447485A5F414E544449565F4394
S214041E804F4558203D2030783033550053656E64F6
S214041E907320612072656164206174747220666FB9
S214041EA072207468652074696D65206F6620746896
S214041EB06520646576696365207370656369666921
S214041EC065642E2049742073657473206120666CE3
S214041ED0616720736F207768656E20697420676574
S214041EE074732074686520726573706F6E736520F2
S214041EF069742077726974657320746865207469E0
S214041F006D6520746F20697473206F776E20746912
S214041F106D6520617474722E0049641F7372634584
S214041F206E64706F696E741F64657374456E647056
S214041F306F696E741F005768656E2073656E6469FA
S214041F406E67207573696E6720612062696E6469C6
S214041F506E672C207370656369666965732077689D
S214041F6065746865722061206D756C74696361734D
S214041F70742062696E64696E672073686F756C643A
S214041F8020626520757365642E007573654D756CE7
S214041F9074696361737442696E64696E671F005383
S214041FA0656E64732061207072652D627566666561
S214041FB0726564206D756C746963617374206D65F5
S214041FC0737361676520746F206120676976656E38
S214041FD02067726F75702049442066726F6D2061A9
S214041FE020676976656E20656E64706F696E742E00
S214041FF00067726F757049641F7372632D656E6433
S214042000706F696E741F0043726561746573206136
S214042010206D6573736167652062792073706563EC
S214042020696679696E6720746865207261772062D4
S214042030797465732E2055736520746865207365FE
S2140420406E6420636F6D6D616E6420746F207365BB
S2140420506E6420746865206D657373616765206FB0
S2140420606E636520697420686173206265656E20FE
S214042070637265617465642E2045783A20726177D0
S21404208020307830303046207B30302030412030CD
S2140420903020313120323220333320343420353569
S2140420A07D2073656E64732061206D65737361674C
S2140420B06520746F20636C757374657220313520E7
S2140420C02830783030304629206F66206C656E677D
S2140420D07468203820776869636820696E636C7555
S2140420E064657320746865205A434C20686561648F
S2140420F065722E00436C757374657249641F44617F
S21404210074611F0052657365747320746865206E6D
S2140421106F64652E005772697465732061206D655F
S21404212073736167652E00456E64706F696E741F05
S214042130436C75737465722049441F4174747269E4
S214042140627574652049441F4D61736B1F44617446
S2140421506120747970651F446174612062797465C6
S2140421601F0052656164732061206D657373616737
S214042170652E00456E64706F696E741F436C7573CC
S2140421807465722049441F4174747269627574657B
S2140421902049441F31206966207365727665722073
S2140421A0646972656374696F6E2C203020696620DA
S2140421B0636C69656E7420646972656374696F6EB6
S2140421C01F0053656E64732061206D6573736167C9
S2140421D0652E0044657374696E6174696F6E1F536F
S2140421E06F7572636520656E64706F696E741F44E4
S2140421F0657374696E6174696F6E20656E64706F62
S214042200696E741F00536F7572636520656E647023
S2140422106F696E741F004C69737473207768696302
S21404222068206F7074696F6E616C206C696272618D
S21404223072696573206F66207468652073746163C1
S2140422406B2061726520696D706C656D656E746572
S21404225064206F6E207468697320646576696365AC
S2140422602E005072696E747320696E666F726D61AB
S21404227074696F6E2061626F757420746865206E71
S2140422806574776F726B2073746174652C20636C4D
S2140422907573746572732C20616E6420656E647049
S2140422A06F696E74732E006F66667365741F0050D4
S2140422B072696E747320696E666F726D6174696F8D
S2140422C06E20666F7220616C6C20617661696C6149
S2140422D0626C6520736C6F74732E00526561647350
S2140422E02072617720646174612066726F6D206667
S2140422F06C6173682073746F726167652E00416445
S214042300647265737320746F20726561641F4E7502
S2140423106D626572206F6620627974657320746FCF
S21404232020726561641F005072696E747320666C57
S2140423306173682073746F7261676520696E666F77
S214042340726D6174696F6E2E0045726173657320D9
S2140423507468652073706563696669656420736C68
S2140423606F742049442E0053746F7261676520733E
S2140423706C6F74206E756D6265721F00426F6F74A9
S214042380732074686520696D61676520696E2074C2
S21404239068652073706563696669656420736C6F2D
S2140423A0742049442E00434C4920696E7374616E50
S2140423B06365206578616D706C650064756D6D7914
S2140423C05F696E7374005A434C20636F6D6D616E63
S2140423D0647300626173696300676C6F62616C00AA
S2140423E06D66672D636F6465007573652D6E65781D
S2140423F0742D73657175656E636500782D64656606
S21404240061756C742D7265737000746573742D72C7
S2140424106573706F6E73652D6F6E00746573742DBF
S214042420726573706F6E73652D6F6666005A434CE3
S21404243020626173696320636C75737465722063CC
S2140424406F6D6D616E6473007274666400436F6DC5
S2140424506D616E642074686174207265736574734C
S21404246020616C6C20617474726962757465207680
S214042470616C75657320746F20666163746F72791E
S2140424802064656661756C742E005241494C006C7C
S2140424906F7765722D6D61632D7261696C2D3830AE
S2140424A0322E31352E342E63006C69627261696C8B
S2140424B02E6100756E636C61696D65640062756695
S2140424C06665722D6D616E6167656D656E742E63EB
S2140424D0006576656E742D71756575652E63007A74
S2140424E069676265652D75707065722D6D61632E02
S2140424F063006E65696768626F722E63006173734A
S2140425006F63696174696F6E2E630031383231739C
S214042510003134323231003132310032730031321C
S2140425203231313200313232313100323831003812
S21404253031310031383231310031323131313231DA
S214042540323232317300313232003132313132328A
S21404255031003131313100323238006D61632D6D16
S214042560756C74692D6E6574776F726B2E63006C70
S21404257065676163792D7061636B65742D6275663A
S2140425806665722E6300000102030D312E312E3172
S2140425902D38393430383931010001000203030084
S2140425A00300000013B779FAC925DDB7ADF3CFE011
S2140425B0F1B614B80102000000000000FFFFFFFFA0
S2140425C00100000001000000000000000000000000
S2140425D000000000000000000000000000000000F2
S2140425E000000000000000000000000000000000E2
S2140425F000000000033F1F007DF0020079F0020097
S21404260057F0020025F00200B5F0020087F0020041
S21404261027F002002C000000020202030000000063
S21404262001020000000801B4CC2604000008015A88
S2140426308826040000080040442604000000000029
S214042640000000000000FCFEFFFF00000000000089
S214042650FFFF000000000000FFFF00000000000075
S214042660FFFF00000000000040001806F4D200003F
S2140426702C00B0023DBE00001700F2000C7C0000E7
S2140426800C0041009E4200006400FCFEFFFF0000B8
S21404269000000000FFFF0000000000005A00F306E0
S2140426A0A554FEFF2100A301A1FEFFFF1100A60012
S2140426B0832700000A006100DC26000006003B00B9
S2140426C0F820000003001500AD130000C800FCFE4F
S2140426D0B4008B087BC0FBFF4D00E402E756FFFF07
S2140426E02C00A20183EBFFFF1A000301B31A0000BB
S2140426F01100A300552900000A005E005A280000B5
S21404270006003A0021220000040018007316000098
S2140427108DDB0300D9900300D9900300D990030001
S214042720D9900300D9900300D9900300D9900300F0
S214042730D9900300D9900300D9900300D9900300E0
S214042740D9900300D9900300D9900300D9900300D0
S214042750D9900300D9900300D9900300D9900300C0
S214042760D9900300D9900300D9900300D9900300B0
S214042770D9900300D9900300D9900300D9900300A0
S214042780E7900300D9900300FC900300D99003005F
S214042790D990030021910300D9900300D990030037
S2140427A0D9900300D990030049910300D9900300FF
S2140427B0D9900300D9900300D990030061910300D7
S2140427C0D99003007F9103000B0000000B0000006B
S2140427D002000000000020200000000003000000AB
S2140427E08C8C3C000000000000000000000000008C
S2140427F0000000581200000000000000FFFFFFFF6A
S214042800FFFFFFFF554E4B00474F200042544C003D
S214042810474F3200474F3300474F3400474F350089
S214042820474F3600474F3700474F3800474F390069
S214042830474F4100474F4200474F4300474F44002D
S214042840474F4500474F46004A4D50004244520009
S2140428505550520042544D004D534D0046544C00C2
S214042860554E4B00474F200042544C004241440012
S21404287046544C00465243004F54410044534C00C7
S2140428804241500055504700544D450046415500BE
S214042890545A4600554E4B0050494E00454D3400A0
S2140428A0554E4B0048562000554E4B004558500098
S2140428B04C574D00554E4B005242540044534C0066
S2140428C0454D3400554E4B0041535400554E4B0075
S2140428D056465900494E4800554E4B004C434B0053
S2140428E058544C004F424600554E4B004852440044
S2140428F04D454D004255530055534700444247004A
S214042900444D410056435400554E4B00555020004C
S21404291052502000415030004150310041502000B8
S21404292044502000444543000428040008280400BA
S2140429306028040094280400A0280400A8280400A2
S214042940B4280400C4280400CC280400D8280400B2
S214042950E828040008290400554E4B004649420066
S21404296042544C00455854005057520057444700B0
S21404297020535700435253004653480042414400F4
S214042980464C540042524F0001040103030601055D
S214042990010501090600060B0000070B050B0000E5
S2140429A000000000000000000400E40C0A0001041B
S2140429B0100100000005000200000300442C04007F
S2140429C0402C04002C2C0400282C0400242C040086
S2140429D0202C04000E2C0400FE2B0400E42B040020
S2140429E0DC2B0400D22B0400D02B0400B82B0400EC
S2140429F0B52B0400AD2B04009C2B04008C2B040088
S214042A007A2B0400602B0400582B04004C2B040083
S214042A10482B0400442B0400362B04002B2B040004
S214042A20122B0400F92A04009D2A04009C2A0400A0
S214042A308C2A0400642A0400592A0400582A040034
S214042A40442A04000000000000000000000000000B
S214042A5000000000000000000F000000000000005E
S214042A60000000000000000000000000000000005D
S214042A70000000000000000000000000000000004D
S214042A80000000000000000000000000010000003C
S214042A900000000000000000000000000F0000001E
S214042AA0000000000000000000000000000000001D
S214042AB0000000000000000000000000000000000D
S214042AC000000000000000000000000000000000FD
S214042AD000000000000000000000000000000000ED
S214042AE000000000000000000000000000000000DD
S214042AF000000000000000000000000000000000CD
S214042B0000000000000000000000000000000000BC
S214042B1000000000000000000000000000000000AC
S214042B20000000000000000000000000000000009C
S214042B30000000000000000000000000000000008C
S214042B40000000000000000000000000FFFFFFFF80
S214042B50FFFFFFFFFFFF0000000000000000000072
S214042B60000000000000000000000000000000005C
S214042B70000000000000000000000000000000004C
S214042B80000000000000000000000000000000003C
S214042B90000000000000000000000000000000002C
S214042BA000000000000000000000000000FFFFFF1F
S214042BB0FFFFFFFFFF9C0000FF0000000000000076
S214042BC0000000000000000000000000800000007C
S214042BD00000FFFFFFFFFFFFFFFFFFFF00000000F6
S214042BE0FFFF0000000000000000000000000000DE
S214042BF00000000000000000000000000000FFFFCE
S214042C00FF000000000000000000000000000000BC
S214042C1000000000000000000000000000000000AB
S214042C20000000000000000000000000000000009B
S214042C30000000000000000000000000000000008B
S214042C4000000000FC030101010101010101010172
S214042C500101010101000000000000010020000045
S214042C6000000001010000200204110404021110F7
S214042C701A080A021801081110111A080A04020D8B
S214042C800B19195C0110280B011400000000000049
S214042C900000000000000000000101010101010025
S214042CA0010101010101010000010101000100010F
S214042CB0010000000000000000000000000000000A
S214042CC000010000000000000000000000000000FA
S214042CD001FF010023E1010075E4010063E2010045
S214042CE063E5010062E1010079EB010064EE010096
S214042CF024E1010025E1010026E1010027E10100AD
S214042D0028E1010029E101002AE101000000010098
S214042D1080000100000101008001010000020100A2
S214042D208002010020E2010000030100000501000A
S214042D3080050100000601002C89010080060100C0
S214042D400007010001E5010002E50100000801009A
S214042D50800801000040010086321010FFFFFFFFCC
S214042D60FFFFFFFF9F990300A5990300AB9903009B
S214042D70B1990300B7990300567777777777777713
S214042D8077777777777777775A6967426565416C9F
S214042D906C69616E636530395A6967426565416C72
S214042DA06C69616E636530394E574B2053746565A4
S214042DB072696E67000095969595950507090D004E
S214042DC000000000000102030406000099B103009D
S214042DD01BC5030035C503004CC503005FC50300CF
S214042DE06FC5030083C5030095C50300A5C503008E
S214042DF0C1C50300D6C503000208010D0D0101017B
S214042E0012010000FFFFFFFFFFFFFFFF00000000AE
S214042E100000000001090501000200000000000394
S214042E201EF1EE0B342E040018D103008DDB0300D4
S214042E30FE00000034D10300942F040000000000BC
S214042E403ED10300842F0400000000004BD1030091
S214042E50742F04000000000058D10300642F0400FF
S214042E600000000076D10300502F0400000000008C
S214042E706ED103003C2F04000000000075D103004F
S214042E80282F04000000000083D10300182F04003C
S214042E9000000000F5CF0300042F0400000000002B
S214042EA07CD10300F42E04000000000088D1030047
S214042EB0E02E040000000000D0970300D02E04008B
S214042EC000000000000000000000000000000000F9
S214042ED04B07030099D10300D6D10300010100FF7C
S214042EE099D50000FFD1030044D20300010100017C
S214042EF00107FF0055D5000091D20300FCD2030061
S214042F00010100FF95D400001DD3030036D303004F
S214042F1000010100FF0000005D0703005BD303000F
S214042F20B3D303000101FF0045070300CAD303001F
S214042F3021D4030001010207FF0000003F0703003D
S214042F40CAD3030021D4030001010207FF000000D6
S214042F5039070300CAD3030021D403000101020782
S214042F60FF00000049D4000042D4030081D40300CB
S214042F70010101FFE9D30000A0D40300E5D4030057
S214042F80010000FFA5D30000A0D40300E5D403008D
S214042F90010000FF2DD400000CD5030012D303005B
S214042FA000FF00003307030061D5030090FF030011
S214042FB0FF0000002D070300D4D5030090FF030094
S214042FC0FF00000085D3000043D60300B8D60300F4
S214042FD000FF00005DD30000D0D6030032D7030004
S214042FE000FF00001F07030043D7030089D7030030
S214042FF002FF000025D3000092D7030006D8030082
S21404300001FF00000000000006DB030011000000C2
S21404301012DB0300120000001ADB0300130000009A
S21404302022DB0300210000002ADB0300220000004C
S21404303031DB03002300000038DB0300AA00000095
S2140430403FDB0300FF00000000000000FFFFFFFF5F
S214043050FFFFFFFF00000000000000000000010862
S2140430600109020A030B040C050D060E070F0810CF
S21404307001180119021A031B041C051D061E071F4E
S21404308008200121022203230424052506260727F7
S21404309008280129022A032B042C052D062E072FA7
S2140430A008300131023203380239043A08E004E1F8
S2140430B004E204E802E902EA04F008F11000000061
S2140430C00000000004050000283104000100000090
S2140430D03C310400010000005031040001000000EF
S2140430E0643104000100000078310400010000008F
S2140430F08C31040001000000A0310400010000002F
S214043100B431040001000000C831040001000000CE
S214043110DC31040001000000F0310400010000006E
S214043120043204000100000000000000183204000D
S2140431300300000040000000000000000000000043
S21404314018320400030000004000000000000000E5
S21404315000000000183204000300000040000000D5
S2140431600000000000000000183204000300000005
S21404317040000000000000000000000018320400B8
S21404318003000000400000000000000000000000F3
S2140431901832040003000000400000000000000095
S2140431A00000000018320400030000004000000085
S2140431B000000000000000001832040003000000B5
S2140431C04000000000000000000000001832040068
S2140431D003000000400000000000000000000000A3
S2140431E01832040003000000400000000000000045
S2140431F00000000018320400030000004000000035
S2140432000000000000000000183204000300000064
S2140432104000000000000000000020012000000024
S214043220080000000400422130000000643204005C
S21404323000FF4200300000000000000004004100CF
S21404324081F5000006004100530F030019008100B9
S2140432502512010019008400A51C0100008000004E
S2140432600000000006435553544F4D000000000074
S2140432700000000000000000000000000000000045
S214043280000000000000040104010401040104011C
S2140432900401040104010401040104010401FFFF04
S2140432A0FFFFFFFFFFFFFFFFFFFFFFFFFFFFFFFF25
S2140432B0FFFFFFFFFFFF00010203040506070809DE
S2140432C00A0B1F1C1F1E1F1E1F1F1E1F1E1F07026A
S2140432D01F012F0037013F005701DF02E700FF02FE
S2140432E000000000000000000000000000000000D5
S2140432F000000000000000000000000000000000C5
S21404330000000000A5E10300FFFF0000000000002D
S2140433105DE2030068E203008DDB030070E2030055
S2140433207EE203008DDB030091E203009CE20300CF
S214043330AAE20300AEE20300BEE20300A1B2030069
S214043340CEE20300D2E20300DDE20300E7E203007C
S214043350F1E20300F5E2030003E3030017E30300CE
S2140433602DE30300008000000000000000000000C1
S21404337000000000FFFFFFFFFF0000000000000049
S2140433806D9D010000000000000000000000F03FFA
S2140433900000000000002440000000000000594027
S2140433A00000000000408F40000000000088C3407A
S2140433B000000000006AF8400000000080842E41EF
S2140433C000000000D01263410000000084D797413B
S2140433D00000000065CDCD411AB60300444A04003F
S2140433E000000000CFEB0300344A04000000000095
S2140433F0D4EB0300244A040000000000D5EB0300CD
S214043400144A04000000000083D10300004A0400AC
S2140434100000000076D10300EC4904000000000020
S214043420DAEB0300DC49040000000000E0EB0300D4
S214043430CC49040000000000E4EB0300BC4904008F
S21404344000000000F3EB0300AC4904000000000099
S21404345010EC03009C4904000000000019EC030073
S2140434608C490400000000002EEC03007C49040094
S21404347000000000C3C303006C4904000000000001
S2140434803EEC03002C4904000000000044F0030056
S21404349088400400000000008EE00300484004005A
S2140434A00000000045EC0300883F04000000000014
S2140434B04EEC03008C3E0400000000005BEC0300AE
S2140434C0343A040000000000FBE203000C39040058
S2140434D00000000062EC03000C3904000100000048
S2140434E066EC0300CC380400000000006BEC03001C
S2140434F09037040000000000C091030090370400D9
S214043500010000005BEC0300343A040000000000F5
S21404351072EC0300343A04000100000077EC030068
S2140435205C3704000000000081EC03005C370400F4
S2140435300100000089EC03008C3504000000000044
S214043540D598030058350400000000000000000071
S2140435500000000000000000683504008DEC030045
S2140435608DDB0300FE000000A5EC030030410400E0
S2140435700000000019F103002041040000000000D0
S2140435800000000000000000000000009C3504005D
S214043590AAEC03008DDB0300FE000000C0EC030071
S2140435A0B042040000000000C6EC0300A042040081
S2140435B000000000CCEC0300904204000000000071
S2140435C0D5EC030080420400000000000F960300C0
S2140435D070420400000000001994030038420400FE
S2140435E000000000279D03002442040000000000A1
S2140435F0DFEC0300144204000000000014990300EA
S2140436000442040000000000E4EC0300F44104005B
S21404361000000000EBEC0300E4410400000000009E
S2140436205DA70300D441040000000000F0EC030092
S2140436302837040000000000F7EC0300D03604002E
S21404364000000000FFEC03009C36040000000000AD
S2140436500BED0300683604000000000000000000C4
S21404366000000000000000007836040016ED030099
S2140436708DDB0300FE0000002BAD03005041040068
S214043680000000007CCD0300404104000000000060
S214043690000000000000000000000000AC3604003B
S2140436A037ED03008DDB0300FE0000002BAD0300A6
S2140436B070410400000000007CCD0300604104005B
S2140436C000000000000000000000000000000000F1
S2140436D0E036040059ED03008DDB0300FE00000015
S2140436E077ED0300C04104000000000068F2030008
S2140436F0B04104000000000086ED0300A041040071
S214043700000000008BED0300904104000000000060
S21404371092ED030080410400000000000000000059
S21404372000000000000000003837040097ED030096
S2140437308DDB0300FE000000D7AC03005C420400EF
S21404374000000000B4ED030048420400000000003E
S2140437500000000000000000000000006C370400B9
S214043760BCED03008DDB0300FE000000D8ED030073
S214043770F042040000000000FBE20300E042040004
S2140437800000000000000000000000000000000030
S214043790A0370400DDED03008DDB0300FE0000000F
S2140437A0F6ED0300A043040000000000B9A90300DE
S2140437B09043040000000000FFED03008043040073
S2140437C000000000D8ED0300D04204000000000012
S2140437D004EE0300C04204000000000011EE0300E3
S2140437E08C380400000000001FEE03005838040064
S2140437F0000000002DEE030018380400000000004E
S21404380045EC0300883F04000000000000000000B0
S21404381000000000000000002838040036EE030014
S2140438208DDB0300FE00000018240400704304002F
S2140438300000000029240400604304000000000087
S214043840B0BD030050430400000000000000000068
S21404385000000000000000006838040054EE030076
S2140438608DDB0300FE0000007EEE0300C043040070
S214043870000000009CDD0300B043040000000000CC
S2140438800000000000000000000000009C38040057
S21404389085EE03008DDB0300FE000000D5980300D0
S2140438A0F4430400000000007CCD0300E44304005D
S2140438B00000000068F20300D0430400000000008B
S2140438C0000000000000000000000000DC380400D7
S2140438D0A5EE03008DDB0300FE000000D598030070
S2140438E02444040000000000C5EE03001444040051
S2140438F0000000007CCD0300044404000000000027
S2140439000000000000000000000000001C39040055
S214043910CCEE03008DDB0300FE000000E6EE0300A1
S214043920584504000000000063AE03004845040048
S2140439300000000019EF03003845040000000000F2
S2140439400F9603002845040000000000209603009C
S2140439501845040000000000EBEE030008450400D0
S2140439600000000003EF0300F84404000000000019
S2140439700CEF0300E84404000000000013EF03000B
S214043980D8440400000000001FEF0300A84404000D
S2140439900000000068F203009844040000000000E1
S2140439A02EEF030088440400000000006FBE0300EE
S2140439B0784404000000000033EF03006844040069
S2140439C0000000004AEF0300584404000000000012
S2140439D05EEF030044440400000000006EEF0300A2
S2140439E034440400000000007DEF0300003A0400A5
S2140439F000000000000000000000000000000000BE
S214043A00103A040082EF03008DDB0300FE00000082
S214043A1099EF0300C844040000000000A2EF03006E
S214043A20B84404000000000000000000000000008D
S214043A3000000000443A04008DDB03008DDB030025
S214043A40FE000000A9EF0300C840040000000000C8
S214043A50B6EF03000C3F040000000000BFEF0300B5
S214043A604C3E040000000000D2EF0300183E0400A1
S214043A7000000000E0EF0300E43D04000000000046
S214043A80EEEF0300B03D040000000000FCEF03006E
S214043A90183D0400000000000DF00300F03C040094
S214043AA0000000001AF00300503C04000000000070
S214043AB025F00300F83B04000000000038F0030083
S214043AC0D03B04000000000067D003006C3B0400F9
S214043AD0000000004BF003002C3B04000000000034
S214043AE056F00300F83A040000000000000000004E
S214043AF00000000000000000083B040069F003001A
S214043B008DDB0300FE0000008DF003007845040002
S214043B100000000093F00300684504000000000065
S214043B200000000000000000000000003C3B040011
S214043B3097F003008DDB0300FE00000085AE030053
S214043B40A845040000000000C9F0030098450400DE
S214043B5000000000D5F003008845040000000000C3
S214043B600000000000000000000000007C3B040091
S214043B70EBF003008DDB0300FE000000D598030085
S214043B800C460400000000007CCD0300FC45040045
S214043B900000000082CD0300EC4504000000000095
S214043BA02BAD0300D84504000000000007F1030015
S214043BB0C8450400000000001EF10300B8450400D8
S214043BC000000000000000000000000000000000EC
S214043BD0E03B04002AF103008DDB0300FE00000036
S214043BE04FF103001C460400000000000000000023
S214043BF00000000000000000083C040054F103002C
S214043C008DDB0300FE00000078F103006C46040020
S214043C1000000000C5EE03005C460400000000003F
S214043C2084F103004C460400000000008BF10300FE
S214043C303C4604000000000098F103002C460400F3
S214043C40000000000000000000000000000000006B
S214043C50603C0400A3F103008DDB0300FE000000BB
S214043C6011F003001C47040000000000C0F103002C
S214043C700C470400000000001AB60300FC460400CB
S214043C80000000002FC50300EC46040000000000FE
S214043C9078EF0300DC4604000000000085AE030055
S214043CA0CC46040000000000C7F10300BC46040034
S214043CB000000000D2F10300AC460400000000003F
S214043CC0DFF103009C46040000000000EFF103004F
S214043CD08C4604000000000002F203007C46040048
S214043CE000000000000000000000000000000000CB
S214043CF0003D040014F203008DDB0300FE00000008
S214043D001AB603002C470400000000000000000060
S214043D100000000000000000283D040032F203000A
S214043D208DDB0300FE00000085AE03009C47040004
S214043D30000000002FC503008C47040000000000AC
S214043D4078EF03007C4704000000000055F20300EF
S214043D506C4704000000000081ED0300703D040081
S214043D60000000000000000000000000000000004A
S214043D70803D04006CF203008DDB0300FE000000AF
S214043D8068F203005C470400000000002BAD03004B
S214043D904C4704000000000082F203003C47040085
S214043DA0000000000000000000000000000000000A
S214043DB0C03D04008BF203008DDB0300FE00000010
S214043DC0D5980300BC470400000000007CCD030027
S214043DD0AC470400000000000000000000000000E3
S214043DE000000000F43D0400ABF203008DDB03008A
S214043DF0FE000000CBF20300DC47040000000000D5
S214043E00DEF20300CC4704000000000000000000BF
S214043E100000000000000000283E0400F4F2030046
S214043E208DDB0300FE00000014F30300FC470400CF
S214043E3000000000B9A90300EC47040000000000DD
S214043E400000000000000000000000005C3E0400CB
S214043E501EF303008DDB0300FE00000085AE0300A6
S214043E602C4804000000000043F303001C48040030
S214043E70000000005BF303000C4804000000000090
S214043E800000000000000000000000009C3E04004B
S214043E908DDB03008DDB0300FE0000006CF30300E3
S214043EA0B43E040000000000000000000000000013
S214043EB000000000C43E04008DDB03008DDB03001D
S214043EC0FE00000078F303007C48040000000000B5
S214043ED0ECE203006C480400000000007EF30300DC
S214043EE05C4804000000000082F303004C48040011
S214043EF00000000086F303003C48040000000000B5
S214043F000000000000000000000000001C3F040049
S214043F1096F303008DDB0300FE000000D598030033
S214043F20FC48040000000000B1F30300EC48040061
S214043F3000000000C4F30300DC4804000000000096
S214043F407CCD0300CC48040000000000D1F303003D
S214043F50BC48040000000000E2F30300AC48040080
S214043F6000000000F0F303009C480400000000007A
S214043F7001F403008C480400000000000000000068
S214043F800000000000000000983F04000EF4030048
S214043F908DDB0300FE00000028F403002043040029
S214043FA0000000005BF4030010430400000000005F
S214043FB096F403000043040000000000ADF4030080
S214043FC01440040000000000B7F40300E03F0400BF
S214043FD000000000000000000000000000000000D8
S214043FE0F03F0400BBF403008DDB0300FE0000007A
S214043FF018240400404304000000000029240400A0
S2140440003043040000000000000000000000000030
S2140440100000000024400400DAF403008DDB0300F3
S214044020FE000000D1A903001C49040000000000A3
S21404403068F203000C4904000000000000000000C1
S214044040000000000000000058400400EDF40300E7
S2140440508DDB0300FE000000D59803005C490400D5
S214044060000000007EEE03004C490400000000003F
S2140440709CDD03003C490400000000000000000032
S21404408000000000000000009840040008F503004B
S2140440908DDB0300FE00000098F10300744A040060
S2140440A00000000085AE0300644A0400000000001F
S2140440B01AB60300544A0400000000000000000082
S2140440C00000000000000000D840040028F50300AB
S2140440D08DDB0300FE00000046F50300C44A04001E
S2140440E00000000050F50300B44A0400000000007D
S2140440F05BF50300A44A04000000000083D103001B
S214044100944A0400000000006AF50300844A040090
S2140441100000000000000000000000000000000096
S2140441201107030075F503008DDB0300FF00000094
S2140441300D07030082F503008DDB0300FF0000007B
S214044140A1DA000094F503008DDB0300FF000000F5
S21404415039DA0000C1F5030089FD030001FF000001
S214044160A1DA000001F603008DDB0300FF00000067
S21404417039DA00002FF6030089FD030001FF000072
S214044180D5DA000070F6030091F6030000FF000085
S214044190D5DA00009AF60300F7F603000000FF00E5
S2140441A051DB000005F703001EF70300010001FFC2
S2140441B0C1DB000043F7030085F703000102FF009C
S2140441C051DB00009BF70300CAF70300010001025D
S2140441D0FF000000C9D80000FBF7030037F803000F
S2140441E007FF0000E9D800003DF8030070F803005C
S2140441F001FF0000FDD8000078F80300C8F80300AB
S2140442000100FF0059D90000DDF803002EF9030071
S2140442100101FF002DD900003EF9030078F90300E0
S21404422001FF0000ADD9000080F90300C9F90300BE
S214044230010000010707FF00F1DB00001BFA030082
S21404424070F8030001FF0000F1DC000063FA0300CD
S214044250A7FA0300010700010700FF006F07030029
S214044260FCFA030042FB03000107000101FF000003
S21404427079DC00007EFB0300B9FB0300010000FFAD
S21404428049DC0000D7FB03001BFC03000100FF0011
S21404429019DC00002EFC03001BFC03000100FF00D9
S2140442A0C1DC00006DFC030078F9030001FF000088
S2140442B031DD0000A8FC0300D9FC03000100FF0068
S2140442C079C600008DDB0300E7FC0300000707FF48
S2140442D01DC600008DDB030000FD0300000707FF7A
S2140442E009CB00008DDB03000CFD030007FF000074
S2140442F009CB00008DDB03000CFD030007FF000064
S214044300C10603008DDB030011FD03000000FF005F
S214044310E5CA00008DDB030097D4030001FF00000C
S214044320ADCA00008DDB030049FD030000FF00005A
S214044330FDC500008DDB03008DDB0300FF000000DD
S214044340FDC500008DDB03008DDB0300FF000000CD
S214044350970603008DDB03008DDB0300FF000000DF
S214044360970603008DDB03008DDB0300FF000000CF
S214044370970603008DDB03008DDB0300FF000000BF
S214044380CDC500008DDB03007FFD03000101FF00A7
S214044390B9C500008DDB030094FD030001FF000097
S2140443A0930603008DDB03008DDB0300FF00000093
S2140443B081C500005CEE03008DDB0300FF000000F7
S2140443C081C500009EFD03008DDB0300FF00000096
S2140443D001C70000BFFD0300D6FD03000001000076
S2140443E007FF00008F060300FCFD03008DDB0300BF
S2140443F0FF00000081C4000016FE03008DDB0300EE
S214044400FF0000000907030044FE03008DDB0300E1
S214044410FF000000FB0603005EFE0300E0FC030052
S21404442000FF0000DDCD000083FE03008DDB0300EB
S214044430FF00000055C300009DFE03008DDB030053
S214044440FF000000E9C20000C0FE03003DFF0300B9
S21404445000000310FF000000C5C3000092FF030025
S2140444600000040001FF000099C3000015000400CA
S2140444705800040000FF0000ADC2000069000400FC
S2140444808DDB0300FF0000008D0603009800040087
S2140444908DDB0300FF00000089C20000E400040076
S2140444A0E0FC030000FF000055C2000025020400E3
S2140444B07A02040000FF000039C2000094020400DF
S2140444C08DDB0300FF0000001DC20000A4020400F0
S2140444D08DDB0300FF0000007D060300B802040025
S2140444E03603040000FF0000EDC10000C103040011
S2140444F08DDB0300FF000000A9C10000DE030400FA
S2140445000904040007FF000069C100001304040046
S2140445106C040400000500FF21C100001F05040010
S214044520320504000002FF00FDC00000610504001F
S2140445308DDB0300FF0000007D0603007305040006
S214044540AD05040000FF000091C00000330604001F
S21404455079060400000301FF81C000001907040067
S2140445605F070400000301FF2D390100FF07040064
S2140445708DDB0300FF000000071403002708040077
S214044580A208040002FF000015E10000F70804007A
S21404459090FF030000FF0000E1E000001F09040094
S2140445A090FF030000FF000091E0000038090400BB
S2140445B08DDB0300FF000000552B010051090400A9
S2140445C08DDB0300FF0000002D2B01009E09040074
S2140445D08DDB0300FF000000B92A0100C9090400AE
S2140445E0EF09040000010100010102FF912A010005
S2140445F06E0B0400960B040000FF0000712A0100F5
S214044600BD0B04008DDB0300FF000000C52901007C
S214044610E70B04008DDB0300FF000000D911030044
S214044620000C04008DDB0300FF00000039200100AD
S214044630260C0400570C04000002FF004D10030073
S214044640B40C04008DDB0300FF00000049100300D7
S214044650E10C04008DDB0300FF000000ED1F0100E9
S214044660FC0C0400260D040000FF0000C51D01001C
S214044670560D04008DDB0300FF0000007D090100D9
S214044680690D04008DDB0300FF00000065090100CE
S214044690810D04008DDB0300FF000000C10F030042
S2140446A09A0D04008DDB0300FF000000AD0F03002D
S2140446B0C70D0400410E040000FF0000DD1C0100CD
S2140446C0800E04008DDB0300FF000000C91B010000
S2140446D0F80E04008DDB0300FF0000002108010033
S2140446E03C0F04008DDB0300FF00000005080100FA
S2140446F0590F04008DDB0300FF0000007D08010055
S214044700041004008DDB0300FF00000071080100A4
S21404471092100400D710040000FF00003D080100BA
S2140447200E1104005F11040000FF0000690601007A
S214044730921104008DDB0300FF00000025FB00003F
S214044740BE110400271204000000FF0025FB000031
S2140447507C120400DE1204000000FF00C9FB000007
S21404476023130400561304000002FF001B0F03006B
S214044770AB130400F913040007FF0000F9FC000063
S214044780151404008DDB0300FF0000000DFB000081
S214044790391404005E14040000FF00001DFC000031
S2140447A0B71404008DDB0300FF000000E5F40000EE
S2140447B0F41404008DDB0300FF000000B1F40000D5
S2140447C01E1504008DDB0300FF000000F30D03003C
S2140447D059150400C815040000FF00001DEE000073
S2140447E0191604009816040000FF0000E50D0300E7
S2140447F0DE1604003017040000FF0000BF0D03009F
S21404480077170400C417040000FF00003DE700000B
S2140448100E1804004418040003FF000075E70000A7
S2140448207F180400C518040003FF000021E60000FA
S2140448301B1904008DDB0300FF0000004B0D030072
S2140448404B1904008919040000FF0000450D0300FD
S214044850991904008919040000FF00003F0D0300A5
S214044860C01904008919040000FF0000390D030074
S214044870E71904008919040000FF0000330D030043
S2140448800F1A04008919040000FF00000F0D03002E
S214044890381A04008DDB0300FF000000150D03002A
S2140448A05A1A04008DDB0300FF00000089E30000B1
S2140448B0821A0400BB1A04000001FF00B5E30000DE
S2140448C0DC1A04008DDB0300FF000000110D03005A
S2140448D0071B04008DDB0300FF00000071E30000EB
S2140448E0221B04008DDB0300FF0000002DE3000004
S2140448F03D1B04006A1B040000FF000015E30000D3
S214044900851B04008DDB0300FF0000005DCB000068
S214044910B01B04008DDB0300FF0000005DCB00002D
S214044920D71B04008DDB0300FF00000071C00000ED
S214044930E81B04008DDB0300FF0000003DC0000000
S214044940FD1B0400241C040000FF00003DC0000002
S214044950341C0400241C040000FF0000D5BF000023
S2140449605B1C04008DDB0300FF00000075060300DB
S214044970761C04008DDB0300FF00000035BC00003D
S214044980991C0400031D040000FF000015BC000071
S214044990261D04008DDB0300FF000000D5D70000B1
S2140449A08C1E0400191F0400010000FFB5D6000089
S2140449B0361F04008A1F040000FF0000E9D600002A
S2140449C09F1F0400F11F04000100FF0055D60000DD
S2140449D007200400F42004000107FF007906030002
S2140449E0042104008DDB0300FF000000B9CF0000A3
S2140449F01521040027210400000101000007FF0020
S214044A00B1CE0000622104007321040000010100FD
S214044A10FF000000E9D60000C2210400D3210400F0
S214044A20010000FF29CE0000C22104000522040074
S214044A3000FF00008D690100162204008DDB0300D0
S214044A40FF00000069BC0000622204008DDB030046
S214044A50FF000000913303008DDB03008DDB0300B1
S214044A60FF000000517701008DDB03008DDB03009F
S214044A70FF000000157701008DDB0300A722040069
S214044A8002FF0000B97E0100AF2204008DDB0300A4
S214044A90FF0000004D7E0100DB220400FE2204001D
S214044AA00200FF0013340300272304008DDB0300F9
S214044AB0FF000000297E0100492304006723040048
S214044AC002FF0000017E01007C230400672304002B
S214044AD002FF0000010000003C440020000000002B
S214044AE000000000FFFF0000E90C030000000000C7
S214044AF003000000FFFF0100CD0D030000000000CE
S214044B0004000000FFFF0100610E03000000000027
S214044B1004000000FFFF0000E50E03000000000094
S214044B2006000000FFFF0000570F0300000000000F
S214044B3019000000FFFF0100E90F030082F30300E1
S214044B40205E0020000000000000000000000000BE
S214044B5000000000D3230400C04B04000000000043
S214044B60D9230400242E040000000000E0230400DF
S214044B70F42F04000000000019F10300E42F0400E1
S214044B8000000000E9230400D42F04000000000005
S214044B90FB230400C42F0400000000000A240400C1
S214044BA0B42F0400000000001B240400A42F0400FB
S214044BB000000000000000000000000000000000EC
S214044BC0D04B04002D2404008DDB0300FE000000FF
S214044BD048240400E84B0400000000000000000025
S214044BE00000000000000000253803004D240400E7
S214044BF08DDB0300FF03010001013F040201003FB7
S214044C00040202003D040202003D04010200010207
S214044C100003010002023D04020100020202010038
S214044C200202000000202020202020202020282807
S214044C302828282020202020202020202020202053
S214044C402020202020881010101010101010101093
S214044C5010101010100404040404040404040410C3
S214044C601010101010104141414141410101010151
S214044C70010101010101010101010101010101011B
S214044C801010101010104242424242420202020227
S214044C9002020202020202020202020202020202EB
S214044CA0101010102000000000000000000000009B
S214044CB000000000000000000000000000000000EB
S214044CC000000000000000000000000000000000DB
S214044CD000000000000000000000000000000000CB
S214044CE000000000000000000000000000000000BB
S214044CF000000000000000000000000000000000AB
S214044D00000000000000000000000000000000009A
S214044D10000000000000000000000000000000008A
S214044D20000000000000000000000000A0010000D9
S214044D308013002000021000D84800202015002010
S214044D400000020800000000FFFFFFFFFFFFFFFF58
S214044D50FFFFFFFF0000000000000000000000004E
S214044D60000000000000000000000000200000001A
S214044D70BDAA0100100000009DAB01000000000168
S214044D80000001010001010120C001B8000000007C
S214044D9000000000FFFFFFFFFFFFFFFFFFFFFFFF16
S214044DA0FFFFFFFFFFFFFFFFFFFFFFFFFFFFFFFF0A
S214044DB0FFFFFFFF000102020303040506080C0CB4
S214044DC00C00010203040707C8C8C8C8C8C8C8C876
S214044DD0C8C8C8C8030404080808080800B801B806
S214044DE002B800B0C8690400B069040003040408EB
S214044DF0080500000000000000000000000000009D
S214044E0000000000EA06000048704C0F44700E0EC6
S214044E1030707E1302989A173870340F34705A0F15
S214044E20307048102C7048102870D0112470E81187
S214044E3020703E0F1C70901218700C1314703A0FEA
S214044E40B110086001D80A7104B87F78020C7E7825
S214044E50641000C6881F00A01DB8707803B01860E0
S214044E600F3027B30F330111C04806987C0229B0CF
S214044E70086001D8087109DD047109BB11101660B9
S214044E80A048086004100112FF3221500860D04880
S214044E90086000880698381400C4441F00A000BAAE
S214044EA003DF107109DF0672029836031DB85078C6
S214044EB000A04413281441158110086002D8147108
S214044EC010880698201900C014C000B80698861BDF
S214044ED00091069892020160B83020D806711EBC74
S214044EE0637C784D5412F03240DE0472404804DB92
S214044EF008720DDD0C72044BEF3014480698F20469
S214044F0000C4E04000544412086201322140087C88
S214044F10811140D91C72B1123032CF4A013AB1DA4B
S214044F20107208D8067104D80871804C237C567019
S214044F30684C441200C4A41E00A04414413AF3244E
S214044F400164415C412A047580B800C46040005482
S214044F5081D8367140D90472237C084B0698F20433
S214044F6004BA1CB9767900C1204001B835797F218E
S214044F706121007906B906A901D8067102981002C3
S214044F80804C307C0298640208D86A7100C1544090
S214044F9000B8141110D95E71584C441280BDA26D2D
S214044FA0FF25784C4412FC22513A2814104C00C2B7
S214044FB00CC101B8241228140862281408622814A4
S214044FC008622814304C304C00C11C4000B8141140
S214044FD01814086100C5284001B85415FF3504713B
S214044FE010491814B04C4412086201320671029833
S214044FF00401804C08D80C7107BA24D8047106BA88
S214045000187004D80C7101BA40D80E7102BA0A702E
S21404501005BA20D8047203BA204C4411C04C1814A4
S214045020086118149111383111429111186110D980
S2140450300472EF3200C1084001B8141110311E6129
S21404504011422814A1110861181406986C1B181430
S21404505000C1084001B814111861FF31181400C1CA
S214045060448001B8141118140861181430880248D2
S21404507006989403009308DB047101F800A027B097
S2140450800F3000A01088B111186180D90A7100C1D0
S214045090884000B80811009100A000C4684000B819
S2140450A0441000A000C0884000500411826104101F
S2140450B082601050F07200A0541550451271069884
S2140450C002050698920407B8707802B841781EBAAA
S2140450D05B7A5C7A5D7A00C220C001B82412069816
S2140450E02A1900C5481F00A05415511400C3FF0117
S2140450F00000313D09647F3406989C02015851280B
S2140451000475015841280E758111086102D904728C
S214045110FF0FCC7007B8727800F8EBBD00C0441FD0
S21404512000A00411113D10D91271FF33186300C199
S214045130781002B8381107B97479581000A0069888
S21404514092020D300472044809DC0472084800C157
S2140451501CC101B8141100C3D01E00A0911504355B
S2140451601A7218131CBB08D804716C7B04D804711B
S2140451706A7B1DBB2F7C5B7B1670044B18131CBB11
S21404518008D804716F7B04D804716D7B217C0C30C5
S214045190026006987E040698C40B00B8B111186124
S2140451A040D906720298580401BC00C2084001B8EF
S2140451B000DC0A7124150265604A0A702C4A24151C
S2140451C008654C4A043508D90471202400C13C1FE4
S2140451D000A0141200DC327120D8067101B80C70DD
S2140451E0F0DA0C720CDB087102B8069886044824C0
S2140451F000C3384101B834138F7B0E7102B9911382
S21404520008DB047203B928707C4914111110FD30B0
S2140452100DDC1C7200C0A01E00A0041080D8107103
S21404522000C0448001B80410E5200475804900C31A
S214045230884000B8FFB801201141087101411813D5
S2140452400824014200C1284000B8141101411C651D
S2140452505141911520351E655141181328134813E2
S21404526000C3844000B8341003D81671073005DC38
S2140452701071B1108F780A7200C384C40350217B66
S2140452801DB8507800B800C13C1F00A014121C6062
S2140452902150F0300152281100A04024076400C0B9
S2140452A0FFFF0100013C17B0022001584028067594
S2140452B018AC01EC00A0208800C020C001B804127D
S2140452C017B4211304123052F8711964402400C331
S2140452D05C1F00A0341014110698F60D1961009294
S2140452E011592129067600BB11590698D60D8762F6
S2140452F0313B0472215A412A00A000C2686000B8FB
S214045300B8B91F610D49181200A0308801B911619F
S21404531000C30000C0FF3110312800BC002D0C75FE
S214045320115418AC01EC312DF47019645113415525
S214045330312C009300A000C3C00FFEFF50B2313AD8
S214045340014250AA00A006983E07FFB0867808716E
S2140453505CB86B786E7800C2548001B800C0D81F61
S21404536000A004100812B822217A237A52B8417891
S21404537001B80C6021A809B819604CA800C0FFD178
S214045380C1FF4FB2013A00C0002E300001424FAABE
S21404539024B86E78ACB9FFB004D804714CB923A90C
S2140453A00698A80500C01390010006982E0500A0D4
S2140453B00698020519B81460FFB28C620F32826A2E
S2140453C0214006982E0549BC21B952B849B207DED9
S2140453D02A7105DE0871627C607C1D0C6179677831
S2140453E064786B786278657863786078617C010CA1
S2140453F0010C6878020C69786C78020C00C22C8068
S21404540001B8277A287A267A6A78050C41790A0C34
S214045410B11040D806710298BA06784A2B7A327AC6
S214045420584A247A00C400011100404A00C010847F
S21404543000000812508800C584100100FBAD10BDA2
S21404544001BB8A6B21B9FAA9C44A1812217A227AB6
S21404545000C0341F00A00410FCA882644110303041
S2140454600129F9A9F8ADFBB08260FBA80330A0655A
S2140454702110044820EC237A0410037A184A2411D5
S214045480DC4A01580029241004753150F8B1115033
S21404549081632A71514031400812FCB18461FCA931
S2140454A00F310E7117B0112817B111591028FA765A
S2140454B0C44AF9B11812217A227AA070009508120B
S2140454C0F8A800C20C8001B8207A844A00B80812F2
S2140454D0020CA44A087A020C21B84178784A0B7A5E
S2140454E0127A00C2C81F00A0FFB008D80472184A77
S2140454F0241000DC0A7140A80422241041A806984F
S2140455009C0200C2481F00A02410015100C4FF01E1
S214045510000041391150081200A006983E0700BC4E
S21404552000C20C8001B8217A52B84978020C487837
S214045530020C49B8417852AC21AC204A087A067A63
S214045540077A49AC00A059B840785AB101D9FC7220
S214045550427857B8407858B101D9FC72427800A016
S21404556000C20C8001B8217A227A21B8547852B845
S214045570BC4A24119979127107B915614CA961784E
S21404558000BB03BC0C64147009B919614CA94178BA
S21404559001BB126300C4002E300000C0FFD1C1FF5F
S2140455A04FB1013941414FA9E44AC8B8081224ABA7
S2140455B04CB823A80698A80500C004900100FFB1C3
S2140455C086790471084806982E0500C080090040B4
S2140455D040A809B8FFB108D9047103B853A8B1109C
S2140455E004D80C7156BB607B57BA627A607A02D8CC
S2140455F00C7156BB607B59BA627A607A04B86E78CE
S2140456003DB8607800C05638000000C1B08001B8CC
S21404561014119979087200C0D604000000C124C091
S21404562000B814119F79047208484CA82EB8FFB12C
S21404563008D906714AA804704BA80FB834A800C04D
S2140456400C5E000046B2014246AA00C12C4001B8D6
S214045650141108610631087100B9069850110698AD
S2140456603E14B11101D90E710698921B02D9067226
S2140456700698A00C069838145114069892040698B6
S2140456802A110698641700A006984E1701D80A71C6
S2140456901CB85B7807B8757800B84CA84AA84BA81D
S2140456A000C0F321FFFF46B1013946A904B86F785C
S2140456B000A0FABC1964415C512C00C0581F00A01D
S2140456C00410012C0675069892040698780FB110FB
S2140456D0186005D8327140BA06980E1404B8657876
S2140456E0911004D816711CB86E7800C0684000B8D3
S2140456F021780698781101400A721DB842780698F7
S2140457004A1402985E0B1DB8717804B86C7841B8D8
S214045710427863784478FFB104D906720298CA09BD
S21404572000C004900100FFB1867904710848069809
S2140457302E0500C32C1F00A000C274C000B8241499
S214045740481300BC48121C4B1C4A2414481300BCC3
S2140457504812084B584A2414481301BC48124ABA43
S214045760447A427A4BBA447A427AFFB08678047214
S214045770617A4CBA647A657A3DBA607A4DB942B8B1
S2140457803FBB5B7966796179020C6479050C6379B1
S2140457906079050C627965795A7900C2340102B8D9
S2140457A0241305B819603140081242B86A78020C0E
S2140457B04A78020C40BCFFB208DA06714ABA067090
S2140457C04BBA627A657A677A667A6A79667B0298F1
S2140457D0A40A00C32C1F00A000C274C000B824147E
S2140457E048131C4B1C4A241448133FBC48121C4A3A
S2140457F000BC4812084B444A2414481301BC4812FF
S2140458004ABA647A627A4BBA647A627AFFB3867B5F
S2140458100472617A4CBA647A657A3DBA607A01D9C0
S2140458204E71647800C1708001B800C08000080022
S21404583008110698860B42B861784DB97F797E794F
S2140458406A7868786278020C7B790F0C7A79140C83
S2140458507479417860787579050CFFB208DA0671B8
S2140458604AB804704BB8657801BC1664407002D917
S2140458703C710698860B42B84DB9687840784178F2
S2140458807F797E797B790F0C7A79140CFFB208DA6B
S214045890087171794ABA067070794BBA7279657A6A
S2140458A06A78020C4A78050C01BC1664020C41792D
S2140458B040790C0C00C04C0102B848100698F2045B
S2140458C000C4784000B8007C00C0A01E00A00411EC
S2140458D080D93271911104D92C727F2021200411B1
S2140458E0FD310DDD207200C0448001B80411E521AD
S2140458F0147600C0244001B804118A790871207C0B
S214045900104C207C2AB86278511400C0581F00A09E
S2140459100410012C17B001118768015841280E762F
S21404592005218769415C412D112D06700698920465
S21404593042B84DBB7C7B6478020C29B86878511455
S214045940404406750698920442B844782AB84278C9
S214045950FFB101D90C7100C1548001B8CBB808114D
S214045960911004D8147100C0A01E00A0041080D8A2
S214045970067107B8537800F807B800C1CC1E00A01B
S21404598000C220C001B824122811777800F8B1109C
S2140459909478387106989C02E4B911591128067651
S2140459A000B80C70A0B9115901290475A0B882601A
S2140459B000C3C01F00A03413012B341000C3FFFF24
S2140459C000FF42B13139114042A800A01DB09178C1
S2140459D0FA7142B86478020C00BA29AA00C454804A
S2140459E001B842B84DB900C3C04001B83413977B20
S2140459F0047240EC020C44785C7953AA0A0C28140E
S214045A0042B84DB9FFB301DB2671244C00C3FF0F27
S214045A10FF0138145479407841785579020C5B7943
S214045A205A79140C5F795E794A784278347002DBCE
S214045A301471527951795079020C5B795A795F79ED
S214045A405E791E7004DB1A7100C4FF07000000C3F1
S214045A50342102B848133FBB467B020C5B795A7963
S214045A603DBB407B4CBB447B457B00C3301F00A042
S214045A703414403C207100C068C000B84810281395
S214045A801C4B1C48341448102813144B4448341434
S214045A90481028134AAA4BAA04B86D781DB8517842
S214045AA05CB84B784E7800A000C074C000B80411EF
S214045AB0108800B9181068480411108801B90B61E1
S214045AC018102C4804111088008800C1231C0000FC
S214045AD018104AB864784BB86478260C28B000C10D
S214045AE0FFFF0FF0113871B90B61114028A828B9CF
S214045AF07379747900C21010303045AA54790E0CAC
S214045B0000C0E84001B8041100C23030101045AAA5
S214045B100E0C0410008810880698620D0091009000
S214045B2020888F618F600698620D0090886A2140F5
S214045B300112906A035800C13F3F00001138FFBCB1
S214045B40022441281138014245AA28B953794AB893
S214045B5044784BB8447800900091181000912C4873
S214045B60181000916848181000A091684360916965
S214045B704361115B012B112841603128315B00BA67
S214045B80302806763128204A4163302806763128A4
S214045B90104A4163302806763128084A4163302883
S214045BA006763128044A4163302806763128024AAC
S214045BB0416330280476014A00A0115910D90671B1
S214045BC00860086008D90471086004D90471046088
S214045BD002D90471026001D90471016000A000BA00
S214045BE001D806710148112A1F61016001D8F672B6
S214045BF00138F67200A000C220C001B82412115960
S214045C002129127300210E7100C238C001B8241273
S214045C100121212900A002B020D8147100C0B01EB2
S214045C2000A0041002B9457906987613EA7003B00A
S214045C309F78087200B806A800F806983E0700C5C4
S214045C40641F00A05088044D1CBC00C0B41E00A0F5
S214045C50811101D91E71407C009501150C4D5088A8
S214045C60044DFFBB1863315B04110698EE0D312911
S214045C70F8750698681A54150698921B01D9087286
S214045C800698580706700698F4071CBB547B0698BB
S214045C904E1701D8067202981A0FFFB90121103860
S214045CA0F67281129B7AF07100C2448001B8241403
S214045CB000C0C01E00A004100113002004104050B1
S214045CC00C7200B90698280F18B90A7018B9069805
S214045CD0280F00B900B806981E0F704A08B8069830
S214045CE01E0F00C2284000B814B806981E0F00C243
S214045CF0EC4001B80CB806981E0F202210B806987F
S214045D001E0F10883088069858070093009106984E
S214045D10280F00C0C41E00A00412FFB901212141AF
S214045D201810009500F8312811280410081200A055
S214045D3004B831281128F8B1181000A00698800875
S214045D400E700698C40B0698800806987212069879
S214045D5012079112211900C02C4001B80A7809785C
S214045D6000F810B901BA0698041406982A11069881
S214045D70641700C5641F00A081109D78FC7200F8AB
S214045D80911203321CB900C3A01E00A0341300C431
S214045D90B04000541DB84278707903DE067144782A
S214045DA03A707179A11020D806710298541080DBDD
S214045DB01C7102D8187205B80814A11010300248D5
S214045DC0081400B808149110086008141DB8627806
S214045DD0A11000DC0676517900BA06984E1701D851
S214045DE02272911120311D61911004D80E7200C1E7
S214045DF0501F00A0141101D90A712088069850116A
S214045E00009200C1204000B801DB1871084C03DE84
S214045E100471904C441400C3FF1F0000413BFF2351
S214045E203811944900C3384101B83413086380DB41
S214045E300C7103BA186206983C100870186206982B
S214045E403C100C490879097914102140081100A067
S214045E5000BD0698760210B903DC047100B901BAD5
S214045E600698041402D9067100404E7203B11861F4
S214045E700F3106987811FFD82872811008D8187147
S214045E8006DD0A710698760203DC0C720698BC11CD
S214045E9006984A140C7006DD10710698C2114870F4
S214045EA020B804A806DD1072069880080698120723
S214045EB001F840B804A800F800C0A01E00A004130F
S214045EC0086301DB227191100111186111381DB9A4
S214045ED010D8087144790298541002DBFA72A113A0
S214045EE028DBF47203BD06981E11069880081DBAB6
S214045EF07F7A0698F20400C5681F00A0069876020A
S214045F0000BA03DC1672044DA11002D804711C4DAD
S214045F1000C10CC101B80698AE045415212D06988C
S214045F203E050298AA0891100155033551500119EF
S214045F3000A000C14C1F00A0141001D842710148F3
S214045F400860FE200E75811020D8087100C1501F0D
S214045F5000A0141101D9287100C02C4001B8041205
S214045F60215108610F3118611152281000C00840F1
S214045F7001B804119112215120311152211900A0A7
S214045F80811380DB067201B800A000C314C001B8F8
S214045F90341006302E726C4B34121C4B34101860BE
S214045FA002302072811080D8DE713410014A0862F3
S214045FB00460803021508C480A717F234D233410AE
S214045FC0013000A000BD06981E111CB8477845781D
S214045FD0437802B8447800A0069880080698BC1156
S214045FE000C5741F00A0541506983E050298AA081A
S214045FF0B1138F7B0A7200C384C40350017B0698D6
S2140460003E1400C1384101B814118F790E7100C1D5
S214046010B84000B800BA06983C1050BA06980E1459
S21404602006987811FFD84A71911004D848728110E6
S21404603008601CD8407220D938721112FF322151E0
S214046040347180218021111400C0D81E00A00413CE
S214046050FFBA3151113A215111531DB938107B79C9
S21404606040440E7200B900C2AC1E00A0181206709E
S21404607004B860780698381400F800B900C2A44042
S21404608000541812644A0AB918121CBA507A517A83
S2140460901DB942795F7900A00698760207DC107273
S2140460A0911000200A75069872120298660F0698D8
S2140460B0120701B9911004D8047100B910BA0698F1
S2140460C0041400BA0040347100C0A01E00A00411DD
S2140460D0086101D9127104D9E2728110086001D8EE
S2140460E0DA711DB8647800C11CC101B80698AE0404
S2140460F001B81160002A047600BA00C5781F00A013
S2140461005415212D069872120698580700C57C1F50
S21404611000A000F800BC811108D9167280D920723C
S21404612001B910BA0698041400400E7101BC107030
S2140461300698BC1106984A1420B804A800F80698D5
S214046140721281110231127100B900C21440005457
S2140461501812244A02B918120698BC1100C5801FEA
S21404616000A054150698F01A0298AA0804110121F2
S21404617014711CBA737A0420041228110420041122
S2140461800121F47200A00698F20401F806984E174E
S21404619001D81671FFB9012110380E7281109B7850
S2140461A0087104B9677900F8911010D8287100C5F1
S2140461B01CC101B854110698EE0D00C5C81E00A0F7
S2140461C054155129EA7507B876781DB8447801B88D
S2140461D004A800F8B110186010D82E7100C0504002
S2140461E0005400C3084000B83114984C44113411CC
S2140461F0086101D9FA71441228100862281008624E
S214046200281008622810E8700298B00206989202D5
S214046210113804721E6202BB00C1D81E00A01411FD
S21404622020390C72911210DA0672417B00A006988F
S2140462303E1400C2A01E00A0241220DA0472617B61
S2140462401CBA527A00A01CBA727A811204DAFC7262
S21404625000A01CB86B7800C0684000B82F7800A077
S21404626006984E1701D83A7100C22C4001B8241083
S2140462700360911120310151383111501D6008120C
S2140462801DB9457900C2448001B8241200C0C01E5E
S21404629000A0041018200020041020500471657912
S2140462A010631EB9637900B902EC00CD114502EC07
S2140462B000CC01DB087100BB0298D61803B8411164
S2140462C00731FA211C760621911210DA087102DDD4
S2140462D010721E7020B80698B20D3038147208B8C2
S2140462E006987E0400C02C4000B82978207800F870
S2140462F0056020D8067102980C1602EC00CA05B890
S21404630023DA187104DBDA7120DAD67110DAD27265
S2140463101EB8617800B801DA067202EC00C8911162
S21404632010D9267100C1B81E00A014111150FF30F8
S2140463300C720761A110115002300A7180DB0A72D8
S2140463400AB89E701DB97C7918609111114021110C
S214046350C031114001191EB8411108D9047166787C
S21404636020D904726578A11002D80672C0DA1E71AC
S2140463701EB8273123DD087210DB1072607825DD25
S2140463800A7121DD087208DB0471627803B84111D2
S21404639007310872A1152035AA7102DD2072A111F9
S2140463A020D9A07102D91672CCDA9872411140D95C
S2140463B0927206B8054D5A720298AE1421114049DD
S2140463C0C0D94C71A0314115403502655141046174
S2140463D0086308DA1E7204DA36721049A11502350B
S2140463E0067110DB0E7201340A7108DB22711EB8C6
S2140463F06778CC3211101A300ADC0872CCDE0471CD
S214046400FD3100C00D0F0C0D216001D85C7207B879
S2140464100298D81400BA411108D90C7102EC00CACB
S21404642005B830DAEC720734F031036101DA04712E
S214046430014900C0F300A3E3216001D8D27100C073
S2140464409814406821604030014440DA0471204CBE
S21404645004320262204A111006301F6001421831CD
S2140464601D6111420298F614204A00C00517085010
S2140464702160113001422088FFBB0DDA507100C143
S214046480DE1B250180BC04DA107208DA0A7200C129
S21404649020841000E024A02408634143026401DA47
S2140464A006711E49024B00C0201F00A00863381066
S2140464B0BC2002DA127101B91159A11380DB0871EC
S2140464C000C100FCFF0118100298621800C4A01E48
S2140464D000A0441080D87C710092D0DA06710DDAE0
S2140464E00C711EBD437DEFBD0698140304620DDADD
S2140464F08672A11105D95C7100C240400054241272
S2140465001424281401D9067202D9327140D91E7196
S21404651002EC00CA211018320471FA2220D8047240
S2140465200822FE22087502EC00C8F87001D90E7124
S21404653002EC00C802D9067204DC187200C0A01E61
S21404654000A004101D6001D806711EB8647807B850
S21404655073780298D61800C0A01E00A004108030DD
S2140465600A7100C0C41E00A0041000A006984E17AE
S21404657001D82E71911010D828728110A0D82272DA
S21404658003B084781C7200C12C4001B814100DBAF4
S214046590487A697A6B7A08111CB87B7807B87578DC
S2140465A000A0641000C6881F00A0C3B806987C022A
S2140465B000C4441F00A014BA281400B8011AB1106D
S2140465C08F780A7200C084C403500178911010308A
S2140465D0011905BA06980E1402D9067101B804A862
S2140465E000C0A01E00A004130698641180DB067188
S2140465F0029858141DBA7C7A01DB6A7100C2241F03
S21404660000A024111114FF3402EC00C8FF24FA760B
S21404661008610698C20D046111380F300461111424
S214046620011141100698C20D01D8087203B80298E9
S214046630D8140C4A01DB22712410112811280412E4
S21404664002300471106200C0FFFF0000213800C24F
S214046650204000B8FF200812411008600698C20DBA
S21404666001D87C7120BC1033767100BB00C1201F9A
S21404667000A01415C021112C511218620F320E718D
S214046680408851140698FA1841430094511208653C
S2140466901C620F320E71411151140698FA181C64CC
S2140466A041430865513B00C1DC1E00A014111112C1
S2140466B031100F30127100BA056101D8047111420D
S2140466C001600FD8F472311003601E30047201B8F2
S2140466D0003A087204B80298D8140298C41600C087
S2140466E0384101B804118F7914717F206920041190
S2140466F00861303110DD06711DBA637A06981203FC
S21404670000F830885088FF34087102ECFF24F870D3
S21404671002EC00CD1410595001440421FF22F272F9
S2140467200F4C0095009300A000C1A81E00A01411F1
S21404673000A030880698421B8111086102D90672AF
S2140467400298061A1CBB557B086120D9067102986C
S214046750F6190088A1101860069820190821141547
S214046760FC251EBB5C7B5D7B00C1084001B8141190
S2140467700731FE21307608D82A725113FC233413CD
S21404678004DB20711863FF33315B00C110C000B80E
S2140467901411086180490C71FF31302954751EBBF1
S2140467A07B7B10707B7B7C7B00DD04717D7B01BB77
S2140467B03815EC25541300DF5471042505DF547195
S2140467C05415211120880698EE0D009251293E7525
S2140467D000C1084001B8141102DB0C710731315BAB
S2140467E031292A760C7004DF0872016180D91E7282
S2140467F00698201900C010C000B80698861B069894
S21404680020191411FFD9607202984C1A0090009354
S21404681000A05415A111186110D9A672082508D82D
S214046820A071082510D89A71208821110698EE0DBB
S214046830FC255412112AF82554110C2520D8087169
S214046840F025541110252029047621591815009294
S2140468500298B81907B97179811010D80A711CB852
S214046860447802B841781CB9747904B9677900F899
S2140468708110A0D808711CB9497900A0086002D814
S214046880FA7106982019108806983E14106210DAD9
S214046890087108211415F025541100C20020FEFFCB
S2140468A0202912750698921B01D90A720698800848
S2140468B00698120700941CBB41100C20069864131B
S2140468C0411108211410069864133128441111123A
S2140468D00861FF31FF320122105210721861181439
S2140468E004244413042438140C7018612141181429
S2140468F008240814029838144044147100C1AC1ECD
S21404690000A0141551131C630FDB0C72196506984E
S2140469100205411500A000C3784000B83413807BFC
S21404692006720698120706983E1408BB5114069879
S214046930B01A4415FC25541500C3784000B8341327
S214046940807B047100A002983E051CB900C3A01EFB
S21404695000A03413086308DB1A718113A0DB0671E8
S214046960497910706979086302DB087204B967799B
S21404697000F800A08111086102D910711CB975795C
S214046980069820191411FF3100A0FFB900A00410C6
S21404699008211411F421081100A08111106110318E
S2140469A00E710698201908211411F821141100A05C
S2140469B0086C040000000000E06904000100000008
S2140469C00000000000F04902086C0400000000000B
S2140469D0046A0400010000000000000000F0490200
S2140469E0286A04004063598F404B4C000B000B0090
S2140469F01A00FF7FB45E002000000000AA6E0400A8
S214046A0000000000186B04004063598F404B4C0094
S214046A100B000B001A00FF7FB45E0020000000008D
S214046A20A86E040000000000FC1F0103086E0400AA
S214046A301CC0011000F807001CC001301402080036
S214046A4050C001008741300424400601070062005C
S214046A503870000000000000000000030068010F0A
S214046A6040B8244058400101FC00690080400501FC
S214046A702363E0119BC34A74F00300000380000004
S214046A80BE0A0000E040010133000000F0400401AB
S214046A90590B0000640483078813C83A90200A0040
S214046AA028410101001E00003C410B0100148C002B
S214046AB0141A21282E343B42495043557698BA0C72
S214046AC028690000010000000721286414171A0032
S214046AD02004C869A1203A093C42010129000000AB
S214046AE0A080020170780300D5C00000A8800111C0
S214046AF0F0010000A88001310542CB01AC800111F1
S214046B00F0010000AC80013105228D00B080010147
S214046B1000030002FFFFFFFFFC1F0103586E040082
S214046B201CC0011000F807001CC00130F502080064
S214046B3050C001008741300C2440060107C05200B3
S214046B400000000000000000000000030000000039
S214046B5000000000584001016402FF008040050167
S214046B604B01A0089BC34A74F00300000000000019
S214046B7000000000E040010133000000F040040182
S214046B8000000000640483078813C83A9C200A00A7
S214046B9028410101031000003C410B0100000000E5
S214046BA000000000000000000000000000000000DC
S214046BB000000000010000000000000000000000CB
S214046BC000000000000000003C420101000000003C
S214046BD0A080020170780300D5C00000A8800111CF
S214046BE0F0010000A88001310542CB01AC80011100
S214046BF0F0010000AC80013105228D00B080010157
S214046C0000030002FFFFFFFF0C4002000180140097
S214046C107F4000002040020000000000000000004A
S214046C2030400700000000000000000000000000E4
S214046C30000000000000000000000000A0070000A4
S214046C4050400100000000005C400200000000000C
S214046C5000000000A840010007000000B440040043
S214046C6000400000FF4C000000410000FF4D000003
S214046C7008C001000000000020C00110FF00000052
S214046C8020C001300043000024C00400EC80B3039D
S214046C904375A802000000002E02000054C0030042
S214046CA00E2D09E654060708D1B6020064C0080093
S214046CB00430000040201006C8F248181FE8F6000A
S214046CC0BD4B721511A3180510325476980A0000AD
S214046CD088C001000000000008000101040700004D
S214046CE018000101000000002000010108840000D3
S214046CF01C4002011000000020F913045C4005014A
S214046D004108000001000000B0070800A7000000CA
S214046D1000000000944007010101103050707F7F8E
S214046D20000000000000000000000000000000005A
S214046D3000000000E440010100000000EC400101F6
S214046D407DA8D98B0041020100612000B756351298
S214046D500C410301F95412002030042988BB40007A
S214046D602441010100000000304103016406660C62
S214046D700C010000E853FA00684103016404830729
S214046D808813820000000000304203010000000067
S214046D900000000E00000000444201010000000054
S214046DA01080010103000000388002011149100020
S214046DB00100000088800101000000009C800101A1
S214046DC0EB400200B4800101370000018800020293
S214046DD0000C00044C0000009400010200040000B3
S214046DE0D00002020E00000090029608E4000102A1
S214046DF03D094204F40001020000000018010102EB
S214046E0060005102FFFFFFFF120000006666660086
S214046E1000000000BC6E0400AC6E0400000000001D
S214046E20001A9A00005A620280841E000420FE00A3
S214046E30114950020000000000000000000000009D
S214046E400000000000000000B1841E0000000000E6
S214046E5000000000000000001200000066666600E5
S214046E6000000000BC6E0400AC6E0400000C0000C1
S214046E70001A9A00005A620280841E000420000051
S214046E80114950020000000000000000000000004D
S214046E900000000000000000B1841E000000000096
S214046EA0000000000000000005040000E1190000D6
S214046EB0E11900000000000000000000193F010670
S214046EC0041001000001010600102700000900005C
S214046ED0000000000000000001B40100B1B301008E
S214046EE0BDB30100ADB40100DF3D030079430300E8
S214046EF07D43030081430300854303008943030065
S214046F000001030464EE01001000000024E1010007
S214046F101A00000079EB01001100000075E401007E
S214046F201100000063E511000400000023E11100D5
S214046F300400000025E101000800000026E101002D
S214046F400A00000027E10100020000000000000023
S214046F5000000000B5700400AF70040000000000DC
S214046F60B67004006F3304000000000069330400A8
S214046F706B330400000000006D3304008D700400C1
S214046F80BB700400703304006A3304000000000081
S214046F906E330400A86F04006733040068330400EB
S214046FA06C33040066330400000203040508090A6F
S214046FB00B0001020304051D2000B40108020200B0
S214046FC0AA00FFFFFFFFFFFFFFFFFFFFE7600300CE
S214046FD019110200953C0200E5D90200A53F020003
S214046FE04D4A03004F4A0300514A0300534A030024
S214046FF0A5A002004179020085BA020091D30200DE
S214047000B52D0200474A0300E17B0200494A03000B
S214047010B92102004B4A030047330300AD260200A1
S2140470208F080300000000000013000000000000AA
S21404703000000000010000006D7F02000200000056
S214047040455B030003000000C57E02000400000048
S214047050BF5A030005000000657E02000000000021
S214047060000000000023001B2200FF0000000000B8
S2140470700C090202000000001C1A0B0303FF06089A
S2140470800402020204020A0B030302030480FF0242
S21404709004FF010101010800000000000000005A7E
S2140470A06967426565416C6C69616E6365303980F9
S2100470B0008F8E8C80808006080C1080F8
S20C0470BC18DCFB7F0100000054
S2100470C4D0700400285B0020A50100002A
S2140470D00000000000000000FFFF000001000000A8
S2140470E00000000000000000000000000000000097
S2140470F00000000000000000000000000000000087
S2140471000000000000000000000000000000000076
S2140471100000000000000000000000000000000066
S2140471200000000000000000000000000000000056
S2140471300000000000000000000000000000000046
S2140471400000000000000000000000000000000036
S2140471500000000000000000000000000000000026
S2140471600000000000000000000000000000000016
S2140471700000000000000000000000000000000006
S21404718000000000000000000000000000000000F6
S21404719000000000000000000000000000000000E6
S2140471A000000000000000000000000000000000D6
S2140471B000000000000000000000000000000000C6
S2140471C000000000000000000000000000010000B5
S2140471D00000F00108000000081000200100230150
S2140471E0040000001010002006003001010000001A
S2140471F01410002043E60200000000000000000017
S2140472000000000000000000000000000000000075
S214047210000000000000000000000000FFFFFFFF69
S214047220C0EA2101C0EA21010080000000F0490202
S2140472308C5C002000600B0000800000502D0020B5
S214047240C8000000FE00000000000000F82504004E
S21404725018100020FFFFFFFFA829040033000000D9
S21404726061DF000033000000D30C030041A40300D8
S21404727045A4030052A403005FA403006CA4030007
S21404728079A403008CA403009EA40300ABA403000B
S214047290B8A40300C5A40300DAA40300EDA4030005
S2140472A0FFA4030014A5030023A5030034A50300CC
S2140472B043A5030053A503005FA503006CA50300C4
S2140472C07CA503008EA503009DA50300ACA50300C2
S2140472D0B5A50300CAA50300DFA50300F4A50300B3
S2140472E014A6030022A6030041A603005CA603001E
S2140472F06FA603007CA6030091A60300A0A60300C5
S214047300AFA60300C1A60300D3A60300E6A60300A7
S214047310F9A603000FA70300000000000F000000FA
S21404732046A903005DA90300FF000000000000005A
S2140473300000000000000000000000000000000044
S21404734000000000000000000030E70400C8180336
S21404735099B103009EB10300CBB10300F6B103005C
S21404736024B2030052B2030081B20300AEB203009B
S214047370DEB203000EB303005EB30300FFFFFFFF9D
S214047380005C2605E05D002006000000DC4A0400E0
S21404739000000000203D0020000000000000000067
S2140473A0D83304003C440020045E0020FC46002041
S2140473B0BB230400060000000000000000000000DC
S2140473C0000000003C4B0400544B0400C623040099
S2140473D08DDB0300FE000000345E00200000000089
S2140473E00C47002074470020DC4700200000000003
S2140473F00000000000000000000000000000000084
S2140474000000000000000000000000000000000073
S2140474100000000000000000000000000000000063
S214047420000000000000000071390300284D04002D
S214047430FFFFFFFFB53C0300B13C0300FFFFFFFF67
S214047440B93C0300FFFFFFFF2DDF0100FFFFFFFF36
S214047450FFFFFFFFFFFFFFFFFFFFFFFFFFFFFFFF33
S214047460FFFFFFFF0000000020A10700000000004F
S2140474701D7A030000000000000000000000000069
S21404748000000000000000000000000000000000F3
S214047490000000001C4D0020290702009D20020069
S2140474A08DDB030000000000000000000000000068
S2140474B0000000001C4D0020C10D0200000000006A
S2140474C08DDB030000000000000000000000000048
S2140474D0000000001C4D0020E91702009D20020059
S2140474E08DDB030000000000000000000000000028
S2140474F000000000B32404001C4D002041320200AA
S214047500000000008DDB0300000000000000000007
S21404751000000000000000001C4D0020453B020057
S214047520000000008DDB03000000000000000000E7
S21404753000000000000000001C4D0020A14B0200CB
S214047540000000008DDB03000000000000000000C7
S2140475500000000000000000B80B00001C4D0020D6
S214047560814F0200000000008DDB030000000000D5
S2140475700000000000000000000000001C4D002079
S21404758061580200000000008DDB030000000000CC
S2140475900000000000000000000000001C4D002059
S2140475A0D1590200000000008DDB0300000000003B
S2140475B00000000000000000000000001C4D002039
S2140475C081500300000000008DDB03000000000073
S2140475D00000000000000000000000001C4D002019
S2140475E0195D0200000000008DDB030000000000AF
S2140475F00000000000000000000000001C4D0020F9
S214047600BD610200000000008DDB030000000000E6
S2140476100000000000000000000000001C4D0020D8
S214047620495D0300000000008DDB0300000000003D
S2140476300000000000000000000000001C4D0020B8
S21404764035BA0200000000008DDB030000000000D5
S214047650000000000000000000000000916203002B
S2140476601C4D002001D402009D2002008DDB030087
S2140476700000000000000000000000000000000001
S2140476801C4D002071DA0200000000008DDB0300B0
S21404769000000000000000000000000000000000E1
S2140476A0FFFFCEFAEFBEFFFFFDFFFDFF2C01001E1D
S2140476B02C0140068000FFFF04F8FFFF0C000000CA
S2140476C0000000004000FDFF2C019C000000FFFFAE
S2140476D0FDFFFFFFFFFF60EA8000800010C1CDAB16
S2140476E001FFFFFFFFFFFFFFFFFFFFFFFFFFFFFF9F
S2140476F0FFFFFFFFFFFFFFFFFFFFFFFFFFFFFFFF91
S214047700FF01FF05FFFFFF0101FFFF0201FFFF640A
S2140477100250FF0F0208031E050216010A0C05207C
S21404772007051001010F080101010104FF0301010F
S214047730FF0C01FF405AB47F0150403000FFFFFFAA
S2140477400B03FF050B01030105020201FFFFFFFF08
S214047750FFFFFFFF010102FFFFFF0100B54C000021
S2080477608D4C000043
S804006CF19E
